** Drc report for odin.kicad_pcb **
** Created on 2026-09-15T15:21:45-0400 **
** Report includes: Errors, Warnings, Exclusions **

** Found 693 DRC violations **
[solder_mask_bridge]: Front solder mask aperture bridges items with different nets
    Rule: board setup solder mask min width; error
    @(279.8493 mm, 404.4567 mm): PTH pad 8 [SLOT_L_POWER] of J57
    @(278.4622 mm, 404.4567 mm): PTH pad 1 [GND] of J58
[solder_mask_bridge]: Front solder mask aperture bridges items with different nets
    Rule: board setup solder mask min width; error
    @(279.8493 mm, 404.4567 mm): PTH pad 8 [SLOT_L_POWER] of J57
    @(281.0022 mm, 404.4567 mm): PTH pad 2 [SLOT_M_PIN_VOLTAGE] of J58
[solder_mask_bridge]: Rear solder mask aperture bridges items with different nets
    Rule: board setup solder mask min width; error
    @(279.8493 mm, 404.4567 mm): PTH pad 8 [SLOT_L_POWER] of J57
    @(278.4622 mm, 404.4567 mm): PTH pad 1 [GND] of J58
[solder_mask_bridge]: Rear solder mask aperture bridges items with different nets
    Rule: board setup solder mask min width; error
    @(279.8493 mm, 404.4567 mm): PTH pad 8 [SLOT_L_POWER] of J57
    @(281.0022 mm, 404.4567 mm): PTH pad 2 [SLOT_M_PIN_VOLTAGE] of J58
[solder_mask_bridge]: Front solder mask aperture bridges items with different nets
    Rule: board setup solder mask min width; error
    @(209.9450 mm, 414.6167 mm): PTH pad 1 [GND] of J54
    @(209.1331 mm, 414.6167 mm): PTH pad 6 [SLOT_A_5V] of J53
[solder_mask_bridge]: Rear solder mask aperture bridges items with different nets
    Rule: board setup solder mask min width; error
    @(209.9450 mm, 414.6167 mm): PTH pad 1 [GND] of J54
    @(209.1331 mm, 414.6167 mm): PTH pad 6 [SLOT_A_5V] of J53
[solder_mask_bridge]: Front solder mask aperture bridges items with different nets
    Rule: board setup solder mask min width; error
    @(212.4850 mm, 414.6167 mm): PTH pad 2 [SLOT_C_PIN_VOLTAGE] of J54
    @(211.6731 mm, 414.6167 mm): PTH pad 7 [GND] of J53
[solder_mask_bridge]: Rear solder mask aperture bridges items with different nets
    Rule: board setup solder mask min width; error
    @(212.4850 mm, 414.6167 mm): PTH pad 2 [SLOT_C_PIN_VOLTAGE] of J54
    @(211.6731 mm, 414.6167 mm): PTH pad 7 [GND] of J53
[solder_mask_bridge]: Front solder mask aperture bridges items with different nets
    Rule: board setup solder mask min width; error
    @(215.0250 mm, 414.6167 mm): PTH pad 3 [GND] of J54
    @(214.2131 mm, 414.6167 mm): PTH pad 8 [SLOT_A_POWER] of J53
[solder_mask_bridge]: Rear solder mask aperture bridges items with different nets
    Rule: board setup solder mask min width; error
    @(215.0250 mm, 414.6167 mm): PTH pad 3 [GND] of J54
    @(214.2131 mm, 414.6167 mm): PTH pad 8 [SLOT_A_POWER] of J53
[solder_mask_bridge]: Front solder mask aperture bridges items with different nets
    Rule: board setup solder mask min width; error
    @(217.5650 mm, 414.6167 mm): PTH pad 4 [SLOT_C_3V3] of J54
    @(216.7531 mm, 414.6167 mm): PTH pad 9 [GND] of J53
[solder_mask_bridge]: Rear solder mask aperture bridges items with different nets
    Rule: board setup solder mask min width; error
    @(217.5650 mm, 414.6167 mm): PTH pad 4 [SLOT_C_3V3] of J54
    @(216.7531 mm, 414.6167 mm): PTH pad 9 [GND] of J53
[solder_mask_bridge]: Front solder mask aperture bridges items with different nets
    Rule: board setup solder mask min width; error
    @(220.1050 mm, 414.6167 mm): PTH pad 5 [GND] of J54
    @(219.2931 mm, 414.6167 mm): PTH pad 10 [SLOT_B_PIN_VOLTAGE] of J53
[solder_mask_bridge]: Rear solder mask aperture bridges items with different nets
    Rule: board setup solder mask min width; error
    @(220.1050 mm, 414.6167 mm): PTH pad 5 [GND] of J54
    @(219.2931 mm, 414.6167 mm): PTH pad 10 [SLOT_B_PIN_VOLTAGE] of J53
[solder_mask_bridge]: Front solder mask aperture bridges items with different nets
    Rule: board setup solder mask min width; error
    @(222.6450 mm, 414.6167 mm): PTH pad 6 [SLOT_C_5V] of J54
    @(223.4093 mm, 414.6167 mm): PTH pad 1 [GND] of J55
[solder_mask_bridge]: Front solder mask aperture bridges items with different nets
    Rule: board setup solder mask min width; error
    @(222.6450 mm, 414.6167 mm): PTH pad 6 [SLOT_C_5V] of J54
    @(221.8331 mm, 414.6167 mm): PTH pad 11 [GND] of J53
[solder_mask_bridge]: Rear solder mask aperture bridges items with different nets
    Rule: board setup solder mask min width; error
    @(222.6450 mm, 414.6167 mm): PTH pad 6 [SLOT_C_5V] of J54
    @(223.4093 mm, 414.6167 mm): PTH pad 1 [GND] of J55
[solder_mask_bridge]: Rear solder mask aperture bridges items with different nets
    Rule: board setup solder mask min width; error
    @(222.6450 mm, 414.6167 mm): PTH pad 6 [SLOT_C_5V] of J54
    @(221.8331 mm, 414.6167 mm): PTH pad 11 [GND] of J53
[solder_mask_bridge]: Front solder mask aperture bridges items with different nets
    Rule: board setup solder mask min width; error
    @(225.1850 mm, 414.6167 mm): PTH pad 7 [GND] of J54
    @(224.3731 mm, 414.6167 mm): PTH pad 12 [SLOT_B_3V3] of J53
[solder_mask_bridge]: Front solder mask aperture bridges items with different nets
    Rule: board setup solder mask min width; error
    @(225.1850 mm, 414.6167 mm): PTH pad 7 [GND] of J54
    @(225.9493 mm, 414.6167 mm): PTH pad 2 [SLOT_E_PIN_VOLTAGE] of J55
[solder_mask_bridge]: Rear solder mask aperture bridges items with different nets
    Rule: board setup solder mask min width; error
    @(225.1850 mm, 414.6167 mm): PTH pad 7 [GND] of J54
    @(225.9493 mm, 414.6167 mm): PTH pad 2 [SLOT_E_PIN_VOLTAGE] of J55
[solder_mask_bridge]: Rear solder mask aperture bridges items with different nets
    Rule: board setup solder mask min width; error
    @(225.1850 mm, 414.6167 mm): PTH pad 7 [GND] of J54
    @(224.3731 mm, 414.6167 mm): PTH pad 12 [SLOT_B_3V3] of J53
[solder_mask_bridge]: Front solder mask aperture bridges items with different nets
    Rule: board setup solder mask min width; error
    @(227.7250 mm, 414.6167 mm): PTH pad 8 [SLOT_C_POWER] of J54
    @(226.9131 mm, 414.6167 mm): PTH pad 13 [GND] of J53
[solder_mask_bridge]: Front solder mask aperture bridges items with different nets
    Rule: board setup solder mask min width; error
    @(227.7250 mm, 414.6167 mm): PTH pad 8 [SLOT_C_POWER] of J54
    @(228.4893 mm, 414.6167 mm): PTH pad 3 [GND] of J55
[solder_mask_bridge]: Rear solder mask aperture bridges items with different nets
    Rule: board setup solder mask min width; error
    @(227.7250 mm, 414.6167 mm): PTH pad 8 [SLOT_C_POWER] of J54
    @(226.9131 mm, 414.6167 mm): PTH pad 13 [GND] of J53
[solder_mask_bridge]: Rear solder mask aperture bridges items with different nets
    Rule: board setup solder mask min width; error
    @(227.7250 mm, 414.6167 mm): PTH pad 8 [SLOT_C_POWER] of J54
    @(228.4893 mm, 414.6167 mm): PTH pad 3 [GND] of J55
[solder_mask_bridge]: Front solder mask aperture bridges items with different nets
    Rule: board setup solder mask min width; error
    @(230.2650 mm, 414.6167 mm): PTH pad 9 [GND] of J54
    @(229.4531 mm, 414.6167 mm): PTH pad 14 [SLOT_B_5V] of J53
[solder_mask_bridge]: Front solder mask aperture bridges items with different nets
    Rule: board setup solder mask min width; error
    @(230.2650 mm, 414.6167 mm): PTH pad 9 [GND] of J54
    @(231.0293 mm, 414.6167 mm): PTH pad 4 [SLOT_E_3V3] of J55
[solder_mask_bridge]: Rear solder mask aperture bridges items with different nets
    Rule: board setup solder mask min width; error
    @(230.2650 mm, 414.6167 mm): PTH pad 9 [GND] of J54
    @(231.0293 mm, 414.6167 mm): PTH pad 4 [SLOT_E_3V3] of J55
[solder_mask_bridge]: Rear solder mask aperture bridges items with different nets
    Rule: board setup solder mask min width; error
    @(230.2650 mm, 414.6167 mm): PTH pad 9 [GND] of J54
    @(229.4531 mm, 414.6167 mm): PTH pad 14 [SLOT_B_5V] of J53
[solder_mask_bridge]: Front solder mask aperture bridges items with different nets
    Rule: board setup solder mask min width; error
    @(232.8050 mm, 414.6167 mm): PTH pad 10 [SLOT_D_PIN_VOLTAGE] of J54
    @(231.9931 mm, 414.6167 mm): PTH pad 15 [GND] of J53
[solder_mask_bridge]: Front solder mask aperture bridges items with different nets
    Rule: board setup solder mask min width; error
    @(232.8050 mm, 414.6167 mm): PTH pad 10 [SLOT_D_PIN_VOLTAGE] of J54
    @(233.5693 mm, 414.6167 mm): PTH pad 5 [GND] of J55
[solder_mask_bridge]: Rear solder mask aperture bridges items with different nets
    Rule: board setup solder mask min width; error
    @(232.8050 mm, 414.6167 mm): PTH pad 10 [SLOT_D_PIN_VOLTAGE] of J54
    @(231.9931 mm, 414.6167 mm): PTH pad 15 [GND] of J53
[solder_mask_bridge]: Rear solder mask aperture bridges items with different nets
    Rule: board setup solder mask min width; error
    @(232.8050 mm, 414.6167 mm): PTH pad 10 [SLOT_D_PIN_VOLTAGE] of J54
    @(233.5693 mm, 414.6167 mm): PTH pad 5 [GND] of J55
[solder_mask_bridge]: Front solder mask aperture bridges items with different nets
    Rule: board setup solder mask min width; error
    @(235.3450 mm, 414.6167 mm): PTH pad 11 [GND] of J54
    @(236.1093 mm, 414.6167 mm): PTH pad 6 [SLOT_E_5V] of J55
[solder_mask_bridge]: Front solder mask aperture bridges items with different nets
    Rule: board setup solder mask min width; error
    @(235.3450 mm, 414.6167 mm): PTH pad 11 [GND] of J54
    @(234.5331 mm, 414.6167 mm): PTH pad 16 [SLOT_B_POWER] of J53
[solder_mask_bridge]: Rear solder mask aperture bridges items with different nets
    Rule: board setup solder mask min width; error
    @(235.3450 mm, 414.6167 mm): PTH pad 11 [GND] of J54
    @(234.5331 mm, 414.6167 mm): PTH pad 16 [SLOT_B_POWER] of J53
[solder_mask_bridge]: Rear solder mask aperture bridges items with different nets
    Rule: board setup solder mask min width; error
    @(235.3450 mm, 414.6167 mm): PTH pad 11 [GND] of J54
    @(236.1093 mm, 414.6167 mm): PTH pad 6 [SLOT_E_5V] of J55
[solder_mask_bridge]: Front solder mask aperture bridges items with different nets
    Rule: board setup solder mask min width; error
    @(237.8850 mm, 414.6167 mm): PTH pad 12 [SLOT_D_3V3] of J54
    @(236.8974 mm, 414.6167 mm): PTH pad 1 [GND] of J56
[solder_mask_bridge]: Front solder mask aperture bridges items with different nets
    Rule: board setup solder mask min width; error
    @(237.8850 mm, 414.6167 mm): PTH pad 12 [SLOT_D_3V3] of J54
    @(239.4374 mm, 414.6167 mm): PTH pad 2 [SLOT_G_PIN_VOLTAGE] of J56
[solder_mask_bridge]: Front solder mask aperture bridges items with different nets
    Rule: board setup solder mask min width; error
    @(237.8850 mm, 414.6167 mm): PTH pad 12 [SLOT_D_3V3] of J54
    @(238.6493 mm, 414.6167 mm): PTH pad 7 [GND] of J55
[solder_mask_bridge]: Rear solder mask aperture bridges items with different nets
    Rule: board setup solder mask min width; error
    @(237.8850 mm, 414.6167 mm): PTH pad 12 [SLOT_D_3V3] of J54
    @(236.8974 mm, 414.6167 mm): PTH pad 1 [GND] of J56
[solder_mask_bridge]: Rear solder mask aperture bridges items with different nets
    Rule: board setup solder mask min width; error
    @(237.8850 mm, 414.6167 mm): PTH pad 12 [SLOT_D_3V3] of J54
    @(239.4374 mm, 414.6167 mm): PTH pad 2 [SLOT_G_PIN_VOLTAGE] of J56
[solder_mask_bridge]: Rear solder mask aperture bridges items with different nets
    Rule: board setup solder mask min width; error
    @(237.8850 mm, 414.6167 mm): PTH pad 12 [SLOT_D_3V3] of J54
    @(238.6493 mm, 414.6167 mm): PTH pad 7 [GND] of J55
[solder_mask_bridge]: Front solder mask aperture bridges items with different nets
    Rule: board setup solder mask min width; error
    @(240.4250 mm, 414.6167 mm): PTH pad 13 [GND] of J54
    @(241.1893 mm, 414.6167 mm): PTH pad 8 [SLOT_E_POWER] of J55
[solder_mask_bridge]: Front solder mask aperture bridges items with different nets
    Rule: board setup solder mask min width; error
    @(240.4250 mm, 414.6167 mm): PTH pad 13 [GND] of J54
    @(239.4374 mm, 414.6167 mm): PTH pad 2 [SLOT_G_PIN_VOLTAGE] of J56
[solder_mask_bridge]: Rear solder mask aperture bridges items with different nets
    Rule: board setup solder mask min width; error
    @(240.4250 mm, 414.6167 mm): PTH pad 13 [GND] of J54
    @(239.4374 mm, 414.6167 mm): PTH pad 2 [SLOT_G_PIN_VOLTAGE] of J56
[solder_mask_bridge]: Rear solder mask aperture bridges items with different nets
    Rule: board setup solder mask min width; error
    @(240.4250 mm, 414.6167 mm): PTH pad 13 [GND] of J54
    @(241.1893 mm, 414.6167 mm): PTH pad 8 [SLOT_E_POWER] of J55
[solder_mask_bridge]: Front solder mask aperture bridges items with different nets
    Rule: board setup solder mask min width; error
    @(242.9650 mm, 414.6167 mm): PTH pad 14 [SLOT_D_5V] of J54
    @(241.9774 mm, 414.6167 mm): PTH pad 3 [GND] of J56
[solder_mask_bridge]: Front solder mask aperture bridges items with different nets
    Rule: board setup solder mask min width; error
    @(242.9650 mm, 414.6167 mm): PTH pad 14 [SLOT_D_5V] of J54
    @(244.5174 mm, 414.6167 mm): PTH pad 4 [SLOT_G_3V3] of J56
[solder_mask_bridge]: Front solder mask aperture bridges items with different nets
    Rule: board setup solder mask min width; error
    @(242.9650 mm, 414.6167 mm): PTH pad 14 [SLOT_D_5V] of J54
    @(243.7293 mm, 414.6167 mm): PTH pad 9 [GND] of J55
[solder_mask_bridge]: Rear solder mask aperture bridges items with different nets
    Rule: board setup solder mask min width; error
    @(242.9650 mm, 414.6167 mm): PTH pad 14 [SLOT_D_5V] of J54
    @(241.9774 mm, 414.6167 mm): PTH pad 3 [GND] of J56
[solder_mask_bridge]: Rear solder mask aperture bridges items with different nets
    Rule: board setup solder mask min width; error
    @(242.9650 mm, 414.6167 mm): PTH pad 14 [SLOT_D_5V] of J54
    @(244.5174 mm, 414.6167 mm): PTH pad 4 [SLOT_G_3V3] of J56
[solder_mask_bridge]: Rear solder mask aperture bridges items with different nets
    Rule: board setup solder mask min width; error
    @(242.9650 mm, 414.6167 mm): PTH pad 14 [SLOT_D_5V] of J54
    @(243.7293 mm, 414.6167 mm): PTH pad 9 [GND] of J55
[solder_mask_bridge]: Front solder mask aperture bridges items with different nets
    Rule: board setup solder mask min width; error
    @(245.5050 mm, 414.6167 mm): PTH pad 15 [GND] of J54
    @(244.5174 mm, 414.6167 mm): PTH pad 4 [SLOT_G_3V3] of J56
[solder_mask_bridge]: Front solder mask aperture bridges items with different nets
    Rule: board setup solder mask min width; error
    @(245.5050 mm, 414.6167 mm): PTH pad 15 [GND] of J54
    @(246.2693 mm, 414.6167 mm): PTH pad 10 [SLOT_F_PIN_VOLTAGE] of J55
[solder_mask_bridge]: Rear solder mask aperture bridges items with different nets
    Rule: board setup solder mask min width; error
    @(245.5050 mm, 414.6167 mm): PTH pad 15 [GND] of J54
    @(244.5174 mm, 414.6167 mm): PTH pad 4 [SLOT_G_3V3] of J56
[solder_mask_bridge]: Rear solder mask aperture bridges items with different nets
    Rule: board setup solder mask min width; error
    @(245.5050 mm, 414.6167 mm): PTH pad 15 [GND] of J54
    @(246.2693 mm, 414.6167 mm): PTH pad 10 [SLOT_F_PIN_VOLTAGE] of J55
[solder_mask_bridge]: Front solder mask aperture bridges items with different nets
    Rule: board setup solder mask min width; error
    @(248.0450 mm, 414.6167 mm): PTH pad 16 [SLOT_D_POWER] of J54
    @(247.0574 mm, 414.6167 mm): PTH pad 5 [GND] of J56
[solder_mask_bridge]: Front solder mask aperture bridges items with different nets
    Rule: board setup solder mask min width; error
    @(248.0450 mm, 414.6167 mm): PTH pad 16 [SLOT_D_POWER] of J54
    @(248.8093 mm, 414.6167 mm): PTH pad 11 [GND] of J55
[solder_mask_bridge]: Front solder mask aperture bridges items with different nets
    Rule: board setup solder mask min width; error
    @(248.0450 mm, 414.6167 mm): PTH pad 16 [SLOT_D_POWER] of J54
    @(249.5974 mm, 414.6167 mm): PTH pad 6 [SLOT_G_5V] of J56
[solder_mask_bridge]: Rear solder mask aperture bridges items with different nets
    Rule: board setup solder mask min width; error
    @(248.0450 mm, 414.6167 mm): PTH pad 16 [SLOT_D_POWER] of J54
    @(249.5974 mm, 414.6167 mm): PTH pad 6 [SLOT_G_5V] of J56
[solder_mask_bridge]: Rear solder mask aperture bridges items with different nets
    Rule: board setup solder mask min width; error
    @(248.0450 mm, 414.6167 mm): PTH pad 16 [SLOT_D_POWER] of J54
    @(248.8093 mm, 414.6167 mm): PTH pad 11 [GND] of J55
[solder_mask_bridge]: Rear solder mask aperture bridges items with different nets
    Rule: board setup solder mask min width; error
    @(248.0450 mm, 414.6167 mm): PTH pad 16 [SLOT_D_POWER] of J54
    @(247.0574 mm, 414.6167 mm): PTH pad 5 [GND] of J56
[solder_mask_bridge]: Front solder mask aperture bridges items with different nets
    Rule: board setup solder mask min width; error
    @(167.9779 mm, 411.7167 mm): Pad 7 [GND] of J3 on F.Cu
    @(167.5279 mm, 411.7167 mm): Pad 1 [SLOTC_IO0] of J4 on F.Cu
[solder_mask_bridge]: Front solder mask aperture bridges items with different nets
    Rule: board setup solder mask min width; error
    @(170.5179 mm, 411.7167 mm): Pad 8 [GND] of J3 on F.Cu
    @(170.0679 mm, 411.7167 mm): Pad 2 [SLOTC_IO2] of J4 on F.Cu
[solder_mask_bridge]: Front solder mask aperture bridges items with different nets
    Rule: board setup solder mask min width; error
    @(173.0579 mm, 411.7167 mm): Pad 9 [SLOTB_IO0] of J3 on F.Cu
    @(172.6079 mm, 411.7167 mm): Pad 3 [SLOTC_IO4] of J4 on F.Cu
[solder_mask_bridge]: Front solder mask aperture bridges items with different nets
    Rule: board setup solder mask min width; error
    @(175.5979 mm, 411.7167 mm): Pad 10 [SLOTB_IO2] of J3 on F.Cu
    @(175.1479 mm, 411.7167 mm): Pad 4 [SLOTC_IO6] of J4 on F.Cu
[solder_mask_bridge]: Front solder mask aperture bridges items with different nets
    Rule: board setup solder mask min width; error
    @(178.1379 mm, 411.7167 mm): Pad 11 [SLOTB_IO4] of J3 on F.Cu
    @(177.6879 mm, 411.7167 mm): Pad 5 [SLOTC_IO8] of J4 on F.Cu
[solder_mask_bridge]: Front solder mask aperture bridges items with different nets
    Rule: board setup solder mask min width; error
    @(180.6779 mm, 411.7167 mm): Pad 12 [SLOTB_IO6] of J3 on F.Cu
    @(180.2279 mm, 411.7167 mm): Pad 6 [SLOTC_IO10] of J4 on F.Cu
[solder_mask_bridge]: Front solder mask aperture bridges items with different nets
    Rule: board setup solder mask min width; error
    @(183.2179 mm, 411.7167 mm): Pad 13 [SLOTB_IO8] of J3 on F.Cu
    @(182.7679 mm, 411.7167 mm): Pad 7 [GND] of J4 on F.Cu
[solder_mask_bridge]: Front solder mask aperture bridges items with different nets
    Rule: board setup solder mask min width; error
    @(183.2179 mm, 411.7167 mm): Pad 13 [SLOTB_IO8] of J3 on F.Cu
    @(182.3179 mm, 411.7167 mm): Pad 1 [SLOTE_IO0] of J5 on F.Cu
[solder_mask_bridge]: Front solder mask aperture bridges items with different nets
    Rule: board setup solder mask min width; error
    @(185.7579 mm, 411.7167 mm): Pad 14 [SLOTB_IO10] of J3 on F.Cu
    @(185.3079 mm, 411.7167 mm): Pad 8 [GND] of J4 on F.Cu
[solder_mask_bridge]: Front solder mask aperture bridges items with different nets
    Rule: board setup solder mask min width; error
    @(185.7579 mm, 411.7167 mm): Pad 14 [SLOTB_IO10] of J3 on F.Cu
    @(184.8579 mm, 411.7167 mm): Pad 2 [SLOTE_IO2] of J5 on F.Cu
[solder_mask_bridge]: Front solder mask aperture bridges items with different nets
    Rule: board setup solder mask min width; error
    @(188.2979 mm, 411.7167 mm): Pad 15 [GND] of J3 on F.Cu
    @(187.8479 mm, 411.7167 mm): Pad 9 [SLOTD_IO0] of J4 on F.Cu
[solder_mask_bridge]: Front solder mask aperture bridges items with different nets
    Rule: board setup solder mask min width; error
    @(188.2979 mm, 411.7167 mm): Pad 15 [GND] of J3 on F.Cu
    @(187.3979 mm, 411.7167 mm): Pad 3 [SLOTE_IO4] of J5 on F.Cu
[solder_mask_bridge]: Front solder mask aperture bridges items with different nets
    Rule: board setup solder mask min width; error
    @(190.8379 mm, 411.7167 mm): Pad 16 [GND] of J3 on F.Cu
    @(189.9379 mm, 411.7167 mm): Pad 4 [SLOTE_IO6] of J5 on F.Cu
[solder_mask_bridge]: Front solder mask aperture bridges items with different nets
    Rule: board setup solder mask min width; error
    @(190.8379 mm, 411.7167 mm): Pad 16 [GND] of J3 on F.Cu
    @(190.3879 mm, 411.7167 mm): Pad 10 [SLOTD_IO2] of J4 on F.Cu
[solder_mask_bridge]: Front solder mask aperture bridges items with different nets
    Rule: board setup solder mask min width; error
    @(190.8379 mm, 417.5167 mm): Pad 17 [GND] of J3 on F.Cu
    @(189.9379 mm, 417.5167 mm): Pad 29 [SLOTE_IO7] of J5 on F.Cu
[solder_mask_bridge]: Front solder mask aperture bridges items with different nets
    Rule: board setup solder mask min width; error
    @(190.8379 mm, 417.5167 mm): Pad 17 [GND] of J3 on F.Cu
    @(190.3879 mm, 417.5167 mm): Pad 23 [SLOTD_IO3] of J4 on F.Cu
[solder_mask_bridge]: Front solder mask aperture bridges items with different nets
    Rule: board setup solder mask min width; error
    @(188.2979 mm, 417.5167 mm): Pad 18 [GND] of J3 on F.Cu
    @(187.3979 mm, 417.5167 mm): Pad 30 [SLOTE_IO5] of J5 on F.Cu
[solder_mask_bridge]: Front solder mask aperture bridges items with different nets
    Rule: board setup solder mask min width; error
    @(188.2979 mm, 417.5167 mm): Pad 18 [GND] of J3 on F.Cu
    @(187.8479 mm, 417.5167 mm): Pad 24 [SLOTD_IO1] of J4 on F.Cu
[solder_mask_bridge]: Front solder mask aperture bridges items with different nets
    Rule: board setup solder mask min width; error
    @(185.7579 mm, 417.5167 mm): Pad 19 [SLOTB_IO11] of J3 on F.Cu
    @(185.3079 mm, 417.5167 mm): Pad 25 [GND] of J4 on F.Cu
[solder_mask_bridge]: Front solder mask aperture bridges items with different nets
    Rule: board setup solder mask min width; error
    @(185.7579 mm, 417.5167 mm): Pad 19 [SLOTB_IO11] of J3 on F.Cu
    @(184.8579 mm, 417.5167 mm): Pad 31 [SLOTE_IO3] of J5 on F.Cu
[solder_mask_bridge]: Front solder mask aperture bridges items with different nets
    Rule: board setup solder mask min width; error
    @(183.2179 mm, 417.5167 mm): Pad 20 [SLOTB_IO9] of J3 on F.Cu
    @(182.7679 mm, 417.5167 mm): Pad 26 [GND] of J4 on F.Cu
[solder_mask_bridge]: Front solder mask aperture bridges items with different nets
    Rule: board setup solder mask min width; error
    @(183.2179 mm, 417.5167 mm): Pad 20 [SLOTB_IO9] of J3 on F.Cu
    @(182.3179 mm, 417.5167 mm): Pad 32 [SLOTE_IO1] of J5 on F.Cu
[solder_mask_bridge]: Front solder mask aperture bridges items with different nets
    Rule: board setup solder mask min width; error
    @(180.6779 mm, 417.5167 mm): Pad 21 [SLOTB_IO7] of J3 on F.Cu
    @(180.2279 mm, 417.5167 mm): Pad 27 [SLOTC_IO11] of J4 on F.Cu
[solder_mask_bridge]: Front solder mask aperture bridges items with different nets
    Rule: board setup solder mask min width; error
    @(178.1379 mm, 417.5167 mm): Pad 22 [SLOTB_IO5] of J3 on F.Cu
    @(177.6879 mm, 417.5167 mm): Pad 28 [SLOTC_IO9] of J4 on F.Cu
[solder_mask_bridge]: Front solder mask aperture bridges items with different nets
    Rule: board setup solder mask min width; error
    @(175.5979 mm, 417.5167 mm): Pad 23 [SLOTB_IO3] of J3 on F.Cu
    @(175.1479 mm, 417.5167 mm): Pad 29 [SLOTC_IO7] of J4 on F.Cu
[solder_mask_bridge]: Front solder mask aperture bridges items with different nets
    Rule: board setup solder mask min width; error
    @(173.0579 mm, 417.5167 mm): Pad 24 [SLOTB_IO1] of J3 on F.Cu
    @(172.6079 mm, 417.5167 mm): Pad 30 [SLOTC_IO5] of J4 on F.Cu
[solder_mask_bridge]: Front solder mask aperture bridges items with different nets
    Rule: board setup solder mask min width; error
    @(170.5179 mm, 417.5167 mm): Pad 25 [GND] of J3 on F.Cu
    @(170.0679 mm, 417.5167 mm): Pad 31 [SLOTC_IO3] of J4 on F.Cu
[solder_mask_bridge]: Front solder mask aperture bridges items with different nets
    Rule: board setup solder mask min width; error
    @(167.9779 mm, 417.5167 mm): Pad 26 [GND] of J3 on F.Cu
    @(167.5279 mm, 417.5167 mm): Pad 32 [SLOTC_IO1] of J4 on F.Cu
[solder_mask_bridge]: Front solder mask aperture bridges items with different nets
    Rule: board setup solder mask min width; error
    @(182.3179 mm, 411.7167 mm): Pad 1 [SLOTE_IO0] of J5 on F.Cu
    @(182.7679 mm, 411.7167 mm): Pad 7 [GND] of J4 on F.Cu
[solder_mask_bridge]: Front solder mask aperture bridges items with different nets
    Rule: board setup solder mask min width; error
    @(184.8579 mm, 411.7167 mm): Pad 2 [SLOTE_IO2] of J5 on F.Cu
    @(185.3079 mm, 411.7167 mm): Pad 8 [GND] of J4 on F.Cu
[solder_mask_bridge]: Front solder mask aperture bridges items with different nets
    Rule: board setup solder mask min width; error
    @(187.3979 mm, 411.7167 mm): Pad 3 [SLOTE_IO4] of J5 on F.Cu
    @(187.8479 mm, 411.7167 mm): Pad 9 [SLOTD_IO0] of J4 on F.Cu
[solder_mask_bridge]: Front solder mask aperture bridges items with different nets
    Rule: board setup solder mask min width; error
    @(189.9379 mm, 411.7167 mm): Pad 4 [SLOTE_IO6] of J5 on F.Cu
    @(190.3879 mm, 411.7167 mm): Pad 10 [SLOTD_IO2] of J4 on F.Cu
[solder_mask_bridge]: Front solder mask aperture bridges items with different nets
    Rule: board setup solder mask min width; error
    @(192.4779 mm, 411.7167 mm): Pad 5 [SLOTE_IO8] of J5 on F.Cu
    @(192.9279 mm, 411.7167 mm): Pad 11 [SLOTD_IO4] of J4 on F.Cu
[solder_mask_bridge]: Front solder mask aperture bridges items with different nets
    Rule: board setup solder mask min width; error
    @(195.0179 mm, 411.7167 mm): Pad 6 [SLOTE_IO10] of J5 on F.Cu
    @(195.4679 mm, 411.7167 mm): Pad 12 [SLOTD_IO6] of J4 on F.Cu
[solder_mask_bridge]: Front solder mask aperture bridges items with different nets
    Rule: board setup solder mask min width; error
    @(197.5579 mm, 411.7167 mm): Pad 7 [GND] of J5 on F.Cu
    @(198.0079 mm, 411.7167 mm): Pad 13 [SLOTD_IO8] of J4 on F.Cu
[solder_mask_bridge]: Front solder mask aperture bridges items with different nets
    Rule: board setup solder mask min width; error
    @(200.0979 mm, 411.7167 mm): Pad 8 [GND] of J5 on F.Cu
    @(200.5479 mm, 411.7167 mm): Pad 14 [SLOTD_IO10] of J4 on F.Cu
[solder_mask_bridge]: Front solder mask aperture bridges items with different nets
    Rule: board setup solder mask min width; error
    @(202.6379 mm, 411.7167 mm): Pad 9 [SLOTF_IO0] of J5 on F.Cu
    @(203.0879 mm, 411.7167 mm): Pad 15 [GND] of J4 on F.Cu
[solder_mask_bridge]: Front solder mask aperture bridges items with different nets
    Rule: board setup solder mask min width; error
    @(205.1779 mm, 411.7167 mm): Pad 10 [SLOTF_IO2] of J5 on F.Cu
    @(205.6279 mm, 411.7167 mm): Pad 16 [GND] of J4 on F.Cu
[solder_mask_bridge]: Front solder mask aperture bridges items with different nets
    Rule: board setup solder mask min width; error
    @(205.1779 mm, 417.5167 mm): Pad 23 [SLOTF_IO3] of J5 on F.Cu
    @(205.6279 mm, 417.5167 mm): Pad 17 [GND] of J4 on F.Cu
[solder_mask_bridge]: Front solder mask aperture bridges items with different nets
    Rule: board setup solder mask min width; error
    @(202.6379 mm, 417.5167 mm): Pad 24 [SLOTF_IO1] of J5 on F.Cu
    @(203.0879 mm, 417.5167 mm): Pad 18 [GND] of J4 on F.Cu
[solder_mask_bridge]: Front solder mask aperture bridges items with different nets
    Rule: board setup solder mask min width; error
    @(200.0979 mm, 417.5167 mm): Pad 25 [GND] of J5 on F.Cu
    @(200.5479 mm, 417.5167 mm): Pad 19 [SLOTD_IO11] of J4 on F.Cu
[solder_mask_bridge]: Front solder mask aperture bridges items with different nets
    Rule: board setup solder mask min width; error
    @(197.5579 mm, 417.5167 mm): Pad 26 [GND] of J5 on F.Cu
    @(198.0079 mm, 417.5167 mm): Pad 20 [SLOTD_IO9] of J4 on F.Cu
[solder_mask_bridge]: Front solder mask aperture bridges items with different nets
    Rule: board setup solder mask min width; error
    @(195.0179 mm, 417.5167 mm): Pad 27 [SLOTE_IO11] of J5 on F.Cu
    @(195.4679 mm, 417.5167 mm): Pad 21 [SLOTD_IO7] of J4 on F.Cu
[solder_mask_bridge]: Front solder mask aperture bridges items with different nets
    Rule: board setup solder mask min width; error
    @(192.4779 mm, 417.5167 mm): Pad 28 [SLOTE_IO9] of J5 on F.Cu
    @(192.9279 mm, 417.5167 mm): Pad 22 [SLOTD_IO5] of J4 on F.Cu
[solder_mask_bridge]: Front solder mask aperture bridges items with different nets
    Rule: board setup solder mask min width; error
    @(189.9379 mm, 417.5167 mm): Pad 29 [SLOTE_IO7] of J5 on F.Cu
    @(190.3879 mm, 417.5167 mm): Pad 23 [SLOTD_IO3] of J4 on F.Cu
[solder_mask_bridge]: Front solder mask aperture bridges items with different nets
    Rule: board setup solder mask min width; error
    @(187.3979 mm, 417.5167 mm): Pad 30 [SLOTE_IO5] of J5 on F.Cu
    @(187.8479 mm, 417.5167 mm): Pad 24 [SLOTD_IO1] of J4 on F.Cu
[solder_mask_bridge]: Front solder mask aperture bridges items with different nets
    Rule: board setup solder mask min width; error
    @(184.8579 mm, 417.5167 mm): Pad 31 [SLOTE_IO3] of J5 on F.Cu
    @(185.3079 mm, 417.5167 mm): Pad 25 [GND] of J4 on F.Cu
[solder_mask_bridge]: Front solder mask aperture bridges items with different nets
    Rule: board setup solder mask min width; error
    @(182.3179 mm, 417.5167 mm): Pad 32 [SLOTE_IO1] of J5 on F.Cu
    @(182.7679 mm, 417.5167 mm): Pad 26 [GND] of J4 on F.Cu
[solder_mask_bridge]: Front solder mask aperture bridges items with different nets
    Rule: board setup solder mask min width; error
    @(236.8974 mm, 414.6167 mm): PTH pad 1 [GND] of J56
    @(236.1093 mm, 414.6167 mm): PTH pad 6 [SLOT_E_5V] of J55
[solder_mask_bridge]: Rear solder mask aperture bridges items with different nets
    Rule: board setup solder mask min width; error
    @(236.8974 mm, 414.6167 mm): PTH pad 1 [GND] of J56
    @(236.1093 mm, 414.6167 mm): PTH pad 6 [SLOT_E_5V] of J55
[solder_mask_bridge]: Front solder mask aperture bridges items with different nets
    Rule: board setup solder mask min width; error
    @(239.4374 mm, 414.6167 mm): PTH pad 2 [SLOT_G_PIN_VOLTAGE] of J56
    @(238.6493 mm, 414.6167 mm): PTH pad 7 [GND] of J55
[solder_mask_bridge]: Rear solder mask aperture bridges items with different nets
    Rule: board setup solder mask min width; error
    @(239.4374 mm, 414.6167 mm): PTH pad 2 [SLOT_G_PIN_VOLTAGE] of J56
    @(238.6493 mm, 414.6167 mm): PTH pad 7 [GND] of J55
[solder_mask_bridge]: Front solder mask aperture bridges items with different nets
    Rule: board setup solder mask min width; error
    @(241.9774 mm, 414.6167 mm): PTH pad 3 [GND] of J56
    @(241.1893 mm, 414.6167 mm): PTH pad 8 [SLOT_E_POWER] of J55
[solder_mask_bridge]: Rear solder mask aperture bridges items with different nets
    Rule: board setup solder mask min width; error
    @(241.9774 mm, 414.6167 mm): PTH pad 3 [GND] of J56
    @(241.1893 mm, 414.6167 mm): PTH pad 8 [SLOT_E_POWER] of J55
[solder_mask_bridge]: Front solder mask aperture bridges items with different nets
    Rule: board setup solder mask min width; error
    @(244.5174 mm, 414.6167 mm): PTH pad 4 [SLOT_G_3V3] of J56
    @(243.7293 mm, 414.6167 mm): PTH pad 9 [GND] of J55
[solder_mask_bridge]: Rear solder mask aperture bridges items with different nets
    Rule: board setup solder mask min width; error
    @(244.5174 mm, 414.6167 mm): PTH pad 4 [SLOT_G_3V3] of J56
    @(243.7293 mm, 414.6167 mm): PTH pad 9 [GND] of J55
[solder_mask_bridge]: Front solder mask aperture bridges items with different nets
    Rule: board setup solder mask min width; error
    @(247.0574 mm, 414.6167 mm): PTH pad 5 [GND] of J56
    @(246.2693 mm, 414.6167 mm): PTH pad 10 [SLOT_F_PIN_VOLTAGE] of J55
[solder_mask_bridge]: Rear solder mask aperture bridges items with different nets
    Rule: board setup solder mask min width; error
    @(247.0574 mm, 414.6167 mm): PTH pad 5 [GND] of J56
    @(246.2693 mm, 414.6167 mm): PTH pad 10 [SLOT_F_PIN_VOLTAGE] of J55
[solder_mask_bridge]: Front solder mask aperture bridges items with different nets
    Rule: board setup solder mask min width; error
    @(249.5974 mm, 414.6167 mm): PTH pad 6 [SLOT_G_5V] of J56
    @(248.8093 mm, 414.6167 mm): PTH pad 11 [GND] of J55
[solder_mask_bridge]: Rear solder mask aperture bridges items with different nets
    Rule: board setup solder mask min width; error
    @(249.5974 mm, 414.6167 mm): PTH pad 6 [SLOT_G_5V] of J56
    @(248.8093 mm, 414.6167 mm): PTH pad 11 [GND] of J55
[solder_mask_bridge]: Front solder mask aperture bridges items with different nets
    Rule: board setup solder mask min width; error
    @(252.1374 mm, 414.6167 mm): PTH pad 7 [GND] of J56
    @(251.3493 mm, 414.6167 mm): PTH pad 12 [SLOT_F_3V3] of J55
[solder_mask_bridge]: Rear solder mask aperture bridges items with different nets
    Rule: board setup solder mask min width; error
    @(252.1374 mm, 414.6167 mm): PTH pad 7 [GND] of J56
    @(251.3493 mm, 414.6167 mm): PTH pad 12 [SLOT_F_3V3] of J55
[solder_mask_bridge]: Front solder mask aperture bridges items with different nets
    Rule: board setup solder mask min width; error
    @(254.6774 mm, 414.6167 mm): PTH pad 8 [SLOT_G_POWER] of J56
    @(253.8893 mm, 414.6167 mm): PTH pad 13 [GND] of J55
[solder_mask_bridge]: Rear solder mask aperture bridges items with different nets
    Rule: board setup solder mask min width; error
    @(254.6774 mm, 414.6167 mm): PTH pad 8 [SLOT_G_POWER] of J56
    @(253.8893 mm, 414.6167 mm): PTH pad 13 [GND] of J55
[solder_mask_bridge]: Front solder mask aperture bridges items with different nets
    Rule: board setup solder mask min width; error
    @(257.2174 mm, 414.6167 mm): PTH pad 9 [GND] of J56
    @(256.4293 mm, 414.6167 mm): PTH pad 14 [SLOT_F_5V] of J55
[solder_mask_bridge]: Rear solder mask aperture bridges items with different nets
    Rule: board setup solder mask min width; error
    @(257.2174 mm, 414.6167 mm): PTH pad 9 [GND] of J56
    @(256.4293 mm, 414.6167 mm): PTH pad 14 [SLOT_F_5V] of J55
[solder_mask_bridge]: Front solder mask aperture bridges items with different nets
    Rule: board setup solder mask min width; error
    @(259.7574 mm, 414.6167 mm): PTH pad 10 [SLOT_H_PIN_VOLTAGE] of J56
    @(258.9693 mm, 414.6167 mm): PTH pad 15 [GND] of J55
[solder_mask_bridge]: Rear solder mask aperture bridges items with different nets
    Rule: board setup solder mask min width; error
    @(259.7574 mm, 414.6167 mm): PTH pad 10 [SLOT_H_PIN_VOLTAGE] of J56
    @(258.9693 mm, 414.6167 mm): PTH pad 15 [GND] of J55
[solder_mask_bridge]: Front solder mask aperture bridges items with different nets
    Rule: board setup solder mask min width; error
    @(262.2974 mm, 414.6167 mm): PTH pad 11 [GND] of J56
    @(261.5093 mm, 414.6167 mm): PTH pad 16 [SLOT_F_POWER] of J55
[solder_mask_bridge]: Rear solder mask aperture bridges items with different nets
    Rule: board setup solder mask min width; error
    @(262.2974 mm, 414.6167 mm): PTH pad 11 [GND] of J56
    @(261.5093 mm, 414.6167 mm): PTH pad 16 [SLOT_F_POWER] of J55
[solder_mask_bridge]: Front solder mask aperture bridges items with different nets
    Rule: board setup solder mask min width; error
    @(223.4093 mm, 414.6167 mm): PTH pad 1 [GND] of J55
    @(224.3731 mm, 414.6167 mm): PTH pad 12 [SLOT_B_3V3] of J53
[solder_mask_bridge]: Rear solder mask aperture bridges items with different nets
    Rule: board setup solder mask min width; error
    @(223.4093 mm, 414.6167 mm): PTH pad 1 [GND] of J55
    @(224.3731 mm, 414.6167 mm): PTH pad 12 [SLOT_B_3V3] of J53
[solder_mask_bridge]: Front solder mask aperture bridges items with different nets
    Rule: board setup solder mask min width; error
    @(225.9493 mm, 414.6167 mm): PTH pad 2 [SLOT_E_PIN_VOLTAGE] of J55
    @(224.3731 mm, 414.6167 mm): PTH pad 12 [SLOT_B_3V3] of J53
[solder_mask_bridge]: Front solder mask aperture bridges items with different nets
    Rule: board setup solder mask min width; error
    @(225.9493 mm, 414.6167 mm): PTH pad 2 [SLOT_E_PIN_VOLTAGE] of J55
    @(226.9131 mm, 414.6167 mm): PTH pad 13 [GND] of J53
[solder_mask_bridge]: Rear solder mask aperture bridges items with different nets
    Rule: board setup solder mask min width; error
    @(225.9493 mm, 414.6167 mm): PTH pad 2 [SLOT_E_PIN_VOLTAGE] of J55
    @(224.3731 mm, 414.6167 mm): PTH pad 12 [SLOT_B_3V3] of J53
[solder_mask_bridge]: Rear solder mask aperture bridges items with different nets
    Rule: board setup solder mask min width; error
    @(225.9493 mm, 414.6167 mm): PTH pad 2 [SLOT_E_PIN_VOLTAGE] of J55
    @(226.9131 mm, 414.6167 mm): PTH pad 13 [GND] of J53
[solder_mask_bridge]: Front solder mask aperture bridges items with different nets
    Rule: board setup solder mask min width; error
    @(228.4893 mm, 414.6167 mm): PTH pad 3 [GND] of J55
    @(229.4531 mm, 414.6167 mm): PTH pad 14 [SLOT_B_5V] of J53
[solder_mask_bridge]: Rear solder mask aperture bridges items with different nets
    Rule: board setup solder mask min width; error
    @(228.4893 mm, 414.6167 mm): PTH pad 3 [GND] of J55
    @(229.4531 mm, 414.6167 mm): PTH pad 14 [SLOT_B_5V] of J53
[solder_mask_bridge]: Front solder mask aperture bridges items with different nets
    Rule: board setup solder mask min width; error
    @(231.0293 mm, 414.6167 mm): PTH pad 4 [SLOT_E_3V3] of J55
    @(229.4531 mm, 414.6167 mm): PTH pad 14 [SLOT_B_5V] of J53
[solder_mask_bridge]: Front solder mask aperture bridges items with different nets
    Rule: board setup solder mask min width; error
    @(231.0293 mm, 414.6167 mm): PTH pad 4 [SLOT_E_3V3] of J55
    @(231.9931 mm, 414.6167 mm): PTH pad 15 [GND] of J53
[solder_mask_bridge]: Rear solder mask aperture bridges items with different nets
    Rule: board setup solder mask min width; error
    @(231.0293 mm, 414.6167 mm): PTH pad 4 [SLOT_E_3V3] of J55
    @(231.9931 mm, 414.6167 mm): PTH pad 15 [GND] of J53
[solder_mask_bridge]: Rear solder mask aperture bridges items with different nets
    Rule: board setup solder mask min width; error
    @(231.0293 mm, 414.6167 mm): PTH pad 4 [SLOT_E_3V3] of J55
    @(229.4531 mm, 414.6167 mm): PTH pad 14 [SLOT_B_5V] of J53
[solder_mask_bridge]: Front solder mask aperture bridges items with different nets
    Rule: board setup solder mask min width; error
    @(233.5693 mm, 414.6167 mm): PTH pad 5 [GND] of J55
    @(234.5331 mm, 414.6167 mm): PTH pad 16 [SLOT_B_POWER] of J53
[solder_mask_bridge]: Rear solder mask aperture bridges items with different nets
    Rule: board setup solder mask min width; error
    @(233.5693 mm, 414.6167 mm): PTH pad 5 [GND] of J55
    @(234.5331 mm, 414.6167 mm): PTH pad 16 [SLOT_B_POWER] of J53
[solder_mask_bridge]: Front solder mask aperture bridges items with different nets
    Rule: board setup solder mask min width; error
    @(236.1093 mm, 414.6167 mm): PTH pad 6 [SLOT_E_5V] of J55
    @(234.5331 mm, 414.6167 mm): PTH pad 16 [SLOT_B_POWER] of J53
[solder_mask_bridge]: Rear solder mask aperture bridges items with different nets
    Rule: board setup solder mask min width; error
    @(236.1093 mm, 414.6167 mm): PTH pad 6 [SLOT_E_5V] of J55
    @(234.5331 mm, 414.6167 mm): PTH pad 16 [SLOT_B_POWER] of J53
[courtyards_overlap]: Courtyards overlap
    Rule: board setup constraints courtyard; error
    @(76.0000 mm, 30.0000 mm): Footprint SH2
    @(76.0000 mm, 65.4000 mm): Footprint J61
[courtyards_overlap]: Courtyards overlap
    Rule: board setup constraints courtyard; error
    @(252.0650 mm, 319.2847 mm): Footprint J2
    @(239.6664 mm, 317.1472 mm): Footprint J1
[courtyards_overlap]: Courtyards overlap
    Rule: board setup constraints courtyard; error
    @(252.0650 mm, 319.2847 mm): Footprint J2
    @(262.9579 mm, 316.7448 mm): Footprint J51
[courtyards_overlap]: Courtyards overlap
    Rule: board setup constraints courtyard; error
    @(270.9593 mm, 404.4567 mm): Footprint J57
    @(287.3522 mm, 404.4567 mm): Footprint J58
[courtyards_overlap]: Courtyards overlap
    Rule: board setup constraints courtyard; error
    @(59.0000 mm, 65.4000 mm): Footprint J60
    @(59.0000 mm, 30.0000 mm): Footprint SH1
[courtyards_overlap]: Courtyards overlap
    Rule: board setup constraints courtyard; error
    @(228.9950 mm, 414.6167 mm): Footprint J54
    @(201.3679 mm, 414.6167 mm): Footprint J5
[courtyards_overlap]: Courtyards overlap
    Rule: board setup constraints courtyard; error
    @(228.9950 mm, 414.6167 mm): Footprint J54
    @(255.9474 mm, 414.6167 mm): Footprint J56
[courtyards_overlap]: Courtyards overlap
    Rule: board setup constraints courtyard; error
    @(228.9950 mm, 414.6167 mm): Footprint J54
    @(242.4593 mm, 414.6167 mm): Footprint J55
[courtyards_overlap]: Courtyards overlap
    Rule: board setup constraints courtyard; error
    @(228.9950 mm, 414.6167 mm): Footprint J54
    @(215.4831 mm, 414.6167 mm): Footprint J53
[courtyards_overlap]: Courtyards overlap
    Rule: board setup constraints courtyard; error
    @(171.7879 mm, 414.6167 mm): Footprint J3
    @(201.3679 mm, 414.6167 mm): Footprint J5
[courtyards_overlap]: Courtyards overlap
    Rule: board setup constraints courtyard; error
    @(171.7879 mm, 414.6167 mm): Footprint J3
    @(186.5779 mm, 414.6167 mm): Footprint J4
[courtyards_overlap]: Courtyards overlap
    Rule: board setup constraints courtyard; error
    @(205.0000 mm, 477.4097 mm): Footprint R89
    @(207.2926 mm, 477.1497 mm): Footprint R36
[courtyards_overlap]: Courtyards overlap
    Rule: board setup constraints courtyard; error
    @(201.3679 mm, 414.6167 mm): Footprint J5
    @(186.5779 mm, 414.6167 mm): Footprint J4
[courtyards_overlap]: Courtyards overlap
    Rule: board setup constraints courtyard; error
    @(201.3679 mm, 414.6167 mm): Footprint J5
    @(215.4831 mm, 414.6167 mm): Footprint J53
[courtyards_overlap]: Courtyards overlap
    Rule: board setup constraints courtyard; error
    @(186.5779 mm, 414.6167 mm): Footprint J4
    @(215.4831 mm, 414.6167 mm): Footprint J53
[courtyards_overlap]: Courtyards overlap
    Rule: board setup constraints courtyard; error
    @(255.9474 mm, 414.6167 mm): Footprint J56
    @(242.4593 mm, 414.6167 mm): Footprint J55
[courtyards_overlap]: Courtyards overlap
    Rule: board setup constraints courtyard; error
    @(255.9474 mm, 414.6167 mm): Footprint J56
    @(215.4831 mm, 414.6167 mm): Footprint J53
[courtyards_overlap]: Courtyards overlap
    Rule: board setup constraints courtyard; error
    @(242.4593 mm, 414.6167 mm): Footprint J55
    @(215.4831 mm, 414.6167 mm): Footprint J53
[clearance]: Clearance violation (rule 'MGT clearance to other copper' clearance 0.3100 mm; actual 0.2500 mm)
    Rule: MGT clearance to other copper; error
    @(294.0360 mm, 479.9797 mm): Pad 5 [REFCLK_OSC_N] of X2 on F.Cu
    @(292.9860 mm, 479.9797 mm): Pad 6 [+3V3] of X2 on F.Cu
[shorting_items]: Items shorting two nets (nets SLOT_L_POWER and GND)
    Local override; error
    @(279.8493 mm, 404.4567 mm): PTH pad 8 [SLOT_L_POWER] of J57
    @(278.4622 mm, 404.4567 mm): PTH pad 1 [GND] of J58
[shorting_items]: Items shorting two nets (nets SLOT_L_POWER and SLOT_M_PIN_VOLTAGE)
    Local override; error
    @(279.8493 mm, 404.4567 mm): PTH pad 8 [SLOT_L_POWER] of J57
    @(281.0022 mm, 404.4567 mm): PTH pad 2 [SLOT_M_PIN_VOLTAGE] of J58
[clearance]: Clearance violation (rule 'MGT clearance to other copper' clearance 0.3100 mm; actual 0.3000 mm)
    Rule: MGT clearance to other copper; error
    @(55.6000 mm, 69.5000 mm): Pad 11 [GND] of J60 on F.Cu
    @(56.4000 mm, 69.5000 mm): Pad 12 [SFP0_RD_N] of J60 on F.Cu
[clearance]: Clearance violation (rule 'MGT clearance to other copper' clearance 0.3100 mm; actual 0.3000 mm)
    Rule: MGT clearance to other copper; error
    @(57.2000 mm, 69.5000 mm): Pad 13 [SFP0_RD_P] of J60 on F.Cu
    @(58.0000 mm, 69.5000 mm): Pad 14 [GND] of J60 on F.Cu
[clearance]: Clearance violation (rule 'MGT clearance to other copper' clearance 0.3100 mm; actual 0.3000 mm)
    Rule: MGT clearance to other copper; error
    @(60.4000 mm, 69.5000 mm): Pad 17 [GND] of J60 on F.Cu
    @(61.2000 mm, 69.5000 mm): Pad 18 [SFP0_TD_P] of J60 on F.Cu
[clearance]: Clearance violation (rule 'MGT clearance to other copper' clearance 0.3100 mm; actual 0.3000 mm)
    Rule: MGT clearance to other copper; error
    @(62.0000 mm, 69.5000 mm): Pad 19 [SFP0_TD_N] of J60 on F.Cu
    @(62.8000 mm, 69.5000 mm): Pad 20 [GND] of J60 on F.Cu
[shorting_items]: Items shorting two nets (nets GND and SLOT_A_5V)
    Local override; error
    @(209.9450 mm, 414.6167 mm): PTH pad 1 [GND] of J54
    @(209.1331 mm, 414.6167 mm): PTH pad 6 [SLOT_A_5V] of J53
[clearance]: Clearance violation (rule 'Default clearance' clearance 0.1500 mm; actual 0.1281 mm)
    Rule: Default clearance; error
    @(212.4850 mm, 414.6167 mm): PTH pad 2 [SLOT_C_PIN_VOLTAGE] of J54
    @(214.2131 mm, 414.6167 mm): PTH pad 8 [SLOT_A_POWER] of J53
[shorting_items]: Items shorting two nets (nets SLOT_C_PIN_VOLTAGE and GND)
    Local override; error
    @(212.4850 mm, 414.6167 mm): PTH pad 2 [SLOT_C_PIN_VOLTAGE] of J54
    @(211.6731 mm, 414.6167 mm): PTH pad 7 [GND] of J53
[shorting_items]: Items shorting two nets (nets GND and SLOT_A_POWER)
    Local override; error
    @(215.0250 mm, 414.6167 mm): PTH pad 3 [GND] of J54
    @(214.2131 mm, 414.6167 mm): PTH pad 8 [SLOT_A_POWER] of J53
[shorting_items]: Items shorting two nets (nets SLOT_C_3V3 and GND)
    Local override; error
    @(217.5650 mm, 414.6167 mm): PTH pad 4 [SLOT_C_3V3] of J54
    @(216.7531 mm, 414.6167 mm): PTH pad 9 [GND] of J53
[clearance]: Clearance violation (rule 'Default clearance' clearance 0.1500 mm; actual 0.1281 mm)
    Rule: Default clearance; error
    @(217.5650 mm, 414.6167 mm): PTH pad 4 [SLOT_C_3V3] of J54
    @(219.2931 mm, 414.6167 mm): PTH pad 10 [SLOT_B_PIN_VOLTAGE] of J53
[shorting_items]: Items shorting two nets (nets GND and SLOT_B_PIN_VOLTAGE)
    Local override; error
    @(220.1050 mm, 414.6167 mm): PTH pad 5 [GND] of J54
    @(219.2931 mm, 414.6167 mm): PTH pad 10 [SLOT_B_PIN_VOLTAGE] of J53
[shorting_items]: Items shorting two nets (nets SLOT_C_5V and GND)
    Local override; error
    @(222.6450 mm, 414.6167 mm): PTH pad 6 [SLOT_C_5V] of J54
    @(223.4093 mm, 414.6167 mm): PTH pad 1 [GND] of J55
[shorting_items]: Items shorting two nets (nets SLOT_C_5V and GND)
    Local override; error
    @(222.6450 mm, 414.6167 mm): PTH pad 6 [SLOT_C_5V] of J54
    @(221.8331 mm, 414.6167 mm): PTH pad 11 [GND] of J53
[clearance]: Clearance violation (rule 'Default clearance' clearance 0.1500 mm; actual 0.1281 mm)
    Rule: Default clearance; error
    @(222.6450 mm, 414.6167 mm): PTH pad 6 [SLOT_C_5V] of J54
    @(224.3731 mm, 414.6167 mm): PTH pad 12 [SLOT_B_3V3] of J53
[shorting_items]: Items shorting two nets (nets GND and SLOT_B_3V3)
    Local override; error
    @(225.1850 mm, 414.6167 mm): PTH pad 7 [GND] of J54
    @(224.3731 mm, 414.6167 mm): PTH pad 12 [SLOT_B_3V3] of J53
[shorting_items]: Items shorting two nets (nets GND and SLOT_E_PIN_VOLTAGE)
    Local override; error
    @(225.1850 mm, 414.6167 mm): PTH pad 7 [GND] of J54
    @(225.9493 mm, 414.6167 mm): PTH pad 2 [SLOT_E_PIN_VOLTAGE] of J55
[shorting_items]: Items shorting two nets (nets SLOT_C_POWER and GND)
    Local override; error
    @(227.7250 mm, 414.6167 mm): PTH pad 8 [SLOT_C_POWER] of J54
    @(226.9131 mm, 414.6167 mm): PTH pad 13 [GND] of J53
[shorting_items]: Items shorting two nets (nets SLOT_C_POWER and GND)
    Local override; error
    @(227.7250 mm, 414.6167 mm): PTH pad 8 [SLOT_C_POWER] of J54
    @(228.4893 mm, 414.6167 mm): PTH pad 3 [GND] of J55
[clearance]: Clearance violation (rule 'Default clearance' clearance 0.1500 mm; actual 0.1281 mm)
    Rule: Default clearance; error
    @(227.7250 mm, 414.6167 mm): PTH pad 8 [SLOT_C_POWER] of J54
    @(229.4531 mm, 414.6167 mm): PTH pad 14 [SLOT_B_5V] of J53
[shorting_items]: Items shorting two nets (nets GND and SLOT_B_5V)
    Local override; error
    @(230.2650 mm, 414.6167 mm): PTH pad 9 [GND] of J54
    @(229.4531 mm, 414.6167 mm): PTH pad 14 [SLOT_B_5V] of J53
[shorting_items]: Items shorting two nets (nets GND and SLOT_E_3V3)
    Local override; error
    @(230.2650 mm, 414.6167 mm): PTH pad 9 [GND] of J54
    @(231.0293 mm, 414.6167 mm): PTH pad 4 [SLOT_E_3V3] of J55
[shorting_items]: Items shorting two nets (nets SLOT_D_PIN_VOLTAGE and GND)
    Local override; error
    @(232.8050 mm, 414.6167 mm): PTH pad 10 [SLOT_D_PIN_VOLTAGE] of J54
    @(231.9931 mm, 414.6167 mm): PTH pad 15 [GND] of J53
[shorting_items]: Items shorting two nets (nets SLOT_D_PIN_VOLTAGE and GND)
    Local override; error
    @(232.8050 mm, 414.6167 mm): PTH pad 10 [SLOT_D_PIN_VOLTAGE] of J54
    @(233.5693 mm, 414.6167 mm): PTH pad 5 [GND] of J55
[clearance]: Clearance violation (rule 'Default clearance' clearance 0.1500 mm; actual 0.1281 mm)
    Rule: Default clearance; error
    @(232.8050 mm, 414.6167 mm): PTH pad 10 [SLOT_D_PIN_VOLTAGE] of J54
    @(234.5331 mm, 414.6167 mm): PTH pad 16 [SLOT_B_POWER] of J53
[shorting_items]: Items shorting two nets (nets GND and SLOT_E_5V)
    Local override; error
    @(235.3450 mm, 414.6167 mm): PTH pad 11 [GND] of J54
    @(236.1093 mm, 414.6167 mm): PTH pad 6 [SLOT_E_5V] of J55
[shorting_items]: Items shorting two nets (nets GND and SLOT_B_POWER)
    Local override; error
    @(235.3450 mm, 414.6167 mm): PTH pad 11 [GND] of J54
    @(234.5331 mm, 414.6167 mm): PTH pad 16 [SLOT_B_POWER] of J53
[shorting_items]: Items shorting two nets (nets SLOT_D_3V3 and GND)
    Local override; error
    @(237.8850 mm, 414.6167 mm): PTH pad 12 [SLOT_D_3V3] of J54
    @(236.8974 mm, 414.6167 mm): PTH pad 1 [GND] of J56
[shorting_items]: Items shorting two nets (nets SLOT_D_3V3 and SLOT_G_PIN_VOLTAGE)
    Local override; error
    @(237.8850 mm, 414.6167 mm): PTH pad 12 [SLOT_D_3V3] of J54
    @(239.4374 mm, 414.6167 mm): PTH pad 2 [SLOT_G_PIN_VOLTAGE] of J56
[shorting_items]: Items shorting two nets (nets SLOT_D_3V3 and GND)
    Local override; error
    @(237.8850 mm, 414.6167 mm): PTH pad 12 [SLOT_D_3V3] of J54
    @(238.6493 mm, 414.6167 mm): PTH pad 7 [GND] of J55
[shorting_items]: Items shorting two nets (nets GND and SLOT_E_POWER)
    Local override; error
    @(240.4250 mm, 414.6167 mm): PTH pad 13 [GND] of J54
    @(241.1893 mm, 414.6167 mm): PTH pad 8 [SLOT_E_POWER] of J55
[shorting_items]: Items shorting two nets (nets GND and SLOT_G_PIN_VOLTAGE)
    Local override; error
    @(240.4250 mm, 414.6167 mm): PTH pad 13 [GND] of J54
    @(239.4374 mm, 414.6167 mm): PTH pad 2 [SLOT_G_PIN_VOLTAGE] of J56
[shorting_items]: Items shorting two nets (nets SLOT_D_5V and GND)
    Local override; error
    @(242.9650 mm, 414.6167 mm): PTH pad 14 [SLOT_D_5V] of J54
    @(241.9774 mm, 414.6167 mm): PTH pad 3 [GND] of J56
[shorting_items]: Items shorting two nets (nets SLOT_D_5V and SLOT_G_3V3)
    Local override; error
    @(242.9650 mm, 414.6167 mm): PTH pad 14 [SLOT_D_5V] of J54
    @(244.5174 mm, 414.6167 mm): PTH pad 4 [SLOT_G_3V3] of J56
[shorting_items]: Items shorting two nets (nets SLOT_D_5V and GND)
    Local override; error
    @(242.9650 mm, 414.6167 mm): PTH pad 14 [SLOT_D_5V] of J54
    @(243.7293 mm, 414.6167 mm): PTH pad 9 [GND] of J55
[shorting_items]: Items shorting two nets (nets GND and SLOT_G_3V3)
    Local override; error
    @(245.5050 mm, 414.6167 mm): PTH pad 15 [GND] of J54
    @(244.5174 mm, 414.6167 mm): PTH pad 4 [SLOT_G_3V3] of J56
[shorting_items]: Items shorting two nets (nets GND and SLOT_F_PIN_VOLTAGE)
    Local override; error
    @(245.5050 mm, 414.6167 mm): PTH pad 15 [GND] of J54
    @(246.2693 mm, 414.6167 mm): PTH pad 10 [SLOT_F_PIN_VOLTAGE] of J55
[shorting_items]: Items shorting two nets (nets SLOT_D_POWER and SLOT_G_5V)
    Local override; error
    @(248.0450 mm, 414.6167 mm): PTH pad 16 [SLOT_D_POWER] of J54
    @(249.5974 mm, 414.6167 mm): PTH pad 6 [SLOT_G_5V] of J56
[shorting_items]: Items shorting two nets (nets SLOT_D_POWER and GND)
    Local override; error
    @(248.0450 mm, 414.6167 mm): PTH pad 16 [SLOT_D_POWER] of J54
    @(247.0574 mm, 414.6167 mm): PTH pad 5 [GND] of J56
[shorting_items]: Items shorting two nets (nets SLOT_D_POWER and GND)
    Local override; error
    @(248.0450 mm, 414.6167 mm): PTH pad 16 [SLOT_D_POWER] of J54
    @(248.8093 mm, 414.6167 mm): PTH pad 11 [GND] of J55
[shorting_items]: Items shorting two nets (nets GND and SLOTC_IO0)
    Local override; error
    @(167.9779 mm, 411.7167 mm): Pad 7 [GND] of J3 on F.Cu
    @(167.5279 mm, 411.7167 mm): Pad 1 [SLOTC_IO0] of J4 on F.Cu
[shorting_items]: Items shorting two nets (nets GND and SLOTC_IO2)
    Local override; error
    @(170.5179 mm, 411.7167 mm): Pad 8 [GND] of J3 on F.Cu
    @(170.0679 mm, 411.7167 mm): Pad 2 [SLOTC_IO2] of J4 on F.Cu
[shorting_items]: Items shorting two nets (nets SLOTB_IO0 and SLOTC_IO4)
    Local override; error
    @(173.0579 mm, 411.7167 mm): Pad 9 [SLOTB_IO0] of J3 on F.Cu
    @(172.6079 mm, 411.7167 mm): Pad 3 [SLOTC_IO4] of J4 on F.Cu
[shorting_items]: Items shorting two nets (nets SLOTB_IO2 and SLOTC_IO6)
    Local override; error
    @(175.5979 mm, 411.7167 mm): Pad 10 [SLOTB_IO2] of J3 on F.Cu
    @(175.1479 mm, 411.7167 mm): Pad 4 [SLOTC_IO6] of J4 on F.Cu
[shorting_items]: Items shorting two nets (nets SLOTB_IO4 and SLOTC_IO8)
    Local override; error
    @(178.1379 mm, 411.7167 mm): Pad 11 [SLOTB_IO4] of J3 on F.Cu
    @(177.6879 mm, 411.7167 mm): Pad 5 [SLOTC_IO8] of J4 on F.Cu
[shorting_items]: Items shorting two nets (nets SLOTB_IO6 and SLOTC_IO10)
    Local override; error
    @(180.6779 mm, 411.7167 mm): Pad 12 [SLOTB_IO6] of J3 on F.Cu
    @(180.2279 mm, 411.7167 mm): Pad 6 [SLOTC_IO10] of J4 on F.Cu
[shorting_items]: Items shorting two nets (nets SLOTB_IO8 and GND)
    Local override; error
    @(183.2179 mm, 411.7167 mm): Pad 13 [SLOTB_IO8] of J3 on F.Cu
    @(182.7679 mm, 411.7167 mm): Pad 7 [GND] of J4 on F.Cu
[shorting_items]: Items shorting two nets (nets SLOTB_IO8 and SLOTE_IO0)
    Local override; error
    @(183.2179 mm, 411.7167 mm): Pad 13 [SLOTB_IO8] of J3 on F.Cu
    @(182.3179 mm, 411.7167 mm): Pad 1 [SLOTE_IO0] of J5 on F.Cu
[shorting_items]: Items shorting two nets (nets SLOTB_IO10 and GND)
    Local override; error
    @(185.7579 mm, 411.7167 mm): Pad 14 [SLOTB_IO10] of J3 on F.Cu
    @(185.3079 mm, 411.7167 mm): Pad 8 [GND] of J4 on F.Cu
[shorting_items]: Items shorting two nets (nets SLOTB_IO10 and SLOTE_IO2)
    Local override; error
    @(185.7579 mm, 411.7167 mm): Pad 14 [SLOTB_IO10] of J3 on F.Cu
    @(184.8579 mm, 411.7167 mm): Pad 2 [SLOTE_IO2] of J5 on F.Cu
[shorting_items]: Items shorting two nets (nets GND and SLOTD_IO0)
    Local override; error
    @(188.2979 mm, 411.7167 mm): Pad 15 [GND] of J3 on F.Cu
    @(187.8479 mm, 411.7167 mm): Pad 9 [SLOTD_IO0] of J4 on F.Cu
[shorting_items]: Items shorting two nets (nets GND and SLOTE_IO4)
    Local override; error
    @(188.2979 mm, 411.7167 mm): Pad 15 [GND] of J3 on F.Cu
    @(187.3979 mm, 411.7167 mm): Pad 3 [SLOTE_IO4] of J5 on F.Cu
[shorting_items]: Items shorting two nets (nets GND and SLOTE_IO6)
    Local override; error
    @(190.8379 mm, 411.7167 mm): Pad 16 [GND] of J3 on F.Cu
    @(189.9379 mm, 411.7167 mm): Pad 4 [SLOTE_IO6] of J5 on F.Cu
[shorting_items]: Items shorting two nets (nets GND and SLOTD_IO2)
    Local override; error
    @(190.8379 mm, 411.7167 mm): Pad 16 [GND] of J3 on F.Cu
    @(190.3879 mm, 411.7167 mm): Pad 10 [SLOTD_IO2] of J4 on F.Cu
[shorting_items]: Items shorting two nets (nets GND and SLOTE_IO7)
    Local override; error
    @(190.8379 mm, 417.5167 mm): Pad 17 [GND] of J3 on F.Cu
    @(189.9379 mm, 417.5167 mm): Pad 29 [SLOTE_IO7] of J5 on F.Cu
[shorting_items]: Items shorting two nets (nets GND and SLOTD_IO3)
    Local override; error
    @(190.8379 mm, 417.5167 mm): Pad 17 [GND] of J3 on F.Cu
    @(190.3879 mm, 417.5167 mm): Pad 23 [SLOTD_IO3] of J4 on F.Cu
[shorting_items]: Items shorting two nets (nets GND and SLOTE_IO5)
    Local override; error
    @(188.2979 mm, 417.5167 mm): Pad 18 [GND] of J3 on F.Cu
    @(187.3979 mm, 417.5167 mm): Pad 30 [SLOTE_IO5] of J5 on F.Cu
[shorting_items]: Items shorting two nets (nets GND and SLOTD_IO1)
    Local override; error
    @(188.2979 mm, 417.5167 mm): Pad 18 [GND] of J3 on F.Cu
    @(187.8479 mm, 417.5167 mm): Pad 24 [SLOTD_IO1] of J4 on F.Cu
[shorting_items]: Items shorting two nets (nets SLOTB_IO11 and GND)
    Local override; error
    @(185.7579 mm, 417.5167 mm): Pad 19 [SLOTB_IO11] of J3 on F.Cu
    @(185.3079 mm, 417.5167 mm): Pad 25 [GND] of J4 on F.Cu
[shorting_items]: Items shorting two nets (nets SLOTB_IO11 and SLOTE_IO3)
    Local override; error
    @(185.7579 mm, 417.5167 mm): Pad 19 [SLOTB_IO11] of J3 on F.Cu
    @(184.8579 mm, 417.5167 mm): Pad 31 [SLOTE_IO3] of J5 on F.Cu
[shorting_items]: Items shorting two nets (nets SLOTB_IO9 and GND)
    Local override; error
    @(183.2179 mm, 417.5167 mm): Pad 20 [SLOTB_IO9] of J3 on F.Cu
    @(182.7679 mm, 417.5167 mm): Pad 26 [GND] of J4 on F.Cu
[shorting_items]: Items shorting two nets (nets SLOTB_IO9 and SLOTE_IO1)
    Local override; error
    @(183.2179 mm, 417.5167 mm): Pad 20 [SLOTB_IO9] of J3 on F.Cu
    @(182.3179 mm, 417.5167 mm): Pad 32 [SLOTE_IO1] of J5 on F.Cu
[shorting_items]: Items shorting two nets (nets SLOTB_IO7 and SLOTC_IO11)
    Local override; error
    @(180.6779 mm, 417.5167 mm): Pad 21 [SLOTB_IO7] of J3 on F.Cu
    @(180.2279 mm, 417.5167 mm): Pad 27 [SLOTC_IO11] of J4 on F.Cu
[shorting_items]: Items shorting two nets (nets SLOTB_IO5 and SLOTC_IO9)
    Local override; error
    @(178.1379 mm, 417.5167 mm): Pad 22 [SLOTB_IO5] of J3 on F.Cu
    @(177.6879 mm, 417.5167 mm): Pad 28 [SLOTC_IO9] of J4 on F.Cu
[shorting_items]: Items shorting two nets (nets SLOTB_IO3 and SLOTC_IO7)
    Local override; error
    @(175.5979 mm, 417.5167 mm): Pad 23 [SLOTB_IO3] of J3 on F.Cu
    @(175.1479 mm, 417.5167 mm): Pad 29 [SLOTC_IO7] of J4 on F.Cu
[shorting_items]: Items shorting two nets (nets SLOTB_IO1 and SLOTC_IO5)
    Local override; error
    @(173.0579 mm, 417.5167 mm): Pad 24 [SLOTB_IO1] of J3 on F.Cu
    @(172.6079 mm, 417.5167 mm): Pad 30 [SLOTC_IO5] of J4 on F.Cu
[shorting_items]: Items shorting two nets (nets GND and SLOTC_IO3)
    Local override; error
    @(170.5179 mm, 417.5167 mm): Pad 25 [GND] of J3 on F.Cu
    @(170.0679 mm, 417.5167 mm): Pad 31 [SLOTC_IO3] of J4 on F.Cu
[shorting_items]: Items shorting two nets (nets GND and SLOTC_IO1)
    Local override; error
    @(167.9779 mm, 417.5167 mm): Pad 26 [GND] of J3 on F.Cu
    @(167.5279 mm, 417.5167 mm): Pad 32 [SLOTC_IO1] of J4 on F.Cu
[hole_clearance]: Hole clearance violation (board setup constraints hole clearance 0.2500 mm; actual 0.1847 mm)
    Rule: board setup constraints hole; error
    @(236.4664 mm, 313.4022 mm): Pad A1 [GND] of J1 on F.Cu
    @(236.7764 mm, 314.5423 mm): NPTH pad of J1
[hole_clearance]: Hole clearance violation (board setup constraints hole clearance 0.2500 mm; actual 0.1847 mm)
    Rule: board setup constraints hole; error
    @(242.8664 mm, 313.4022 mm): Pad A12 [GND] of J1 on F.Cu
    @(242.5564 mm, 314.5423 mm): NPTH pad of J1
[hole_clearance]: Hole clearance violation (board setup constraints hole clearance 0.2500 mm; actual 0.1847 mm)
    Rule: board setup constraints hole; error
    @(242.8664 mm, 313.4022 mm): Pad B1 [GND] of J1 on F.Cu
    @(242.5564 mm, 314.5423 mm): NPTH pad of J1
[hole_clearance]: Hole clearance violation (board setup constraints hole clearance 0.2500 mm; actual 0.1847 mm)
    Rule: board setup constraints hole; error
    @(236.4664 mm, 313.4022 mm): Pad B12 [GND] of J1 on F.Cu
    @(236.7764 mm, 314.5423 mm): NPTH pad of J1
[shorting_items]: Items shorting two nets (nets SLOTE_IO0 and GND)
    Local override; error
    @(182.3179 mm, 411.7167 mm): Pad 1 [SLOTE_IO0] of J5 on F.Cu
    @(182.7679 mm, 411.7167 mm): Pad 7 [GND] of J4 on F.Cu
[shorting_items]: Items shorting two nets (nets SLOTE_IO2 and GND)
    Local override; error
    @(184.8579 mm, 411.7167 mm): Pad 2 [SLOTE_IO2] of J5 on F.Cu
    @(185.3079 mm, 411.7167 mm): Pad 8 [GND] of J4 on F.Cu
[shorting_items]: Items shorting two nets (nets SLOTE_IO4 and SLOTD_IO0)
    Local override; error
    @(187.3979 mm, 411.7167 mm): Pad 3 [SLOTE_IO4] of J5 on F.Cu
    @(187.8479 mm, 411.7167 mm): Pad 9 [SLOTD_IO0] of J4 on F.Cu
[shorting_items]: Items shorting two nets (nets SLOTE_IO6 and SLOTD_IO2)
    Local override; error
    @(189.9379 mm, 411.7167 mm): Pad 4 [SLOTE_IO6] of J5 on F.Cu
    @(190.3879 mm, 411.7167 mm): Pad 10 [SLOTD_IO2] of J4 on F.Cu
[shorting_items]: Items shorting two nets (nets SLOTE_IO8 and SLOTD_IO4)
    Local override; error
    @(192.4779 mm, 411.7167 mm): Pad 5 [SLOTE_IO8] of J5 on F.Cu
    @(192.9279 mm, 411.7167 mm): Pad 11 [SLOTD_IO4] of J4 on F.Cu
[shorting_items]: Items shorting two nets (nets SLOTE_IO10 and SLOTD_IO6)
    Local override; error
    @(195.0179 mm, 411.7167 mm): Pad 6 [SLOTE_IO10] of J5 on F.Cu
    @(195.4679 mm, 411.7167 mm): Pad 12 [SLOTD_IO6] of J4 on F.Cu
[shorting_items]: Items shorting two nets (nets GND and SLOTD_IO8)
    Local override; error
    @(197.5579 mm, 411.7167 mm): Pad 7 [GND] of J5 on F.Cu
    @(198.0079 mm, 411.7167 mm): Pad 13 [SLOTD_IO8] of J4 on F.Cu
[shorting_items]: Items shorting two nets (nets GND and SLOTD_IO10)
    Local override; error
    @(200.0979 mm, 411.7167 mm): Pad 8 [GND] of J5 on F.Cu
    @(200.5479 mm, 411.7167 mm): Pad 14 [SLOTD_IO10] of J4 on F.Cu
[shorting_items]: Items shorting two nets (nets SLOTF_IO0 and GND)
    Local override; error
    @(202.6379 mm, 411.7167 mm): Pad 9 [SLOTF_IO0] of J5 on F.Cu
    @(203.0879 mm, 411.7167 mm): Pad 15 [GND] of J4 on F.Cu
[shorting_items]: Items shorting two nets (nets SLOTF_IO2 and GND)
    Local override; error
    @(205.1779 mm, 411.7167 mm): Pad 10 [SLOTF_IO2] of J5 on F.Cu
    @(205.6279 mm, 411.7167 mm): Pad 16 [GND] of J4 on F.Cu
[shorting_items]: Items shorting two nets (nets SLOTF_IO3 and GND)
    Local override; error
    @(205.1779 mm, 417.5167 mm): Pad 23 [SLOTF_IO3] of J5 on F.Cu
    @(205.6279 mm, 417.5167 mm): Pad 17 [GND] of J4 on F.Cu
[shorting_items]: Items shorting two nets (nets SLOTF_IO1 and GND)
    Local override; error
    @(202.6379 mm, 417.5167 mm): Pad 24 [SLOTF_IO1] of J5 on F.Cu
    @(203.0879 mm, 417.5167 mm): Pad 18 [GND] of J4 on F.Cu
[shorting_items]: Items shorting two nets (nets GND and SLOTD_IO11)
    Local override; error
    @(200.0979 mm, 417.5167 mm): Pad 25 [GND] of J5 on F.Cu
    @(200.5479 mm, 417.5167 mm): Pad 19 [SLOTD_IO11] of J4 on F.Cu
[shorting_items]: Items shorting two nets (nets GND and SLOTD_IO9)
    Local override; error
    @(197.5579 mm, 417.5167 mm): Pad 26 [GND] of J5 on F.Cu
    @(198.0079 mm, 417.5167 mm): Pad 20 [SLOTD_IO9] of J4 on F.Cu
[shorting_items]: Items shorting two nets (nets SLOTE_IO11 and SLOTD_IO7)
    Local override; error
    @(195.0179 mm, 417.5167 mm): Pad 27 [SLOTE_IO11] of J5 on F.Cu
    @(195.4679 mm, 417.5167 mm): Pad 21 [SLOTD_IO7] of J4 on F.Cu
[shorting_items]: Items shorting two nets (nets SLOTE_IO9 and SLOTD_IO5)
    Local override; error
    @(192.4779 mm, 417.5167 mm): Pad 28 [SLOTE_IO9] of J5 on F.Cu
    @(192.9279 mm, 417.5167 mm): Pad 22 [SLOTD_IO5] of J4 on F.Cu
[shorting_items]: Items shorting two nets (nets SLOTE_IO7 and SLOTD_IO3)
    Local override; error
    @(189.9379 mm, 417.5167 mm): Pad 29 [SLOTE_IO7] of J5 on F.Cu
    @(190.3879 mm, 417.5167 mm): Pad 23 [SLOTD_IO3] of J4 on F.Cu
[shorting_items]: Items shorting two nets (nets SLOTE_IO5 and SLOTD_IO1)
    Local override; error
    @(187.3979 mm, 417.5167 mm): Pad 30 [SLOTE_IO5] of J5 on F.Cu
    @(187.8479 mm, 417.5167 mm): Pad 24 [SLOTD_IO1] of J4 on F.Cu
[shorting_items]: Items shorting two nets (nets SLOTE_IO3 and GND)
    Local override; error
    @(184.8579 mm, 417.5167 mm): Pad 31 [SLOTE_IO3] of J5 on F.Cu
    @(185.3079 mm, 417.5167 mm): Pad 25 [GND] of J4 on F.Cu
[shorting_items]: Items shorting two nets (nets SLOTE_IO1 and GND)
    Local override; error
    @(182.3179 mm, 417.5167 mm): Pad 32 [SLOTE_IO1] of J5 on F.Cu
    @(182.7679 mm, 417.5167 mm): Pad 26 [GND] of J4 on F.Cu
[clearance]: Clearance violation (rule 'MGT clearance to other copper' clearance 0.3100 mm; actual 0.3000 mm)
    Rule: MGT clearance to other copper; error
    @(72.6000 mm, 69.5000 mm): Pad 11 [GND] of J61 on F.Cu
    @(73.4000 mm, 69.5000 mm): Pad 12 [SFP1_RD_N] of J61 on F.Cu
[clearance]: Clearance violation (rule 'MGT clearance to other copper' clearance 0.3100 mm; actual 0.3000 mm)
    Rule: MGT clearance to other copper; error
    @(74.2000 mm, 69.5000 mm): Pad 13 [SFP1_RD_P] of J61 on F.Cu
    @(75.0000 mm, 69.5000 mm): Pad 14 [GND] of J61 on F.Cu
[clearance]: Clearance violation (rule 'MGT clearance to other copper' clearance 0.3100 mm; actual 0.3000 mm)
    Rule: MGT clearance to other copper; error
    @(77.4000 mm, 69.5000 mm): Pad 17 [GND] of J61 on F.Cu
    @(78.2000 mm, 69.5000 mm): Pad 18 [SFP1_TD_P] of J61 on F.Cu
[clearance]: Clearance violation (rule 'MGT clearance to other copper' clearance 0.3100 mm; actual 0.3000 mm)
    Rule: MGT clearance to other copper; error
    @(79.0000 mm, 69.5000 mm): Pad 19 [SFP1_TD_N] of J61 on F.Cu
    @(79.8000 mm, 69.5000 mm): Pad 20 [GND] of J61 on F.Cu
[shorting_items]: Items shorting two nets (nets GND and SLOT_E_5V)
    Local override; error
    @(236.8974 mm, 414.6167 mm): PTH pad 1 [GND] of J56
    @(236.1093 mm, 414.6167 mm): PTH pad 6 [SLOT_E_5V] of J55
[shorting_items]: Items shorting two nets (nets SLOT_G_PIN_VOLTAGE and GND)
    Local override; error
    @(239.4374 mm, 414.6167 mm): PTH pad 2 [SLOT_G_PIN_VOLTAGE] of J56
    @(238.6493 mm, 414.6167 mm): PTH pad 7 [GND] of J55
[shorting_items]: Items shorting two nets (nets GND and SLOT_E_POWER)
    Local override; error
    @(241.9774 mm, 414.6167 mm): PTH pad 3 [GND] of J56
    @(241.1893 mm, 414.6167 mm): PTH pad 8 [SLOT_E_POWER] of J55
[shorting_items]: Items shorting two nets (nets SLOT_G_3V3 and GND)
    Local override; error
    @(244.5174 mm, 414.6167 mm): PTH pad 4 [SLOT_G_3V3] of J56
    @(243.7293 mm, 414.6167 mm): PTH pad 9 [GND] of J55
[shorting_items]: Items shorting two nets (nets GND and SLOT_F_PIN_VOLTAGE)
    Local override; error
    @(247.0574 mm, 414.6167 mm): PTH pad 5 [GND] of J56
    @(246.2693 mm, 414.6167 mm): PTH pad 10 [SLOT_F_PIN_VOLTAGE] of J55
[shorting_items]: Items shorting two nets (nets SLOT_G_5V and GND)
    Local override; error
    @(249.5974 mm, 414.6167 mm): PTH pad 6 [SLOT_G_5V] of J56
    @(248.8093 mm, 414.6167 mm): PTH pad 11 [GND] of J55
[shorting_items]: Items shorting two nets (nets GND and SLOT_F_3V3)
    Local override; error
    @(252.1374 mm, 414.6167 mm): PTH pad 7 [GND] of J56
    @(251.3493 mm, 414.6167 mm): PTH pad 12 [SLOT_F_3V3] of J55
[shorting_items]: Items shorting two nets (nets SLOT_G_POWER and GND)
    Local override; error
    @(254.6774 mm, 414.6167 mm): PTH pad 8 [SLOT_G_POWER] of J56
    @(253.8893 mm, 414.6167 mm): PTH pad 13 [GND] of J55
[shorting_items]: Items shorting two nets (nets GND and SLOT_F_5V)
    Local override; error
    @(257.2174 mm, 414.6167 mm): PTH pad 9 [GND] of J56
    @(256.4293 mm, 414.6167 mm): PTH pad 14 [SLOT_F_5V] of J55
[shorting_items]: Items shorting two nets (nets SLOT_H_PIN_VOLTAGE and GND)
    Local override; error
    @(259.7574 mm, 414.6167 mm): PTH pad 10 [SLOT_H_PIN_VOLTAGE] of J56
    @(258.9693 mm, 414.6167 mm): PTH pad 15 [GND] of J55
[shorting_items]: Items shorting two nets (nets GND and SLOT_F_POWER)
    Local override; error
    @(262.2974 mm, 414.6167 mm): PTH pad 11 [GND] of J56
    @(261.5093 mm, 414.6167 mm): PTH pad 16 [SLOT_F_POWER] of J55
[shorting_items]: Items shorting two nets (nets GND and SLOT_B_3V3)
    Local override; error
    @(223.4093 mm, 414.6167 mm): PTH pad 1 [GND] of J55
    @(224.3731 mm, 414.6167 mm): PTH pad 12 [SLOT_B_3V3] of J53
[shorting_items]: Items shorting two nets (nets SLOT_E_PIN_VOLTAGE and SLOT_B_3V3)
    Local override; error
    @(225.9493 mm, 414.6167 mm): PTH pad 2 [SLOT_E_PIN_VOLTAGE] of J55
    @(224.3731 mm, 414.6167 mm): PTH pad 12 [SLOT_B_3V3] of J53
[shorting_items]: Items shorting two nets (nets SLOT_E_PIN_VOLTAGE and GND)
    Local override; error
    @(225.9493 mm, 414.6167 mm): PTH pad 2 [SLOT_E_PIN_VOLTAGE] of J55
    @(226.9131 mm, 414.6167 mm): PTH pad 13 [GND] of J53
[shorting_items]: Items shorting two nets (nets GND and SLOT_B_5V)
    Local override; error
    @(228.4893 mm, 414.6167 mm): PTH pad 3 [GND] of J55
    @(229.4531 mm, 414.6167 mm): PTH pad 14 [SLOT_B_5V] of J53
[shorting_items]: Items shorting two nets (nets SLOT_E_3V3 and SLOT_B_5V)
    Local override; error
    @(231.0293 mm, 414.6167 mm): PTH pad 4 [SLOT_E_3V3] of J55
    @(229.4531 mm, 414.6167 mm): PTH pad 14 [SLOT_B_5V] of J53
[shorting_items]: Items shorting two nets (nets SLOT_E_3V3 and GND)
    Local override; error
    @(231.0293 mm, 414.6167 mm): PTH pad 4 [SLOT_E_3V3] of J55
    @(231.9931 mm, 414.6167 mm): PTH pad 15 [GND] of J53
[shorting_items]: Items shorting two nets (nets GND and SLOT_B_POWER)
    Local override; error
    @(233.5693 mm, 414.6167 mm): PTH pad 5 [GND] of J55
    @(234.5331 mm, 414.6167 mm): PTH pad 16 [SLOT_B_POWER] of J53
[shorting_items]: Items shorting two nets (nets SLOT_E_5V and SLOT_B_POWER)
    Local override; error
    @(236.1093 mm, 414.6167 mm): PTH pad 6 [SLOT_E_5V] of J55
    @(234.5331 mm, 414.6167 mm): PTH pad 16 [SLOT_B_POWER] of J53
[silk_overlap]: Silkscreen overlap
    Rule: board setup constraints silk; warning
    @(260.1579 mm, 314.7847 mm): Segment of J51 on F.Silkscreen
    @(241.9150 mm, 314.8847 mm): Segment of J2 on F.Silkscreen
[silk_overlap]: Silkscreen overlap
    Rule: board setup constraints silk; warning
    @(261.4579 mm, 314.7847 mm): Segment of J51 on F.Silkscreen
    @(241.9150 mm, 314.8847 mm): Segment of J2 on F.Silkscreen
[silk_overlap]: Silkscreen overlap
    Rule: board setup constraints silk; warning
[silk_overlap]: Silkscreen overlap
    Rule: board setup constraints silk; warning
    @(260.1579 mm, 319.0847 mm): Segment of J51 on F.Silkscreen
    @(262.2150 mm, 314.8847 mm): Segment of J2 on F.Silkscreen
[silk_overlap]: Silkscreen overlap
    Rule: board setup constraints silk; warning
    @(270.7631 mm, 316.7448 mm): Segment of J52 on F.Silkscreen
[silk_overlap]: Silkscreen overlap
    Rule: board setup constraints silk; warning
[silk_overlap]: Silkscreen overlap
    Rule: board setup constraints silk; warning
    @(275.8431 mm, 314.2047 mm): Segment of J52 on F.Silkscreen
[silk_overlap]: Silkscreen overlap
    Rule: board setup constraints silk; warning
[silk_overlap]: Silkscreen overlap
    Rule: board setup constraints silk; warning
    @(90.7140 mm, 178.3978 mm): Segment of U1 on F.Silkscreen
[silk_overlap]: Silkscreen overlap
    Rule: board setup constraints silk; warning
[silk_overlap]: Silkscreen overlap
    Rule: board setup constraints silk; warning
    @(189.3274 mm, 342.3912 mm): Segment of U18 on F.Silkscreen
[silk_overlap]: Silkscreen overlap
    Rule: board setup constraints silk; warning
    @(189.4274 mm, 340.4412 mm): Arc of U18 on F.Silkscreen
[silk_overlap]: Silkscreen overlap
    Rule: board setup constraints silk; warning
[silk_overlap]: Silkscreen overlap
    Rule: board setup constraints silk; warning
[silk_overlap]: Silkscreen overlap
    Rule: board setup constraints silk; warning
    @(151.6464 mm, 236.5807 mm): Segment of J50 on F.Silkscreen
[silk_overlap]: Silkscreen overlap
    Rule: board setup constraints silk; warning
[silk_overlap]: Silkscreen overlap
    Rule: board setup constraints silk; warning
[silk_overlap]: Silkscreen overlap
    Rule: board setup constraints silk; warning
    @(208.4450 mm, 413.3467 mm): Segment of J54 on F.Silkscreen
    @(235.8031 mm, 413.3467 mm): Segment of J53 on F.Silkscreen
[silk_overlap]: Silkscreen overlap
    Rule: board setup constraints silk; warning
    @(235.9831 mm, 413.3467 mm): Segment of J53 on F.Silkscreen
    @(249.4950 mm, 415.8867 mm): Segment of J54 on F.Silkscreen
[silk_overlap]: Silkscreen overlap
    Rule: board setup constraints silk; warning
    @(235.9831 mm, 415.8867 mm): Segment of J53 on F.Silkscreen
    @(249.4950 mm, 415.8867 mm): Segment of J54 on F.Silkscreen
[silk_overlap]: Silkscreen overlap
    Rule: board setup constraints silk; warning
    @(276.4474 mm, 415.8867 mm): Segment of J56 on F.Silkscreen
    @(249.4950 mm, 415.8867 mm): Segment of J54 on F.Silkscreen
[silk_overlap]: Silkscreen overlap
    Rule: board setup constraints silk; warning
    @(262.9593 mm, 415.8867 mm): Segment of J55 on F.Silkscreen
    @(249.4950 mm, 415.8867 mm): Segment of J54 on F.Silkscreen
[silk_overlap]: Silkscreen overlap
    Rule: board setup constraints silk; warning
    @(221.8679 mm, 412.1167 mm): Segment of J5 on F.Silkscreen
    @(249.4950 mm, 415.8867 mm): Segment of J54 on F.Silkscreen
[silk_overlap]: Silkscreen overlap
    Rule: board setup constraints silk; warning
    @(235.3974 mm, 415.8867 mm): Segment of J56 on F.Silkscreen
    @(249.4950 mm, 415.8867 mm): Segment of J54 on F.Silkscreen
[silk_overlap]: Silkscreen overlap
    Rule: board setup constraints silk; warning
    @(235.4274 mm, 415.8667 mm): Circle of J56 on F.Silkscreen
    @(249.4950 mm, 415.8867 mm): Segment of J54 on F.Silkscreen
[silk_overlap]: Silkscreen overlap
    Rule: board setup constraints silk; warning
    @(249.4950 mm, 415.8867 mm): Segment of J54 on F.Silkscreen
    @(221.9093 mm, 415.8867 mm): Segment of J55 on F.Silkscreen
[silk_overlap]: Silkscreen overlap
    Rule: board setup constraints silk; warning
    @(221.9393 mm, 415.8667 mm): Circle of J55 on F.Silkscreen
    @(249.4950 mm, 415.8867 mm): Segment of J54 on F.Silkscreen
[silk_overlap]: Silkscreen overlap
    Rule: board setup constraints silk; warning
    @(207.0779 mm, 412.1167 mm): Segment of J4 on F.Silkscreen
    @(235.8031 mm, 413.3467 mm): Segment of J53 on F.Silkscreen
[silk_overlap]: Silkscreen overlap
    Rule: board setup constraints silk; warning
    @(262.7793 mm, 413.3467 mm): Segment of J55 on F.Silkscreen
    @(235.8031 mm, 413.3467 mm): Segment of J53 on F.Silkscreen
[silk_overlap]: Silkscreen overlap
    Rule: board setup constraints silk; warning
    @(208.4450 mm, 415.8867 mm): Segment of J54 on F.Silkscreen
    @(235.8031 mm, 413.3467 mm): Segment of J53 on F.Silkscreen
[silk_overlap]: Silkscreen overlap
    Rule: board setup constraints silk; warning
    @(249.3150 mm, 413.3467 mm): Segment of J54 on F.Silkscreen
    @(235.8031 mm, 413.3467 mm): Segment of J53 on F.Silkscreen
[silk_overlap]: Silkscreen overlap
    Rule: board setup constraints silk; warning
    @(221.8679 mm, 412.1167 mm): Segment of J5 on F.Silkscreen
    @(235.8031 mm, 413.3467 mm): Segment of J53 on F.Silkscreen
[silk_overlap]: Silkscreen overlap
    Rule: board setup constraints silk; warning
    @(235.3974 mm, 415.8867 mm): Segment of J56 on F.Silkscreen
    @(235.8031 mm, 413.3467 mm): Segment of J53 on F.Silkscreen
[silk_overlap]: Silkscreen overlap
    Rule: board setup constraints silk; warning
    @(221.9093 mm, 413.3467 mm): Segment of J55 on F.Silkscreen
    @(235.8031 mm, 413.3467 mm): Segment of J53 on F.Silkscreen
[silk_overlap]: Silkscreen overlap
    Rule: board setup constraints silk; warning
    @(235.8031 mm, 413.3467 mm): Segment of J53 on F.Silkscreen
    @(221.9093 mm, 415.8867 mm): Segment of J55 on F.Silkscreen
[silk_overlap]: Silkscreen overlap
    Rule: board setup constraints silk; warning
    @(235.3974 mm, 413.3467 mm): Segment of J56 on F.Silkscreen
    @(235.8031 mm, 413.3467 mm): Segment of J53 on F.Silkscreen
[silk_overlap]: Silkscreen overlap
    Rule: board setup constraints silk; warning
    @(262.7793 mm, 413.3467 mm): Segment of J55 on F.Silkscreen
    @(235.8031 mm, 413.3467 mm): Segment of J53 on F.Silkscreen
[silk_overlap]: Silkscreen overlap
    Rule: board setup constraints silk; warning
    @(249.3150 mm, 413.3467 mm): Segment of J54 on F.Silkscreen
    @(235.8031 mm, 413.3467 mm): Segment of J53 on F.Silkscreen
[silk_overlap]: Silkscreen overlap
    Rule: board setup constraints silk; warning
    @(235.3974 mm, 413.3467 mm): Segment of J56 on F.Silkscreen
    @(235.8031 mm, 413.3467 mm): Segment of J53 on F.Silkscreen
[silk_overlap]: Silkscreen overlap
    Rule: board setup constraints silk; warning
    @(276.4474 mm, 415.8867 mm): Segment of J56 on F.Silkscreen
    @(235.9831 mm, 413.3467 mm): Segment of J53 on F.Silkscreen
[silk_overlap]: Silkscreen overlap
    Rule: board setup constraints silk; warning
    @(262.7793 mm, 413.3467 mm): Segment of J55 on F.Silkscreen
    @(235.9831 mm, 413.3467 mm): Segment of J53 on F.Silkscreen
[silk_overlap]: Silkscreen overlap
    Rule: board setup constraints silk; warning
    @(262.9593 mm, 415.8867 mm): Segment of J55 on F.Silkscreen
    @(235.9831 mm, 413.3467 mm): Segment of J53 on F.Silkscreen
[silk_overlap]: Silkscreen overlap
    Rule: board setup constraints silk; warning
    @(249.3150 mm, 413.3467 mm): Segment of J54 on F.Silkscreen
    @(235.9831 mm, 413.3467 mm): Segment of J53 on F.Silkscreen
[silk_overlap]: Silkscreen overlap
    Rule: board setup constraints silk; warning
    @(235.3974 mm, 413.3467 mm): Segment of J56 on F.Silkscreen
    @(235.9831 mm, 413.3467 mm): Segment of J53 on F.Silkscreen
[silk_overlap]: Silkscreen overlap
    Rule: board setup constraints silk; warning
    @(207.0779 mm, 412.1167 mm): Segment of J4 on F.Silkscreen
    @(235.9831 mm, 415.8867 mm): Segment of J53 on F.Silkscreen
[silk_overlap]: Silkscreen overlap
    Rule: board setup constraints silk; warning
    @(276.4474 mm, 415.8867 mm): Segment of J56 on F.Silkscreen
    @(235.9831 mm, 415.8867 mm): Segment of J53 on F.Silkscreen
[silk_overlap]: Silkscreen overlap
    Rule: board setup constraints silk; warning
    @(235.9831 mm, 415.8867 mm): Segment of J53 on F.Silkscreen
    @(262.9593 mm, 415.8867 mm): Segment of J55 on F.Silkscreen
[silk_overlap]: Silkscreen overlap
    Rule: board setup constraints silk; warning
    @(208.4450 mm, 415.8867 mm): Segment of J54 on F.Silkscreen
    @(235.9831 mm, 415.8867 mm): Segment of J53 on F.Silkscreen
[silk_overlap]: Silkscreen overlap
    Rule: board setup constraints silk; warning
    @(208.4750 mm, 415.8667 mm): Circle of J54 on F.Silkscreen
    @(235.9831 mm, 415.8867 mm): Segment of J53 on F.Silkscreen
[silk_overlap]: Silkscreen overlap
    Rule: board setup constraints silk; warning
    @(221.8679 mm, 412.1167 mm): Segment of J5 on F.Silkscreen
    @(235.9831 mm, 415.8867 mm): Segment of J53 on F.Silkscreen
[silk_overlap]: Silkscreen overlap
    Rule: board setup constraints silk; warning
    @(235.3974 mm, 415.8867 mm): Segment of J56 on F.Silkscreen
    @(235.9831 mm, 415.8867 mm): Segment of J53 on F.Silkscreen
[silk_overlap]: Silkscreen overlap
    Rule: board setup constraints silk; warning
    @(235.9831 mm, 415.8867 mm): Segment of J53 on F.Silkscreen
    @(235.4274 mm, 415.8667 mm): Circle of J56 on F.Silkscreen
[silk_overlap]: Silkscreen overlap
    Rule: board setup constraints silk; warning
    @(235.9831 mm, 415.8867 mm): Segment of J53 on F.Silkscreen
    @(221.9093 mm, 415.8867 mm): Segment of J55 on F.Silkscreen
[silk_overlap]: Silkscreen overlap
    Rule: board setup constraints silk; warning
    @(221.9393 mm, 415.8667 mm): Circle of J55 on F.Silkscreen
    @(235.9831 mm, 415.8867 mm): Segment of J53 on F.Silkscreen
[silk_overlap]: Silkscreen overlap
    Rule: board setup constraints silk; warning
    @(185.5979 mm, 412.1167 mm): Segment of J5 on F.Silkscreen
    @(186.4979 mm, 412.1167 mm): Segment of J3 on F.Silkscreen
[silk_overlap]: Silkscreen overlap
    Rule: board setup constraints silk; warning
    @(186.0479 mm, 412.1167 mm): Segment of J4 on F.Silkscreen
    @(186.4979 mm, 412.1167 mm): Segment of J3 on F.Silkscreen
[silk_overlap]: Silkscreen overlap
    Rule: board setup constraints silk; warning
    @(189.0379 mm, 412.1167 mm): Segment of J3 on F.Silkscreen
    @(188.1379 mm, 412.1167 mm): Segment of J5 on F.Silkscreen
[silk_overlap]: Silkscreen overlap
    Rule: board setup constraints silk; warning
    @(189.0379 mm, 412.1167 mm): Segment of J3 on F.Silkscreen
    @(188.5879 mm, 412.1167 mm): Segment of J4 on F.Silkscreen
[silk_overlap]: Silkscreen overlap
    Rule: board setup constraints silk; warning
    @(190.6779 mm, 412.1167 mm): Segment of J5 on F.Silkscreen
    @(191.5779 mm, 412.1067 mm): Segment of J3 on F.Silkscreen
[silk_overlap]: Silkscreen overlap
    Rule: board setup constraints silk; warning
    @(191.1279 mm, 412.1167 mm): Segment of J4 on F.Silkscreen
    @(191.5779 mm, 412.1067 mm): Segment of J3 on F.Silkscreen
[silk_overlap]: Silkscreen overlap
    Rule: board setup constraints silk; warning
    @(188.1379 mm, 412.1167 mm): Segment of J5 on F.Silkscreen
    @(188.5879 mm, 412.1167 mm): Segment of J4 on F.Silkscreen
[silk_overlap]: Silkscreen overlap
    Rule: board setup constraints silk; warning
    @(190.6779 mm, 412.1167 mm): Segment of J5 on F.Silkscreen
    @(191.1279 mm, 412.1167 mm): Segment of J4 on F.Silkscreen
[silk_overlap]: Silkscreen overlap
    Rule: board setup constraints silk; warning
    @(191.1279 mm, 412.1167 mm): Segment of J4 on F.Silkscreen
    @(192.2879 mm, 412.1067 mm): Segment of J3 on F.Silkscreen
[silk_overlap]: Silkscreen overlap
    Rule: board setup constraints silk; warning
    @(192.2879 mm, 412.1167 mm): Segment of J3 on F.Silkscreen
    @(191.1279 mm, 412.1167 mm): Segment of J4 on F.Silkscreen
[silk_overlap]: Silkscreen overlap
    Rule: board setup constraints silk; warning
    @(189.1979 mm, 417.1167 mm): Segment of J5 on F.Silkscreen
    @(190.0979 mm, 417.1167 mm): Segment of J3 on F.Silkscreen
[silk_overlap]: Silkscreen overlap
    Rule: board setup constraints silk; warning
    @(190.0979 mm, 417.1167 mm): Segment of J3 on F.Silkscreen
    @(189.6479 mm, 417.1167 mm): Segment of J4 on F.Silkscreen
[silk_overlap]: Silkscreen overlap
    Rule: board setup constraints silk; warning
    @(189.1979 mm, 417.1167 mm): Segment of J5 on F.Silkscreen
    @(189.6479 mm, 417.1167 mm): Segment of J4 on F.Silkscreen
[silk_overlap]: Silkscreen overlap
    Rule: board setup constraints silk; warning
    @(192.1879 mm, 417.1167 mm): Segment of J4 on F.Silkscreen
    @(191.7379 mm, 417.1167 mm): Segment of J5 on F.Silkscreen
[silk_overlap]: Silkscreen overlap
    Rule: board setup constraints silk; warning
    @(192.2879 mm, 417.1167 mm): Segment of J3 on F.Silkscreen
    @(191.7379 mm, 417.1167 mm): Segment of J5 on F.Silkscreen
[silk_overlap]: Silkscreen overlap
    Rule: board setup constraints silk; warning
    @(192.2879 mm, 412.1167 mm): Segment of J3 on F.Silkscreen
    @(192.1879 mm, 417.1167 mm): Segment of J4 on F.Silkscreen
[silk_overlap]: Silkscreen overlap
    Rule: board setup constraints silk; warning
    @(192.1879 mm, 417.1167 mm): Segment of J4 on F.Silkscreen
    @(192.2879 mm, 417.1167 mm): Segment of J3 on F.Silkscreen
[silk_overlap]: Silkscreen overlap
    Rule: board setup constraints silk; warning
    @(194.7279 mm, 417.1167 mm): Segment of J4 on F.Silkscreen
    @(194.2779 mm, 417.1167 mm): Segment of J5 on F.Silkscreen
[silk_overlap]: Silkscreen overlap
    Rule: board setup constraints silk; warning
    @(193.6679 mm, 412.1167 mm): Segment of J4 on F.Silkscreen
    @(193.2179 mm, 412.1167 mm): Segment of J5 on F.Silkscreen
[silk_overlap]: Silkscreen overlap
    Rule: board setup constraints silk; warning
    @(202.3479 mm, 417.1167 mm): Segment of J4 on F.Silkscreen
    @(201.8979 mm, 417.1167 mm): Segment of J5 on F.Silkscreen
[silk_overlap]: Silkscreen overlap
    Rule: board setup constraints silk; warning
    @(204.4379 mm, 417.1167 mm): Segment of J5 on F.Silkscreen
    @(204.8879 mm, 417.1167 mm): Segment of J4 on F.Silkscreen
[silk_overlap]: Silkscreen overlap
    Rule: board setup constraints silk; warning
    @(196.8179 mm, 417.1167 mm): Segment of J5 on F.Silkscreen
    @(197.2679 mm, 417.1167 mm): Segment of J4 on F.Silkscreen
[silk_overlap]: Silkscreen overlap
    Rule: board setup constraints silk; warning
    @(199.8079 mm, 417.1167 mm): Segment of J4 on F.Silkscreen
    @(199.3579 mm, 417.1167 mm): Segment of J5 on F.Silkscreen
[silk_overlap]: Silkscreen overlap
    Rule: board setup constraints silk; warning
    @(195.7579 mm, 412.1167 mm): Segment of J5 on F.Silkscreen
    @(196.2079 mm, 412.1167 mm): Segment of J4 on F.Silkscreen
[silk_overlap]: Silkscreen overlap
    Rule: board setup constraints silk; warning
    @(198.2979 mm, 412.1167 mm): Segment of J5 on F.Silkscreen
    @(198.7479 mm, 412.1167 mm): Segment of J4 on F.Silkscreen
[silk_overlap]: Silkscreen overlap
    Rule: board setup constraints silk; warning
    @(201.2879 mm, 412.1167 mm): Segment of J4 on F.Silkscreen
    @(200.8379 mm, 412.1167 mm): Segment of J5 on F.Silkscreen
[silk_overlap]: Silkscreen overlap
    Rule: board setup constraints silk; warning
    @(203.3779 mm, 412.1167 mm): Segment of J5 on F.Silkscreen
    @(203.8279 mm, 412.1167 mm): Segment of J4 on F.Silkscreen
[silk_overlap]: Silkscreen overlap
    Rule: board setup constraints silk; warning
    @(206.3679 mm, 412.1067 mm): Segment of J4 on F.Silkscreen
    @(205.9179 mm, 412.1167 mm): Segment of J5 on F.Silkscreen
[silk_overlap]: Silkscreen overlap
    Rule: board setup constraints silk; warning
    @(207.0779 mm, 412.1067 mm): Segment of J4 on F.Silkscreen
    @(205.9179 mm, 412.1167 mm): Segment of J5 on F.Silkscreen
[silk_overlap]: Silkscreen overlap
    Rule: board setup constraints silk; warning
    @(207.0779 mm, 412.1167 mm): Segment of J4 on F.Silkscreen
    @(206.9779 mm, 417.1167 mm): Segment of J5 on F.Silkscreen
[silk_overlap]: Silkscreen overlap
    Rule: board setup constraints silk; warning
    @(207.0779 mm, 412.1167 mm): Segment of J4 on F.Silkscreen
    @(205.9179 mm, 412.1167 mm): Segment of J5 on F.Silkscreen
[silk_overlap]: Silkscreen overlap
    Rule: board setup constraints silk; warning
    @(207.0779 mm, 417.1167 mm): Segment of J4 on F.Silkscreen
    @(206.9779 mm, 417.1167 mm): Segment of J5 on F.Silkscreen
[silk_overlap]: Silkscreen overlap
    Rule: board setup constraints silk; warning
    @(262.7793 mm, 413.3467 mm): Segment of J55 on F.Silkscreen
    @(276.2674 mm, 413.3467 mm): Segment of J56 on F.Silkscreen
[silk_overlap]: Silkscreen overlap
    Rule: board setup constraints silk; warning
    @(249.3150 mm, 413.3467 mm): Segment of J54 on F.Silkscreen
    @(276.2674 mm, 413.3467 mm): Segment of J56 on F.Silkscreen
[silk_overlap]: Silkscreen overlap
    Rule: board setup constraints silk; warning
    @(249.3150 mm, 413.3467 mm): Segment of J54 on F.Silkscreen
    @(276.2674 mm, 413.3467 mm): Segment of J56 on F.Silkscreen
[silk_overlap]: Silkscreen overlap
    Rule: board setup constraints silk; warning
    @(249.4950 mm, 413.3467 mm): Segment of J54 on F.Silkscreen
    @(276.2674 mm, 413.3467 mm): Segment of J56 on F.Silkscreen
[silk_overlap]: Silkscreen overlap
    Rule: board setup constraints silk; warning
    @(262.7793 mm, 413.3467 mm): Segment of J55 on F.Silkscreen
    @(276.2674 mm, 413.3467 mm): Segment of J56 on F.Silkscreen
[silk_overlap]: Silkscreen overlap
    Rule: board setup constraints silk; warning
    @(262.9593 mm, 413.3467 mm): Segment of J55 on F.Silkscreen
    @(276.2674 mm, 413.3467 mm): Segment of J56 on F.Silkscreen
[silk_overlap]: Silkscreen overlap
    Rule: board setup constraints silk; warning
    @(276.4474 mm, 415.8867 mm): Segment of J56 on F.Silkscreen
    @(262.9593 mm, 415.8867 mm): Segment of J55 on F.Silkscreen
[silk_overlap]: Silkscreen overlap
    Rule: board setup constraints silk; warning
    @(276.4474 mm, 415.8867 mm): Segment of J56 on F.Silkscreen
    @(249.4950 mm, 413.3467 mm): Segment of J54 on F.Silkscreen
[silk_overlap]: Silkscreen overlap
    Rule: board setup constraints silk; warning
    @(262.9593 mm, 413.3467 mm): Segment of J55 on F.Silkscreen
    @(276.4474 mm, 415.8867 mm): Segment of J56 on F.Silkscreen
[silk_overlap]: Silkscreen overlap
    Rule: board setup constraints silk; warning
    @(249.3150 mm, 413.3467 mm): Segment of J54 on F.Silkscreen
    @(262.7793 mm, 413.3467 mm): Segment of J55 on F.Silkscreen
[silk_overlap]: Silkscreen overlap
    Rule: board setup constraints silk; warning
    @(235.3974 mm, 415.8867 mm): Segment of J56 on F.Silkscreen
    @(262.7793 mm, 413.3467 mm): Segment of J55 on F.Silkscreen
[silk_overlap]: Silkscreen overlap
    Rule: board setup constraints silk; warning
    @(235.3974 mm, 413.3467 mm): Segment of J56 on F.Silkscreen
    @(262.7793 mm, 413.3467 mm): Segment of J55 on F.Silkscreen
[silk_overlap]: Silkscreen overlap
    Rule: board setup constraints silk; warning
    @(249.3150 mm, 413.3467 mm): Segment of J54 on F.Silkscreen
    @(262.7793 mm, 413.3467 mm): Segment of J55 on F.Silkscreen
[silk_overlap]: Silkscreen overlap
    Rule: board setup constraints silk; warning
    @(262.7793 mm, 413.3467 mm): Segment of J55 on F.Silkscreen
    @(249.4950 mm, 413.3467 mm): Segment of J54 on F.Silkscreen
[silk_overlap]: Silkscreen overlap
    Rule: board setup constraints silk; warning
    @(221.8679 mm, 412.1167 mm): Segment of J5 on F.Silkscreen
    @(262.9593 mm, 415.8867 mm): Segment of J55 on F.Silkscreen
[silk_overlap]: Silkscreen overlap
    Rule: board setup constraints silk; warning
    @(235.3974 mm, 415.8867 mm): Segment of J56 on F.Silkscreen
    @(262.9593 mm, 415.8867 mm): Segment of J55 on F.Silkscreen
[silk_overlap]: Silkscreen overlap
    Rule: board setup constraints silk; warning
    @(235.4274 mm, 415.8667 mm): Circle of J56 on F.Silkscreen
    @(262.9593 mm, 415.8867 mm): Segment of J55 on F.Silkscreen
[silk_overlap]: Silkscreen overlap
    Rule: board setup constraints silk; warning
    @(249.4950 mm, 413.3467 mm): Segment of J54 on F.Silkscreen
    @(262.9593 mm, 415.8867 mm): Segment of J55 on F.Silkscreen
[silk_overlap]: Silkscreen overlap
    Rule: board setup constraints silk; warning
[silk_overlap]: Silkscreen overlap
    Rule: board setup constraints silk; warning
[silk_overlap]: Silkscreen overlap
    Rule: board setup constraints silk; warning
[silk_overlap]: Silkscreen overlap
    Rule: board setup constraints silk; warning
[silk_overlap]: Silkscreen overlap
    Rule: board setup constraints silk; warning
    @(276.9522 mm, 405.6567 mm): Segment of J58 on F.Silkscreen
    @(260.5593 mm, 403.2567 mm): Segment of J57 on F.Silkscreen
[silk_overlap]: Silkscreen overlap
    Rule: board setup constraints silk; warning
    @(279.7322 mm, 403.3167 mm): Segment of J58 on F.Silkscreen
    @(260.5593 mm, 403.2567 mm): Segment of J57 on F.Silkscreen
[silk_overlap]: Silkscreen overlap
    Rule: board setup constraints silk; warning
    @(276.9522 mm, 403.2567 mm): Segment of J58 on F.Silkscreen
    @(260.5593 mm, 403.2567 mm): Segment of J57 on F.Silkscreen
[silk_overlap]: Silkscreen overlap
    Rule: board setup constraints silk; warning
    @(276.9522 mm, 405.6567 mm): Segment of J58 on F.Silkscreen
    @(281.3593 mm, 405.6567 mm): Segment of J57 on F.Silkscreen
[silk_overlap]: Silkscreen overlap
    Rule: board setup constraints silk; warning
    @(279.7322 mm, 403.3167 mm): Segment of J58 on F.Silkscreen
    @(281.3593 mm, 405.6567 mm): Segment of J57 on F.Silkscreen
[silk_overlap]: Silkscreen overlap
    Rule: board setup constraints silk; warning
    @(281.3593 mm, 405.6567 mm): Segment of J57 on F.Silkscreen
    @(276.9922 mm, 405.6567 mm): Circle of J58 on F.Silkscreen
[silk_overlap]: Silkscreen overlap
    Rule: board setup constraints silk; warning
    @(281.3593 mm, 405.6567 mm): Segment of J57 on F.Silkscreen
    @(297.7522 mm, 405.6567 mm): Segment of J58 on F.Silkscreen
[silk_overlap]: Silkscreen overlap
    Rule: board setup constraints silk; warning
    @(276.9522 mm, 403.2567 mm): Segment of J58 on F.Silkscreen
    @(281.3593 mm, 403.2567 mm): Segment of J57 on F.Silkscreen
[silk_overlap]: Silkscreen overlap
    Rule: board setup constraints silk; warning
    @(297.7522 mm, 405.6567 mm): Segment of J58 on F.Silkscreen
    @(281.3593 mm, 403.2567 mm): Segment of J57 on F.Silkscreen
[silk_overlap]: Silkscreen overlap
    Rule: board setup constraints silk; warning
[silk_overlap]: Silkscreen overlap
    Rule: board setup constraints silk; warning
[silk_overlap]: Silkscreen overlap
    Rule: board setup constraints silk; warning
[silk_overlap]: Silkscreen overlap
    Rule: board setup constraints silk; warning
[silk_overlap]: Silkscreen overlap
    Rule: board setup constraints silk; warning
    @(47.8507 mm, 395.5668 mm): Segment of J14 on F.Silkscreen
[silk_overlap]: Silkscreen overlap
    Rule: board setup constraints silk; warning
    @(62.2436 mm, 395.5668 mm): Segment of J15 on F.Silkscreen
[silk_overlap]: Silkscreen overlap
    Rule: board setup constraints silk; warning
[silk_overlap]: Silkscreen overlap
    Rule: board setup constraints silk; warning
[silk_overlap]: Silkscreen overlap
    Rule: board setup constraints silk; warning
[silk_overlap]: Silkscreen overlap
    Rule: board setup constraints silk; warning
[silk_overlap]: Silkscreen overlap
    Rule: board setup constraints silk; warning
    @(221.8679 mm, 412.1167 mm): Segment of J5 on F.Silkscreen
    @(249.3150 mm, 413.3467 mm): Segment of J54 on F.Silkscreen
[silk_overlap]: Silkscreen overlap
    Rule: board setup constraints silk; warning
    @(235.3974 mm, 415.8867 mm): Segment of J56 on F.Silkscreen
    @(249.3150 mm, 413.3467 mm): Segment of J54 on F.Silkscreen
[silk_overlap]: Silkscreen overlap
    Rule: board setup constraints silk; warning
    @(249.3150 mm, 413.3467 mm): Segment of J54 on F.Silkscreen
    @(221.9093 mm, 413.3467 mm): Segment of J55 on F.Silkscreen
[silk_overlap]: Silkscreen overlap
    Rule: board setup constraints silk; warning
    @(249.3150 mm, 413.3467 mm): Segment of J54 on F.Silkscreen
    @(221.9093 mm, 415.8867 mm): Segment of J55 on F.Silkscreen
[silk_overlap]: Silkscreen overlap
    Rule: board setup constraints silk; warning
    @(235.3974 mm, 413.3467 mm): Segment of J56 on F.Silkscreen
    @(249.3150 mm, 413.3467 mm): Segment of J54 on F.Silkscreen
[silk_overlap]: Silkscreen overlap
    Rule: board setup constraints silk; warning
    @(221.8679 mm, 412.1167 mm): Segment of J5 on F.Silkscreen
    @(221.9093 mm, 413.3467 mm): Segment of J55 on F.Silkscreen
[silk_overlap]: Silkscreen overlap
    Rule: board setup constraints silk; warning
    @(221.8679 mm, 412.1167 mm): Segment of J5 on F.Silkscreen
    @(221.9093 mm, 415.8867 mm): Segment of J55 on F.Silkscreen
[silk_overlap]: Silkscreen overlap
    Rule: board setup constraints silk; warning
    @(221.8679 mm, 412.1167 mm): Segment of J5 on F.Silkscreen
    @(221.9393 mm, 415.8667 mm): Circle of J55 on F.Silkscreen
[silk_overlap]: Silkscreen overlap
    Rule: board setup constraints silk; warning
    @(179.4879 mm, 417.1167 mm): Segment of J4 on F.Silkscreen
    @(179.9379 mm, 417.1167 mm): Segment of J3 on F.Silkscreen
[silk_overlap]: Silkscreen overlap
    Rule: board setup constraints silk; warning
    @(182.0279 mm, 417.1167 mm): Segment of J4 on F.Silkscreen
    @(180.8679 mm, 417.1167 mm): Segment of J5 on F.Silkscreen
[silk_overlap]: Silkscreen overlap
    Rule: board setup constraints silk; warning
    @(180.9679 mm, 412.1167 mm): Segment of J4 on F.Silkscreen
    @(180.8679 mm, 417.1167 mm): Segment of J5 on F.Silkscreen
[silk_overlap]: Silkscreen overlap
    Rule: board setup constraints silk; warning
    @(181.5779 mm, 417.1167 mm): Segment of J5 on F.Silkscreen
    @(182.0279 mm, 417.1167 mm): Segment of J4 on F.Silkscreen
[silk_overlap]: Silkscreen overlap
    Rule: board setup constraints silk; warning
    @(181.5779 mm, 417.1167 mm): Segment of J5 on F.Silkscreen
    @(182.4779 mm, 417.1167 mm): Segment of J3 on F.Silkscreen
[silk_overlap]: Silkscreen overlap
    Rule: board setup constraints silk; warning
    @(178.8779 mm, 412.1167 mm): Segment of J3 on F.Silkscreen
    @(178.4279 mm, 412.1167 mm): Segment of J4 on F.Silkscreen
[silk_overlap]: Silkscreen overlap
    Rule: board setup constraints silk; warning
    @(182.0279 mm, 417.1167 mm): Segment of J4 on F.Silkscreen
    @(182.4779 mm, 417.1167 mm): Segment of J3 on F.Silkscreen
[silk_overlap]: Silkscreen overlap
    Rule: board setup constraints silk; warning
    @(183.9579 mm, 412.1167 mm): Segment of J3 on F.Silkscreen
    @(183.0579 mm, 412.1167 mm): Segment of J5 on F.Silkscreen
[silk_overlap]: Silkscreen overlap
    Rule: board setup constraints silk; warning
    @(183.9579 mm, 412.1167 mm): Segment of J3 on F.Silkscreen
    @(183.5079 mm, 412.1167 mm): Segment of J4 on F.Silkscreen
[silk_overlap]: Silkscreen overlap
    Rule: board setup constraints silk; warning
    @(183.0579 mm, 412.1167 mm): Segment of J5 on F.Silkscreen
    @(183.5079 mm, 412.1167 mm): Segment of J4 on F.Silkscreen
[silk_overlap]: Silkscreen overlap
    Rule: board setup constraints silk; warning
    @(184.5679 mm, 417.1167 mm): Segment of J4 on F.Silkscreen
    @(184.1179 mm, 417.1167 mm): Segment of J5 on F.Silkscreen
[silk_overlap]: Silkscreen overlap
    Rule: board setup constraints silk; warning
    @(184.1179 mm, 417.1167 mm): Segment of J5 on F.Silkscreen
    @(185.0179 mm, 417.1167 mm): Segment of J3 on F.Silkscreen
[silk_overlap]: Silkscreen overlap
    Rule: board setup constraints silk; warning
    @(185.5979 mm, 412.1167 mm): Segment of J5 on F.Silkscreen
    @(186.0479 mm, 412.1167 mm): Segment of J4 on F.Silkscreen
[silk_overlap]: Silkscreen overlap
    Rule: board setup constraints silk; warning
    @(184.5679 mm, 417.1167 mm): Segment of J4 on F.Silkscreen
    @(185.0179 mm, 417.1167 mm): Segment of J3 on F.Silkscreen
[silk_overlap]: Silkscreen overlap
    Rule: board setup constraints silk; warning
    @(180.8679 mm, 412.1167 mm): Segment of J5 on F.Silkscreen
    @(181.4179 mm, 412.1167 mm): Segment of J3 on F.Silkscreen
[silk_overlap]: Silkscreen overlap
    Rule: board setup constraints silk; warning
    @(180.9679 mm, 412.1167 mm): Segment of J4 on F.Silkscreen
    @(181.4179 mm, 412.1167 mm): Segment of J3 on F.Silkscreen
[silk_overlap]: Silkscreen overlap
    Rule: board setup constraints silk; warning
    @(180.8679 mm, 412.1167 mm): Segment of J5 on F.Silkscreen
    @(180.9679 mm, 412.1167 mm): Segment of J4 on F.Silkscreen
[silk_overlap]: Silkscreen overlap
    Rule: board setup constraints silk; warning
    @(186.6579 mm, 417.1167 mm): Segment of J5 on F.Silkscreen
    @(187.5579 mm, 417.1167 mm): Segment of J3 on F.Silkscreen
[silk_overlap]: Silkscreen overlap
    Rule: board setup constraints silk; warning
    @(187.5579 mm, 417.1167 mm): Segment of J3 on F.Silkscreen
    @(187.1079 mm, 417.1167 mm): Segment of J4 on F.Silkscreen
[silk_overlap]: Silkscreen overlap
    Rule: board setup constraints silk; warning
    @(186.6579 mm, 417.1167 mm): Segment of J5 on F.Silkscreen
    @(187.1079 mm, 417.1167 mm): Segment of J4 on F.Silkscreen
[silk_overlap]: Silkscreen overlap
    Rule: board setup constraints silk; warning
    @(175.8879 mm, 412.1167 mm): Segment of J4 on F.Silkscreen
    @(176.3379 mm, 412.1167 mm): Segment of J3 on F.Silkscreen
[silk_overlap]: Silkscreen overlap
    Rule: board setup constraints silk; warning
    @(176.9479 mm, 417.1167 mm): Segment of J4 on F.Silkscreen
    @(177.3979 mm, 417.1167 mm): Segment of J3 on F.Silkscreen
[silk_overlap]: Silkscreen overlap
    Rule: board setup constraints silk; warning
    @(166.0779 mm, 417.1167 mm): Segment of J4 on F.Silkscreen
    @(167.2379 mm, 417.1167 mm): Segment of J3 on F.Silkscreen
[silk_overlap]: Silkscreen overlap
    Rule: board setup constraints silk; warning
    @(167.2379 mm, 417.1167 mm): Segment of J3 on F.Silkscreen
    @(166.7879 mm, 417.1167 mm): Segment of J4 on F.Silkscreen
[silk_overlap]: Silkscreen overlap
    Rule: board setup constraints silk; warning
    @(166.0779 mm, 417.1167 mm): Segment of J4 on F.Silkscreen
    @(166.1779 mm, 412.1167 mm): Segment of J3 on F.Silkscreen
[silk_overlap]: Silkscreen overlap
    Rule: board setup constraints silk; warning
    @(169.3279 mm, 417.1167 mm): Segment of J4 on F.Silkscreen
    @(169.7779 mm, 417.1167 mm): Segment of J3 on F.Silkscreen
[silk_overlap]: Silkscreen overlap
    Rule: board setup constraints silk; warning
    @(171.8679 mm, 417.1167 mm): Segment of J4 on F.Silkscreen
    @(172.3179 mm, 417.1167 mm): Segment of J3 on F.Silkscreen
[silk_overlap]: Silkscreen overlap
    Rule: board setup constraints silk; warning
    @(173.7979 mm, 412.1167 mm): Segment of J3 on F.Silkscreen
    @(173.3479 mm, 412.1167 mm): Segment of J4 on F.Silkscreen
[silk_overlap]: Silkscreen overlap
    Rule: board setup constraints silk; warning
    @(174.4079 mm, 417.1167 mm): Segment of J4 on F.Silkscreen
    @(174.8579 mm, 417.1167 mm): Segment of J3 on F.Silkscreen
[silk_overlap]: Silkscreen overlap
    Rule: board setup constraints silk; warning
    @(168.2679 mm, 412.1167 mm): Segment of J4 on F.Silkscreen
    @(168.7179 mm, 412.1167 mm): Segment of J3 on F.Silkscreen
[silk_overlap]: Silkscreen overlap
    Rule: board setup constraints silk; warning
    @(171.2579 mm, 412.1167 mm): Segment of J3 on F.Silkscreen
    @(170.8079 mm, 412.1167 mm): Segment of J4 on F.Silkscreen
[silk_overlap]: Silkscreen overlap
    Rule: board setup constraints silk; warning
    @(166.0779 mm, 412.1167 mm): Segment of J4 on F.Silkscreen
    @(166.1779 mm, 412.1167 mm): Segment of J3 on F.Silkscreen
[silk_overlap]: Silkscreen overlap
    Rule: board setup constraints silk; warning
[silk_overlap]: Silkscreen overlap
    Rule: board setup constraints silk; warning
[silk_overlap]: Silkscreen overlap
    Rule: board setup constraints silk; warning
    @(137.6364 mm, 398.1067 mm): Segment of J20 on F.Silkscreen
[silk_overlap]: Silkscreen overlap
    Rule: board setup constraints silk; warning
    @(137.6364 mm, 395.5668 mm): Segment of J20 on F.Silkscreen
[silk_overlap]: Silkscreen overlap
    Rule: board setup constraints silk; warning
[silk_overlap]: Silkscreen overlap
    Rule: board setup constraints silk; warning
[silk_overlap]: Silkscreen overlap
    Rule: board setup constraints silk; warning
[silk_overlap]: Silkscreen overlap
    Rule: board setup constraints silk; warning
[silk_overlap]: Silkscreen overlap
    Rule: board setup constraints silk; warning
[silk_overlap]: Silkscreen overlap
    Rule: board setup constraints silk; warning
    @(90.9341 mm, 398.1067 mm): Segment of J17 on F.Silkscreen
[silk_overlap]: Silkscreen overlap
    Rule: board setup constraints silk; warning
    @(90.9341 mm, 395.5668 mm): Segment of J17 on F.Silkscreen
[silk_overlap]: Silkscreen overlap
    Rule: board setup constraints silk; warning
    @(153.2912 mm, 395.5668 mm): Segment of J21 on F.Silkscreen
[silk_overlap]: Silkscreen overlap
    Rule: board setup constraints silk; warning
    @(153.2912 mm, 398.1067 mm): Segment of J21 on F.Silkscreen
[silk_over_copper]: Silkscreen clipped by solder mask
    Local override; warning
    @(34.0000 mm, 35.0000 mm): PCB text 'ODIN HW 0.1.0-proto.1' on F.Silkscreen
[silk_over_copper]: Silkscreen clipped by solder mask
    Local override; warning
    @(292.4360 mm, 482.2297 mm): Circle of X2 on F.Silkscreen
[silk_over_copper]: Silkscreen clipped by solder mask
    Local override; warning
    @(49.1440 mm, 381.4502 mm): Circle of F20 on F.Silkscreen
[silk_over_copper]: Silkscreen clipped by solder mask
    Local override; warning
[silk_over_copper]: Silkscreen clipped by solder mask
    Local override; warning
    @(189.9074 mm, 341.7012 mm): Circle of U18 on F.Silkscreen
[silk_over_copper]: Silkscreen clipped by solder mask
    Local override; warning
[silk_over_copper]: Silkscreen clipped by solder mask
    Local override; warning
[silk_over_copper]: Silkscreen clipped by solder mask
    Local override; warning
    @(57.4417 mm, 381.4502 mm): Circle of F21 on F.Silkscreen
[silk_over_copper]: Silkscreen clipped by solder mask
    Local override; warning
    @(242.2155 mm, 366.7537 mm): Circle of F1 on F.Silkscreen
[silk_over_copper]: Silkscreen clipped by solder mask
    Local override; warning
    @(256.5845 mm, 379.2802 mm): Circle of F7 on F.Silkscreen
[silk_over_copper]: Silkscreen clipped by solder mask
    Local override; warning
    @(283.3369 mm, 232.4307 mm): Circle of L7 on F.Silkscreen
[silk_over_copper]: Silkscreen clipped by solder mask
    Local override; warning
    @(44.1131 mm, 246.9272 mm): Circle of L9 on F.Silkscreen
[silk_over_copper]: Silkscreen clipped by solder mask
    Local override; warning
[silk_over_copper]: Silkscreen clipped by solder mask
    Local override; warning
    @(241.9150 mm, 314.8847 mm): Segment of J2 on F.Silkscreen
[silk_over_copper]: Silkscreen clipped by solder mask
    Local override; warning
    @(262.2150 mm, 314.8847 mm): Segment of J2 on F.Silkscreen
[silk_over_copper]: Silkscreen clipped by solder mask
    Local override; warning
    @(248.2869 mm, 381.4502 mm): Circle of F6 on F.Silkscreen
[silk_over_copper]: Silkscreen clipped by solder mask
    Local override; warning
    @(181.9060 mm, 379.2802 mm): Circle of F35 on F.Silkscreen
[silk_over_copper]: Silkscreen clipped by solder mask
    Local override; warning
    @(65.7393 mm, 381.4502 mm): Circle of F22 on F.Silkscreen
[silk_over_copper]: Silkscreen clipped by solder mask
    Local override; warning
    @(239.9893 mm, 381.4502 mm): Circle of F5 on F.Silkscreen
[silk_over_copper]: Silkscreen clipped by solder mask
    Local override; warning
    @(281.3593 mm, 403.2567 mm): Segment of J57 on F.Silkscreen
[silk_over_copper]: Silkscreen clipped by solder mask
    Local override; warning
    @(300.2988 mm, 366.7537 mm): Circle of F16 on F.Silkscreen
[silk_over_copper]: Silkscreen clipped by solder mask
    Local override; warning
    @(208.4450 mm, 415.8867 mm): Segment of J54 on F.Silkscreen
[silk_over_copper]: Silkscreen clipped by solder mask
    Local override; warning
    @(249.4950 mm, 413.3467 mm): Segment of J54 on F.Silkscreen
[silk_over_copper]: Silkscreen clipped by solder mask
    Local override; warning
    @(115.5250 mm, 381.4502 mm): Circle of F28 on F.Silkscreen
[silk_over_copper]: Silkscreen clipped by solder mask
    Local override; warning
    @(166.1779 mm, 412.1167 mm): Segment of J3 on F.Silkscreen
[silk_over_copper]: Silkscreen clipped by solder mask
    Local override; warning
    @(167.2379 mm, 417.1167 mm): Segment of J3 on F.Silkscreen
[silk_over_copper]: Silkscreen clipped by solder mask
    Local override; warning
    @(168.7179 mm, 412.1167 mm): Segment of J3 on F.Silkscreen
[silk_over_copper]: Silkscreen clipped by solder mask
    Local override; warning
    @(169.7779 mm, 417.1167 mm): Segment of J3 on F.Silkscreen
[silk_over_copper]: Silkscreen clipped by solder mask
    Local override; warning
    @(171.2579 mm, 412.1167 mm): Segment of J3 on F.Silkscreen
[silk_over_copper]: Silkscreen clipped by solder mask
    Local override; warning
    @(172.3179 mm, 417.1167 mm): Segment of J3 on F.Silkscreen
[silk_over_copper]: Silkscreen clipped by solder mask
    Local override; warning
    @(173.7979 mm, 412.1167 mm): Segment of J3 on F.Silkscreen
[silk_over_copper]: Silkscreen clipped by solder mask
    Local override; warning
    @(174.8579 mm, 417.1167 mm): Segment of J3 on F.Silkscreen
[silk_over_copper]: Silkscreen clipped by solder mask
    Local override; warning
    @(176.3379 mm, 412.1167 mm): Segment of J3 on F.Silkscreen
[silk_over_copper]: Silkscreen clipped by solder mask
    Local override; warning
    @(177.3979 mm, 417.1167 mm): Segment of J3 on F.Silkscreen
[silk_over_copper]: Silkscreen clipped by solder mask
    Local override; warning
    @(178.8779 mm, 412.1167 mm): Segment of J3 on F.Silkscreen
[silk_over_copper]: Silkscreen clipped by solder mask
    Local override; warning
    @(179.9379 mm, 417.1167 mm): Segment of J3 on F.Silkscreen
[silk_over_copper]: Silkscreen clipped by solder mask
    Local override; warning
    @(181.4179 mm, 412.1167 mm): Segment of J3 on F.Silkscreen
[silk_over_copper]: Silkscreen clipped by solder mask
    Local override; warning
    @(182.4779 mm, 417.1167 mm): Segment of J3 on F.Silkscreen
[silk_over_copper]: Silkscreen clipped by solder mask
    Local override; warning
    @(183.9579 mm, 412.1167 mm): Segment of J3 on F.Silkscreen
[silk_over_copper]: Silkscreen clipped by solder mask
    Local override; warning
    @(185.0179 mm, 417.1167 mm): Segment of J3 on F.Silkscreen
[silk_over_copper]: Silkscreen clipped by solder mask
    Local override; warning
    @(186.4979 mm, 412.1167 mm): Segment of J3 on F.Silkscreen
[silk_over_copper]: Silkscreen clipped by solder mask
    Local override; warning
    @(187.5579 mm, 417.1167 mm): Segment of J3 on F.Silkscreen
[silk_over_copper]: Silkscreen clipped by solder mask
    Local override; warning
    @(189.0379 mm, 412.1167 mm): Segment of J3 on F.Silkscreen
[silk_over_copper]: Silkscreen clipped by solder mask
    Local override; warning
    @(190.0979 mm, 417.1167 mm): Segment of J3 on F.Silkscreen
[silk_over_copper]: Silkscreen clipped by solder mask
    Local override; warning
    @(191.5779 mm, 412.1067 mm): Segment of J3 on F.Silkscreen
[silk_over_copper]: Silkscreen clipped by solder mask
    Local override; warning
    @(192.2879 mm, 412.1067 mm): Segment of J3 on F.Silkscreen
[silk_over_copper]: Silkscreen clipped by solder mask
    Local override; warning
    @(192.2879 mm, 412.1167 mm): Segment of J3 on F.Silkscreen
[silk_over_copper]: Silkscreen clipped by solder mask
    Local override; warning
    @(192.2879 mm, 417.1167 mm): Segment of J3 on F.Silkscreen
[silk_over_copper]: Silkscreen clipped by solder mask
    Local override; warning
[silk_over_copper]: Silkscreen clipped by solder mask
    Local override; warning
    @(157.0131 mm, 381.4502 mm): Circle of F32 on F.Silkscreen
[silk_over_copper]: Silkscreen clipped by solder mask
    Local override; warning
    @(32.5488 mm, 379.2802 mm): Circle of F19 on F.Silkscreen
[silk_over_copper]: Silkscreen clipped by solder mask
    Local override; warning
    @(359.2000 mm, 181.4000 mm): Circle of D9 on F.Silkscreen
[silk_over_copper]: Silkscreen clipped by solder mask
    Local override; warning
[silk_over_copper]: Silkscreen clipped by solder mask
    Local override; warning
[silk_over_copper]: Silkscreen clipped by solder mask
    Local override; warning
[silk_over_copper]: Silkscreen clipped by solder mask
    Local override; warning
    @(165.3107 mm, 381.4502 mm): Circle of F33 on F.Silkscreen
[silk_over_copper]: Silkscreen clipped by solder mask
    Local override; warning
[silk_over_copper]: Silkscreen clipped by solder mask
    Local override; warning
    @(180.8679 mm, 412.1167 mm): Segment of J5 on F.Silkscreen
[silk_over_copper]: Silkscreen clipped by solder mask
    Local override; warning
    @(180.8679 mm, 417.1167 mm): Segment of J5 on F.Silkscreen
[silk_over_copper]: Silkscreen clipped by solder mask
    Local override; warning
    @(181.5779 mm, 417.1167 mm): Segment of J5 on F.Silkscreen
[silk_over_copper]: Silkscreen clipped by solder mask
    Local override; warning
    @(183.0579 mm, 412.1167 mm): Segment of J5 on F.Silkscreen
[silk_over_copper]: Silkscreen clipped by solder mask
    Local override; warning
    @(184.1179 mm, 417.1167 mm): Segment of J5 on F.Silkscreen
[silk_over_copper]: Silkscreen clipped by solder mask
    Local override; warning
    @(185.5979 mm, 412.1167 mm): Segment of J5 on F.Silkscreen
[silk_over_copper]: Silkscreen clipped by solder mask
    Local override; warning
    @(186.6579 mm, 417.1167 mm): Segment of J5 on F.Silkscreen
[silk_over_copper]: Silkscreen clipped by solder mask
    Local override; warning
    @(188.1379 mm, 412.1167 mm): Segment of J5 on F.Silkscreen
[silk_over_copper]: Silkscreen clipped by solder mask
    Local override; warning
    @(189.1979 mm, 417.1167 mm): Segment of J5 on F.Silkscreen
[silk_over_copper]: Silkscreen clipped by solder mask
    Local override; warning
    @(190.6779 mm, 412.1167 mm): Segment of J5 on F.Silkscreen
[silk_over_copper]: Silkscreen clipped by solder mask
    Local override; warning
    @(191.7379 mm, 417.1167 mm): Segment of J5 on F.Silkscreen
[silk_over_copper]: Silkscreen clipped by solder mask
    Local override; warning
    @(193.2179 mm, 412.1167 mm): Segment of J5 on F.Silkscreen
[silk_over_copper]: Silkscreen clipped by solder mask
    Local override; warning
    @(194.2779 mm, 417.1167 mm): Segment of J5 on F.Silkscreen
[silk_over_copper]: Silkscreen clipped by solder mask
    Local override; warning
    @(195.7579 mm, 412.1167 mm): Segment of J5 on F.Silkscreen
[silk_over_copper]: Silkscreen clipped by solder mask
    Local override; warning
    @(196.8179 mm, 417.1167 mm): Segment of J5 on F.Silkscreen
[silk_over_copper]: Silkscreen clipped by solder mask
    Local override; warning
    @(198.2979 mm, 412.1167 mm): Segment of J5 on F.Silkscreen
[silk_over_copper]: Silkscreen clipped by solder mask
    Local override; warning
    @(199.3579 mm, 417.1167 mm): Segment of J5 on F.Silkscreen
[silk_over_copper]: Silkscreen clipped by solder mask
    Local override; warning
    @(200.8379 mm, 412.1167 mm): Segment of J5 on F.Silkscreen
[silk_over_copper]: Silkscreen clipped by solder mask
    Local override; warning
    @(201.8979 mm, 417.1167 mm): Segment of J5 on F.Silkscreen
[silk_over_copper]: Silkscreen clipped by solder mask
    Local override; warning
    @(203.3779 mm, 412.1167 mm): Segment of J5 on F.Silkscreen
[silk_over_copper]: Silkscreen clipped by solder mask
    Local override; warning
    @(204.4379 mm, 417.1167 mm): Segment of J5 on F.Silkscreen
[silk_over_copper]: Silkscreen clipped by solder mask
    Local override; warning
    @(205.9179 mm, 412.1167 mm): Segment of J5 on F.Silkscreen
[silk_over_copper]: Silkscreen clipped by solder mask
    Local override; warning
    @(206.9779 mm, 417.1167 mm): Segment of J5 on F.Silkscreen
[silk_over_copper]: Silkscreen clipped by solder mask
    Local override; warning
    @(221.8679 mm, 412.1167 mm): Segment of J5 on F.Silkscreen
[silk_over_copper]: Silkscreen clipped by solder mask
    Local override; warning
    @(180.8579 mm, 411.0567 mm): Circle of J5 on F.Silkscreen
[silk_over_copper]: Silkscreen clipped by solder mask
    Local override; warning
    @(180.8679 mm, 411.0667 mm): Circle of J5 on F.Silkscreen
[silk_over_copper]: Silkscreen clipped by solder mask
    Local override; warning
[silk_over_copper]: Silkscreen clipped by solder mask
    Local override; warning
[silk_over_copper]: Silkscreen clipped by solder mask
    Local override; warning
[silk_over_copper]: Silkscreen clipped by solder mask
    Local override; warning
    @(152.3321 mm, 297.9812 mm): Circle of U6 on F.Silkscreen
[silk_over_copper]: Silkscreen clipped by solder mask
    Local override; warning
    @(250.5131 mm, 366.7537 mm): Circle of F10 on F.Silkscreen
[silk_over_copper]: Silkscreen clipped by solder mask
    Local override; warning
[silk_over_copper]: Silkscreen clipped by solder mask
    Local override; warning
[silk_over_copper]: Silkscreen clipped by solder mask
    Local override; warning
    @(308.5964 mm, 366.7537 mm): Circle of F17 on F.Silkscreen
[silk_over_copper]: Silkscreen clipped by solder mask
    Local override; warning
    @(258.8107 mm, 364.5837 mm): Circle of F11 on F.Silkscreen
[silk_over_copper]: Silkscreen clipped by solder mask
    Local override; warning
    @(90.6321 mm, 381.4502 mm): Circle of F25 on F.Silkscreen
[silk_over_copper]: Silkscreen clipped by solder mask
    Local override; warning
    @(132.1202 mm, 379.2802 mm): Circle of F3 on F.Silkscreen
[silk_over_copper]: Silkscreen clipped by solder mask
    Local override; warning
[silk_over_copper]: Silkscreen clipped by solder mask
    Local override; warning
    @(198.5012 mm, 381.4502 mm): Circle of F37 on F.Silkscreen
[silk_over_copper]: Silkscreen clipped by solder mask
    Local override; warning
[silk_over_copper]: Silkscreen clipped by solder mask
    Local override; warning
    @(82.3345 mm, 381.4502 mm): Circle of F24 on F.Silkscreen
[silk_over_copper]: Silkscreen clipped by solder mask
    Local override; warning
    @(173.6083 mm, 381.4502 mm): Circle of F34 on F.Silkscreen
[silk_over_copper]: Silkscreen clipped by solder mask
    Local override; warning
    @(107.2274 mm, 379.2802 mm): Circle of F27 on F.Silkscreen
[silk_over_copper]: Silkscreen clipped by solder mask
    Local override; warning
    @(168.2679 mm, 412.1167 mm): Segment of J4 on F.Silkscreen
[silk_over_copper]: Silkscreen clipped by solder mask
    Local override; warning
    @(169.3279 mm, 417.1167 mm): Segment of J4 on F.Silkscreen
[silk_over_copper]: Silkscreen clipped by solder mask
    Local override; warning
    @(170.8079 mm, 412.1167 mm): Segment of J4 on F.Silkscreen
[silk_over_copper]: Silkscreen clipped by solder mask
    Local override; warning
    @(171.8679 mm, 417.1167 mm): Segment of J4 on F.Silkscreen
[silk_over_copper]: Silkscreen clipped by solder mask
    Local override; warning
    @(173.3479 mm, 412.1167 mm): Segment of J4 on F.Silkscreen
[silk_over_copper]: Silkscreen clipped by solder mask
    Local override; warning
    @(174.4079 mm, 417.1167 mm): Segment of J4 on F.Silkscreen
[silk_over_copper]: Silkscreen clipped by solder mask
    Local override; warning
    @(175.8879 mm, 412.1167 mm): Segment of J4 on F.Silkscreen
[silk_over_copper]: Silkscreen clipped by solder mask
    Local override; warning
    @(176.9479 mm, 417.1167 mm): Segment of J4 on F.Silkscreen
[silk_over_copper]: Silkscreen clipped by solder mask
    Local override; warning
    @(178.4279 mm, 412.1167 mm): Segment of J4 on F.Silkscreen
[silk_over_copper]: Silkscreen clipped by solder mask
    Local override; warning
    @(179.4879 mm, 417.1167 mm): Segment of J4 on F.Silkscreen
[silk_over_copper]: Silkscreen clipped by solder mask
    Local override; warning
    @(180.9679 mm, 412.1167 mm): Segment of J4 on F.Silkscreen
[silk_over_copper]: Silkscreen clipped by solder mask
    Local override; warning
    @(182.0279 mm, 417.1167 mm): Segment of J4 on F.Silkscreen
[silk_over_copper]: Silkscreen clipped by solder mask
    Local override; warning
    @(183.5079 mm, 412.1167 mm): Segment of J4 on F.Silkscreen
[silk_over_copper]: Silkscreen clipped by solder mask
    Local override; warning
    @(184.5679 mm, 417.1167 mm): Segment of J4 on F.Silkscreen
[silk_over_copper]: Silkscreen clipped by solder mask
    Local override; warning
    @(186.0479 mm, 412.1167 mm): Segment of J4 on F.Silkscreen
[silk_over_copper]: Silkscreen clipped by solder mask
    Local override; warning
    @(187.1079 mm, 417.1167 mm): Segment of J4 on F.Silkscreen
[silk_over_copper]: Silkscreen clipped by solder mask
    Local override; warning
    @(188.5879 mm, 412.1167 mm): Segment of J4 on F.Silkscreen
[silk_over_copper]: Silkscreen clipped by solder mask
    Local override; warning
    @(189.6479 mm, 417.1167 mm): Segment of J4 on F.Silkscreen
[silk_over_copper]: Silkscreen clipped by solder mask
    Local override; warning
    @(191.1279 mm, 412.1167 mm): Segment of J4 on F.Silkscreen
[silk_over_copper]: Silkscreen clipped by solder mask
    Local override; warning
    @(192.1879 mm, 417.1167 mm): Segment of J4 on F.Silkscreen
[silk_over_copper]: Silkscreen clipped by solder mask
    Local override; warning
    @(193.6679 mm, 412.1167 mm): Segment of J4 on F.Silkscreen
[silk_over_copper]: Silkscreen clipped by solder mask
    Local override; warning
    @(194.7279 mm, 417.1167 mm): Segment of J4 on F.Silkscreen
[silk_over_copper]: Silkscreen clipped by solder mask
    Local override; warning
    @(196.2079 mm, 412.1167 mm): Segment of J4 on F.Silkscreen
[silk_over_copper]: Silkscreen clipped by solder mask
    Local override; warning
    @(197.2679 mm, 417.1167 mm): Segment of J4 on F.Silkscreen
[silk_over_copper]: Silkscreen clipped by solder mask
    Local override; warning
    @(198.7479 mm, 412.1167 mm): Segment of J4 on F.Silkscreen
[silk_over_copper]: Silkscreen clipped by solder mask
    Local override; warning
    @(199.8079 mm, 417.1167 mm): Segment of J4 on F.Silkscreen
[silk_over_copper]: Silkscreen clipped by solder mask
    Local override; warning
    @(201.2879 mm, 412.1167 mm): Segment of J4 on F.Silkscreen
[silk_over_copper]: Silkscreen clipped by solder mask
    Local override; warning
    @(202.3479 mm, 417.1167 mm): Segment of J4 on F.Silkscreen
[silk_over_copper]: Silkscreen clipped by solder mask
    Local override; warning
    @(203.8279 mm, 412.1167 mm): Segment of J4 on F.Silkscreen
[silk_over_copper]: Silkscreen clipped by solder mask
    Local override; warning
    @(204.8879 mm, 417.1167 mm): Segment of J4 on F.Silkscreen
[silk_over_copper]: Silkscreen clipped by solder mask
    Local override; warning
    @(207.0779 mm, 412.1167 mm): Segment of J4 on F.Silkscreen
[silk_over_copper]: Silkscreen clipped by solder mask
    Local override; warning
    @(166.0679 mm, 411.0567 mm): Circle of J4 on F.Silkscreen
[silk_over_copper]: Silkscreen clipped by solder mask
    Local override; warning
    @(275.4060 mm, 366.7537 mm): Circle of F13 on F.Silkscreen
[silk_over_copper]: Silkscreen clipped by solder mask
    Local override; warning
    @(235.3974 mm, 415.8867 mm): Segment of J56 on F.Silkscreen
[silk_over_copper]: Silkscreen clipped by solder mask
    Local override; warning
[silk_over_copper]: Silkscreen clipped by solder mask
    Local override; warning
[silk_over_copper]: Silkscreen clipped by solder mask
    Local override; warning
    @(292.1960 mm, 316.6248 mm): Circle of L1 on F.Silkscreen
[silk_over_copper]: Silkscreen clipped by solder mask
    Local override; warning
    @(40.8464 mm, 381.4502 mm): Circle of F2 on F.Silkscreen
[silk_over_copper]: Silkscreen clipped by solder mask
    Local override; warning
    @(98.9298 mm, 381.4502 mm): Circle of F26 on F.Silkscreen
[silk_over_copper]: Silkscreen clipped by solder mask
    Local override; warning
    @(316.8941 mm, 366.7537 mm): Circle of F18 on F.Silkscreen
[silk_over_copper]: Silkscreen clipped by solder mask
    Local override; warning
[silk_over_copper]: Silkscreen clipped by solder mask
    Local override; warning
    @(223.3940 mm, 381.4502 mm): Circle of F4 on F.Silkscreen
[silk_over_copper]: Silkscreen clipped by solder mask
    Local override; warning
    @(148.7155 mm, 379.2802 mm): Circle of F31 on F.Silkscreen
[silk_over_copper]: Silkscreen clipped by solder mask
    Local override; warning
[silk_over_copper]: Silkscreen clipped by solder mask
    Local override; warning
    @(292.0012 mm, 364.5837 mm): Circle of F15 on F.Silkscreen
[silk_over_copper]: Silkscreen clipped by solder mask
    Local override; warning
    @(190.2036 mm, 381.4502 mm): Circle of F36 on F.Silkscreen
[silk_over_copper]: Silkscreen clipped by solder mask
    Local override; warning
    @(231.6917 mm, 381.4502 mm): Circle of F40 on F.Silkscreen
[silk_over_copper]: Silkscreen clipped by solder mask
    Local override; warning
    @(221.9093 mm, 415.8867 mm): Segment of J55 on F.Silkscreen
[silk_over_copper]: Silkscreen clipped by solder mask
    Local override; warning
    @(262.9593 mm, 413.3467 mm): Segment of J55 on F.Silkscreen
[silk_over_copper]: Silkscreen clipped by solder mask
    Local override; warning
    @(123.8226 mm, 381.4502 mm): Circle of F29 on F.Silkscreen
[silk_over_copper]: Silkscreen clipped by solder mask
    Local override; warning
    @(250.7513 mm, 339.5412 mm): Circle of Y1 on F.Silkscreen
[silk_over_copper]: Silkscreen clipped by solder mask
    Local override; warning
    @(206.7988 mm, 381.4502 mm): Circle of F38 on F.Silkscreen
[silk_over_copper]: Silkscreen clipped by solder mask
    Local override; warning
[silk_over_copper]: Silkscreen clipped by solder mask
    Local override; warning
[silk_over_copper]: Silkscreen clipped by solder mask
    Local override; warning
    @(74.0369 mm, 379.2802 mm): Circle of F23 on F.Silkscreen
[silk_over_copper]: Silkscreen clipped by solder mask
    Local override; warning
    @(215.0964 mm, 379.2802 mm): Circle of F39 on F.Silkscreen
[silk_over_copper]: Silkscreen clipped by solder mask
    Local override; warning
    @(283.7036 mm, 366.7537 mm): Circle of F14 on F.Silkscreen
[silk_over_copper]: Silkscreen clipped by solder mask
    Local override; warning
[silk_over_copper]: Silkscreen clipped by solder mask
    Local override; warning
    @(273.1798 mm, 381.4502 mm): Circle of F9 on F.Silkscreen
[silk_over_copper]: Silkscreen clipped by solder mask
    Local override; warning
    @(264.8821 mm, 381.4502 mm): Circle of F8 on F.Silkscreen
[silk_over_copper]: Silkscreen clipped by solder mask
    Local override; warning
    @(339.2000 mm, 181.4000 mm): Circle of D10 on F.Silkscreen
[silk_over_copper]: Silkscreen clipped by solder mask
    Local override; warning
[silk_over_copper]: Silkscreen clipped by solder mask
    Local override; warning
    @(235.9831 mm, 413.3467 mm): Segment of J53 on F.Silkscreen
[silk_over_copper]: Silkscreen clipped by solder mask
    Local override; warning
[silk_over_copper]: Silkscreen clipped by solder mask
    Local override; warning
    @(267.1083 mm, 366.7537 mm): Circle of F12 on F.Silkscreen
[silk_over_copper]: Silkscreen clipped by solder mask
    Local override; warning
    @(309.5274 mm, 167.7512 mm): Circle of D1 on F.Silkscreen
[silk_over_copper]: Silkscreen clipped by solder mask
    Local override; warning
[silk_over_copper]: Silkscreen clipped by solder mask
    Local override; warning
    @(349.2000 mm, 181.4000 mm): Circle of D11 on F.Silkscreen
[silk_over_copper]: Silkscreen clipped by solder mask
    Local override; warning
    @(140.4179 mm, 381.4502 mm): Circle of F30 on F.Silkscreen
[silk_over_copper]: Silkscreen clipped by solder mask
    Local override; warning
    @(276.9522 mm, 405.6567 mm): Segment of J58 on F.Silkscreen
[silk_over_copper]: Silkscreen clipped by solder mask
    Local override; warning
    @(279.7322 mm, 403.3167 mm): Segment of J58 on F.Silkscreen
[text_height]: Text height out of range (board setup constraints silk text height min height 0.8000 mm; actual 0.7000 mm)
    Rule: board setup constraints silk text height; warning
[text_height]: Text height out of range (board setup constraints silk text height min height 0.8000 mm; actual 0.7000 mm)
    Rule: board setup constraints silk text height; warning
[text_height]: Text height out of range (board setup constraints silk text height min height 0.8000 mm; actual 0.7000 mm)
    Rule: board setup constraints silk text height; warning
[text_height]: Text height out of range (board setup constraints silk text height min height 0.8000 mm; actual 0.7000 mm)
    Rule: board setup constraints silk text height; warning
[text_height]: Text height out of range (board setup constraints silk text height min height 0.8000 mm; actual 0.7000 mm)
    Rule: board setup constraints silk text height; warning
[text_height]: Text height out of range (board setup constraints silk text height min height 0.8000 mm; actual 0.7000 mm)
    Rule: board setup constraints silk text height; warning
[text_height]: Text height out of range (board setup constraints silk text height min height 0.8000 mm; actual 0.7000 mm)
    Rule: board setup constraints silk text height; warning
[text_height]: Text height out of range (board setup constraints silk text height min height 0.8000 mm; actual 0.7000 mm)
    Rule: board setup constraints silk text height; warning
[text_height]: Text height out of range (board setup constraints silk text height min height 0.8000 mm; actual 0.7000 mm)
    Rule: board setup constraints silk text height; warning
[text_height]: Text height out of range (board setup constraints silk text height min height 0.8000 mm; actual 0.7000 mm)
    Rule: board setup constraints silk text height; warning
[text_height]: Text height out of range (board setup constraints silk text height min height 0.8000 mm; actual 0.7000 mm)
    Rule: board setup constraints silk text height; warning
[text_height]: Text height out of range (board setup constraints silk text height min height 0.8000 mm; actual 0.7000 mm)
    Rule: board setup constraints silk text height; warning
[hole_to_hole]: Drilled hole too close to other hole (board setup constraints min 0.2495 mm; actual 0.0528 mm)
    Rule: board setup constraints; warning
    @(278.4622 mm, 404.4567 mm): PTH pad 1 [GND] of J58
    @(277.3093 mm, 404.4567 mm): PTH pad 7 [GND] of J57
[hole_to_hole]: Drilled hole too close to other hole (board setup constraints min 0.2495 mm; actual 0.0528 mm)
    Rule: board setup constraints; warning
    @(279.8493 mm, 404.4567 mm): PTH pad 8 [SLOT_L_POWER] of J57
    @(281.0022 mm, 404.4567 mm): PTH pad 2 [SLOT_M_PIN_VOLTAGE] of J58
[hole_to_hole]: Drilled hole too close to other hole (board setup constraints min 0.2495 mm; actual 0.0000 mm)
    Rule: board setup constraints; warning
    @(209.9450 mm, 414.6167 mm): PTH pad 1 [GND] of J54
    @(209.1331 mm, 414.6167 mm): PTH pad 6 [SLOT_A_5V] of J53
[hole_to_hole]: Drilled hole too close to other hole (board setup constraints min 0.2495 mm; actual 0.0000 mm)
    Rule: board setup constraints; warning
    @(212.4850 mm, 414.6167 mm): PTH pad 2 [SLOT_C_PIN_VOLTAGE] of J54
    @(211.6731 mm, 414.6167 mm): PTH pad 7 [GND] of J53
[hole_to_hole]: Drilled hole too close to other hole (board setup constraints min 0.2495 mm; actual 0.0000 mm)
    Rule: board setup constraints; warning
    @(214.2131 mm, 414.6167 mm): PTH pad 8 [SLOT_A_POWER] of J53
    @(215.0250 mm, 414.6167 mm): PTH pad 3 [GND] of J54
[hole_to_hole]: Drilled hole too close to other hole (board setup constraints min 0.2495 mm; actual 0.0000 mm)
    Rule: board setup constraints; warning
    @(217.5650 mm, 414.6167 mm): PTH pad 4 [SLOT_C_3V3] of J54
    @(216.7531 mm, 414.6167 mm): PTH pad 9 [GND] of J53
[hole_to_hole]: Drilled hole too close to other hole (board setup constraints min 0.2495 mm; actual 0.0000 mm)
    Rule: board setup constraints; warning
    @(220.1050 mm, 414.6167 mm): PTH pad 5 [GND] of J54
    @(219.2931 mm, 414.6167 mm): PTH pad 10 [SLOT_B_PIN_VOLTAGE] of J53
[hole_to_hole]: Drilled hole too close to other hole (board setup constraints min 0.2495 mm; actual 0.0000 mm)
    Rule: board setup constraints; warning
    @(222.6450 mm, 414.6167 mm): PTH pad 6 [SLOT_C_5V] of J54
    @(223.4093 mm, 414.6167 mm): PTH pad 1 [GND] of J55
[hole_to_hole]: Drilled hole too close to other hole (board setup constraints min 0.2495 mm; actual 0.0000 mm)
    Rule: board setup constraints; warning
    @(221.8331 mm, 414.6167 mm): PTH pad 11 [GND] of J53
    @(222.6450 mm, 414.6167 mm): PTH pad 6 [SLOT_C_5V] of J54
[hole_to_hole]: Drilled hole too close to other hole (board setup constraints min 0.2495 mm; actual 0.0000 mm)
    Rule: board setup constraints; warning
    @(225.9493 mm, 414.6167 mm): PTH pad 2 [SLOT_E_PIN_VOLTAGE] of J55
    @(225.1850 mm, 414.6167 mm): PTH pad 7 [GND] of J54
[hole_to_hole]: Drilled hole too close to other hole (board setup constraints min 0.2495 mm; actual 0.0000 mm)
    Rule: board setup constraints; warning
    @(224.3731 mm, 414.6167 mm): PTH pad 12 [SLOT_B_3V3] of J53
    @(225.1850 mm, 414.6167 mm): PTH pad 7 [GND] of J54
[hole_to_hole]: Drilled hole too close to other hole (board setup constraints min 0.2495 mm; actual 0.0000 mm)
    Rule: board setup constraints; warning
    @(226.9131 mm, 414.6167 mm): PTH pad 13 [GND] of J53
    @(227.7250 mm, 414.6167 mm): PTH pad 8 [SLOT_C_POWER] of J54
[hole_to_hole]: Drilled hole too close to other hole (board setup constraints min 0.2495 mm; actual 0.0000 mm)
    Rule: board setup constraints; warning
    @(228.4893 mm, 414.6167 mm): PTH pad 3 [GND] of J55
    @(227.7250 mm, 414.6167 mm): PTH pad 8 [SLOT_C_POWER] of J54
[hole_to_hole]: Drilled hole too close to other hole (board setup constraints min 0.2495 mm; actual 0.0000 mm)
    Rule: board setup constraints; warning
    @(231.0293 mm, 414.6167 mm): PTH pad 4 [SLOT_E_3V3] of J55
    @(230.2650 mm, 414.6167 mm): PTH pad 9 [GND] of J54
[hole_to_hole]: Drilled hole too close to other hole (board setup constraints min 0.2495 mm; actual 0.0000 mm)
    Rule: board setup constraints; warning
    @(229.4531 mm, 414.6167 mm): PTH pad 14 [SLOT_B_5V] of J53
    @(230.2650 mm, 414.6167 mm): PTH pad 9 [GND] of J54
[hole_to_hole]: Drilled hole too close to other hole (board setup constraints min 0.2495 mm; actual 0.0000 mm)
    Rule: board setup constraints; warning
    @(231.9931 mm, 414.6167 mm): PTH pad 15 [GND] of J53
    @(232.8050 mm, 414.6167 mm): PTH pad 10 [SLOT_D_PIN_VOLTAGE] of J54
[hole_to_hole]: Drilled hole too close to other hole (board setup constraints min 0.2495 mm; actual 0.0000 mm)
    Rule: board setup constraints; warning
    @(233.5693 mm, 414.6167 mm): PTH pad 5 [GND] of J55
    @(232.8050 mm, 414.6167 mm): PTH pad 10 [SLOT_D_PIN_VOLTAGE] of J54
[hole_to_hole]: Drilled hole too close to other hole (board setup constraints min 0.2495 mm; actual 0.0000 mm)
    Rule: board setup constraints; warning
    @(234.5331 mm, 414.6167 mm): PTH pad 16 [SLOT_B_POWER] of J53
    @(235.3450 mm, 414.6167 mm): PTH pad 11 [GND] of J54
[hole_to_hole]: Drilled hole too close to other hole (board setup constraints min 0.2495 mm; actual 0.0000 mm)
    Rule: board setup constraints; warning
    @(236.1093 mm, 414.6167 mm): PTH pad 6 [SLOT_E_5V] of J55
    @(235.3450 mm, 414.6167 mm): PTH pad 11 [GND] of J54
[hole_to_hole]: Drilled hole too close to other hole (board setup constraints min 0.2495 mm; actual 0.0876 mm)
    Rule: board setup constraints; warning
    @(236.8974 mm, 414.6167 mm): PTH pad 1 [GND] of J56
    @(237.8850 mm, 414.6167 mm): PTH pad 12 [SLOT_D_3V3] of J54
[hole_to_hole]: Drilled hole too close to other hole (board setup constraints min 0.2495 mm; actual 0.0000 mm)
    Rule: board setup constraints; warning
    @(238.6493 mm, 414.6167 mm): PTH pad 7 [GND] of J55
    @(237.8850 mm, 414.6167 mm): PTH pad 12 [SLOT_D_3V3] of J54
[hole_to_hole]: Drilled hole too close to other hole (board setup constraints min 0.2495 mm; actual 0.0876 mm)
    Rule: board setup constraints; warning
    @(239.4374 mm, 414.6167 mm): PTH pad 2 [SLOT_G_PIN_VOLTAGE] of J56
    @(240.4250 mm, 414.6167 mm): PTH pad 13 [GND] of J54
[hole_to_hole]: Drilled hole too close to other hole (board setup constraints min 0.2495 mm; actual 0.0000 mm)
    Rule: board setup constraints; warning
    @(241.1893 mm, 414.6167 mm): PTH pad 8 [SLOT_E_POWER] of J55
    @(240.4250 mm, 414.6167 mm): PTH pad 13 [GND] of J54
[hole_to_hole]: Drilled hole too close to other hole (board setup constraints min 0.2495 mm; actual 0.0876 mm)
    Rule: board setup constraints; warning
    @(241.9774 mm, 414.6167 mm): PTH pad 3 [GND] of J56
    @(242.9650 mm, 414.6167 mm): PTH pad 14 [SLOT_D_5V] of J54
[hole_to_hole]: Drilled hole too close to other hole (board setup constraints min 0.2495 mm; actual 0.0000 mm)
    Rule: board setup constraints; warning
    @(242.9650 mm, 414.6167 mm): PTH pad 14 [SLOT_D_5V] of J54
    @(243.7293 mm, 414.6167 mm): PTH pad 9 [GND] of J55
[hole_to_hole]: Drilled hole too close to other hole (board setup constraints min 0.2495 mm; actual 0.0876 mm)
    Rule: board setup constraints; warning
    @(244.5174 mm, 414.6167 mm): PTH pad 4 [SLOT_G_3V3] of J56
    @(245.5050 mm, 414.6167 mm): PTH pad 15 [GND] of J54
[hole_to_hole]: Drilled hole too close to other hole (board setup constraints min 0.2495 mm; actual 0.0000 mm)
    Rule: board setup constraints; warning
    @(245.5050 mm, 414.6167 mm): PTH pad 15 [GND] of J54
    @(246.2693 mm, 414.6167 mm): PTH pad 10 [SLOT_F_PIN_VOLTAGE] of J55
[hole_to_hole]: Drilled hole too close to other hole (board setup constraints min 0.2495 mm; actual 0.0000 mm)
    Rule: board setup constraints; warning
    @(248.0450 mm, 414.6167 mm): PTH pad 16 [SLOT_D_POWER] of J54
    @(248.8093 mm, 414.6167 mm): PTH pad 11 [GND] of J55
[hole_to_hole]: Drilled hole too close to other hole (board setup constraints min 0.2495 mm; actual 0.0876 mm)
    Rule: board setup constraints; warning
    @(247.0574 mm, 414.6167 mm): PTH pad 5 [GND] of J56
    @(248.0450 mm, 414.6167 mm): PTH pad 16 [SLOT_D_POWER] of J54
[hole_to_hole]: Drilled hole too close to other hole (board setup constraints min 0.2495 mm; actual 0.0000 mm)
    Rule: board setup constraints; warning
    @(236.8974 mm, 414.6167 mm): PTH pad 1 [GND] of J56
    @(236.1093 mm, 414.6167 mm): PTH pad 6 [SLOT_E_5V] of J55
[hole_to_hole]: Drilled hole too close to other hole (board setup constraints min 0.2495 mm; actual 0.0000 mm)
    Rule: board setup constraints; warning
    @(239.4374 mm, 414.6167 mm): PTH pad 2 [SLOT_G_PIN_VOLTAGE] of J56
    @(238.6493 mm, 414.6167 mm): PTH pad 7 [GND] of J55
[hole_to_hole]: Drilled hole too close to other hole (board setup constraints min 0.2495 mm; actual 0.0000 mm)
    Rule: board setup constraints; warning
    @(241.9774 mm, 414.6167 mm): PTH pad 3 [GND] of J56
    @(241.1893 mm, 414.6167 mm): PTH pad 8 [SLOT_E_POWER] of J55
[hole_to_hole]: Drilled hole too close to other hole (board setup constraints min 0.2495 mm; actual 0.0000 mm)
    Rule: board setup constraints; warning
    @(244.5174 mm, 414.6167 mm): PTH pad 4 [SLOT_G_3V3] of J56
    @(243.7293 mm, 414.6167 mm): PTH pad 9 [GND] of J55
[hole_to_hole]: Drilled hole too close to other hole (board setup constraints min 0.2495 mm; actual 0.0000 mm)
    Rule: board setup constraints; warning
    @(247.0574 mm, 414.6167 mm): PTH pad 5 [GND] of J56
    @(246.2693 mm, 414.6167 mm): PTH pad 10 [SLOT_F_PIN_VOLTAGE] of J55
[hole_to_hole]: Drilled hole too close to other hole (board setup constraints min 0.2495 mm; actual 0.0000 mm)
    Rule: board setup constraints; warning
    @(249.5974 mm, 414.6167 mm): PTH pad 6 [SLOT_G_5V] of J56
    @(248.8093 mm, 414.6167 mm): PTH pad 11 [GND] of J55
[hole_to_hole]: Drilled hole too close to other hole (board setup constraints min 0.2495 mm; actual 0.0000 mm)
    Rule: board setup constraints; warning
    @(252.1374 mm, 414.6167 mm): PTH pad 7 [GND] of J56
    @(251.3493 mm, 414.6167 mm): PTH pad 12 [SLOT_F_3V3] of J55
[hole_to_hole]: Drilled hole too close to other hole (board setup constraints min 0.2495 mm; actual 0.0000 mm)
    Rule: board setup constraints; warning
    @(253.8893 mm, 414.6167 mm): PTH pad 13 [GND] of J55
    @(254.6774 mm, 414.6167 mm): PTH pad 8 [SLOT_G_POWER] of J56
[hole_to_hole]: Drilled hole too close to other hole (board setup constraints min 0.2495 mm; actual 0.0000 mm)
    Rule: board setup constraints; warning
    @(257.2174 mm, 414.6167 mm): PTH pad 9 [GND] of J56
    @(256.4293 mm, 414.6167 mm): PTH pad 14 [SLOT_F_5V] of J55
[hole_to_hole]: Drilled hole too close to other hole (board setup constraints min 0.2495 mm; actual 0.0000 mm)
    Rule: board setup constraints; warning
    @(258.9693 mm, 414.6167 mm): PTH pad 15 [GND] of J55
    @(259.7574 mm, 414.6167 mm): PTH pad 10 [SLOT_H_PIN_VOLTAGE] of J56
[hole_to_hole]: Drilled hole too close to other hole (board setup constraints min 0.2495 mm; actual 0.0000 mm)
    Rule: board setup constraints; warning
    @(261.5093 mm, 414.6167 mm): PTH pad 16 [SLOT_F_POWER] of J55
    @(262.2974 mm, 414.6167 mm): PTH pad 11 [GND] of J56
[hole_to_hole]: Drilled hole too close to other hole (board setup constraints min 0.2495 mm; actual 0.0638 mm)
    Rule: board setup constraints; warning
    @(224.3731 mm, 414.6167 mm): PTH pad 12 [SLOT_B_3V3] of J53
    @(223.4093 mm, 414.6167 mm): PTH pad 1 [GND] of J55
[hole_to_hole]: Drilled hole too close to other hole (board setup constraints min 0.2495 mm; actual 0.0638 mm)
    Rule: board setup constraints; warning
    @(226.9131 mm, 414.6167 mm): PTH pad 13 [GND] of J53
    @(225.9493 mm, 414.6167 mm): PTH pad 2 [SLOT_E_PIN_VOLTAGE] of J55
[hole_to_hole]: Drilled hole too close to other hole (board setup constraints min 0.2495 mm; actual 0.0638 mm)
    Rule: board setup constraints; warning
    @(228.4893 mm, 414.6167 mm): PTH pad 3 [GND] of J55
    @(229.4531 mm, 414.6167 mm): PTH pad 14 [SLOT_B_5V] of J53
[hole_to_hole]: Drilled hole too close to other hole (board setup constraints min 0.2495 mm; actual 0.0638 mm)
    Rule: board setup constraints; warning
    @(231.9931 mm, 414.6167 mm): PTH pad 15 [GND] of J53
    @(231.0293 mm, 414.6167 mm): PTH pad 4 [SLOT_E_3V3] of J55
[hole_to_hole]: Drilled hole too close to other hole (board setup constraints min 0.2495 mm; actual 0.0638 mm)
    Rule: board setup constraints; warning
    @(233.5693 mm, 414.6167 mm): PTH pad 5 [GND] of J55
    @(234.5331 mm, 414.6167 mm): PTH pad 16 [SLOT_B_POWER] of J53

** Found 499 unconnected pads **
[unconnected_items]: Missing connection between items
    Local override; error
    @(89.6340 mm, 190.4777 mm): Pad AF15 [MGTRREF_213] of U1 on F.Cu
    @(204.1750 mm, 477.4097 mm): Pad 1 [MGTRREF_213] of R89 on F.Cu
[unconnected_items]: Missing connection between items
    Local override; error
    @(41.3236 mm, 158.0648 mm): Pad 1 [+1V0] of C33 on F.Cu
    @(33.4545 mm, 158.0648 mm): Pad 1 [+1V0] of C32 on F.Cu
[unconnected_items]: Missing connection between items
    Local override; error
    @(41.8331 mm, 247.9272 mm): Pad 2 [+1V0] of L9 on F.Cu
    @(76.8595 mm, 261.9538 mm): Pad 1 [+1V0] of R88 on F.Cu
[unconnected_items]: Missing connection between items
    Local override; error
    @(41.8331 mm, 247.9272 mm): Pad 2 [+1V0] of L9 on F.Cu
    @(73.6340 mm, 195.4777 mm): Pad K10 [+1V0] of U1 on F.Cu
[unconnected_items]: Missing connection between items
    Local override; error
    @(48.6595 mm, 148.7783 mm): Pad 1 [+1V0] of C99 on F.Cu
    @(56.0524 mm, 148.7783 mm): Pad 1 [+1V0] of C100 on F.Cu
[unconnected_items]: Missing connection between items
    Local override; error
    @(48.6595 mm, 148.7783 mm): Pad 1 [+1V0] of C99 on F.Cu
    @(49.1926 mm, 158.0648 mm): Pad 1 [+1V0] of C34 on F.Cu
[unconnected_items]: Missing connection between items
    Local override; error
    @(49.1926 mm, 158.0648 mm): Pad 1 [+1V0] of C34 on F.Cu
    @(57.0617 mm, 158.0648 mm): Pad 1 [+1V0] of C35 on F.Cu
[unconnected_items]: Missing connection between items
    Local override; error
    @(49.1926 mm, 158.0648 mm): Pad 1 [+1V0] of C34 on F.Cu
    @(41.3236 mm, 158.0648 mm): Pad 1 [+1V0] of C33 on F.Cu
[unconnected_items]: Missing connection between items
    Local override; error
    @(64.9307 mm, 158.0648 mm): Pad 1 [+1V0] of C36 on F.Cu
    @(57.0617 mm, 158.0648 mm): Pad 1 [+1V0] of C35 on F.Cu
[unconnected_items]: Missing connection between items
    Local override; error
    @(64.9307 mm, 158.0648 mm): Pad 1 [+1V0] of C36 on F.Cu
    @(72.7998 mm, 158.0648 mm): Pad 1 [+1V0] of C37 on F.Cu
[unconnected_items]: Missing connection between items
    Local override; error
    @(72.6340 mm, 192.4777 mm): Pad J13 [+1V0] of U1 on F.Cu
    @(73.6340 mm, 193.4777 mm): Pad K12 [+1V0] of U1 on F.Cu
[unconnected_items]: Missing connection between items
    Local override; error
    @(72.6340 mm, 194.4777 mm): Pad J11 [+1V0] of U1 on F.Cu
    @(73.6340 mm, 193.4777 mm): Pad K12 [+1V0] of U1 on F.Cu
[unconnected_items]: Missing connection between items
    Local override; error
    @(73.6340 mm, 195.4777 mm): Pad K10 [+1V0] of U1 on F.Cu
    @(74.6340 mm, 194.4777 mm): Pad L11 [+1V0] of U1 on F.Cu
[unconnected_items]: Missing connection between items
    Local override; error
    @(74.6340 mm, 192.4777 mm): Pad L13 [+1V0] of U1 on F.Cu
    @(73.6340 mm, 193.4777 mm): Pad K12 [+1V0] of U1 on F.Cu
[unconnected_items]: Missing connection between items
    Local override; error
    @(74.6340 mm, 192.4777 mm): Pad L13 [+1V0] of U1 on F.Cu
    @(76.6340 mm, 192.4777 mm): Pad N13 [+1V0] of U1 on F.Cu
[unconnected_items]: Missing connection between items
    Local override; error
    @(74.6340 mm, 194.4777 mm): Pad L11 [+1V0] of U1 on F.Cu
    @(75.6340 mm, 195.4777 mm): Pad M10 [+1V0] of U1 on F.Cu
[unconnected_items]: Missing connection between items
    Local override; error
    @(74.6340 mm, 194.4777 mm): Pad L11 [+1V0] of U1 on F.Cu
    @(73.6340 mm, 193.4777 mm): Pad K12 [+1V0] of U1 on F.Cu
[unconnected_items]: Missing connection between items
    Local override; error
    @(75.6340 mm, 195.4777 mm): Pad M10 [+1V0] of U1 on F.Cu
    @(77.6340 mm, 195.4777 mm): Pad P10 [+1V0] of U1 on F.Cu
[unconnected_items]: Missing connection between items
    Local override; error
    @(79.6340 mm, 193.4777 mm): Pad T12 [+1V0] of U1 on F.Cu
    @(78.6340 mm, 192.4777 mm): Pad R13 [+1V0] of U1 on F.Cu
[unconnected_items]: Missing connection between items
    Local override; error
    @(79.6340 mm, 193.4777 mm): Pad T12 [+1V0] of U1 on F.Cu
    @(80.6340 mm, 194.4777 mm): Pad U11 [+1V0] of U1 on F.Cu
[unconnected_items]: Missing connection between items
    Local override; error
    @(79.6340 mm, 195.4777 mm): Pad T10 [+1V0] of U1 on F.Cu
    @(80.6340 mm, 194.4777 mm): Pad U11 [+1V0] of U1 on F.Cu
[unconnected_items]: Missing connection between items
    Local override; error
    @(79.6340 mm, 195.4777 mm): Pad T10 [+1V0] of U1 on F.Cu
    @(77.6340 mm, 195.4777 mm): Pad P10 [+1V0] of U1 on F.Cu
[unconnected_items]: Missing connection between items
    Local override; error
    @(80.6340 mm, 192.4777 mm): Pad U13 [+1V0] of U1 on F.Cu
    @(79.6340 mm, 193.4777 mm): Pad T12 [+1V0] of U1 on F.Cu
[unconnected_items]: Missing connection between items
    Local override; error
    @(80.6340 mm, 192.4777 mm): Pad U13 [+1V0] of U1 on F.Cu
    @(81.6340 mm, 193.4777 mm): Pad V12 [+1V0] of U1 on F.Cu
[unconnected_items]: Missing connection between items
    Local override; error
    @(80.6340 mm, 194.4777 mm): Pad U11 [+1V0] of U1 on F.Cu
    @(81.6340 mm, 195.4777 mm): Pad V10 [+1V0] of U1 on F.Cu
[unconnected_items]: Missing connection between items
    Local override; error
    @(80.6688 mm, 158.0648 mm): Pad 1 [+1V0] of C38 on F.Cu
    @(72.7998 mm, 158.0648 mm): Pad 1 [+1V0] of C37 on F.Cu
[unconnected_items]: Missing connection between items
    Local override; error
    @(80.6688 mm, 158.0648 mm): Pad 1 [+1V0] of C38 on F.Cu
    @(80.6340 mm, 192.4777 mm): Pad U13 [+1V0] of U1 on F.Cu
[unconnected_items]: Missing connection between items
    Local override; error
    @(81.6340 mm, 193.4777 mm): Pad V12 [+1V0] of U1 on F.Cu
    @(82.6340 mm, 192.4777 mm): Pad W13 [+1V0] of U1 on F.Cu
[unconnected_items]: Missing connection between items
    Local override; error
    @(96.4069 mm, 158.0648 mm): Pad 1 [+1V0] of C39 on F.Cu
    @(80.6688 mm, 158.0648 mm): Pad 1 [+1V0] of C38 on F.Cu
[unconnected_items]: Missing connection between items
    Local override; error
    @(143.6212 mm, 158.0648 mm): Pad 1 [+1V0] of C45 on F.Cu
    @(96.4069 mm, 158.0648 mm): Pad 1 [+1V0] of C39 on F.Cu
[unconnected_items]: Missing connection between items
    Local override; error
    @(151.4902 mm, 158.0648 mm): Pad 1 [+1V0] of C46 on F.Cu
    @(143.6212 mm, 158.0648 mm): Pad 1 [+1V0] of C45 on F.Cu
[unconnected_items]: Missing connection between items
    Local override; error
    @(159.3593 mm, 158.0648 mm): Pad 1 [+1V0] of C47 on F.Cu
    @(167.2283 mm, 158.0648 mm): Pad 1 [+1V0] of C48 on F.Cu
[unconnected_items]: Missing connection between items
    Local override; error
    @(159.3593 mm, 158.0648 mm): Pad 1 [+1V0] of C47 on F.Cu
    @(151.4902 mm, 158.0648 mm): Pad 1 [+1V0] of C46 on F.Cu
[unconnected_items]: Missing connection between items
    Local override; error
    @(167.2283 mm, 158.0648 mm): Pad 1 [+1V0] of C48 on F.Cu
    @(250.2045 mm, 220.3342 mm): Pad 1 [+1V0] of C210 on F.Cu
[unconnected_items]: Missing connection between items
    Local override; error
    @(230.0619 mm, 245.3572 mm): Pad 1 [+1V0] of R67 on F.Cu
    @(250.2045 mm, 220.3342 mm): Pad 1 [+1V0] of C210 on F.Cu
[unconnected_items]: Missing connection between items
    Local override; error
    @(256.8417 mm, 220.8543 mm): Pad 1 [+1V0] of C211 on F.Cu
    @(250.2045 mm, 220.3342 mm): Pad 1 [+1V0] of C210 on F.Cu
[unconnected_items]: Missing connection between items
    Local override; error
    @(256.8417 mm, 220.8543 mm): Pad 1 [+1V0] of C211 on F.Cu
    @(263.9488 mm, 220.8543 mm): Pad 1 [+1V0] of C212 on F.Cu
[unconnected_items]: Missing connection between items
    Local override; error
    @(263.9488 mm, 220.8543 mm): Pad 1 [+1V0] of C212 on F.Cu
    @(283.6369 mm, 233.2308 mm): Pad 1 [+1V0] of L7 on F.Cu
[unconnected_items]: Missing connection between items
    Local override; error
    @(287.4188 mm, 148.5083 mm): Pad 1 [+1V0] of C28 on F.Cu
    @(279.5498 mm, 148.5083 mm): Pad 1 [+1V0] of C27 on F.Cu
[unconnected_items]: Missing connection between items
    Local override; error
    @(292.6000 mm, 167.3512 mm): Pad 1 [+1V0] of C97 on F.Cu
    @(263.9488 mm, 220.8543 mm): Pad 1 [+1V0] of C212 on F.Cu
[unconnected_items]: Missing connection between items
    Local override; error
    @(299.9929 mm, 167.3512 mm): Pad 1 [+1V0] of C98 on F.Cu
    @(292.6000 mm, 167.3512 mm): Pad 1 [+1V0] of C97 on F.Cu
[unconnected_items]: Missing connection between items
    Local override; error
    @(303.1569 mm, 148.5083 mm): Pad 1 [+1V0] of C29 on F.Cu
    @(287.4188 mm, 148.5083 mm): Pad 1 [+1V0] of C28 on F.Cu
[unconnected_items]: Missing connection between items
    Local override; error
    @(303.1569 mm, 148.5083 mm): Pad 1 [+1V0] of C29 on F.Cu
    @(299.9929 mm, 167.3512 mm): Pad 1 [+1V0] of C98 on F.Cu
[unconnected_items]: Missing connection between items
    Local override; error
    @(311.0260 mm, 148.5083 mm): Pad 1 [+1V0] of C30 on F.Cu
    @(303.1569 mm, 148.5083 mm): Pad 1 [+1V0] of C29 on F.Cu
[unconnected_items]: Missing connection between items
    Local override; error
    @(318.8950 mm, 148.5083 mm): Pad 1 [+1V0] of C31 on F.Cu
    @(311.0260 mm, 148.5083 mm): Pad 1 [+1V0] of C30 on F.Cu
[unconnected_items]: Missing connection between items
    Local override; error
    @(49.1926 mm, 167.0813 mm): Pad 1 [+1V0_MGT] of C6 on F.Cu
    @(41.3236 mm, 148.5083 mm): Pad 1 [+1V0_MGT] of C9 on F.Cu
[unconnected_items]: Missing connection between items
    Local override; error
    @(49.1926 mm, 167.0813 mm): Pad 1 [+1V0_MGT] of C6 on F.Cu
    @(67.6340 mm, 192.4777 mm): Pad D13 [+1V0_MGT] of U1 on F.Cu
[unconnected_items]: Missing connection between items
    Local override; error
    @(67.5405 mm, 230.6608 mm): Pad 1 [+1V0_MGT] of C224 on F.Cu
    @(43.8931 mm, 247.9272 mm): Pad 1 [+1V0_MGT] of L9 on F.Cu
[unconnected_items]: Missing connection between items
    Local override; error
    @(67.6340 mm, 192.4777 mm): Pad D13 [+1V0_MGT] of U1 on F.Cu
    @(67.6340 mm, 194.4777 mm): Pad D11 [+1V0_MGT] of U1 on F.Cu
[unconnected_items]: Missing connection between items
    Local override; error
    @(67.6340 mm, 192.4777 mm): Pad D13 [+1V0_MGT] of U1 on F.Cu
    @(69.6340 mm, 193.4777 mm): Pad F12 [+1V0_MGT] of U1 on F.Cu
[unconnected_items]: Missing connection between items
    Local override; error
    @(67.6340 mm, 194.4777 mm): Pad D11 [+1V0_MGT] of U1 on F.Cu
    @(67.6340 mm, 196.4777 mm): Pad D9 [+1V0_MGT] of U1 on F.Cu
[unconnected_items]: Missing connection between items
    Local override; error
    @(67.6340 mm, 196.4777 mm): Pad D9 [+1V0_MGT] of U1 on F.Cu
    @(67.5405 mm, 230.6608 mm): Pad 1 [+1V0_MGT] of C224 on F.Cu
[unconnected_items]: Missing connection between items
    Local override; error
    @(69.6340 mm, 195.4777 mm): Pad F10 [+1V0_MGT] of U1 on F.Cu
    @(69.6340 mm, 193.4777 mm): Pad F12 [+1V0_MGT] of U1 on F.Cu
[unconnected_items]: Missing connection between items
    Local override; error
    @(84.6340 mm, 193.4777 mm): Pad AA12 [+1V0_MGT] of U1 on F.Cu
    @(69.6340 mm, 193.4777 mm): Pad F12 [+1V0_MGT] of U1 on F.Cu
[unconnected_items]: Missing connection between items
    Local override; error
    @(84.6340 mm, 195.4777 mm): Pad AA10 [+1V0_MGT] of U1 on F.Cu
    @(84.6340 mm, 193.4777 mm): Pad AA12 [+1V0_MGT] of U1 on F.Cu
[unconnected_items]: Missing connection between items
    Local override; error
    @(86.6340 mm, 192.4777 mm): Pad AC13 [+1V0_MGT] of U1 on F.Cu
    @(86.6340 mm, 194.4777 mm): Pad AC11 [+1V0_MGT] of U1 on F.Cu
[unconnected_items]: Missing connection between items
    Local override; error
    @(86.6340 mm, 192.4777 mm): Pad AC13 [+1V0_MGT] of U1 on F.Cu
    @(84.6340 mm, 193.4777 mm): Pad AA12 [+1V0_MGT] of U1 on F.Cu
[unconnected_items]: Missing connection between items
    Local override; error
    @(86.6340 mm, 192.4777 mm): Pad AC13 [+1V0_MGT] of U1 on F.Cu
    @(135.7521 mm, 167.0813 mm): Pad 1 [+1V0_MGT] of C7 on F.Cu
[unconnected_items]: Missing connection between items
    Local override; error
    @(86.6340 mm, 196.4777 mm): Pad AC9 [+1V0_MGT] of U1 on F.Cu
    @(86.6340 mm, 194.4777 mm): Pad AC11 [+1V0_MGT] of U1 on F.Cu
[unconnected_items]: Missing connection between items
    Local override; error
    @(130.4571 mm, 148.7783 mm): Pad 1 [+1V0_MGT] of C109 on F.Cu
    @(123.1212 mm, 148.5083 mm): Pad 1 [+1V0_MGT] of C10 on F.Cu
[unconnected_items]: Missing connection between items
    Local override; error
    @(135.7521 mm, 167.0813 mm): Pad 1 [+1V0_MGT] of C7 on F.Cu
    @(130.4571 mm, 148.7783 mm): Pad 1 [+1V0_MGT] of C109 on F.Cu
[unconnected_items]: Missing connection between items
    Local override; error
    @(145.7760 mm, 148.5083 mm): Pad 1 [+1V0_MGT] of C11 on F.Cu
    @(130.4571 mm, 148.7783 mm): Pad 1 [+1V0_MGT] of C109 on F.Cu
[unconnected_items]: Missing connection between items
    Local override; error
    @(153.6450 mm, 148.5083 mm): Pad 1 [+1V0_MGT] of C12 on F.Cu
    @(145.7760 mm, 148.5083 mm): Pad 1 [+1V0_MGT] of C11 on F.Cu
[unconnected_items]: Missing connection between items
    Local override; error
    @(161.5140 mm, 148.5083 mm): Pad 1 [+1V0_MGT] of C13 on F.Cu
    @(153.6450 mm, 148.5083 mm): Pad 1 [+1V0_MGT] of C12 on F.Cu
[unconnected_items]: Missing connection between items
    Local override; error
    @(169.3831 mm, 148.5083 mm): Pad 1 [+1V0_MGT] of C14 on F.Cu
    @(161.5140 mm, 148.5083 mm): Pad 1 [+1V0_MGT] of C13 on F.Cu
[unconnected_items]: Missing connection between items
    Local override; error
    @(169.3831 mm, 148.5083 mm): Pad 1 [+1V0_MGT] of C14 on F.Cu
    @(222.3117 mm, 167.0813 mm): Pad 1 [+1V0_MGT] of C8 on F.Cu
[unconnected_items]: Missing connection between items
    Local override; error
    @(261.6569 mm, 158.0648 mm): Pad 1 [+1V0_MGT] of C5 on F.Cu
    @(222.3117 mm, 167.0813 mm): Pad 1 [+1V0_MGT] of C8 on F.Cu
[unconnected_items]: Missing connection between items
    Local override; error
    @(127.8831 mm, 312.9847 mm): Pad 1 [+1V1] of C128 on F.Cu
    @(120.0141 mm, 312.9847 mm): Pad 1 [+1V1] of C127 on F.Cu
[unconnected_items]: Missing connection between items
    Local override; error
    @(135.7521 mm, 312.9847 mm): Pad 1 [+1V1] of C129 on F.Cu
    @(127.8831 mm, 312.9847 mm): Pad 1 [+1V1] of C128 on F.Cu
[unconnected_items]: Missing connection between items
    Local override; error
    @(150.4810 mm, 312.9847 mm): Pad 1 [+1V1] of C131 on F.Cu
    @(135.7521 mm, 312.9847 mm): Pad 1 [+1V1] of C129 on F.Cu
[unconnected_items]: Missing connection between items
    Local override; error
    @(217.5603 mm, 342.1492 mm): Pad 10 [+1V1] of U7 on F.Cu
    @(150.4810 mm, 312.9847 mm): Pad 1 [+1V1] of C131 on F.Cu
[unconnected_items]: Missing connection between items
    Local override; error
    @(223.0703 mm, 347.2593 mm): Pad 32 [+1V1] of U7 on F.Cu
    @(227.3803 mm, 342.1492 mm): Pad 51 [+1V1] of U7 on F.Cu
[unconnected_items]: Missing connection between items
    Local override; error
    @(223.0703 mm, 347.2593 mm): Pad 32 [+1V1] of U7 on F.Cu
    @(217.5603 mm, 342.1492 mm): Pad 10 [+1V1] of U7 on F.Cu
[unconnected_items]: Missing connection between items
    Local override; error
    @(227.3803 mm, 342.1492 mm): Pad 51 [+1V1] of U7 on F.Cu
    @(224.6703 mm, 337.4393 mm): Pad 65 [+1V1] of U7 on F.Cu
[unconnected_items]: Missing connection between items
    Local override; error
    @(227.3803 mm, 342.1492 mm): Pad 51 [+1V1] of U7 on F.Cu
    @(292.1960 mm, 315.8247 mm): Pad 1 [+1V1] of L1 on F.Cu
[unconnected_items]: Missing connection between items
    Local override; error
    @(65.6340 mm, 191.4777 mm): Pad B14 [+1V2_MGT] of U1 on F.Cu
    @(65.6340 mm, 193.4777 mm): Pad B12 [+1V2_MGT] of U1 on F.Cu
[unconnected_items]: Missing connection between items
    Local override; error
    @(65.6340 mm, 193.4777 mm): Pad B12 [+1V2_MGT] of U1 on F.Cu
    @(65.6340 mm, 195.4777 mm): Pad B10 [+1V2_MGT] of U1 on F.Cu
[unconnected_items]: Missing connection between items
    Local override; error
    @(65.6340 mm, 195.4777 mm): Pad B10 [+1V2_MGT] of U1 on F.Cu
    @(65.6340 mm, 197.4777 mm): Pad B8 [+1V2_MGT] of U1 on F.Cu
[unconnected_items]: Missing connection between items
    Local override; error
    @(66.6340 mm, 190.4777 mm): Pad C15 [+1V2_MGT] of U1 on F.Cu
    @(65.6340 mm, 191.4777 mm): Pad B14 [+1V2_MGT] of U1 on F.Cu
[unconnected_items]: Missing connection between items
    Local override; error
    @(66.6340 mm, 190.4777 mm): Pad C15 [+1V2_MGT] of U1 on F.Cu
    @(87.6340 mm, 190.4777 mm): Pad AD15 [+1V2_MGT] of U1 on F.Cu
[unconnected_items]: Missing connection between items
    Local override; error
    @(66.6340 mm, 198.4777 mm): Pad C7 [+1V2_MGT] of U1 on F.Cu
    @(65.6340 mm, 197.4777 mm): Pad B8 [+1V2_MGT] of U1 on F.Cu
[unconnected_items]: Missing connection between items
    Local override; error
    @(87.6340 mm, 198.4777 mm): Pad AD7 [+1V2_MGT] of U1 on F.Cu
    @(88.6340 mm, 197.4777 mm): Pad AE8 [+1V2_MGT] of U1 on F.Cu
[unconnected_items]: Missing connection between items
    Local override; error
    @(88.6340 mm, 191.4777 mm): Pad AE14 [+1V2_MGT] of U1 on F.Cu
    @(87.6340 mm, 190.4777 mm): Pad AD15 [+1V2_MGT] of U1 on F.Cu
[unconnected_items]: Missing connection between items
    Local override; error
    @(88.6340 mm, 191.4777 mm): Pad AE14 [+1V2_MGT] of U1 on F.Cu
    @(88.6340 mm, 193.4777 mm): Pad AE12 [+1V2_MGT] of U1 on F.Cu
[unconnected_items]: Missing connection between items
    Local override; error
    @(88.6340 mm, 191.4777 mm): Pad AE14 [+1V2_MGT] of U1 on F.Cu
    @(137.8500 mm, 148.7783 mm): Pad 1 [+1V2_MGT] of C110 on F.Cu
[unconnected_items]: Missing connection between items
    Local override; error
    @(88.6340 mm, 195.4777 mm): Pad AE10 [+1V2_MGT] of U1 on F.Cu
    @(88.6340 mm, 197.4777 mm): Pad AE8 [+1V2_MGT] of U1 on F.Cu
[unconnected_items]: Missing connection between items
    Local override; error
    @(88.6340 mm, 195.4777 mm): Pad AE10 [+1V2_MGT] of U1 on F.Cu
    @(88.6340 mm, 193.4777 mm): Pad AE12 [+1V2_MGT] of U1 on F.Cu
[unconnected_items]: Missing connection between items
    Local override; error
    @(177.2521 mm, 148.5083 mm): Pad 1 [+1V2_MGT] of C15 on F.Cu
    @(137.8500 mm, 148.7783 mm): Pad 1 [+1V2_MGT] of C110 on F.Cu
[unconnected_items]: Missing connection between items
    Local override; error
    @(185.1212 mm, 148.5083 mm): Pad 1 [+1V2_MGT] of C16 on F.Cu
    @(177.2521 mm, 148.5083 mm): Pad 1 [+1V2_MGT] of C15 on F.Cu
[unconnected_items]: Missing connection between items
    Local override; error
    @(192.9902 mm, 148.5083 mm): Pad 1 [+1V2_MGT] of C17 on F.Cu
    @(185.1212 mm, 148.5083 mm): Pad 1 [+1V2_MGT] of C16 on F.Cu
[unconnected_items]: Missing connection between items
    Local override; error
    @(200.8593 mm, 148.5083 mm): Pad 1 [+1V2_MGT] of C18 on F.Cu
    @(192.9902 mm, 148.5083 mm): Pad 1 [+1V2_MGT] of C17 on F.Cu
[unconnected_items]: Missing connection between items
    Local override; error
    @(201.5819 mm, 477.4097 mm): Pad 2 [+1V2_MGT] of R35 on F.Cu
    @(205.8250 mm, 477.4097 mm): Pad 2 [+1V2_MGT] of R89 on F.Cu
[unconnected_items]: Missing connection between items
    Local override; error
    @(203.1571 mm, 245.3572 mm): Pad 1 [+1V2_MGT] of R63 on F.Cu
    @(206.3298 mm, 220.8543 mm): Pad 1 [+1V2_MGT] of C204 on F.Cu
[unconnected_items]: Missing connection between items
    Local override; error
    @(203.1571 mm, 245.3572 mm): Pad 1 [+1V2_MGT] of R63 on F.Cu
    @(201.5819 mm, 477.4097 mm): Pad 2 [+1V2_MGT] of R35 on F.Cu
[unconnected_items]: Missing connection between items
    Local override; error
    @(213.4369 mm, 220.8543 mm): Pad 1 [+1V2_MGT] of C205 on F.Cu
    @(206.3298 mm, 220.8543 mm): Pad 1 [+1V2_MGT] of C204 on F.Cu
[unconnected_items]: Missing connection between items
    Local override; error
    @(216.5974 mm, 148.5083 mm): Pad 1 [+1V2_MGT] of C19 on F.Cu
    @(200.8593 mm, 148.5083 mm): Pad 1 [+1V2_MGT] of C18 on F.Cu
[unconnected_items]: Missing connection between items
    Local override; error
    @(216.5974 mm, 148.5083 mm): Pad 1 [+1V2_MGT] of C19 on F.Cu
    @(213.4369 mm, 220.8543 mm): Pad 1 [+1V2_MGT] of C205 on F.Cu
[unconnected_items]: Missing connection between items
    Local override; error
    @(224.4664 mm, 148.5083 mm): Pad 1 [+1V2_MGT] of C20 on F.Cu
    @(216.5974 mm, 148.5083 mm): Pad 1 [+1V2_MGT] of C19 on F.Cu
[unconnected_items]: Missing connection between items
    Local override; error
    @(232.3355 mm, 148.5083 mm): Pad 1 [+1V2_MGT] of C21 on F.Cu
    @(224.4664 mm, 148.5083 mm): Pad 1 [+1V2_MGT] of C20 on F.Cu
[unconnected_items]: Missing connection between items
    Local override; error
    @(240.2045 mm, 148.5083 mm): Pad 1 [+1V2_MGT] of C22 on F.Cu
    @(232.3355 mm, 148.5083 mm): Pad 1 [+1V2_MGT] of C21 on F.Cu
[unconnected_items]: Missing connection between items
    Local override; error
    @(248.0736 mm, 148.5083 mm): Pad 1 [+1V2_MGT] of C23 on F.Cu
    @(240.2045 mm, 148.5083 mm): Pad 1 [+1V2_MGT] of C22 on F.Cu
[unconnected_items]: Missing connection between items
    Local override; error
    @(255.9426 mm, 148.5083 mm): Pad 1 [+1V2_MGT] of C24 on F.Cu
    @(248.0736 mm, 148.5083 mm): Pad 1 [+1V2_MGT] of C23 on F.Cu
[unconnected_items]: Missing connection between items
    Local override; error
    @(259.1631 mm, 233.2308 mm): Pad 1 [+1V2_MGT] of L6 on F.Cu
    @(213.4369 mm, 220.8543 mm): Pad 1 [+1V2_MGT] of C205 on F.Cu
[unconnected_items]: Missing connection between items
    Local override; error
    @(263.8117 mm, 148.5083 mm): Pad 1 [+1V2_MGT] of C25 on F.Cu
    @(255.9426 mm, 148.5083 mm): Pad 1 [+1V2_MGT] of C24 on F.Cu
[unconnected_items]: Missing connection between items
    Local override; error
    @(271.6807 mm, 148.5083 mm): Pad 1 [+1V2_MGT] of C26 on F.Cu
    @(263.8117 mm, 148.5083 mm): Pad 1 [+1V2_MGT] of C25 on F.Cu
[unconnected_items]: Missing connection between items
    Local override; error
    @(70.7048 mm, 261.9538 mm): Pad 1 [+1V8] of R87 on F.Cu
    @(127.3079 mm, 399.3768 mm): PTH pad 5 [+1V8] of J19
[unconnected_items]: Missing connection between items
    Local override; error
    @(70.8381 mm, 148.7783 mm): Pad 1 [+1V8] of C102 on F.Cu
    @(63.4452 mm, 148.7783 mm): Pad 1 [+1V8] of C101 on F.Cu
[unconnected_items]: Missing connection between items
    Local override; error
    @(72.6340 mm, 196.4777 mm): Pad J9 [+1V8] of U1 on F.Cu
    @(74.6340 mm, 196.4777 mm): Pad L9 [+1V8] of U1 on F.Cu
[unconnected_items]: Missing connection between items
    Local override; error
    @(72.6340 mm, 196.4777 mm): Pad J9 [+1V8] of U1 on F.Cu
    @(70.7048 mm, 261.9538 mm): Pad 1 [+1V8] of R87 on F.Cu
[unconnected_items]: Missing connection between items
    Local override; error
    @(74.6340 mm, 196.4777 mm): Pad L9 [+1V8] of U1 on F.Cu
    @(76.6340 mm, 196.4777 mm): Pad N9 [+1V8] of U1 on F.Cu
[unconnected_items]: Missing connection between items
    Local override; error
    @(75.6340 mm, 193.4777 mm): Pad M12 [+1V8] of U1 on F.Cu
    @(74.6340 mm, 196.4777 mm): Pad L9 [+1V8] of U1 on F.Cu
[unconnected_items]: Missing connection between items
    Local override; error
    @(75.6340 mm, 193.4777 mm): Pad M12 [+1V8] of U1 on F.Cu
    @(70.8381 mm, 148.7783 mm): Pad 1 [+1V8] of C102 on F.Cu
[unconnected_items]: Missing connection between items
    Local override; error
    @(78.6340 mm, 196.4777 mm): Pad R9 [+1V8] of U1 on F.Cu
    @(80.6340 mm, 196.4777 mm): Pad U9 [+1V8] of U1 on F.Cu
[unconnected_items]: Missing connection between items
    Local override; error
    @(78.6340 mm, 196.4777 mm): Pad R9 [+1V8] of U1 on F.Cu
    @(76.6340 mm, 196.4777 mm): Pad N9 [+1V8] of U1 on F.Cu
[unconnected_items]: Missing connection between items
    Local override; error
    @(104.2760 mm, 158.0648 mm): Pad 1 [+1V8] of C40 on F.Cu
    @(112.1450 mm, 158.0648 mm): Pad 1 [+1V8] of C41 on F.Cu
[unconnected_items]: Missing connection between items
    Local override; error
    @(104.2760 mm, 158.0648 mm): Pad 1 [+1V8] of C40 on F.Cu
    @(70.8381 mm, 148.7783 mm): Pad 1 [+1V8] of C102 on F.Cu
[unconnected_items]: Missing connection between items
    Local override; error
    @(112.1450 mm, 158.0648 mm): Pad 1 [+1V8] of C41 on F.Cu
    @(120.0141 mm, 158.0648 mm): Pad 1 [+1V8] of C42 on F.Cu
[unconnected_items]: Missing connection between items
    Local override; error
    @(127.3079 mm, 399.3768 mm): PTH pad 5 [+1V8] of J19
    @(143.9864 mm, 399.3768 mm): PTH pad 5 [+1V8] of J20
[unconnected_items]: Missing connection between items
    Local override; error
    @(127.8831 mm, 158.0648 mm): Pad 1 [+1V8] of C43 on F.Cu
    @(135.7521 mm, 158.0648 mm): Pad 1 [+1V8] of C44 on F.Cu
[unconnected_items]: Missing connection between items
    Local override; error
    @(127.8831 mm, 158.0648 mm): Pad 1 [+1V8] of C43 on F.Cu
    @(120.0141 mm, 158.0648 mm): Pad 1 [+1V8] of C42 on F.Cu
[unconnected_items]: Missing connection between items
    Local override; error
    @(184.2464 mm, 220.8543 mm): Pad 1 [+1V8] of C201 on F.Cu
    @(191.3536 mm, 220.8543 mm): Pad 1 [+1V8] of C202 on F.Cu
[unconnected_items]: Missing connection between items
    Local override; error
    @(191.3536 mm, 220.8543 mm): Pad 1 [+1V8] of C202 on F.Cu
    @(188.8476 mm, 245.3572 mm): Pad 1 [+1V8] of R61 on F.Cu
[unconnected_items]: Missing connection between items
    Local override; error
    @(191.3536 mm, 220.8543 mm): Pad 1 [+1V8] of C202 on F.Cu
    @(208.7283 mm, 148.5083 mm): Pad 1 [+1V8] of C1 on F.Cu
[unconnected_items]: Missing connection between items
    Local override; error
    @(208.7283 mm, 148.5083 mm): Pad 1 [+1V8] of C1 on F.Cu
    @(135.7521 mm, 158.0648 mm): Pad 1 [+1V8] of C44 on F.Cu
[unconnected_items]: Missing connection between items
    Local override; error
    @(238.7226 mm, 233.2308 mm): Pad 1 [+1V8] of L5 on F.Cu
    @(191.3536 mm, 220.8543 mm): Pad 1 [+1V8] of C202 on F.Cu
[unconnected_items]: Missing connection between items
    Local override; error
    @(64.5500 mm, 261.9538 mm): Pad 1 [+2V5] of R86 on F.Cu
    @(124.7679 mm, 399.3768 mm): PTH pad 3 [+2V5] of J19
[unconnected_items]: Missing connection between items
    Local override; error
    @(124.7679 mm, 399.3768 mm): PTH pad 3 [+2V5] of J19
    @(141.4464 mm, 399.3768 mm): PTH pad 3 [+2V5] of J20
[unconnected_items]: Missing connection between items
    Local override; error
    @(162.1631 mm, 220.8543 mm): Pad 1 [+2V5] of C198 on F.Cu
    @(64.5500 mm, 261.9538 mm): Pad 1 [+2V5] of R86 on F.Cu
[unconnected_items]: Missing connection between items
    Local override; error
    @(169.2702 mm, 220.8543 mm): Pad 1 [+2V5] of C199 on F.Cu
    @(162.1631 mm, 220.8543 mm): Pad 1 [+2V5] of C198 on F.Cu
[unconnected_items]: Missing connection between items
    Local override; error
    @(169.2702 mm, 220.8543 mm): Pad 1 [+2V5] of C199 on F.Cu
    @(174.5381 mm, 245.3572 mm): Pad 1 [+2V5] of R59 on F.Cu
[unconnected_items]: Missing connection between items
    Local override; error
    @(174.5381 mm, 245.3572 mm): Pad 1 [+2V5] of R59 on F.Cu
    @(218.2821 mm, 233.2308 mm): Pad 1 [+2V5] of L4 on F.Cu
[unconnected_items]: Missing connection between items
    Local override; error
    @(32.5674 mm, 334.6112 mm): Pad 1 [+3V3] of R13 on F.Cu
    @(33.4545 mm, 312.9847 mm): Pad 1 [+3V3] of C116 on F.Cu
[unconnected_items]: Missing connection between items
    Local override; error
    @(33.4545 mm, 286.2342 mm): Pad 1 [+3V3] of C111 on F.Cu
    @(41.3236 mm, 286.2342 mm): Pad 1 [+3V3] of C112 on F.Cu
[unconnected_items]: Missing connection between items
    Local override; error
    @(33.4545 mm, 312.9847 mm): Pad 1 [+3V3] of C116 on F.Cu
    @(41.3236 mm, 312.9847 mm): Pad 1 [+3V3] of C117 on F.Cu
[unconnected_items]: Missing connection between items
    Local override; error
    @(33.4545 mm, 363.1137 mm): Pad 1 [+3V3] of C139 on F.Cu
    @(49.1926 mm, 363.1137 mm): Pad 1 [+3V3] of C141 on F.Cu
[unconnected_items]: Missing connection between items
    Local override; error
    @(33.4545 mm, 363.1137 mm): Pad 1 [+3V3] of C139 on F.Cu
    @(32.5674 mm, 334.6112 mm): Pad 1 [+3V3] of R13 on F.Cu
[unconnected_items]: Missing connection between items
    Local override; error
    @(39.1507 mm, 176.6478 mm): Pad 1 [+3V3] of R4 on F.Cu
    @(45.5912 mm, 176.6478 mm): Pad 1 [+3V3] of R5 on F.Cu
[unconnected_items]: Missing connection between items
    Local override; error
    @(40.7905 mm, 477.4097 mm): Pad 1 [+3V3] of C168 on F.Cu
    @(33.4545 mm, 477.1397 mm): Pad 1 [+3V3] of C167 on F.Cu
[unconnected_items]: Missing connection between items
    Local override; error
    @(49.1926 mm, 286.2342 mm): Pad 1 [+3V3] of C113 on F.Cu
    @(41.3236 mm, 286.2342 mm): Pad 1 [+3V3] of C112 on F.Cu
[unconnected_items]: Missing connection between items
    Local override; error
    @(49.1926 mm, 286.2342 mm): Pad 1 [+3V3] of C113 on F.Cu
    @(57.0617 mm, 286.2342 mm): Pad 1 [+3V3] of C114 on F.Cu
[unconnected_items]: Missing connection between items
    Local override; error
    @(49.1926 mm, 312.9847 mm): Pad 1 [+3V3] of C118 on F.Cu
    @(41.3236 mm, 312.9847 mm): Pad 1 [+3V3] of C117 on F.Cu
[unconnected_items]: Missing connection between items
    Local override; error
    @(57.0617 mm, 286.2342 mm): Pad 1 [+3V3] of C114 on F.Cu
    @(64.9307 mm, 286.2342 mm): Pad 1 [+3V3] of C115 on F.Cu
[unconnected_items]: Missing connection between items
    Local override; error
    @(57.0617 mm, 286.2342 mm): Pad 1 [+3V3] of C114 on F.Cu
    @(58.3952 mm, 261.9538 mm): Pad 1 [+3V3] of R85 on F.Cu
[unconnected_items]: Missing connection between items
    Local override; error
    @(57.0617 mm, 312.9847 mm): Pad 1 [+3V3] of C119 on F.Cu
    @(49.1926 mm, 312.9847 mm): Pad 1 [+3V3] of C118 on F.Cu
[unconnected_items]: Missing connection between items
    Local override; error
    @(58.3055 mm, 176.6478 mm): Pad 1 [+3V3] of R7 on F.Cu
    @(66.6340 mm, 180.4777 mm): Pad C25 [+3V3] of U1 on F.Cu
[unconnected_items]: Missing connection between items
    Local override; error
    @(58.3055 mm, 176.6478 mm): Pad 1 [+3V3] of R7 on F.Cu
    @(45.5912 mm, 176.6478 mm): Pad 1 [+3V3] of R5 on F.Cu
[unconnected_items]: Missing connection between items
    Local override; error
    @(64.6340 mm, 184.4777 mm): Pad A21 [+3V3] of U1 on F.Cu
    @(65.6340 mm, 187.4777 mm): Pad B18 [+3V3] of U1 on F.Cu
[unconnected_items]: Missing connection between items
    Local override; error
    @(64.9307 mm, 286.2342 mm): Pad 1 [+3V3] of C115 on F.Cu
    @(77.1655 mm, 289.0743 mm): Pad 8 [+3V3] of U2 on F.Cu
[unconnected_items]: Missing connection between items
    Local override; error
    @(64.9307 mm, 312.9847 mm): Pad 1 [+3V3] of C120 on F.Cu
    @(57.0617 mm, 312.9847 mm): Pad 1 [+3V3] of C119 on F.Cu
[unconnected_items]: Missing connection between items
    Local override; error
    @(64.9307 mm, 312.9847 mm): Pad 1 [+3V3] of C120 on F.Cu
    @(72.7998 mm, 312.9847 mm): Pad 1 [+3V3] of C121 on F.Cu
[unconnected_items]: Missing connection between items
    Local override; error
    @(66.6340 mm, 180.4777 mm): Pad C25 [+3V3] of U1 on F.Cu
    @(67.6340 mm, 183.4777 mm): Pad D22 [+3V3] of U1 on F.Cu
[unconnected_items]: Missing connection between items
    Local override; error
    @(67.6340 mm, 183.4777 mm): Pad D22 [+3V3] of U1 on F.Cu
    @(68.6340 mm, 186.4777 mm): Pad E19 [+3V3] of U1 on F.Cu
[unconnected_items]: Missing connection between items
    Local override; error
    @(67.6340 mm, 203.4777 mm): Pad D2 [+3V3] of U1 on F.Cu
    @(64.6340 mm, 204.4777 mm): Pad A1 [+3V3] of U1 on F.Cu
[unconnected_items]: Missing connection between items
    Local override; error
    @(67.6340 mm, 203.4777 mm): Pad D2 [+3V3] of U1 on F.Cu
    @(66.6340 mm, 200.4777 mm): Pad C5 [+3V3] of U1 on F.Cu
[unconnected_items]: Missing connection between items
    Local override; error
    @(68.6340 mm, 186.4777 mm): Pad E19 [+3V3] of U1 on F.Cu
    @(69.6340 mm, 189.4777 mm): Pad F16 [+3V3] of U1 on F.Cu
[unconnected_items]: Missing connection between items
    Local override; error
    @(68.6340 mm, 186.4777 mm): Pad E19 [+3V3] of U1 on F.Cu
    @(65.6340 mm, 187.4777 mm): Pad B18 [+3V3] of U1 on F.Cu
[unconnected_items]: Missing connection between items
    Local override; error
    @(68.6340 mm, 186.4777 mm): Pad E19 [+3V3] of U1 on F.Cu
    @(74.6340 mm, 184.4777 mm): Pad L21 [+3V3] of U1 on F.Cu
[unconnected_items]: Missing connection between items
    Local override; error
    @(69.6340 mm, 199.4777 mm): Pad F6 [+3V3] of U1 on F.Cu
    @(72.6340 mm, 198.4777 mm): Pad J7 [+3V3] of U1 on F.Cu
[unconnected_items]: Missing connection between items
    Local override; error
    @(70.6340 mm, 202.4777 mm): Pad G3 [+3V3] of U1 on F.Cu
    @(67.6340 mm, 203.4777 mm): Pad D2 [+3V3] of U1 on F.Cu
[unconnected_items]: Missing connection between items
    Local override; error
    @(70.6340 mm, 202.4777 mm): Pad G3 [+3V3] of U1 on F.Cu
    @(69.6340 mm, 199.4777 mm): Pad F6 [+3V3] of U1 on F.Cu
[unconnected_items]: Missing connection between items
    Local override; error
    @(72.6340 mm, 198.4777 mm): Pad J7 [+3V3] of U1 on F.Cu
    @(76.6340 mm, 190.4777 mm): Pad N15 [+3V3] of U1 on F.Cu
[unconnected_items]: Missing connection between items
    Local override; error
    @(73.6340 mm, 181.4777 mm): Pad K24 [+3V3] of U1 on F.Cu
    @(76.6340 mm, 180.4777 mm): Pad N25 [+3V3] of U1 on F.Cu
[unconnected_items]: Missing connection between items
    Local override; error
    @(74.6340 mm, 184.4777 mm): Pad L21 [+3V3] of U1 on F.Cu
    @(77.6340 mm, 183.4777 mm): Pad P22 [+3V3] of U1 on F.Cu
[unconnected_items]: Missing connection between items
    Local override; error
    @(77.1655 mm, 289.0743 mm): Pad 8 [+3V3] of U2 on F.Cu
    @(96.6060 mm, 289.0743 mm): Pad 8 [+3V3] of U3 on F.Cu
[unconnected_items]: Missing connection between items
    Local override; error
    @(77.6340 mm, 183.4777 mm): Pad P22 [+3V3] of U1 on F.Cu
    @(76.6340 mm, 180.4777 mm): Pad N25 [+3V3] of U1 on F.Cu
[unconnected_items]: Missing connection between items
    Local override; error
    @(77.6340 mm, 183.4777 mm): Pad P22 [+3V3] of U1 on F.Cu
    @(78.6340 mm, 186.4777 mm): Pad R19 [+3V3] of U1 on F.Cu
[unconnected_items]: Missing connection between items
    Local override; error
    @(78.2310 mm, 148.7783 mm): Pad 1 [+3V3] of C103 on F.Cu
    @(85.6238 mm, 148.7783 mm): Pad 1 [+3V3] of C104 on F.Cu
[unconnected_items]: Missing connection between items
    Local override; error
    @(79.6340 mm, 179.4777 mm): Pad T26 [+3V3] of U1 on F.Cu
    @(80.6340 mm, 182.4777 mm): Pad U23 [+3V3] of U1 on F.Cu
[unconnected_items]: Missing connection between items
    Local override; error
    @(79.6340 mm, 189.4777 mm): Pad T16 [+3V3] of U1 on F.Cu
    @(82.6340 mm, 188.4777 mm): Pad W17 [+3V3] of U1 on F.Cu
[unconnected_items]: Missing connection between items
    Local override; error
    @(79.6340 mm, 189.4777 mm): Pad T16 [+3V3] of U1 on F.Cu
    @(76.6340 mm, 190.4777 mm): Pad N15 [+3V3] of U1 on F.Cu
[unconnected_items]: Missing connection between items
    Local override; error
    @(80.6340 mm, 182.4777 mm): Pad U23 [+3V3] of U1 on F.Cu
    @(77.6340 mm, 183.4777 mm): Pad P22 [+3V3] of U1 on F.Cu
[unconnected_items]: Missing connection between items
    Local override; error
    @(80.6340 mm, 182.4777 mm): Pad U23 [+3V3] of U1 on F.Cu
    @(83.6340 mm, 181.4777 mm): Pad Y24 [+3V3] of U1 on F.Cu
[unconnected_items]: Missing connection between items
    Local override; error
    @(80.6688 mm, 312.9847 mm): Pad 1 [+3V3] of C122 on F.Cu
    @(72.7998 mm, 312.9847 mm): Pad 1 [+3V3] of C121 on F.Cu
[unconnected_items]: Missing connection between items
    Local override; error
    @(82.6340 mm, 188.4777 mm): Pad W17 [+3V3] of U1 on F.Cu
    @(81.6340 mm, 185.4777 mm): Pad V20 [+3V3] of U1 on F.Cu
[unconnected_items]: Missing connection between items
    Local override; error
    @(82.6340 mm, 194.4777 mm): Pad W11 [+3V3] of U1 on F.Cu
    @(83.6340 mm, 191.4777 mm): Pad Y14 [+3V3] of U1 on F.Cu
[unconnected_items]: Missing connection between items
    Local override; error
    @(82.6340 mm, 198.4777 mm): Pad W7 [+3V3] of U1 on F.Cu
    @(83.6340 mm, 201.4777 mm): Pad Y4 [+3V3] of U1 on F.Cu
[unconnected_items]: Missing connection between items
    Local override; error
    @(82.6340 mm, 198.4777 mm): Pad W7 [+3V3] of U1 on F.Cu
    @(82.6340 mm, 194.4777 mm): Pad W11 [+3V3] of U1 on F.Cu
[unconnected_items]: Missing connection between items
    Local override; error
    @(83.6340 mm, 181.4777 mm): Pad Y24 [+3V3] of U1 on F.Cu
    @(86.6340 mm, 180.4777 mm): Pad AC25 [+3V3] of U1 on F.Cu
[unconnected_items]: Missing connection between items
    Local override; error
    @(83.6340 mm, 181.4777 mm): Pad Y24 [+3V3] of U1 on F.Cu
    @(84.6340 mm, 184.4777 mm): Pad AA21 [+3V3] of U1 on F.Cu
[unconnected_items]: Missing connection between items
    Local override; error
    @(83.6340 mm, 191.4777 mm): Pad Y14 [+3V3] of U1 on F.Cu
    @(82.6340 mm, 188.4777 mm): Pad W17 [+3V3] of U1 on F.Cu
[unconnected_items]: Missing connection between items
    Local override; error
    @(83.6340 mm, 201.4777 mm): Pad Y4 [+3V3] of U1 on F.Cu
    @(86.6340 mm, 200.4777 mm): Pad AC5 [+3V3] of U1 on F.Cu
[unconnected_items]: Missing connection between items
    Local override; error
    @(83.6340 mm, 201.4777 mm): Pad Y4 [+3V3] of U1 on F.Cu
    @(84.6340 mm, 204.4777 mm): Pad AA1 [+3V3] of U1 on F.Cu
[unconnected_items]: Missing connection between items
    Local override; error
    @(83.6340 mm, 201.4777 mm): Pad Y4 [+3V3] of U1 on F.Cu
    @(80.6340 mm, 202.4777 mm): Pad U3 [+3V3] of U1 on F.Cu
[unconnected_items]: Missing connection between items
    Local override; error
    @(84.6340 mm, 184.4777 mm): Pad AA21 [+3V3] of U1 on F.Cu
    @(87.6340 mm, 183.4777 mm): Pad AD22 [+3V3] of U1 on F.Cu
[unconnected_items]: Missing connection between items
    Local override; error
    @(85.6238 mm, 148.7783 mm): Pad 1 [+3V3] of C104 on F.Cu
    @(88.5379 mm, 158.0648 mm): Pad 1 [+3V3] of C3 on F.Cu
[unconnected_items]: Missing connection between items
    Local override; error
    @(85.6340 mm, 187.4777 mm): Pad AB18 [+3V3] of U1 on F.Cu
    @(88.6340 mm, 186.4777 mm): Pad AE19 [+3V3] of U1 on F.Cu
[unconnected_items]: Missing connection between items
    Local override; error
    @(85.6340 mm, 190.4777 mm): Pad AB15 [+3V3] of U1 on F.Cu
    @(83.6340 mm, 191.4777 mm): Pad Y14 [+3V3] of U1 on F.Cu
[unconnected_items]: Missing connection between items
    Local override; error
    @(85.6340 mm, 190.4777 mm): Pad AB15 [+3V3] of U1 on F.Cu
    @(85.6340 mm, 187.4777 mm): Pad AB18 [+3V3] of U1 on F.Cu
[unconnected_items]: Missing connection between items
    Local override; error
    @(86.6340 mm, 180.4777 mm): Pad AC25 [+3V3] of U1 on F.Cu
    @(89.6340 mm, 179.4777 mm): Pad AF26 [+3V3] of U1 on F.Cu
[unconnected_items]: Missing connection between items
    Local override; error
    @(87.6340 mm, 183.4777 mm): Pad AD22 [+3V3] of U1 on F.Cu
    @(88.6340 mm, 186.4777 mm): Pad AE19 [+3V3] of U1 on F.Cu
[unconnected_items]: Missing connection between items
    Local override; error
    @(87.6340 mm, 203.4777 mm): Pad AD2 [+3V3] of U1 on F.Cu
    @(86.6340 mm, 200.4777 mm): Pad AC5 [+3V3] of U1 on F.Cu
[unconnected_items]: Missing connection between items
    Local override; error
    @(88.5379 mm, 167.0813 mm): Pad 1 [+3V3] of C73 on F.Cu
    @(88.5379 mm, 158.0648 mm): Pad 1 [+3V3] of C3 on F.Cu
[unconnected_items]: Missing connection between items
    Local override; error
    @(88.5379 mm, 167.0813 mm): Pad 1 [+3V3] of C73 on F.Cu
    @(89.6340 mm, 179.4777 mm): Pad AF26 [+3V3] of U1 on F.Cu
[unconnected_items]: Missing connection between items
    Local override; error
    @(88.5379 mm, 312.9847 mm): Pad 1 [+3V3] of C123 on F.Cu
    @(80.6688 mm, 312.9847 mm): Pad 1 [+3V3] of C122 on F.Cu
[unconnected_items]: Missing connection between items
    Local override; error
    @(88.5379 mm, 312.9847 mm): Pad 1 [+3V3] of C123 on F.Cu
    @(96.4069 mm, 312.9847 mm): Pad 1 [+3V3] of C124 on F.Cu
[unconnected_items]: Missing connection between items
    Local override; error
    @(96.4069 mm, 167.0813 mm): Pad 1 [+3V3] of C74 on F.Cu
    @(104.2760 mm, 167.0813 mm): Pad 1 [+3V3] of C75 on F.Cu
[unconnected_items]: Missing connection between items
    Local override; error
    @(96.4069 mm, 167.0813 mm): Pad 1 [+3V3] of C74 on F.Cu
    @(88.5379 mm, 167.0813 mm): Pad 1 [+3V3] of C73 on F.Cu
[unconnected_items]: Missing connection between items
    Local override; error
    @(96.4069 mm, 312.9847 mm): Pad 1 [+3V3] of C124 on F.Cu
    @(104.2760 mm, 312.9847 mm): Pad 1 [+3V3] of C125 on F.Cu
[unconnected_items]: Missing connection between items
    Local override; error
    @(96.6060 mm, 289.0743 mm): Pad 8 [+3V3] of U3 on F.Cu
    @(116.0464 mm, 289.0743 mm): Pad 8 [+3V3] of U4 on F.Cu
[unconnected_items]: Missing connection between items
    Local override; error
    @(96.6060 mm, 289.0743 mm): Pad 8 [+3V3] of U3 on F.Cu
    @(96.4069 mm, 312.9847 mm): Pad 1 [+3V3] of C124 on F.Cu
[unconnected_items]: Missing connection between items
    Local override; error
    @(112.1450 mm, 167.0813 mm): Pad 1 [+3V3] of C76 on F.Cu
    @(104.2760 mm, 167.0813 mm): Pad 1 [+3V3] of C75 on F.Cu
[unconnected_items]: Missing connection between items
    Local override; error
    @(112.1450 mm, 312.9847 mm): Pad 1 [+3V3] of C126 on F.Cu
    @(104.2760 mm, 312.9847 mm): Pad 1 [+3V3] of C125 on F.Cu
[unconnected_items]: Missing connection between items
    Local override; error
    @(120.0141 mm, 167.0813 mm): Pad 1 [+3V3] of C77 on F.Cu
    @(112.1450 mm, 167.0813 mm): Pad 1 [+3V3] of C76 on F.Cu
[unconnected_items]: Missing connection between items
    Local override; error
    @(122.2279 mm, 399.3768 mm): PTH pad 1 [+3V3] of J19
    @(138.9064 mm, 399.3768 mm): PTH pad 1 [+3V3] of J20
[unconnected_items]: Missing connection between items
    Local override; error
    @(127.8831 mm, 167.0813 mm): Pad 1 [+3V3] of C78 on F.Cu
    @(120.0141 mm, 167.0813 mm): Pad 1 [+3V3] of C77 on F.Cu
[unconnected_items]: Missing connection between items
    Local override; error
    @(127.8831 mm, 167.0813 mm): Pad 1 [+3V3] of C78 on F.Cu
    @(143.6212 mm, 167.0813 mm): Pad 1 [+3V3] of C79 on F.Cu
[unconnected_items]: Missing connection between items
    Local override; error
    @(134.2045 mm, 220.3342 mm): Pad 1 [+3V3] of C194 on F.Cu
    @(87.6340 mm, 203.4777 mm): Pad AD2 [+3V3] of U1 on F.Cu
[unconnected_items]: Missing connection between items
    Local override; error
    @(135.4869 mm, 289.0743 mm): Pad 8 [+3V3] of U5 on F.Cu
    @(116.0464 mm, 289.0743 mm): Pad 8 [+3V3] of U4 on F.Cu
[unconnected_items]: Missing connection between items
    Local override; error
    @(135.4869 mm, 289.0743 mm): Pad 8 [+3V3] of U5 on F.Cu
    @(143.0881 mm, 312.9847 mm): Pad 1 [+3V3] of C130 on F.Cu
[unconnected_items]: Missing connection between items
    Local override; error
    @(138.9064 mm, 399.3768 mm): PTH pad 1 [+3V3] of J20
    @(144.0493 mm, 452.3032 mm): Pad 1 [+3V3] of U10 on F.Cu
[unconnected_items]: Missing connection between items
    Local override; error
    @(138.9064 mm, 399.3768 mm): PTH pad 1 [+3V3] of J20
    @(167.4960 mm, 334.6112 mm): Pad 1 [+3V3] of R8 on F.Cu
[unconnected_items]: Missing connection between items
    Local override; error
    @(140.8417 mm, 220.8543 mm): Pad 1 [+3V3] of C195 on F.Cu
    @(134.2045 mm, 220.3342 mm): Pad 1 [+3V3] of C194 on F.Cu
[unconnected_items]: Missing connection between items
    Local override; error
    @(140.8417 mm, 220.8543 mm): Pad 1 [+3V3] of C195 on F.Cu
    @(147.9488 mm, 220.8543 mm): Pad 1 [+3V3] of C196 on F.Cu
[unconnected_items]: Missing connection between items
    Local override; error
    @(143.6212 mm, 167.0813 mm): Pad 1 [+3V3] of C79 on F.Cu
    @(151.4902 mm, 167.0813 mm): Pad 1 [+3V3] of C80 on F.Cu
[unconnected_items]: Missing connection between items
    Local override; error
    @(144.0493 mm, 452.3032 mm): Pad 1 [+3V3] of U10 on F.Cu
    @(40.7905 mm, 477.4097 mm): Pad 1 [+3V3] of C168 on F.Cu
[unconnected_items]: Missing connection between items
    Local override; error
    @(147.9488 mm, 220.8543 mm): Pad 1 [+3V3] of C196 on F.Cu
    @(155.0560 mm, 220.8543 mm): Pad 1 [+3V3] of C197 on F.Cu
[unconnected_items]: Missing connection between items
    Local override; error
    @(150.2521 mm, 477.1397 mm): Pad 1 [+3V3] of C182 on F.Cu
    @(144.0493 mm, 452.3032 mm): Pad 1 [+3V3] of U10 on F.Cu
[unconnected_items]: Missing connection between items
    Local override; error
    @(151.4902 mm, 167.0813 mm): Pad 1 [+3V3] of C80 on F.Cu
    @(159.3593 mm, 167.0813 mm): Pad 1 [+3V3] of C81 on F.Cu
[unconnected_items]: Missing connection between items
    Local override; error
    @(152.3321 mm, 289.0713 mm): Pad 8 [+3V3] of U6 on F.Cu
    @(135.4869 mm, 289.0743 mm): Pad 8 [+3V3] of U5 on F.Cu
[unconnected_items]: Missing connection between items
    Local override; error
    @(152.3321 mm, 289.0713 mm): Pad 8 [+3V3] of U6 on F.Cu
    @(159.9905 mm, 245.3572 mm): Pad 1 [+3V3] of R57 on F.Cu
[unconnected_items]: Missing connection between items
    Local override; error
    @(155.0560 mm, 220.8543 mm): Pad 1 [+3V3] of C197 on F.Cu
    @(159.9905 mm, 245.3572 mm): Pad 1 [+3V3] of R57 on F.Cu
[unconnected_items]: Missing connection between items
    Local override; error
    @(159.9905 mm, 245.3572 mm): Pad 1 [+3V3] of R57 on F.Cu
    @(195.9321 mm, 233.2308 mm): Pad 1 [+3V3] of L3 on F.Cu
[unconnected_items]: Missing connection between items
    Local override; error
    @(161.6802 mm, 452.3032 mm): Pad 1 [+3V3] of U9 on F.Cu
    @(144.0493 mm, 452.3032 mm): Pad 1 [+3V3] of U10 on F.Cu
[unconnected_items]: Missing connection between items
    Local override; error
    @(167.2283 mm, 167.0813 mm): Pad 1 [+3V3] of C82 on F.Cu
    @(159.3593 mm, 167.0813 mm): Pad 1 [+3V3] of C81 on F.Cu
[unconnected_items]: Missing connection between items
    Local override; error
    @(167.4960 mm, 334.6112 mm): Pad 1 [+3V3] of R8 on F.Cu
    @(143.0881 mm, 312.9847 mm): Pad 1 [+3V3] of C130 on F.Cu
[unconnected_items]: Missing connection between items
    Local override; error
    @(175.0974 mm, 158.0648 mm): Pad 1 [+3V3] of C4 on F.Cu
    @(182.9664 mm, 158.0648 mm): Pad 1 [+3V3] of C49 on F.Cu
[unconnected_items]: Missing connection between items
    Local override; error
    @(175.0974 mm, 167.0813 mm): Pad 1 [+3V3] of C83 on F.Cu
    @(167.2283 mm, 167.0813 mm): Pad 1 [+3V3] of C82 on F.Cu
[unconnected_items]: Missing connection between items
    Local override; error
    @(182.9664 mm, 158.0648 mm): Pad 1 [+3V3] of C49 on F.Cu
    @(190.8355 mm, 158.0648 mm): Pad 1 [+3V3] of C50 on F.Cu
[unconnected_items]: Missing connection between items
    Local override; error
    @(182.9664 mm, 158.0648 mm): Pad 1 [+3V3] of C49 on F.Cu
    @(182.9664 mm, 167.0813 mm): Pad 1 [+3V3] of C84 on F.Cu
[unconnected_items]: Missing connection between items
    Local override; error
    @(182.9664 mm, 167.0813 mm): Pad 1 [+3V3] of C84 on F.Cu
    @(175.0974 mm, 167.0813 mm): Pad 1 [+3V3] of C83 on F.Cu
[unconnected_items]: Missing connection between items
    Local override; error
    @(187.8831 mm, 312.9847 mm): Pad 1 [+3V3] of C136 on F.Cu
    @(202.8593 mm, 312.9847 mm): Pad 1 [+3V3] of C138 on F.Cu
[unconnected_items]: Missing connection between items
    Local override; error
    @(187.8831 mm, 312.9847 mm): Pad 1 [+3V3] of C136 on F.Cu
    @(167.4960 mm, 334.6112 mm): Pad 1 [+3V3] of R8 on F.Cu
[unconnected_items]: Missing connection between items
    Local override; error
    @(191.4831 mm, 479.9797 mm): Pad 2 [+3V3] of Q1 on F.Cu
    @(206.7826 mm, 477.1497 mm): Pad 1 [+3V3] of R36 on F.Cu
[unconnected_items]: Missing connection between items
    Local override; error
    @(191.4831 mm, 479.9797 mm): Pad 2 [+3V3] of Q1 on F.Cu
    @(161.6802 mm, 452.3032 mm): Pad 1 [+3V3] of U9 on F.Cu
[unconnected_items]: Missing connection between items
    Local override; error
    @(195.9321 mm, 233.2308 mm): Pad 1 [+3V3] of L3 on F.Cu
    @(223.4602 mm, 245.0973 mm): Pad 1 [+3V3] of R66 on F.Cu
[unconnected_items]: Missing connection between items
    Local override; error
    @(198.7045 mm, 158.0648 mm): Pad 1 [+3V3] of C51 on F.Cu
    @(190.8355 mm, 158.0648 mm): Pad 1 [+3V3] of C50 on F.Cu
[unconnected_items]: Missing connection between items
    Local override; error
    @(202.3169 mm, 337.4442 mm): Pad 24 [+3V3] of U20 on F.Cu
    @(202.8593 mm, 312.9847 mm): Pad 1 [+3V3] of C138 on F.Cu
[unconnected_items]: Missing connection between items
    Local override; error
    @(206.5736 mm, 158.0648 mm): Pad 1 [+3V3] of C52 on F.Cu
    @(198.7045 mm, 158.0648 mm): Pad 1 [+3V3] of C51 on F.Cu
[unconnected_items]: Missing connection between items
    Local override; error
    @(206.5736 mm, 158.0648 mm): Pad 1 [+3V3] of C52 on F.Cu
    @(214.4426 mm, 158.0648 mm): Pad 1 [+3V3] of C53 on F.Cu
[unconnected_items]: Missing connection between items
    Local override; error
    @(206.7826 mm, 477.1497 mm): Pad 1 [+3V3] of R36 on F.Cu
    @(213.4612 mm, 477.1497 mm): Pad 1 [+3V3] of R37 on F.Cu
[unconnected_items]: Missing connection between items
    Local override; error
    @(209.4569 mm, 337.4442 mm): Pad 13 [+3V3] of U20 on F.Cu
    @(202.3169 mm, 337.4442 mm): Pad 24 [+3V3] of U20 on F.Cu
[unconnected_items]: Missing connection between items
    Local override; error
    @(209.4569 mm, 337.4442 mm): Pad 13 [+3V3] of U20 on F.Cu
    @(217.5603 mm, 340.1492 mm): Pad 5 [+3V3] of U7 on F.Cu
[unconnected_items]: Missing connection between items
    Local override; error
    @(213.4612 mm, 477.1497 mm): Pad 1 [+3V3] of R37 on F.Cu
    @(219.9017 mm, 477.1497 mm): Pad 1 [+3V3] of R38 on F.Cu
[unconnected_items]: Missing connection between items
    Local override; error
    @(214.4426 mm, 158.0648 mm): Pad 1 [+3V3] of C53 on F.Cu
    @(222.3117 mm, 158.0648 mm): Pad 1 [+3V3] of C54 on F.Cu
[unconnected_items]: Missing connection between items
    Local override; error
    @(217.5603 mm, 340.1492 mm): Pad 5 [+3V3] of U7 on F.Cu
    @(220.2703 mm, 337.4393 mm): Pad 76 [+3V3] of U7 on F.Cu
[unconnected_items]: Missing connection between items
    Local override; error
    @(217.5603 mm, 344.1492 mm): Pad 15 [+3V3] of U7 on F.Cu
    @(219.8703 mm, 347.2593 mm): Pad 24 [+3V3] of U7 on F.Cu
[unconnected_items]: Missing connection between items
    Local override; error
    @(217.5603 mm, 344.1492 mm): Pad 15 [+3V3] of U7 on F.Cu
    @(217.5603 mm, 340.1492 mm): Pad 5 [+3V3] of U7 on F.Cu
[unconnected_items]: Missing connection between items
    Local override; error
    @(220.2703 mm, 337.4393 mm): Pad 76 [+3V3] of U7 on F.Cu
    @(223.0703 mm, 337.4393 mm): Pad 69 [+3V3] of U7 on F.Cu
[unconnected_items]: Missing connection between items
    Local override; error
    @(221.8703 mm, 347.2593 mm): Pad 29 [+3V3] of U7 on F.Cu
    @(219.8703 mm, 347.2593 mm): Pad 24 [+3V3] of U7 on F.Cu
[unconnected_items]: Missing connection between items
    Local override; error
    @(222.3117 mm, 158.0648 mm): Pad 1 [+3V3] of C54 on F.Cu
    @(230.1807 mm, 158.0648 mm): Pad 1 [+3V3] of C55 on F.Cu
[unconnected_items]: Missing connection between items
    Local override; error
    @(223.4602 mm, 245.0973 mm): Pad 1 [+3V3] of R66 on F.Cu
    @(201.8631 mm, 266.8227 mm): Pad 2 [+3V3] of U22 on F.Cu
[unconnected_items]: Missing connection between items
    Local override; error
    @(223.4703 mm, 337.4393 mm): Pad 68 [+3V3] of U7 on F.Cu
    @(223.0703 mm, 337.4393 mm): Pad 69 [+3V3] of U7 on F.Cu
[unconnected_items]: Missing connection between items
    Local override; error
    @(225.0703 mm, 337.4393 mm): Pad 64 [+3V3] of U7 on F.Cu
    @(223.4703 mm, 337.4393 mm): Pad 68 [+3V3] of U7 on F.Cu
[unconnected_items]: Missing connection between items
    Local override; error
    @(226.3421 mm, 477.1497 mm): Pad 1 [+3V3] of R39 on F.Cu
    @(232.7826 mm, 477.1497 mm): Pad 1 [+3V3] of R40 on F.Cu
[unconnected_items]: Missing connection between items
    Local override; error
    @(226.3421 mm, 477.1497 mm): Pad 1 [+3V3] of R39 on F.Cu
    @(219.9017 mm, 477.1497 mm): Pad 1 [+3V3] of R38 on F.Cu
[unconnected_items]: Missing connection between items
    Local override; error
    @(227.3803 mm, 338.5492 mm): Pad 60 [+3V3] of U7 on F.Cu
    @(227.3803 mm, 338.9493 mm): Pad 59 [+3V3] of U7 on F.Cu
[unconnected_items]: Missing connection between items
    Local override; error
    @(227.3803 mm, 338.5492 mm): Pad 60 [+3V3] of U7 on F.Cu
    @(225.0703 mm, 337.4393 mm): Pad 64 [+3V3] of U7 on F.Cu
[unconnected_items]: Missing connection between items
    Local override; error
    @(227.3803 mm, 338.9493 mm): Pad 59 [+3V3] of U7 on F.Cu
    @(227.3803 mm, 342.5492 mm): Pad 50 [+3V3] of U7 on F.Cu
[unconnected_items]: Missing connection between items
    Local override; error
    @(227.3803 mm, 342.5492 mm): Pad 50 [+3V3] of U7 on F.Cu
    @(227.3803 mm, 346.1492 mm): Pad 41 [+3V3] of U7 on F.Cu
[unconnected_items]: Missing connection between items
    Local override; error
    @(230.1807 mm, 158.0648 mm): Pad 1 [+3V3] of C55 on F.Cu
    @(238.0498 mm, 158.0648 mm): Pad 1 [+3V3] of C56 on F.Cu
[unconnected_items]: Missing connection between items
    Local override; error
    @(232.7826 mm, 477.1497 mm): Pad 1 [+3V3] of R40 on F.Cu
    @(239.2231 mm, 477.1497 mm): Pad 1 [+3V3] of R41 on F.Cu
[unconnected_items]: Missing connection between items
    Local override; error
    @(234.0823 mm, 337.4442 mm): Pad 8 [+3V3] of U8 on F.Cu
    @(227.3803 mm, 338.5492 mm): Pad 60 [+3V3] of U7 on F.Cu
[unconnected_items]: Missing connection between items
    Local override; error
    @(234.0823 mm, 337.4442 mm): Pad 8 [+3V3] of U8 on F.Cu
    @(246.9850 mm, 320.5548 mm): PTH pad 1 [+3V3] of J2
[unconnected_items]: Missing connection between items
    Local override; error
    @(238.0498 mm, 158.0648 mm): Pad 1 [+3V3] of C56 on F.Cu
    @(245.9188 mm, 158.0648 mm): Pad 1 [+3V3] of C57 on F.Cu
[unconnected_items]: Missing connection between items
    Local override; error
    @(245.6636 mm, 477.1497 mm): Pad 1 [+3V3] of R42 on F.Cu
    @(239.2231 mm, 477.1497 mm): Pad 1 [+3V3] of R41 on F.Cu
[unconnected_items]: Missing connection between items
    Local override; error
    @(245.6636 mm, 477.1497 mm): Pad 1 [+3V3] of R42 on F.Cu
    @(252.1041 mm, 477.1497 mm): Pad 1 [+3V3] of R43 on F.Cu
[unconnected_items]: Missing connection between items
    Local override; error
    @(245.9188 mm, 158.0648 mm): Pad 1 [+3V3] of C57 on F.Cu
    @(253.7879 mm, 158.0648 mm): Pad 1 [+3V3] of C58 on F.Cu
[unconnected_items]: Missing connection between items
    Local override; error
    @(245.9188 mm, 158.0648 mm): Pad 1 [+3V3] of C57 on F.Cu
    @(245.9188 mm, 167.0813 mm): Pad 1 [+3V3] of C91 on F.Cu
[unconnected_items]: Missing connection between items
    Local override; error
    @(245.9188 mm, 167.0813 mm): Pad 1 [+3V3] of C91 on F.Cu
    @(253.7879 mm, 167.0813 mm): Pad 1 [+3V3] of C92 on F.Cu
[unconnected_items]: Missing connection between items
    Local override; error
    @(252.1041 mm, 477.1497 mm): Pad 1 [+3V3] of R43 on F.Cu
    @(258.5445 mm, 477.1497 mm): Pad 1 [+3V3] of R44 on F.Cu
[unconnected_items]: Missing connection between items
    Local override; error
    @(253.7879 mm, 167.0813 mm): Pad 1 [+3V3] of C92 on F.Cu
    @(261.6569 mm, 167.0813 mm): Pad 1 [+3V3] of C93 on F.Cu
[unconnected_items]: Missing connection between items
    Local override; error
    @(261.6569 mm, 167.0813 mm): Pad 1 [+3V3] of C93 on F.Cu
    @(269.5260 mm, 167.0813 mm): Pad 1 [+3V3] of C94 on F.Cu
[unconnected_items]: Missing connection between items
    Local override; error
    @(264.9850 mm, 477.1497 mm): Pad 1 [+3V3] of R45 on F.Cu
    @(258.5445 mm, 477.1497 mm): Pad 1 [+3V3] of R44 on F.Cu
[unconnected_items]: Missing connection between items
    Local override; error
    @(264.9850 mm, 477.1497 mm): Pad 1 [+3V3] of R45 on F.Cu
    @(271.7202 mm, 477.3297 mm): Pad 16 [+3V3] of U17 on F.Cu
[unconnected_items]: Missing connection between items
    Local override; error
    @(269.5260 mm, 167.0813 mm): Pad 1 [+3V3] of C94 on F.Cu
    @(277.3950 mm, 167.0813 mm): Pad 1 [+3V3] of C95 on F.Cu
[unconnected_items]: Missing connection between items
    Local override; error
    @(270.8952 mm, 245.3572 mm): Pad 1 [+3V3] of R73 on F.Cu
    @(223.4602 mm, 245.0973 mm): Pad 1 [+3V3] of R66 on F.Cu
[unconnected_items]: Missing connection between items
    Local override; error
    @(271.7202 mm, 477.3297 mm): Pad 16 [+3V3] of U17 on F.Cu
    @(274.2702 mm, 486.8297 mm): Pad 3 [+3V3] of U17 on F.Cu
[unconnected_items]: Missing connection between items
    Local override; error
    @(272.0331 mm, 315.4747 mm): PTH pad 1 [+3V3] of J52
    @(246.9850 mm, 320.5548 mm): PTH pad 1 [+3V3] of J2
[unconnected_items]: Missing connection between items
    Local override; error
    @(272.0331 mm, 315.4747 mm): PTH pad 1 [+3V3] of J52
    @(310.6502 mm, 312.9948 mm): Pad 1 [+3V3] of R10 on F.Cu
[unconnected_items]: Missing connection between items
    Local override; error
    @(274.2702 mm, 486.8297 mm): Pad 3 [+3V3] of U17 on F.Cu
    @(292.9860 mm, 481.9797 mm): Pad 1 [+3V3] of X2 on F.Cu
[unconnected_items]: Missing connection between items
    Local override; error
    @(277.3950 mm, 158.0648 mm): Pad 1 [+3V3] of C60 on F.Cu
    @(269.5260 mm, 158.0648 mm): Pad 1 [+3V3] of C59 on F.Cu
[unconnected_items]: Missing connection between items
    Local override; error
    @(277.3950 mm, 158.0648 mm): Pad 1 [+3V3] of C60 on F.Cu
    @(285.2641 mm, 158.0648 mm): Pad 1 [+3V3] of C61 on F.Cu
[unconnected_items]: Missing connection between items
    Local override; error
    @(277.3950 mm, 167.0813 mm): Pad 1 [+3V3] of C95 on F.Cu
    @(277.3950 mm, 158.0648 mm): Pad 1 [+3V3] of C60 on F.Cu
[unconnected_items]: Missing connection between items
    Local override; error
    @(285.2641 mm, 158.0648 mm): Pad 1 [+3V3] of C61 on F.Cu
    @(293.1331 mm, 158.0648 mm): Pad 1 [+3V3] of C62 on F.Cu
[unconnected_items]: Missing connection between items
    Local override; error
    @(285.2641 mm, 167.0813 mm): Pad 1 [+3V3] of C96 on F.Cu
    @(277.3950 mm, 167.0813 mm): Pad 1 [+3V3] of C95 on F.Cu
[unconnected_items]: Missing connection between items
    Local override; error
    @(292.9860 mm, 479.9797 mm): Pad 6 [+3V3] of X2 on F.Cu
    @(292.9860 mm, 481.9797 mm): Pad 1 [+3V3] of X2 on F.Cu
[unconnected_items]: Missing connection between items
    Local override; error
    @(293.1331 mm, 158.0648 mm): Pad 1 [+3V3] of C62 on F.Cu
    @(301.0022 mm, 158.0648 mm): Pad 1 [+3V3] of C63 on F.Cu
[unconnected_items]: Missing connection between items
    Local override; error
    @(295.2879 mm, 148.5083 mm): Pad 1 [+3V3] of C2 on F.Cu
    @(293.1331 mm, 158.0648 mm): Pad 1 [+3V3] of C62 on F.Cu
[unconnected_items]: Missing connection between items
    Local override; error
    @(301.0022 mm, 158.0648 mm): Pad 1 [+3V3] of C63 on F.Cu
    @(308.8712 mm, 158.0648 mm): Pad 1 [+3V3] of C64 on F.Cu
[unconnected_items]: Missing connection between items
    Local override; error
    @(310.6502 mm, 312.9948 mm): Pad 1 [+3V3] of R10 on F.Cu
    @(316.8050 mm, 312.9948 mm): Pad 1 [+3V3] of R11 on F.Cu
[unconnected_items]: Missing connection between items
    Local override; error
    @(316.7403 mm, 158.0648 mm): Pad 1 [+3V3] of C65 on F.Cu
    @(308.8712 mm, 158.0648 mm): Pad 1 [+3V3] of C64 on F.Cu
[unconnected_items]: Missing connection between items
    Local override; error
    @(316.7403 mm, 158.0648 mm): Pad 1 [+3V3] of C65 on F.Cu
    @(318.9007 mm, 167.0913 mm): Pad 1 [+3V3] of R1 on F.Cu
[unconnected_items]: Missing connection between items
    Local override; error
    @(320.8262 mm, 220.6043 mm): Pad 1 [+3V3] of C219 on F.Cu
    @(318.9007 mm, 167.0913 mm): Pad 1 [+3V3] of R1 on F.Cu
[unconnected_items]: Missing connection between items
    Local override; error
    @(324.6093 mm, 158.0648 mm): Pad 1 [+3V3] of C66 on F.Cu
    @(316.7403 mm, 158.0648 mm): Pad 1 [+3V3] of C65 on F.Cu
[unconnected_items]: Missing connection between items
    Local override; error
    @(339.5200 mm, 161.0000 mm): Pad 1 [+3V3] of C231 on F.Cu
    @(339.4900 mm, 153.0000 mm): Pad 1 [+3V3] of R98 on F.Cu
[unconnected_items]: Missing connection between items
    Local override; error
    @(339.5200 mm, 161.0000 mm): Pad 1 [+3V3] of C231 on F.Cu
    @(324.6093 mm, 158.0648 mm): Pad 1 [+3V3] of C66 on F.Cu
[unconnected_items]: Missing connection between items
    Local override; error
    @(369.4900 mm, 181.0000 mm): Pad 1 [+3V3] of R128 on F.Cu
    @(379.4900 mm, 181.0000 mm): Pad 1 [+3V3] of R129 on F.Cu
[unconnected_items]: Missing connection between items
    Local override; error
    @(371.4900 mm, 161.0000 mm): Pad 1 [+3V3] of R103 on F.Cu
    @(369.4900 mm, 181.0000 mm): Pad 1 [+3V3] of R128 on F.Cu
[unconnected_items]: Missing connection between items
    Local override; error
    @(371.4900 mm, 161.0000 mm): Pad 1 [+3V3] of R103 on F.Cu
    @(339.5200 mm, 161.0000 mm): Pad 1 [+3V3] of C231 on F.Cu
[unconnected_items]: Missing connection between items
    Local override; error
    @(379.4900 mm, 181.0000 mm): Pad 1 [+3V3] of R129 on F.Cu
    @(389.4900 mm, 181.0000 mm): Pad 1 [+3V3] of R130 on F.Cu
[unconnected_items]: Missing connection between items
    Local override; error
    @(387.1750 mm, 145.0000 mm): Pad 1 [+3V3] of R96 on F.Cu
    @(390.8625 mm, 159.0500 mm): Pad 14 [+3V3] of U27 on F.Cu
[unconnected_items]: Missing connection between items
    Local override; error
    @(390.8625 mm, 159.0500 mm): Pad 14 [+3V3] of U27 on F.Cu
    @(371.4900 mm, 161.0000 mm): Pad 1 [+3V3] of R103 on F.Cu
[unconnected_items]: Missing connection between items
    Local override; error
    @(395.1750 mm, 145.0000 mm): Pad 1 [+3V3] of R97 on F.Cu
    @(387.1750 mm, 145.0000 mm): Pad 1 [+3V3] of R96 on F.Cu
[unconnected_items]: Missing connection between items
    Local override; error
    @(32.6988 mm, 378.4802 mm): Pad 1 [+3V3_EXT] of F19 on F.Cu
    @(39.7602 mm, 399.3768 mm): PTH pad 5 [+3V3_EXT] of J13
[unconnected_items]: Missing connection between items
    Local override; error
    @(39.7602 mm, 399.3768 mm): PTH pad 5 [+3V3_EXT] of J13
    @(54.2007 mm, 399.3768 mm): PTH pad 5 [+3V3_EXT] of J14
[unconnected_items]: Missing connection between items
    Local override; error
    @(54.2007 mm, 399.3768 mm): PTH pad 5 [+3V3_EXT] of J14
    @(68.5936 mm, 399.3768 mm): PTH pad 5 [+3V3_EXT] of J15
[unconnected_items]: Missing connection between items
    Local override; error
    @(68.5936 mm, 399.3768 mm): PTH pad 5 [+3V3_EXT] of J15
    @(82.9150 mm, 399.3768 mm): PTH pad 5 [+3V3_EXT] of J16
[unconnected_items]: Missing connection between items
    Local override; error
    @(68.5936 mm, 399.3768 mm): PTH pad 5 [+3V3_EXT] of J15
    @(74.1869 mm, 378.4802 mm): Pad 1 [+3V3_EXT] of F23 on F.Cu
[unconnected_items]: Missing connection between items
    Local override; error
    @(82.9150 mm, 399.3768 mm): PTH pad 5 [+3V3_EXT] of J16
    @(97.2841 mm, 399.3768 mm): PTH pad 5 [+3V3_EXT] of J17
[unconnected_items]: Missing connection between items
    Local override; error
    @(97.2841 mm, 399.3768 mm): PTH pad 5 [+3V3_EXT] of J17
    @(111.7483 mm, 399.3768 mm): PTH pad 5 [+3V3_EXT] of J18
[unconnected_items]: Missing connection between items
    Local override; error
    @(111.7483 mm, 399.3768 mm): PTH pad 5 [+3V3_EXT] of J18
    @(107.3774 mm, 378.4802 mm): Pad 1 [+3V3_EXT] of F27 on F.Cu
[unconnected_items]: Missing connection between items
    Local override; error
    @(132.2702 mm, 378.4802 mm): Pad 1 [+3V3_EXT] of F3 on F.Cu
    @(148.8655 mm, 378.4802 mm): Pad 1 [+3V3_EXT] of F31 on F.Cu
[unconnected_items]: Missing connection between items
    Local override; error
    @(132.2702 mm, 378.4802 mm): Pad 1 [+3V3_EXT] of F3 on F.Cu
    @(107.3774 mm, 378.4802 mm): Pad 1 [+3V3_EXT] of F27 on F.Cu
[unconnected_items]: Missing connection between items
    Local override; error
    @(159.6412 mm, 399.3768 mm): PTH pad 5 [+3V3_EXT] of J21
    @(148.8655 mm, 378.4802 mm): Pad 1 [+3V3_EXT] of F31 on F.Cu
[unconnected_items]: Missing connection between items
    Local override; error
    @(182.0560 mm, 378.4802 mm): Pad 1 [+3V3_EXT] of F35 on F.Cu
    @(159.6412 mm, 399.3768 mm): PTH pad 5 [+3V3_EXT] of J21
[unconnected_items]: Missing connection between items
    Local override; error
    @(182.0560 mm, 378.4802 mm): Pad 1 [+3V3_EXT] of F35 on F.Cu
    @(215.2464 mm, 378.4802 mm): Pad 1 [+3V3_EXT] of F39 on F.Cu
[unconnected_items]: Missing connection between items
    Local override; error
    @(201.8631 mm, 264.5227 mm): Pad 5 [+3V3_EXT] of U22 on F.Cu
    @(242.3655 mm, 365.9537 mm): Pad 1 [+3V3_EXT] of F1 on F.Cu
[unconnected_items]: Missing connection between items
    Local override; error
    @(215.2464 mm, 378.4802 mm): Pad 1 [+3V3_EXT] of F39 on F.Cu
    @(240.1393 mm, 380.6503 mm): Pad 1 [+3V3_EXT] of F5 on F.Cu
[unconnected_items]: Missing connection between items
    Local override; error
    @(242.3655 mm, 365.9537 mm): Pad 1 [+3V3_EXT] of F1 on F.Cu
    @(240.1393 mm, 380.6503 mm): Pad 1 [+3V3_EXT] of F5 on F.Cu
[unconnected_items]: Missing connection between items
    Local override; error
    @(256.7345 mm, 378.4802 mm): Pad 1 [+3V3_EXT] of F7 on F.Cu
    @(258.9607 mm, 363.7837 mm): Pad 1 [+3V3_EXT] of F11 on F.Cu
[unconnected_items]: Missing connection between items
    Local override; error
    @(258.9607 mm, 363.7837 mm): Pad 1 [+3V3_EXT] of F11 on F.Cu
    @(242.3655 mm, 365.9537 mm): Pad 1 [+3V3_EXT] of F1 on F.Cu
[unconnected_items]: Missing connection between items
    Local override; error
    @(288.5936 mm, 382.8403 mm): PTH pad 5 [+3V3_EXT] of J10
    @(302.8674 mm, 382.8403 mm): PTH pad 5 [+3V3_EXT] of J11
[unconnected_items]: Missing connection between items
    Local override; error
    @(288.5936 mm, 382.8403 mm): PTH pad 5 [+3V3_EXT] of J10
    @(256.7345 mm, 378.4802 mm): Pad 1 [+3V3_EXT] of F7 on F.Cu
[unconnected_items]: Missing connection between items
    Local override; error
    @(292.1512 mm, 363.7837 mm): Pad 1 [+3V3_EXT] of F15 on F.Cu
    @(288.5936 mm, 382.8403 mm): PTH pad 5 [+3V3_EXT] of J10
[unconnected_items]: Missing connection between items
    Local override; error
    @(317.2364 mm, 382.8403 mm): PTH pad 5 [+3V3_EXT] of J12
    @(302.8674 mm, 382.8403 mm): PTH pad 5 [+3V3_EXT] of J11
[unconnected_items]: Missing connection between items
    Local override; error
    @(41.3236 mm, 363.1137 mm): Pad 1 [+5V] of C140 on F.Cu
    @(57.0617 mm, 363.1137 mm): Pad 1 [+5V] of C142 on F.Cu
[unconnected_items]: Missing connection between items
    Local override; error
    @(45.7048 mm, 261.9538 mm): Pad 1 [+5V] of R83 on F.Cu
    @(61.9226 mm, 248.8773 mm): Pad 3 [+5V] of Q2 on F.Cu
[unconnected_items]: Missing connection between items
    Local override; error
    @(45.7048 mm, 261.9538 mm): Pad 1 [+5V] of R83 on F.Cu
    @(41.3236 mm, 363.1137 mm): Pad 1 [+5V] of C140 on F.Cu
[unconnected_items]: Missing connection between items
    Local override; error
    @(57.0617 mm, 363.1137 mm): Pad 1 [+5V] of C142 on F.Cu
    @(144.0493 mm, 446.7432 mm): Pad 24 [+5V] of U10 on F.Cu
[unconnected_items]: Missing connection between items
    Local override; error
    @(94.1036 mm, 220.8543 mm): Pad 1 [+5V] of C189 on F.Cu
    @(61.9226 mm, 248.8773 mm): Pad 3 [+5V] of Q2 on F.Cu
[unconnected_items]: Missing connection between items
    Local override; error
    @(101.2107 mm, 220.8543 mm): Pad 1 [+5V] of C190 on F.Cu
    @(94.1036 mm, 220.8543 mm): Pad 1 [+5V] of C189 on F.Cu
[unconnected_items]: Missing connection between items
    Local override; error
    @(108.3179 mm, 220.8543 mm): Pad 1 [+5V] of C191 on F.Cu
    @(101.2107 mm, 220.8543 mm): Pad 1 [+5V] of C190 on F.Cu
[unconnected_items]: Missing connection between items
    Local override; error
    @(117.3631 mm, 265.9667 mm): Pad 3 [+5V] of U13 on F.Cu
    @(131.6131 mm, 265.9667 mm): Pad 3 [+5V] of U14 on F.Cu
[unconnected_items]: Missing connection between items
    Local override; error
    @(131.6131 mm, 265.9667 mm): Pad 3 [+5V] of U14 on F.Cu
    @(145.6964 mm, 265.7738 mm): Pad 11 [+5V] of U15 on F.Cu
[unconnected_items]: Missing connection between items
    Local override; error
    @(144.0493 mm, 446.7432 mm): Pad 24 [+5V] of U10 on F.Cu
    @(144.6993 mm, 446.7432 mm): Pad 23 [+5V] of U10 on F.Cu
[unconnected_items]: Missing connection between items
    Local override; error
    @(144.6993 mm, 446.7432 mm): Pad 23 [+5V] of U10 on F.Cu
    @(161.6802 mm, 446.7432 mm): Pad 24 [+5V] of U9 on F.Cu
[unconnected_items]: Missing connection between items
    Local override; error
    @(145.4429 mm, 245.3572 mm): Pad 1 [+5V] of R55 on F.Cu
    @(108.3179 mm, 220.8543 mm): Pad 1 [+5V] of C191 on F.Cu
[unconnected_items]: Missing connection between items
    Local override; error
    @(145.6964 mm, 265.2738 mm): Pad 12 [+5V] of U15 on F.Cu
    @(145.6964 mm, 265.7738 mm): Pad 11 [+5V] of U15 on F.Cu
[unconnected_items]: Missing connection between items
    Local override; error
    @(145.6964 mm, 265.2738 mm): Pad 12 [+5V] of U15 on F.Cu
    @(145.4429 mm, 245.3572 mm): Pad 1 [+5V] of R55 on F.Cu
[unconnected_items]: Missing connection between items
    Local override; error
    @(157.7798 mm, 265.9667 mm): Pad 3 [+5V] of U16 on F.Cu
    @(145.6964 mm, 265.7738 mm): Pad 11 [+5V] of U15 on F.Cu
[unconnected_items]: Missing connection between items
    Local override; error
    @(157.7798 mm, 265.9667 mm): Pad 3 [+5V] of U16 on F.Cu
    @(171.6693 mm, 264.5207 mm): Pad 6 [+5V] of U19 on F.Cu
[unconnected_items]: Missing connection between items
    Local override; error
    @(161.6802 mm, 446.7432 mm): Pad 24 [+5V] of U9 on F.Cu
    @(162.3302 mm, 446.7432 mm): Pad 23 [+5V] of U9 on F.Cu
[unconnected_items]: Missing connection between items
    Local override; error
    @(171.6693 mm, 264.5207 mm): Pad 6 [+5V] of U19 on F.Cu
    @(174.5345 mm, 233.2308 mm): Pad 1 [+5V] of L2 on F.Cu
[unconnected_items]: Missing connection between items
    Local override; error
    @(174.5345 mm, 233.2308 mm): Pad 1 [+5V] of L2 on F.Cu
    @(177.2283 mm, 220.3342 mm): Pad 1 [+5V] of C200 on F.Cu
[unconnected_items]: Missing connection between items
    Local override; error
    @(186.1369 mm, 266.8227 mm): Pad 2 [+5V] of U21 on F.Cu
    @(171.6693 mm, 264.5207 mm): Pad 6 [+5V] of U19 on F.Cu
[unconnected_items]: Missing connection between items
    Local override; error
    @(199.3117 mm, 220.3342 mm): Pad 1 [+5V] of C203 on F.Cu
    @(177.2283 mm, 220.3342 mm): Pad 1 [+5V] of C200 on F.Cu
[unconnected_items]: Missing connection between items
    Local override; error
    @(216.6095 mm, 245.3572 mm): Pad 1 [+5V] of R65 on F.Cu
    @(221.3950 mm, 220.3342 mm): Pad 1 [+5V] of C206 on F.Cu
[unconnected_items]: Missing connection between items
    Local override; error
    @(221.3950 mm, 220.3342 mm): Pad 1 [+5V] of C206 on F.Cu
    @(228.4131 mm, 220.8543 mm): Pad 1 [+5V] of C207 on F.Cu
[unconnected_items]: Missing connection between items
    Local override; error
    @(221.3950 mm, 220.3342 mm): Pad 1 [+5V] of C206 on F.Cu
    @(199.3117 mm, 220.3342 mm): Pad 1 [+5V] of C203 on F.Cu
[unconnected_items]: Missing connection between items
    Local override; error
    @(228.4131 mm, 220.8543 mm): Pad 1 [+5V] of C207 on F.Cu
    @(306.4369 mm, 220.8543 mm): Pad 1 [+5V] of C217 on F.Cu
[unconnected_items]: Missing connection between items
    Local override; error
    @(306.4369 mm, 220.8543 mm): Pad 1 [+5V] of C217 on F.Cu
    @(313.7191 mm, 220.6043 mm): Pad 1 [+5V] of C218 on F.Cu
[unconnected_items]: Missing connection between items
    Local override; error
    @(306.5583 mm, 233.2308 mm): Pad 1 [+5V] of L8 on F.Cu
    @(306.4369 mm, 220.8543 mm): Pad 1 [+5V] of C217 on F.Cu
[unconnected_items]: Missing connection between items
    Local override; error
    @(37.2202 mm, 399.3768 mm): PTH pad 3 [+5V_EXT] of J13
    @(51.6607 mm, 399.3768 mm): PTH pad 3 [+5V_EXT] of J14
[unconnected_items]: Missing connection between items
    Local override; error
    @(40.9964 mm, 380.6503 mm): Pad 1 [+5V_EXT] of F2 on F.Cu
    @(37.2202 mm, 399.3768 mm): PTH pad 3 [+5V_EXT] of J13
[unconnected_items]: Missing connection between items
    Local override; error
    @(51.6607 mm, 399.3768 mm): PTH pad 3 [+5V_EXT] of J14
    @(66.0536 mm, 399.3768 mm): PTH pad 3 [+5V_EXT] of J15
[unconnected_items]: Missing connection between items
    Local override; error
    @(66.0536 mm, 399.3768 mm): PTH pad 3 [+5V_EXT] of J15
    @(80.3750 mm, 399.3768 mm): PTH pad 3 [+5V_EXT] of J16
[unconnected_items]: Missing connection between items
    Local override; error
    @(66.0536 mm, 399.3768 mm): PTH pad 3 [+5V_EXT] of J15
    @(65.8893 mm, 380.6503 mm): Pad 1 [+5V_EXT] of F22 on F.Cu
[unconnected_items]: Missing connection between items
    Local override; error
    @(80.3750 mm, 399.3768 mm): PTH pad 3 [+5V_EXT] of J16
    @(94.7441 mm, 399.3768 mm): PTH pad 3 [+5V_EXT] of J17
[unconnected_items]: Missing connection between items
    Local override; error
    @(94.7441 mm, 399.3768 mm): PTH pad 3 [+5V_EXT] of J17
    @(109.2083 mm, 399.3768 mm): PTH pad 3 [+5V_EXT] of J18
[unconnected_items]: Missing connection between items
    Local override; error
    @(94.7441 mm, 399.3768 mm): PTH pad 3 [+5V_EXT] of J17
    @(99.0798 mm, 380.6503 mm): Pad 1 [+5V_EXT] of F26 on F.Cu
[unconnected_items]: Missing connection between items
    Local override; error
    @(109.2083 mm, 399.3768 mm): PTH pad 3 [+5V_EXT] of J18
    @(140.5679 mm, 380.6503 mm): Pad 1 [+5V_EXT] of F30 on F.Cu
[unconnected_items]: Missing connection between items
    Local override; error
    @(140.5679 mm, 380.6503 mm): Pad 1 [+5V_EXT] of F30 on F.Cu
    @(157.1012 mm, 399.3768 mm): PTH pad 3 [+5V_EXT] of J21
[unconnected_items]: Missing connection between items
    Local override; error
    @(173.7583 mm, 380.6503 mm): Pad 1 [+5V_EXT] of F34 on F.Cu
    @(157.1012 mm, 399.3768 mm): PTH pad 3 [+5V_EXT] of J21
[unconnected_items]: Missing connection between items
    Local override; error
    @(173.7583 mm, 380.6503 mm): Pad 1 [+5V_EXT] of F34 on F.Cu
    @(206.9488 mm, 380.6503 mm): Pad 1 [+5V_EXT] of F38 on F.Cu
[unconnected_items]: Missing connection between items
    Local override; error
    @(186.1369 mm, 264.5227 mm): Pad 5 [+5V_EXT] of U21 on F.Cu
    @(173.7583 mm, 380.6503 mm): Pad 1 [+5V_EXT] of F34 on F.Cu
[unconnected_items]: Missing connection between items
    Local override; error
    @(206.9488 mm, 380.6503 mm): Pad 1 [+5V_EXT] of F38 on F.Cu
    @(248.4369 mm, 380.6503 mm): Pad 1 [+5V_EXT] of F6 on F.Cu
[unconnected_items]: Missing connection between items
    Local override; error
    @(250.6631 mm, 365.9537 mm): Pad 1 [+5V_EXT] of F10 on F.Cu
    @(248.4369 mm, 380.6503 mm): Pad 1 [+5V_EXT] of F6 on F.Cu
[unconnected_items]: Missing connection between items
    Local override; error
    @(283.8536 mm, 365.9537 mm): Pad 1 [+5V_EXT] of F14 on F.Cu
    @(250.6631 mm, 365.9537 mm): Pad 1 [+5V_EXT] of F10 on F.Cu
[unconnected_items]: Missing connection between items
    Local override; error
    @(286.0536 mm, 382.8403 mm): PTH pad 3 [+5V_EXT] of J10
    @(283.8536 mm, 365.9537 mm): Pad 1 [+5V_EXT] of F14 on F.Cu
[unconnected_items]: Missing connection between items
    Local override; error
    @(300.3274 mm, 382.8403 mm): PTH pad 3 [+5V_EXT] of J11
    @(286.0536 mm, 382.8403 mm): PTH pad 3 [+5V_EXT] of J10
[unconnected_items]: Missing connection between items
    Local override; error
    @(300.3274 mm, 382.8403 mm): PTH pad 3 [+5V_EXT] of J11
    @(314.6964 mm, 382.8403 mm): PTH pad 3 [+5V_EXT] of J12
[unconnected_items]: Missing connection between items
    Local override; error
    @(314.6964 mm, 382.8403 mm): PTH pad 3 [+5V_EXT] of J12
    @(317.0441 mm, 365.9537 mm): Pad 1 [+5V_EXT] of F18 on F.Cu
[unconnected_items]: Missing connection between items
    Local override; error
    @(140.5262 mm, 233.2308 mm): Pad 1 [+12V] of D5 on F.Cu
    @(59.1000 mm, 230.6608 mm): Pad 1 [+12V] of C223 on F.Cu
[unconnected_items]: Missing connection between items
    Local override; error
    @(243.8952 mm, 245.3572 mm): Pad 1 [+12V] of R69 on F.Cu
    @(250.3691 mm, 262.7738 mm): Pad 5 [+12V] of U25 on F.Cu
[unconnected_items]: Missing connection between items
    Local override; error
    @(243.8952 mm, 245.3572 mm): Pad 1 [+12V] of R69 on F.Cu
    @(287.2226 mm, 220.8543 mm): Pad 1 [+12V] of C215 on F.Cu
[unconnected_items]: Missing connection between items
    Local override; error
    @(243.8952 mm, 245.3572 mm): Pad 1 [+12V] of R69 on F.Cu
    @(140.5262 mm, 233.2308 mm): Pad 1 [+12V] of D5 on F.Cu
[unconnected_items]: Missing connection between items
    Local override; error
    @(297.6631 mm, 220.8543 mm): Pad 1 [+12V] of C216 on F.Cu
    @(287.2226 mm, 220.8543 mm): Pad 1 [+12V] of C215 on F.Cu
[unconnected_items]: Missing connection between items
    Local override; error
    @(307.0024 mm, 245.3572 mm): Pad 1 [+12V] of R78 on F.Cu
    @(297.6631 mm, 220.8543 mm): Pad 1 [+12V] of C216 on F.Cu
[unconnected_items]: Missing connection between items
    Local override; error
    @(34.6802 mm, 399.3768 mm): PTH pad 1 [+12V_EXT] of J13
    @(49.1207 mm, 399.3768 mm): PTH pad 1 [+12V_EXT] of J14
[unconnected_items]: Missing connection between items
    Local override; error
    @(49.1207 mm, 399.3768 mm): PTH pad 1 [+12V_EXT] of J14
    @(63.5136 mm, 399.3768 mm): PTH pad 1 [+12V_EXT] of J15
[unconnected_items]: Missing connection between items
    Local override; error
    @(63.5136 mm, 399.3768 mm): PTH pad 1 [+12V_EXT] of J15
    @(77.8350 mm, 399.3768 mm): PTH pad 1 [+12V_EXT] of J16
[unconnected_items]: Missing connection between items
    Local override; error
    @(77.8350 mm, 399.3768 mm): PTH pad 1 [+12V_EXT] of J16
    @(92.2041 mm, 399.3768 mm): PTH pad 1 [+12V_EXT] of J17
[unconnected_items]: Missing connection between items
    Local override; error
    @(92.2041 mm, 399.3768 mm): PTH pad 1 [+12V_EXT] of J17
    @(106.6683 mm, 399.3768 mm): PTH pad 1 [+12V_EXT] of J18
[unconnected_items]: Missing connection between items
    Local override; error
    @(106.6683 mm, 399.3768 mm): PTH pad 1 [+12V_EXT] of J18
    @(154.5612 mm, 399.3768 mm): PTH pad 1 [+12V_EXT] of J21
[unconnected_items]: Missing connection between items
    Local override; error
    @(250.1941 mm, 262.2738 mm): Pad 6 [+12V_EXT] of U25 on F.Cu
    @(339.0500 mm, 169.0000 mm): Pad 1 [+12V_EXT] of C232 on F.Cu
[unconnected_items]: Missing connection between items
    Local override; error
    @(283.5136 mm, 382.8403 mm): PTH pad 1 [+12V_EXT] of J10
    @(297.7874 mm, 382.8403 mm): PTH pad 1 [+12V_EXT] of J11
[unconnected_items]: Missing connection between items
    Local override; error
    @(283.5136 mm, 382.8403 mm): PTH pad 1 [+12V_EXT] of J10
    @(250.1941 mm, 262.2738 mm): Pad 6 [+12V_EXT] of U25 on F.Cu
[unconnected_items]: Missing connection between items
    Local override; error
    @(283.5136 mm, 382.8403 mm): PTH pad 1 [+12V_EXT] of J10
    @(154.5612 mm, 399.3768 mm): PTH pad 1 [+12V_EXT] of J21
[unconnected_items]: Missing connection between items
    Local override; error
    @(297.7874 mm, 382.8403 mm): PTH pad 1 [+12V_EXT] of J11
    @(312.1564 mm, 382.8403 mm): PTH pad 1 [+12V_EXT] of J12
[unconnected_items]: Missing connection between items
    Local override; error
    @(179.8298 mm, 337.4412 mm): Pad 1 [BOOTSEL_SW] of SW1 on F.Cu
    @(323.9798 mm, 312.9948 mm): Pad 2 [BOOTSEL_SW] of R12 on F.Cu
[unconnected_items]: Missing connection between items
    Local override; error
    @(101.4131 mm, 266.4237 mm): Pad 6 [BOOT_3V3] of U12 on F.Cu
    @(126.7164 mm, 220.3342 mm): Pad 1 [BOOT_3V3] of C193 on F.Cu
[unconnected_items]: Missing connection between items
    Local override; error
    @(87.0855 mm, 220.3342 mm): Pad 1 [BOOT_5V] of C188 on F.Cu
    @(87.1750 mm, 264.5227 mm): Pad 6 [BOOT_5V] of U11 on F.Cu
[unconnected_items]: Missing connection between items
    Local override; error
    @(82.8255 mm, 334.6112 mm): Pad 2 [CFG_CCLK] of R21 on F.Cu
    @(154.8621 mm, 289.0713 mm): Pad 6 [CFG_CCLK] of U6 on F.Cu
[unconnected_items]: Missing connection between items
    Local override; error
    @(154.8621 mm, 289.0713 mm): Pad 6 [CFG_CCLK] of U6 on F.Cu
    @(71.6340 mm, 192.4777 mm): Pad H13 [CFG_CCLK] of U1 on F.Cu
[unconnected_items]: Missing connection between items
    Local override; error
    @(82.6340 mm, 195.4777 mm): Pad W10 [CFG_DONE] of U1 on F.Cu
    @(76.6707 mm, 334.6112 mm): Pad 2 [CFG_DONE] of R20 on F.Cu
[unconnected_items]: Missing connection between items
    Local override; error
    @(340.5100 mm, 153.0000 mm): Pad 2 [CFG_DONE] of R98 on F.Cu
    @(82.6340 mm, 195.4777 mm): Pad W10 [CFG_DONE] of U1 on F.Cu
[unconnected_items]: Missing connection between items
    Local override; error
    @(349.2400 mm, 153.9500 mm): Pad 1 [CFG_DONE] of Q4 on F.Cu
    @(340.5100 mm, 153.0000 mm): Pad 2 [CFG_DONE] of R98 on F.Cu
[unconnected_items]: Missing connection between items
    Local override; error
    @(70.5160 mm, 334.6112 mm): Pad 2 [CFG_INIT_B] of R19 on F.Cu
    @(81.6340 mm, 194.4777 mm): Pad V11 [CFG_INIT_B] of U1 on F.Cu
[unconnected_items]: Missing connection between items
    Local override; error
    @(81.6340 mm, 194.4777 mm): Pad V11 [CFG_INIT_B] of U1 on F.Cu
    @(46.6112 mm, 176.6478 mm): Pad 2 [CFG_INIT_B] of R5 on F.Cu
[unconnected_items]: Missing connection between items
    Local override; error
    @(85.6340 mm, 198.4777 mm): Pad AB7 [CFG_M0] of U1 on F.Cu
    @(319.9207 mm, 167.0913 mm): Pad 2 [CFG_M0] of R1 on F.Cu
[unconnected_items]: Missing connection between items
    Local override; error
    @(83.6340 mm, 196.4777 mm): Pad Y9 [CFG_M1] of U1 on F.Cu
    @(325.3412 mm, 167.0913 mm): Pad 1 [CFG_M1] of R2 on F.Cu
[unconnected_items]: Missing connection between items
    Local override; error
    @(32.7102 mm, 176.6478 mm): Pad 1 [CFG_M2] of R3 on F.Cu
    @(82.6340 mm, 196.4777 mm): Pad W9 [CFG_M2] of U1 on F.Cu
[unconnected_items]: Missing connection between items
    Local override; error
    @(64.3612 mm, 334.6112 mm): Pad 2 [CFG_PROG_B] of R18 on F.Cu
    @(88.6340 mm, 189.4777 mm): Pad AE16 [CFG_PROG_B] of U1 on F.Cu
[unconnected_items]: Missing connection between items
    Local override; error
    @(88.6340 mm, 189.4777 mm): Pad AE16 [CFG_PROG_B] of U1 on F.Cu
    @(40.1707 mm, 176.6478 mm): Pad 2 [CFG_PROG_B] of R4 on F.Cu
[unconnected_items]: Missing connection between items
    Local override; error
    @(170.3593 mm, 270.3807 mm): Pad 1 [COMP_12V] of U19 on F.Cu
    @(258.1388 mm, 245.0973 mm): Pad 1 [COMP_12V] of R71 on F.Cu
[unconnected_items]: Missing connection between items
    Local override; error
    @(259.1588 mm, 245.0973 mm): Pad 2 [COMP_12V_C] of R71 on F.Cu
    @(271.6688 mm, 220.3342 mm): Pad 1 [COMP_12V_C] of C213 on F.Cu
[unconnected_items]: Missing connection between items
    Local override; error
    @(77.6340 mm, 182.4777 mm): Pad P23 [DBG_TCK] of U1 on F.Cu
    @(119.7540 mm, 334.6112 mm): Pad 2 [DBG_TCK] of R27 on F.Cu
[unconnected_items]: Missing connection between items
    Local override; error
    @(78.6340 mm, 185.4777 mm): Pad R20 [DBG_TDI] of U1 on F.Cu
    @(132.0636 mm, 334.6112 mm): Pad 2 [DBG_TDI] of R29 on F.Cu
[unconnected_items]: Missing connection between items
    Local override; error
    @(78.6340 mm, 184.4777 mm): Pad R21 [DBG_TDO] of U1 on F.Cu
    @(138.2183 mm, 334.6112 mm): Pad 2 [DBG_TDO] of R30 on F.Cu
[unconnected_items]: Missing connection between items
    Local override; error
    @(77.6340 mm, 181.4777 mm): Pad P24 [DBG_TMS] of U1 on F.Cu
    @(125.9088 mm, 334.6112 mm): Pad 2 [DBG_TMS] of R28 on F.Cu
[unconnected_items]: Missing connection between items
    Local override; error
    @(59.3255 mm, 176.6478 mm): Pad 2 [DONE_LED_A] of R7 on F.Cu
    @(311.1274 mm, 167.3512 mm): Pad 2 [DONE_LED_A] of D1 on F.Cu
[unconnected_items]: Missing connection between items
    Local override; error
    @(144.9464 mm, 264.5238 mm): Pad 13 [EN_1V0] of U15 on F.Cu
    @(220.2703 mm, 347.2593 mm): Pad 25 [EN_1V0] of U7 on F.Cu
[unconnected_items]: Missing connection between items
    Local override; error
    @(220.2703 mm, 347.2593 mm): Pad 25 [EN_1V0] of U7 on F.Cu
    @(371.1750 mm, 145.0000 mm): Pad 1 [EN_1V0] of R94 on F.Cu
[unconnected_items]: Missing connection between items
    Local override; error
    @(157.2798 mm, 264.5267 mm): Pad 5 [EN_1V2] of U16 on F.Cu
    @(220.6703 mm, 347.2593 mm): Pad 26 [EN_1V2] of U7 on F.Cu
[unconnected_items]: Missing connection between items
    Local override; error
    @(363.1750 mm, 145.0000 mm): Pad 1 [EN_1V2] of R93 on F.Cu
    @(157.2798 mm, 264.5267 mm): Pad 5 [EN_1V2] of U16 on F.Cu
[unconnected_items]: Missing connection between items
    Local override; error
    @(131.1131 mm, 264.5267 mm): Pad 5 [EN_1V8] of U14 on F.Cu
    @(219.4703 mm, 347.2593 mm): Pad 23 [EN_1V8] of U7 on F.Cu
[unconnected_items]: Missing connection between items
    Local override; error
    @(219.4703 mm, 347.2593 mm): Pad 23 [EN_1V8] of U7 on F.Cu
    @(355.1750 mm, 145.0000 mm): Pad 1 [EN_1V8] of R92 on F.Cu
[unconnected_items]: Missing connection between items
    Local override; error
    @(116.8631 mm, 264.5267 mm): Pad 5 [EN_2V5] of U13 on F.Cu
    @(219.0703 mm, 347.2593 mm): Pad 22 [EN_2V5] of U7 on F.Cu
[unconnected_items]: Missing connection between items
    Local override; error
    @(219.0703 mm, 347.2593 mm): Pad 22 [EN_2V5] of U7 on F.Cu
    @(347.1750 mm, 145.0000 mm): Pad 1 [EN_2V5] of R91 on F.Cu
[unconnected_items]: Missing connection between items
    Local override; error
    @(88.1250 mm, 264.5227 mm): Pad 5 [EN_5V] of U11 on F.Cu
    @(221.0703 mm, 347.2593 mm): Pad 27 [EN_5V] of U7 on F.Cu
[unconnected_items]: Missing connection between items
    Local override; error
    @(221.0703 mm, 347.2593 mm): Pad 27 [EN_5V] of U7 on F.Cu
    @(339.1750 mm, 145.0000 mm): Pad 1 [EN_5V] of R90 on F.Cu
[unconnected_items]: Missing connection between items
    Local override; error
    @(171.6693 mm, 270.3807 mm): Pad 3 [EN_12V] of U19 on F.Cu
    @(227.3803 mm, 339.7493 mm): Pad 57 [EN_12V] of U7 on F.Cu
[unconnected_items]: Missing connection between items
    Local override; error
    @(379.1750 mm, 145.0000 mm): Pad 1 [EN_12V] of R95 on F.Cu
    @(171.6693 mm, 270.3807 mm): Pad 3 [EN_12V] of U19 on F.Cu
[unconnected_items]: Missing connection between items
    Local override; error
    @(207.8026 mm, 477.1497 mm): Pad 2 [EN_SFP_N] of R36 on F.Cu
    @(191.4831 mm, 481.8797 mm): Pad 1 [EN_SFP_N] of Q1 on F.Cu
[unconnected_items]: Missing connection between items
    Local override; error
    @(276.8002 mm, 477.3297 mm): Pad 12 [EN_SFP_N] of U17 on F.Cu
    @(207.8026 mm, 477.1497 mm): Pad 2 [EN_SFP_N] of R36 on F.Cu
[unconnected_items]: Missing connection between items
    Local override; error
    @(92.1388 mm, 245.0973 mm): Pad 1 [EN_VBUS5] of R47 on F.Cu
    @(218.6703 mm, 347.2593 mm): Pad 21 [EN_VBUS5] of U7 on F.Cu
[unconnected_items]: Missing connection between items
    Local override; error
    @(93.1588 mm, 245.0973 mm): Pad 2 [EN_VBUS5_G] of R47 on F.Cu
    @(77.6269 mm, 249.8272 mm): Pad 1 [EN_VBUS5_G] of Q3 on F.Cu
[unconnected_items]: Missing connection between items
    Local override; error
    @(98.6745 mm, 245.0973 mm): Pad 1 [EN_VBUS5_G] of R48 on F.Cu
    @(93.1588 mm, 245.0973 mm): Pad 2 [EN_VBUS5_G] of R47 on F.Cu
[unconnected_items]: Missing connection between items
    Local override; error
    @(49.1926 mm, 230.3907 mm): Pad 1 [EXT12_DVDT] of C222 on F.Cu
    @(250.2441 mm, 261.5987 mm): Pad 7 [EXT12_DVDT] of U25 on F.Cu
[unconnected_items]: Missing connection between items
    Local override; error
    @(249.2441 mm, 261.5987 mm): Pad 9 [EXT12_ILM] of U25 on F.Cu
    @(321.5500 mm, 245.3572 mm): Pad 1 [EXT12_ILM] of R80 on F.Cu
[unconnected_items]: Missing connection between items
    Local override; error
    @(308.6524 mm, 245.3572 mm): Pad 2 [EXT12_OVLO] of R78 on F.Cu
    @(248.7941 mm, 262.7738 mm): Pad 2 [EXT12_OVLO] of U25 on F.Cu
[unconnected_items]: Missing connection between items
    Local override; error
    @(314.1571 mm, 245.3572 mm): Pad 1 [EXT12_OVLO] of R79 on F.Cu
    @(308.6524 mm, 245.3572 mm): Pad 2 [EXT12_OVLO] of R78 on F.Cu
[unconnected_items]: Missing connection between items
    Local override; error
    @(161.5024 mm, 334.8712 mm): Pad 1 [EXTERNAL_JTAG_SELECTED] of R34 on F.Cu
    @(202.3169 mm, 343.4842 mm): Pad 1 [EXTERNAL_JTAG_SELECTED] of U20 on F.Cu
[unconnected_items]: Missing connection between items
    Local override; error
    @(202.3169 mm, 343.4842 mm): Pad 1 [EXTERNAL_JTAG_SELECTED] of U20 on F.Cu
    @(274.5731 mm, 315.4747 mm): PTH pad 2 [EXTERNAL_JTAG_SELECTED] of J52
[unconnected_items]: Missing connection between items
    Local override; error
    @(200.9131 mm, 266.8227 mm): Pad 1 [EXT_EN] of U22 on F.Cu
    @(185.1869 mm, 266.8227 mm): Pad 1 [EXT_EN] of U21 on F.Cu
[unconnected_items]: Missing connection between items
    Local override; error
    @(216.6393 mm, 266.8227 mm): Pad 1 [EXT_EN] of U23 on F.Cu
    @(200.9131 mm, 266.8227 mm): Pad 1 [EXT_EN] of U22 on F.Cu
[unconnected_items]: Missing connection between items
    Local override; error
    @(216.6393 mm, 266.8227 mm): Pad 1 [EXT_EN] of U23 on F.Cu
    @(217.5603 mm, 340.5492 mm): Pad 6 [EXT_EN] of U7 on F.Cu
[unconnected_items]: Missing connection between items
    Local override; error
    @(232.3655 mm, 266.8227 mm): Pad 1 [EXT_EN] of U24 on F.Cu
    @(216.6393 mm, 266.8227 mm): Pad 1 [EXT_EN] of U23 on F.Cu
[unconnected_items]: Missing connection between items
    Local override; error
    @(232.3655 mm, 266.8227 mm): Pad 1 [EXT_EN] of U24 on F.Cu
    @(248.6191 mm, 262.2738 mm): Pad 1 [EXT_EN] of U25 on F.Cu
[unconnected_items]: Missing connection between items
    Local override; error
    @(264.3595 mm, 245.3572 mm): Pad 1 [EXT_EN] of R72 on F.Cu
    @(248.6191 mm, 262.2738 mm): Pad 1 [EXT_EN] of U25 on F.Cu
[unconnected_items]: Missing connection between items
    Local override; error
    @(200.9131 mm, 264.5227 mm): Pad 6 [EXT_FAULT] of U22 on F.Cu
    @(185.1869 mm, 264.5227 mm): Pad 6 [EXT_FAULT] of U21 on F.Cu
[unconnected_items]: Missing connection between items
    Local override; error
    @(216.6393 mm, 264.5227 mm): Pad 6 [EXT_FAULT] of U23 on F.Cu
    @(200.9131 mm, 264.5227 mm): Pad 6 [EXT_FAULT] of U22 on F.Cu
[unconnected_items]: Missing connection between items
    Local override; error
    @(216.6393 mm, 264.5227 mm): Pad 6 [EXT_FAULT] of U23 on F.Cu
    @(232.3655 mm, 264.5227 mm): Pad 6 [EXT_FAULT] of U24 on F.Cu
[unconnected_items]: Missing connection between items
    Local override; error
    @(227.3803 mm, 339.3492 mm): Pad 58 [EXT_FAULT] of U7 on F.Cu
    @(232.3655 mm, 264.5227 mm): Pad 6 [EXT_FAULT] of U24 on F.Cu
[unconnected_items]: Missing connection between items
    Local override; error
    @(232.3655 mm, 264.5227 mm): Pad 6 [EXT_FAULT] of U24 on F.Cu
    @(250.1941 mm, 263.2738 mm): Pad 4 [EXT_FAULT] of U25 on F.Cu
[unconnected_items]: Missing connection between items
    Local override; error
    @(266.8488 mm, 263.2738 mm): Pad 4 [EXT_FAULT] of U26 on F.Cu
    @(250.1941 mm, 263.2738 mm): Pad 4 [EXT_FAULT] of U25 on F.Cu
[unconnected_items]: Missing connection between items
    Local override; error
    @(266.8488 mm, 263.2738 mm): Pad 4 [EXT_FAULT] of U26 on F.Cu
    @(272.5452 mm, 245.3572 mm): Pad 2 [EXT_FAULT] of R73 on F.Cu
[unconnected_items]: Missing connection between items
    Local override; error
    @(231.7119 mm, 245.3572 mm): Pad 2 [FB+1V0] of R67 on F.Cu
    @(236.9786 mm, 245.3572 mm): Pad 1 [FB+1V0] of R68 on F.Cu
[unconnected_items]: Missing connection between items
    Local override; error
    @(231.7119 mm, 245.3572 mm): Pad 2 [FB+1V0] of R67 on F.Cu
    @(143.4464 mm, 267.5238 mm): Pad 5 [FB+1V0] of U15 on F.Cu
[unconnected_items]: Missing connection between items
    Local override; error
    @(236.9786 mm, 245.3572 mm): Pad 1 [FB+1V0] of R68 on F.Cu
    @(251.1645 mm, 220.3342 mm): Pad 2 [FB+1V0] of C210 on F.Cu
[unconnected_items]: Missing connection between items
    Local override; error
    @(204.8071 mm, 245.3572 mm): Pad 2 [FB+1V2_MGT] of R63 on F.Cu
    @(156.7798 mm, 265.9667 mm): Pad 1 [FB+1V2_MGT] of U16 on F.Cu
[unconnected_items]: Missing connection between items
    Local override; error
    @(210.0738 mm, 245.3572 mm): Pad 1 [FB+1V2_MGT] of R64 on F.Cu
    @(204.8071 mm, 245.3572 mm): Pad 2 [FB+1V2_MGT] of R63 on F.Cu
[unconnected_items]: Missing connection between items
    Local override; error
    @(190.4976 mm, 245.3572 mm): Pad 2 [FB+1V8] of R61 on F.Cu
    @(130.6131 mm, 265.9667 mm): Pad 1 [FB+1V8] of U14 on F.Cu
[unconnected_items]: Missing connection between items
    Local override; error
    @(196.0024 mm, 245.3572 mm): Pad 1 [FB+1V8] of R62 on F.Cu
    @(190.4976 mm, 245.3572 mm): Pad 2 [FB+1V8] of R61 on F.Cu
[unconnected_items]: Missing connection between items
    Local override; error
    @(176.1881 mm, 245.3572 mm): Pad 2 [FB+2V5] of R59 on F.Cu
    @(116.3631 mm, 265.9667 mm): Pad 1 [FB+2V5] of U13 on F.Cu
[unconnected_items]: Missing connection between items
    Local override; error
    @(181.6929 mm, 245.3572 mm): Pad 1 [FB+2V5] of R60 on F.Cu
    @(176.1881 mm, 245.3572 mm): Pad 2 [FB+2V5] of R59 on F.Cu
[unconnected_items]: Missing connection between items
    Local override; error
    @(135.1645 mm, 220.3342 mm): Pad 2 [FB_3V3] of C194 on F.Cu
    @(161.6405 mm, 245.3572 mm): Pad 2 [FB_3V3] of R57 on F.Cu
[unconnected_items]: Missing connection between items
    Local override; error
    @(135.1645 mm, 220.3342 mm): Pad 2 [FB_3V3] of C194 on F.Cu
    @(103.8131 mm, 266.4237 mm): Pad 1 [FB_3V3] of U12 on F.Cu
[unconnected_items]: Missing connection between items
    Local override; error
    @(161.6405 mm, 245.3572 mm): Pad 2 [FB_3V3] of R57 on F.Cu
    @(167.3833 mm, 245.3572 mm): Pad 1 [FB_3V3] of R58 on F.Cu
[unconnected_items]: Missing connection between items
    Local override; error
    @(147.0929 mm, 245.3572 mm): Pad 2 [FB_5V] of R55 on F.Cu
    @(89.0750 mm, 264.5227 mm): Pad 4 [FB_5V] of U11 on F.Cu
[unconnected_items]: Missing connection between items
    Local override; error
    @(152.5976 mm, 245.3572 mm): Pad 1 [FB_5V] of R56 on F.Cu
    @(147.0929 mm, 245.3572 mm): Pad 2 [FB_5V] of R55 on F.Cu
[unconnected_items]: Missing connection between items
    Local override; error
    @(245.5452 mm, 245.3572 mm): Pad 2 [FB_12V] of R69 on F.Cu
    @(171.0193 mm, 270.3807 mm): Pad 2 [FB_12V] of U19 on F.Cu
[unconnected_items]: Missing connection between items
    Local override; error
    @(251.0500 mm, 245.3572 mm): Pad 1 [FB_12V] of R70 on F.Cu
    @(245.5452 mm, 245.3572 mm): Pad 2 [FB_12V] of R69 on F.Cu
[unconnected_items]: Missing connection between items
    Local override; error
    @(88.9802 mm, 334.6112 mm): Pad 2 [FLASH_CS_B] of R22 on F.Cu
    @(152.3321 mm, 297.1313 mm): Pad 1 [FLASH_CS_B] of U6 on F.Cu
[unconnected_items]: Missing connection between items
    Local override; error
    @(152.3321 mm, 297.1313 mm): Pad 1 [FLASH_CS_B] of U6 on F.Cu
    @(77.6340 mm, 187.4777 mm): Pad P18 [FLASH_CS_B] of U1 on F.Cu
[unconnected_items]: Missing connection between items
    Local override; error
    @(95.1350 mm, 334.6112 mm): Pad 2 [FLASH_D0_MOSI] of R23 on F.Cu
    @(156.1321 mm, 289.0713 mm): Pad 5 [FLASH_D0_MOSI] of U6 on F.Cu
[unconnected_items]: Missing connection between items
    Local override; error
    @(156.1321 mm, 289.0713 mm): Pad 5 [FLASH_D0_MOSI] of U6 on F.Cu
    @(78.6340 mm, 191.4777 mm): Pad R14 [FLASH_D0_MOSI] of U1 on F.Cu
[unconnected_items]: Missing connection between items
    Local override; error
    @(101.2898 mm, 334.6112 mm): Pad 2 [FLASH_D1_MISO] of R24 on F.Cu
    @(153.6021 mm, 297.1313 mm): Pad 2 [FLASH_D1_MISO] of U6 on F.Cu
[unconnected_items]: Missing connection between items
    Local override; error
    @(153.6021 mm, 297.1313 mm): Pad 2 [FLASH_D1_MISO] of U6 on F.Cu
    @(78.6340 mm, 190.4777 mm): Pad R15 [FLASH_D1_MISO] of U1 on F.Cu
[unconnected_items]: Missing connection between items
    Local override; error
    @(107.4445 mm, 334.6112 mm): Pad 2 [FLASH_D2_WP] of R25 on F.Cu
    @(154.8621 mm, 297.1313 mm): Pad 3 [FLASH_D2_WP] of U6 on F.Cu
[unconnected_items]: Missing connection between items
    Local override; error
    @(154.8621 mm, 297.1313 mm): Pad 3 [FLASH_D2_WP] of U6 on F.Cu
    @(77.6340 mm, 191.4777 mm): Pad P14 [FLASH_D2_WP] of U1 on F.Cu
[unconnected_items]: Missing connection between items
    Local override; error
    @(113.5993 mm, 334.6112 mm): Pad 2 [FLASH_D3_HOLD] of R26 on F.Cu
    @(153.6021 mm, 289.0713 mm): Pad 7 [FLASH_D3_HOLD] of U6 on F.Cu
[unconnected_items]: Missing connection between items
    Local override; error
    @(153.6021 mm, 289.0713 mm): Pad 7 [FLASH_D3_HOLD] of U6 on F.Cu
    @(76.6340 mm, 191.4777 mm): Pad N14 [FLASH_D3_HOLD] of U1 on F.Cu
[unconnected_items]: Missing connection between items
    Local override; error
    @(34.3286 mm, 230.6608 mm): Pad 2 [GND] of C220 on F.Cu
    @(41.4357 mm, 230.6608 mm): Pad 2 [GND] of C221 on F.Cu
[unconnected_items]: Missing connection between items
    Local override; error
    @(34.4145 mm, 158.0648 mm): Pad 2 [GND] of C32 on F.Cu
    @(42.2836 mm, 158.0648 mm): Pad 2 [GND] of C33 on F.Cu
[unconnected_items]: Missing connection between items
    Local override; error
    @(34.4145 mm, 167.0813 mm): Pad 2 [GND] of C67 on F.Cu
    @(42.2836 mm, 167.0813 mm): Pad 2 [GND] of C68 on F.Cu
[unconnected_items]: Missing connection between items
    Local override; error
    @(34.4145 mm, 167.0813 mm): Pad 2 [GND] of C67 on F.Cu
    @(33.7302 mm, 176.6478 mm): Pad 2 [GND] of R3 on F.Cu
[unconnected_items]: Missing connection between items
    Local override; error
    @(34.4145 mm, 286.2342 mm): Pad 2 [GND] of C111 on F.Cu
    @(42.2836 mm, 286.2342 mm): Pad 2 [GND] of C112 on F.Cu
[unconnected_items]: Missing connection between items
    Local override; error
    @(34.4145 mm, 363.1137 mm): Pad 2 [GND] of C139 on F.Cu
    @(42.2836 mm, 363.1137 mm): Pad 2 [GND] of C140 on F.Cu
[unconnected_items]: Missing connection between items
    Local override; error
    @(34.4145 mm, 477.1397 mm): Pad 2 [GND] of C167 on F.Cu
    @(42.3405 mm, 477.4097 mm): Pad 2 [GND] of C168 on F.Cu
[unconnected_items]: Missing connection between items
    Local override; error
    @(38.6650 mm, 451.0133 mm): Pad 10 [GND] of J8 on F.Cu
    @(41.2050 mm, 451.0133 mm): Pad 12 [GND] of J8 on F.Cu
[unconnected_items]: Missing connection between items
    Local override; error
    @(41.2050 mm, 451.0133 mm): Pad 12 [GND] of J8 on F.Cu
    @(43.7450 mm, 451.0133 mm): Pad 14 [GND] of J8 on F.Cu
[unconnected_items]: Missing connection between items
    Local override; error
    @(41.2050 mm, 457.0133 mm): Pad 11 [GND] of J8 on F.Cu
    @(38.6650 mm, 457.0133 mm): Pad 9 [GND] of J8 on F.Cu
[unconnected_items]: Missing connection between items
    Local override; error
    @(42.2836 mm, 148.5083 mm): Pad 2 [GND] of C9 on F.Cu
    @(50.2095 mm, 148.7783 mm): Pad 2 [GND] of C99 on F.Cu
[unconnected_items]: Missing connection between items
    Local override; error
    @(42.2836 mm, 158.0648 mm): Pad 2 [GND] of C33 on F.Cu
    @(50.1526 mm, 158.0648 mm): Pad 2 [GND] of C34 on F.Cu
[unconnected_items]: Missing connection between items
    Local override; error
    @(42.2836 mm, 286.2342 mm): Pad 2 [GND] of C112 on F.Cu
    @(50.1526 mm, 286.2342 mm): Pad 2 [GND] of C113 on F.Cu
[unconnected_items]: Missing connection between items
    Local override; error
    @(42.2836 mm, 286.2342 mm): Pad 2 [GND] of C112 on F.Cu
    @(40.8190 mm, 261.9538 mm): Pad 2 [GND] of R82 on F.Cu
[unconnected_items]: Missing connection between items
    Local override; error
    @(42.2836 mm, 312.9847 mm): Pad 2 [GND] of C117 on F.Cu
    @(50.1526 mm, 312.9847 mm): Pad 2 [GND] of C118 on F.Cu
[unconnected_items]: Missing connection between items
    Local override; error
    @(42.2836 mm, 312.9847 mm): Pad 2 [GND] of C117 on F.Cu
    @(34.4145 mm, 312.9847 mm): Pad 2 [GND] of C116 on F.Cu
[unconnected_items]: Missing connection between items
    Local override; error
    @(42.3405 mm, 477.4097 mm): Pad 2 [GND] of C168 on F.Cu
    @(41.2050 mm, 457.0133 mm): Pad 11 [GND] of J8 on F.Cu
[unconnected_items]: Missing connection between items
    Local override; error
    @(43.7450 mm, 451.0133 mm): Pad 14 [GND] of J8 on F.Cu
    @(46.2850 mm, 451.0133 mm): Pad 16 [GND] of J8 on F.Cu
[unconnected_items]: Missing connection between items
    Local override; error
    @(43.7450 mm, 457.0133 mm): Pad 13 [GND] of J8 on F.Cu
    @(41.2050 mm, 457.0133 mm): Pad 11 [GND] of J8 on F.Cu
[unconnected_items]: Missing connection between items
    Local override; error
    @(43.7450 mm, 457.0133 mm): Pad 13 [GND] of J8 on F.Cu
    @(46.2850 mm, 457.0133 mm): Pad 15 [GND] of J8 on F.Cu
[unconnected_items]: Missing connection between items
    Local override; error
    @(46.2850 mm, 451.0133 mm): Pad 16 [GND] of J8 on F.Cu
    @(49.4388 mm, 445.1232 mm): PTH pad 1 [GND] of MK65
[unconnected_items]: Missing connection between items
    Local override; error
    @(46.2850 mm, 457.0133 mm): Pad 15 [GND] of J8 on F.Cu
    @(46.2850 mm, 451.0133 mm): Pad 16 [GND] of J8 on F.Cu
[unconnected_items]: Missing connection between items
    Local override; error
    @(50.1526 mm, 230.3907 mm): Pad 2 [GND] of C222 on F.Cu
    @(41.4357 mm, 230.6608 mm): Pad 2 [GND] of C221 on F.Cu
[unconnected_items]: Missing connection between items
    Local override; error
    @(50.1526 mm, 230.3907 mm): Pad 2 [GND] of C222 on F.Cu
    @(47.3312 mm, 220.3342 mm): Pad 2 [GND] of C184 on F.Cu
[unconnected_items]: Missing connection between items
    Local override; error
    @(50.1526 mm, 158.0648 mm): Pad 2 [GND] of C34 on F.Cu
    @(58.0217 mm, 158.0648 mm): Pad 2 [GND] of C35 on F.Cu
[unconnected_items]: Missing connection between items
    Local override; error
    @(50.1526 mm, 158.0648 mm): Pad 2 [GND] of C34 on F.Cu
    @(50.2095 mm, 148.7783 mm): Pad 2 [GND] of C99 on F.Cu

** Found 2 Footprint errors **
[net_conflict]: No pad found for pin CAGE in schematic.
    Local override; warning
    @(59.0000 mm, 65.4000 mm): Footprint J60
[net_conflict]: No pad found for pin CAGE in schematic.
    Local override; warning
    @(76.0000 mm, 65.4000 mm): Footprint J61

** End of Report **
