#VRML V2.0 utf8
# 3D model generated by easyeda2kicad.py (https://github.com/uPesy/easyeda2kicad.py)

Shape{
    appearance Appearance {
        material  Material 	{
            diffuseColor 0.2235294117647059 0.2235294117647059 0.2235294117647059
            specularColor 0.11372549019607843 0.11372549019607843 0.11372549019607843
            ambientIntensity 0.2235
            transparency 0.0
            shininess 0.5
        }
    }
    geometry IndexedFaceSet {
        ccw TRUE
        solid FALSE
        coord DEF co Coordinate {
            point [
                -0.9449 -1.0472 0.0394, -1.1024 -1.0472 0.0394, -1.6142 -0.2423 0.0394, -0.0 -1.0472 0.0394, -0.0408 -1.0472 0.0394, -0.0408 -0.2423 0.0394, -0.1575 -1.0472 0.0394, -1.4173 -1.5197 0.0394, -1.6142 -1.5197 0.0394, -1.4173 -1.0472 0.0394, -1.2598 -1.0472 0.0394, -1.2598 -1.5197 0.0394, -1.1024 -1.5197 0.0394, -0.1575 -1.5197 0.0394, -0.315 -1.5197 0.0394, -0.315 -1.0472 0.0394, -0.4724 -1.0472 0.0394, -0.4724 -1.5197 0.0394, -0.6299 -1.5197 0.0394, -0.6299 -1.0472 0.0394, -0.7874 -1.0472 0.0394, 1.6142 -1.5197 0.0394, 1.5748 -1.5197 0.0394, 1.5748 -1.0472 0.0394, 1.4173 -1.0472 0.0394, 0.1882 -0.2423 0.0394, 1.6142 -0.2423 0.0394, 1.1024 -1.5197 0.0394, 0.9449 -1.5197 0.0394, 1.1024 -1.0472 0.0394, 0.9449 -1.0472 0.0394, 0.7874 -1.0472 0.0394, 0.7874 -1.5197 0.0394, 0.6299 -1.5197 0.0394, 0.6299 -1.0472 0.0394, 0.4724 -1.0472 0.0394, 1.4173 -1.5197 0.0394, 1.2598 -1.5197 0.0394, 1.2598 -1.0472 0.0394, 0.1766 -0.2435 0.0394, 0.1712 -0.2434 0.0394, 0.1633 -0.2423 0.0394, 0.1575 -1.0472 0.0394, 0.1575 -1.5197 0.0394, -0.0 -1.5197 0.0394, 0.315 -1.0472 0.0394, 0.315 -1.5197 0.0394, 0.4724 -1.5197 0.0394, -0.0216 -0.2195 0.0394, -0.0216 -0.2411 0.0394, 0.084 -0.2411 0.0394, 0.1224 -0.2309 0.0394, 0.1224 -0.2093 0.0394, 0.084 -0.0443 0.0394, 0.1434 -0.2395 0.0394, 0.1575 1.5197 0.0394, 0.315 1.5197 0.0394, 0.1575 1.0472 0.0394, 0.315 1.0472 0.0394, 0.0576 -0.1523 0.0394, 0.0576 -0.2195 0.0394, -0.012 -0.1523 0.0394, -0.012 -0.1307 0.0394, -0.0168 -0.0659 0.0394, 0.0576 -0.1307 0.0394, 0.0576 -0.0659 0.0394, 0.1879 -0.0656 0.0394, 0.2026 -0.071 0.0394, 0.126 -0.2113 0.0394, 0.2163 -0.0801 0.0394, 0.2282 -0.0932 0.0394, 0.2425 -0.1448 0.0394, 0.2405 -0.1661 0.0394, 0.2351 -0.183 0.0394, 0.1913 -0.2198 0.0394, 0.173 -0.2219 0.0394, 0.2057 -0.2146 0.0394, 0.2177 -0.2064 0.0394, 0.227 -0.1967 0.0394, 0.1468 -0.219 0.0394, 0.3865 -0.0443 0.0394, 0.3865 -0.2411 0.0394, 0.2857 -0.2411 0.0394, 0.2009 -0.241 0.0394, 0.2199 -0.2344 0.0394, -0.0168 -0.0443 0.0394, -0.0 1.0472 0.0394, -0.0408 1.5197 0.0394, -0.0 1.5197 0.0394, 0.7874 1.0472 0.0394, 0.7874 1.5197 0.0394, 0.9449 1.5197 0.0394, 0.2363 -0.1084 0.0394, 0.2415 -0.1295 0.0394, 0.2585 -0.0961 0.0394, 0.2469 -0.0777 0.0394, 0.3601 -0.0443 0.0394, 0.9449 1.0472 0.0394, 1.1024 1.0472 0.0394, 0.6299 1.0472 0.0394, 0.4724 1.0472 0.0394, 0.6299 1.5197 0.0394, 0.4724 1.5197 0.0394, 0.2292 -0.0606 0.0394, 0.2358 -0.2243 0.0394, 0.2506 -0.2088 0.0394, 0.2857 -0.2195 0.0394, 0.261 -0.19 0.0394, 0.3601 -0.2195 0.0394, 1.4173 1.5197 0.0394, 1.6142 1.5197 0.0394, 1.4173 1.0472 0.0394, 1.2598 1.0472 0.0394, 1.2598 1.5197 0.0394, 1.1024 1.5197 0.0394, 0.267 -0.1692 0.0394, 0.2689 -0.1464 0.0394, 0.266 -0.1184 0.0394, 0.2105 -0.0499 0.0394, 0.1885 -0.0435 0.0394, 0.1688 -0.0419 0.0394, 0.1452 -0.0435 0.0394, 0.1224 -0.0497 0.0394, 0.1224 -0.0761 0.0394, 0.1446 -0.0666 0.0394, 0.1685 -0.0635 0.0394, -0.1135 -0.2411 0.0394, -0.06 -0.2411 0.0394, -0.06 -0.0443 0.0394, -0.4105 -0.2411 0.0394, -0.3817 -0.2411 0.0394, -0.2329 -0.2411 0.0394, -0.2086 -0.1872 0.0394, -0.1973 -0.2048 0.0394, -1.4173 1.0472 0.0394, -1.5748 1.0472 0.0394, -1.6142 1.5197 0.0394, -1.5748 1.5197 0.0394, -0.1811 -0.2203 0.0394, -0.1606 -0.2322 0.0394, -0.1379 -0.239 0.0394, -1.4173 1.5197 0.0394, -1.2598 1.5197 0.0394, -1.2598 1.0472 0.0394, -0.2617 -0.2411 0.0394, -0.2805 -0.1859 0.0394, -0.3618 -0.1859 0.0394, -0.7874 1.0472 0.0394, -0.7874 1.5197 0.0394, -0.6299 1.5197 0.0394, -0.1156 -0.0443 0.0394, -0.144 -0.0473 0.0394, -0.3073 -0.0443 0.0394, -0.167 -0.0554 0.0394, -0.1885 -0.0697 0.0394, -1.1024 1.0472 0.0394, -0.3337 -0.0443 0.0394, -0.9449 -1.5197 0.0394, -0.7874 -1.5197 0.0394, -0.6299 1.0472 0.0394, -0.4724 1.0472 0.0394, -0.1887 -0.0699 0.0394, -0.2026 -0.0854 0.0394, -0.2117 -0.1023 0.0394, -0.9449 1.0472 0.0394, -0.9449 1.5197 0.0394, -1.1024 1.5197 0.0394, -0.217 -0.1217 0.0394, -0.2185 -0.1402 0.0394, -0.2157 -0.1666 0.0394, -0.1575 1.5197 0.0394, -0.1575 1.0472 0.0394, -0.315 1.0472 0.0394, -0.315 1.5197 0.0394, -0.4724 1.5197 0.0394, 1.5453 -0.3189 0.748, 1.5748 -1.1063 0.748, 1.5748 -0.0827 0.748, 1.4173 -1.1063 0.748, 1.4469 -0.3189 0.748, 1.4173 -0.0827 0.748, 1.4469 -0.2771 0.748, 1.5453 -0.2771 0.748, 1.2303 -0.3189 0.748, 1.2598 -1.1063 0.748, 1.2598 -0.0827 0.748, 1.1024 -1.1063 0.748, 1.1319 -0.3189 0.748, 1.1024 -0.0827 0.748, 1.1319 -0.2771 0.748, 1.2303 -0.2771 0.748, 0.9154 -0.3189 0.748, 0.9449 -1.1063 0.748, 0.9449 -0.0827 0.748, 0.7874 -1.1063 0.748, 0.8169 -0.3189 0.748, 0.7874 -0.0827 0.748, 0.8169 -0.2771 0.748, 0.9154 -0.2771 0.748, 0.6004 -0.3189 0.748, 0.6299 -1.1063 0.748, 0.6299 -0.0827 0.748, 0.4724 -1.1063 0.748, 0.502 -0.3189 0.748, 0.4724 -0.0827 0.748, 0.502 -0.2771 0.748, 0.6004 -0.2771 0.748, 0.2854 -0.3189 0.748, 0.315 -1.1063 0.748, 0.315 -0.0827 0.748, 0.1575 -1.1063 0.748, 0.187 -0.3189 0.748, 0.1575 -0.0827 0.748, 0.187 -0.2771 0.748, 0.2854 -0.2771 0.748, -0.0295 -0.3189 0.748, -0.0 -1.1063 0.748, -0.0 -0.0827 0.748, -0.1575 -1.1063 0.748, -0.128 -0.3189 0.748, -0.1575 -0.0827 0.748, -0.128 -0.2771 0.748, -0.0295 -0.2771 0.748, -0.3445 -0.3189 0.748, -0.315 -1.1063 0.748, -0.315 -0.0827 0.748, -0.4724 -1.1063 0.748, -0.4429 -0.3189 0.748, -0.4724 -0.0827 0.748, -0.4429 -0.2771 0.748, -0.3445 -0.2771 0.748, -0.6594 -0.3189 0.748, -0.6299 -1.1063 0.748, -0.6299 -0.0827 0.748, -0.7874 -1.1063 0.748, -0.7579 -0.3189 0.748, -0.7874 -0.0827 0.748, -0.7579 -0.2771 0.748, -0.6594 -0.2771 0.748, -0.9744 -0.3189 0.748, -0.9449 -1.1063 0.748, -0.9449 -0.0827 0.748, -1.1024 -1.1063 0.748, -1.0728 -0.3189 0.748, -1.1024 -0.0827 0.748, -1.0728 -0.2771 0.748, -0.9744 -0.2771 0.748, 1.4173 -0.0827 1.6142, 1.4173 1.3622 1.6142, 1.3878 -0.0827 1.6142, 1.3878 1.3622 1.6142, 1.1024 -0.0827 1.6142, 1.1024 1.3622 1.6142, 1.0728 -0.0827 1.6142, 1.0728 1.3622 1.6142, 0.7874 -0.0827 1.6142, 0.7874 1.3622 1.6142, 0.7579 -0.0827 1.6142, 0.7579 1.3622 1.6142, 0.4724 -0.0827 1.6142, 0.4724 1.3622 1.6142, 0.4429 -0.0827 1.6142, 0.4429 1.3622 1.6142, 0.1575 -0.0827 1.6142, 0.1575 1.3622 1.6142, 0.128 -0.0827 1.6142, 0.128 1.3622 1.6142, -0.1575 -0.0827 1.6142, -0.1575 1.3622 1.6142, -0.187 -0.0827 1.6142, -0.187 1.3622 1.6142, -0.4724 -0.0827 1.6142, -0.4724 1.3622 1.6142, -0.502 -0.0827 1.6142, -0.502 1.3622 1.6142, -0.7874 -0.0827 1.6142, -0.7874 1.3622 1.6142, -0.8169 -0.0827 1.6142, -0.8169 1.3622 1.6142, -1.1024 -0.0827 1.6142, -1.1024 1.3622 1.6142, -1.1319 -0.0827 1.6142, -1.1319 1.3622 1.6142, -1.2598 -1.5197 0.7283, -1.1024 -1.5197 0.7283, -0.9449 -1.5197 0.7283, -0.7874 -1.5197 0.7283, -0.6299 -1.5197 0.7283, -0.4724 -1.5197 0.7283, -0.315 -1.5197 0.7283, -0.1575 -1.5197 0.7283, -0.0 -1.5197 0.7283, 0.1575 -1.5197 0.7283, 0.315 -1.5197 0.7283, 0.4724 -1.5197 0.7283, 0.6299 -1.5197 0.7283, 0.7874 -1.5197 0.7283, 0.9449 -1.5197 0.7283, 1.1024 -1.5197 0.7283, 1.2598 -1.5197 0.7283, 1.4173 -1.5197 0.7283, -1.2598 -1.4409 0.7283, -1.1024 -1.4409 0.7283, -0.9449 -1.4409 0.7283, -0.7874 -1.4409 0.7283, -0.6299 -1.4409 0.7283, -0.4724 -1.4409 0.7283, -0.315 -1.4409 0.7283, -0.1575 -1.4409 0.7283, -0.0 -1.4409 0.7283, 0.1575 -1.4409 0.7283, 0.315 -1.4409 0.7283, 0.4724 -1.4409 0.7283, 0.6299 -1.4409 0.7283, 0.7874 -1.4409 0.7283, 0.9449 -1.4409 0.7283, 1.1024 -1.4409 0.7283, 1.2598 -1.4409 0.7283, 1.4173 -1.4409 0.7283, -1.1024 -1.2244 0.9449, -1.2598 -1.2244 0.9449, -0.7874 -1.2244 0.9449, -0.9449 -1.2244 0.9449, -0.4724 -1.2244 0.9449, -0.6299 -1.2244 0.9449, -0.1575 -1.2244 0.9449, -0.315 -1.2244 0.9449, 0.1575 -1.2244 0.9449, -0.0 -1.2244 0.9449, 0.4724 -1.2244 0.9449, 0.315 -1.2244 0.9449, 0.7874 -1.2244 0.9449, 0.6299 -1.2244 0.9449, 1.1024 -1.2244 0.9449, 0.9449 -1.2244 0.9449, 1.4173 -1.2244 0.9449, 1.2598 -1.2244 0.9449, -1.4173 -1.5197 1.7717, -1.4173 -1.5197 1.6929, -1.2598 -1.5197 1.7717, -1.2598 -1.5197 1.6929, -1.1024 -1.5197 1.6929, -0.9449 -1.5197 1.6929, -1.1024 -1.5197 1.7717, -0.9449 -1.5197 1.7717, -0.7874 -1.5197 1.6929, -0.6299 -1.5197 1.6929, -0.7874 -1.5197 1.7717, -0.6299 -1.5197 1.7717, -0.4724 -1.5197 1.6929, -0.315 -1.5197 1.6929, -0.4724 -1.5197 1.7717, -0.315 -1.5197 1.7717, -0.1575 -1.5197 1.6929, -0.0 -1.5197 1.6929, -0.1575 -1.5197 1.7717, -0.0 -1.5197 1.7717, 0.1575 -1.5197 1.6929, 0.315 -1.5197 1.6929, 0.1575 -1.5197 1.7717, 0.315 -1.5197 1.7717, 0.4724 -1.5197 1.6929, 0.6299 -1.5197 1.6929, 0.4724 -1.5197 1.7717, 0.6299 -1.5197 1.7717, 0.7874 -1.5197 1.6929, 0.9449 -1.5197 1.6929, 0.7874 -1.5197 1.7717, 0.9449 -1.5197 1.7717, 1.1024 -1.5197 1.6929, 1.2598 -1.5197 1.6929, 1.1024 -1.5197 1.7717, 1.2598 -1.5197 1.7717, -1.2598 -1.1787 1.9685, -1.4173 -1.1787 1.9685, -0.9449 -1.1787 1.9685, -1.1024 -1.1787 1.9685, -0.6299 -1.1787 1.9685, -0.7874 -1.1787 1.9685, -0.315 -1.1787 1.9685, -0.4724 -1.1787 1.9685, -0.0 -1.1787 1.9685, -0.1575 -1.1787 1.9685, 0.315 -1.1787 1.9685, 0.1575 -1.1787 1.9685, 0.6299 -1.1787 1.9685, 0.4724 -1.1787 1.9685, 0.9449 -1.1787 1.9685, 0.7874 -1.1787 1.9685, 1.2598 -1.1787 1.9685, 1.1024 -1.1787 1.9685, -1.4173 -1.4409 1.6929, -1.2598 -1.4409 1.6929, -1.1024 -1.4409 1.6929, -0.9449 -1.4409 1.6929, -0.7874 -1.4409 1.6929, -0.6299 -1.4409 1.6929, -0.4724 -1.4409 1.6929, -0.315 -1.4409 1.6929, -0.1575 -1.4409 1.6929, -0.0 -1.4409 1.6929, 0.1575 -1.4409 1.6929, 0.315 -1.4409 1.6929, 0.4724 -1.4409 1.6929, 0.6299 -1.4409 1.6929, 0.7874 -1.4409 1.6929, 0.9449 -1.4409 1.6929, 1.1024 -1.4409 1.6929, 1.2598 -1.4409 1.6929, -1.2598 -1.2244 1.4764, -1.4173 -1.2244 1.4764, -0.9449 -1.2244 1.4764, -1.1024 -1.2244 1.4764, -0.6299 -1.2244 1.4764, -0.7874 -1.2244 1.4764, -0.315 -1.2244 1.4764, -0.4724 -1.2244 1.4764, -0.0 -1.2244 1.4764, -0.1575 -1.2244 1.4764, 0.315 -1.2244 1.4764, 0.1575 -1.2244 1.4764, 0.6299 -1.2244 1.4764, 0.4724 -1.2244 1.4764, 0.9449 -1.2244 1.4764, 0.7874 -1.2244 1.4764, 1.2598 -1.2244 1.4764, 1.1024 -1.2244 1.4764, -1.2894 -0.3189 0.748, -1.2598 -1.1063 0.748, -1.2598 -0.0827 0.748, -1.4173 -1.1063 0.748, -1.3878 -0.3189 0.748, -1.4173 -0.0827 0.748, -1.3878 -0.2771 0.748, -1.2894 -0.2771 0.748, -1.4173 -0.0827 1.6142, -1.4173 1.3622 1.6142, -1.4469 -0.0827 1.6142, -1.4469 1.3622 1.6142, -1.4173 -1.5197 0.7283, -2.1654 -1.5197 0.7283, -1.6142 -1.5197 -0.0394, -2.1654 -1.5197 -0.0394, -1.4173 -1.4409 0.7283, -2.0669 -1.4409 0.7283, -2.1654 -1.4409 0.7283, -1.4173 -1.2244 0.9449, -1.8504 -1.2244 0.9449, -2.1654 -1.5197 1.7717, -2.1654 -1.5197 1.6929, -1.5748 -1.5197 1.7717, -1.5748 -1.5197 1.6929, -1.5748 -1.1787 1.9685, -2.1654 -1.1787 1.9685, -1.5748 -1.4409 1.6929, -2.0669 -1.4409 1.6929, -2.1654 -1.4409 1.6929, -1.5748 -1.2244 1.4764, -1.8504 -1.2244 1.4764, -2.1654 1.5197 -0.0394, -1.9275 0.2051 -0.0394, -1.9434 0.1936 -0.0394, -1.852 0.2051 -0.0394, -1.8703 0.2123 -0.0394, -1.6142 1.5197 -0.0394, -1.8898 0.2147 -0.0394, -1.9092 0.2123 -0.0394, -1.956 0.1785 -0.0394, -2.0396 0.0486 -0.0394, -2.0475 0.0324 -0.0394, -1.8703 -0.2003 -0.0394, -1.8898 -0.2027 -0.0394, -1.9092 -0.2003 -0.0394, -1.9275 -0.1931 -0.0394, -2.0515 0.015 -0.0394, -2.0515 -0.003 -0.0394, -2.0475 -0.0205 -0.0394, -2.0396 -0.0366 -0.0394, -1.956 -0.1666 -0.0394, -1.9434 -0.1816 -0.0394, -1.728 -0.003 -0.0394, -1.728 0.015 -0.0394, -1.732 0.0324 -0.0394, -1.74 0.0486 -0.0394, -1.8235 0.1785 -0.0394, -1.8361 0.1936 -0.0394, -1.852 -0.1931 -0.0394, -1.8361 -0.1816 -0.0394, -1.8235 -0.1666 -0.0394, -1.74 -0.0366 -0.0394, -1.732 -0.0205 -0.0394, 1.6142 -1.5197 -0.0394, 1.6949 -0.1889 -0.0394, 1.752 -0.2327 -0.0394, 1.6142 0.006 -0.0394, 1.6236 -0.0654 -0.0394, 1.6511 -0.1318 -0.0394, 2.0276 -0.2327 -0.0394, 2.0846 -0.1889 -0.0394, 2.1654 -1.5197 -0.0394, 2.1284 -0.1318 -0.0394, 2.156 -0.0654 -0.0394, 2.1654 0.006 -0.0394, 1.8184 -0.2602 -0.0394, 1.8898 -0.2696 -0.0394, 1.9611 -0.2602 -0.0394, 1.6236 0.0773 -0.0394, 1.6142 1.5197 -0.0394, 2.1654 1.5197 -0.0394, 2.156 0.0773 -0.0394, 2.1284 0.1438 -0.0394, 2.0846 0.2008 -0.0394, 2.0276 0.2446 -0.0394, 1.9611 0.2722 -0.0394, 1.8898 0.2816 -0.0394, 1.8184 0.2722 -0.0394, 1.752 0.2446 -0.0394, 1.6949 0.2008 -0.0394, 1.6511 0.1438 -0.0394, 2.0669 -1.4409 0.7283, 2.1654 -1.4409 0.7283, 2.0669 -1.4409 1.6929, 2.1654 -1.4409 1.6929, 1.4173 -1.5197 1.6929, 2.1654 -1.5197 1.6929, 1.4173 -1.5197 1.7717, 2.1654 -1.5197 1.7717, 2.1654 -1.1787 1.9685, 2.1654 1.5197 1.9685, 2.1654 -1.5197 0.7283, -1.2598 1.5197 1.7717, -2.1654 1.5197 1.9685, -1.1024 1.5197 1.7717, -1.5748 1.5197 1.7717, -1.4173 1.5197 1.7717, -0.315 1.5197 1.7717, -0.9449 1.5197 1.7717, 1.4173 1.5197 1.7717, 1.2598 1.5197 1.7717, 1.1024 1.5197 1.7717, 0.9449 1.5197 1.7717, 0.7874 1.5197 1.7717, 0.6299 1.5197 1.7717, 0.4724 1.5197 1.7717, 0.315 1.5197 1.7717, 0.1575 1.5197 1.7717, -0.0 1.5197 1.7717, -0.4724 1.5197 1.7717, -0.6299 1.5197 1.7717, -0.1575 1.5197 1.7717, -0.7874 1.5197 1.7717, 1.5748 -1.5197 0.7283, -1.1024 -0.4173 1.9685, -0.9449 -0.4173 1.9685, -0.7874 -0.4173 1.9685, -1.4173 -0.4173 1.9685, -1.5748 -0.4173 1.9685, -0.4724 -0.4173 1.9685, -0.315 -0.4173 1.9685, -0.1575 -0.4173 1.9685, -1.2598 -0.4173 1.9685, -0.6299 -0.4173 1.9685, 0.1575 -0.4173 1.9685, 0.315 -0.4173 1.9685, 0.4724 -0.4173 1.9685, -0.0 -0.4173 1.9685, 0.7874 -0.4173 1.9685, 0.9449 -0.4173 1.9685, 1.1024 -0.4173 1.9685, 0.6299 -0.4173 1.9685, 1.4173 -1.1787 1.9685, 1.4173 -0.4173 1.9685, 1.2598 -0.4173 1.9685, 1.4173 -1.4409 1.6929, 1.5748 -1.4409 0.7283, -1.8504 0.8425 1.4764, -1.8504 0.8425 0.9449, 1.8504 0.8425 1.4764, 1.8504 0.8425 0.9449, -1.2598 -0.0827 1.4764, -1.5748 -0.0827 1.4764, -1.4173 -0.0827 1.4764, -0.6299 -0.0827 1.4764, 1.8504 -1.2244 1.4764, 1.4173 -1.2244 1.4764, 1.4173 -0.0827 1.4764, 1.2598 -0.0827 1.4764, -0.9449 -0.0827 1.4764, -1.1024 -0.0827 1.4764, 1.1024 -0.0827 1.4764, 0.9449 -0.0827 1.4764, 0.7874 -0.0827 1.4764, 0.6299 -0.0827 1.4764, 0.4724 -0.0827 1.4764, 0.315 -0.0827 1.4764, 0.1575 -0.0827 1.4764, -0.0 -0.0827 1.4764, -0.1575 -0.0827 1.4764, -0.315 -0.0827 1.4764, -0.7874 -0.0827 1.4764, -0.4724 -0.0827 1.4764, -0.9449 -0.0827 0.9449, -0.7874 -0.0827 0.9449, -0.6299 -0.0827 0.9449, -1.4173 -0.0827 0.9449, -1.2598 -0.0827 0.9449, -1.1024 -0.0827 0.9449, -0.315 -0.0827 0.9449, -0.1575 -0.0827 0.9449, -0.0 -0.0827 0.9449, -0.4724 -0.0827 0.9449, 0.315 -0.0827 0.9449, 0.4724 -0.0827 0.9449, 0.6299 -0.0827 0.9449, 0.1575 -0.0827 0.9449, 0.9449 -0.0827 0.9449, 1.1024 -0.0827 0.9449, 1.2598 -0.0827 0.9449, 0.7874 -0.0827 0.9449, 1.5748 -1.2244 0.9449, 1.8504 -1.2244 0.9449, 1.5748 -0.0827 0.9449, 1.4173 -0.0827 0.9449, 2.1635 -0.026 -0.315, 2.1487 -0.0883 -0.315, 2.1543 -0.0649 -0.315, 2.12 -0.1455 -0.315, 2.1272 -0.1312 -0.315, 2.0789 -0.1945 -0.315, 2.084 -0.1884 -0.315, 1.9688 -0.258 -0.315, 2.0276 -0.2327 -0.315, 1.9058 -0.2691 -0.315, 1.961 -0.2594 -0.315, 1.8419 -0.2654 -0.315, 1.8898 -0.2682 -0.315, 1.7806 -0.2471 -0.315, 1.8189 -0.2586 -0.315, 1.7252 -0.2151 -0.315, 1.7529 -0.2311 -0.315, 1.6786 -0.1712 -0.315, 1.6961 -0.1876 -0.315, 1.6435 -0.1177 -0.315, 1.6523 -0.1311 -0.315, 1.6216 -0.0576 -0.315, 1.6243 -0.0651 -0.315, 1.6216 0.0695 -0.315, 1.6142 0.006 -0.315, 1.6435 0.1297 -0.315, 1.6243 0.077 -0.315, 1.6786 0.1831 -0.315, 1.6523 0.143 -0.315, 1.7252 0.227 -0.315, 1.6961 0.1996 -0.315, 1.7806 0.259 -0.315, 1.7529 0.243 -0.315, 1.8419 0.2774 -0.315, 1.8189 0.2705 -0.315, 1.9058 0.2811 -0.315, 1.8898 0.2802 -0.315, 1.9688 0.27 -0.315, 1.961 0.2714 -0.315, 2.0789 0.2064 -0.315, 2.0276 0.2446 -0.315, 2.12 0.1574 -0.315, 2.084 0.2003 -0.315, 2.1487 0.1002 -0.315, 2.1272 0.1431 -0.315, 2.1635 0.006 -0.315, 2.1635 0.038 -0.315, 2.1543 0.0769 -0.315, 1.7139 -0.0824 -0.3937, 1.6982 -0.0394 -0.3937, 1.8898 0.006 -0.3937, 1.6929 0.006 -0.3937, 1.6982 0.0514 -0.3937, 1.8118 -0.1748 -0.3937, 1.7722 -0.1519 -0.3937, 1.739 -0.1206 -0.3937, 1.9462 -0.1826 -0.3937, 1.9012 -0.1905 -0.3937, 1.8556 -0.1879 -0.3937, 2.0542 -0.1022 -0.3937, 2.0249 -0.1372 -0.3937, 1.9882 -0.1645 -0.3937, 2.0853 0.0288 -0.3937, 2.0853 -0.0169 -0.3937, 2.0747 -0.0614 -0.3937, 2.0249 0.1492 -0.3937, 2.0542 0.1141 -0.3937, 2.0747 0.0733 -0.3937, 1.9012 0.2025 -0.3937, 1.9462 0.1946 -0.3937, 1.9882 0.1765 -0.3937, 1.7722 0.1639 -0.3937, 1.8118 0.1867 -0.3937, 1.8556 0.1998 -0.3937, 1.7139 0.0943 -0.3937, 1.739 0.1325 -0.3937, -1.956 -0.1666 -0.315, -2.0396 -0.0366 -0.315, -1.956 0.1785 -0.315, -2.0396 0.0486 -0.315, -1.8235 0.1785 -0.315, -1.74 0.0486 -0.315, -1.74 -0.0366 -0.315, -1.8235 -0.1666 -0.315, -1.8898 -0.124 -0.3937, -1.9733 0.006 -0.3937, -1.8062 0.006 -0.3937, -1.8898 0.136 -0.3937, -1.9434 0.1936 -0.315, -1.9275 0.2051 -0.315, -1.9092 0.2123 -0.315, -1.8898 0.2147 -0.315, -1.8703 0.2123 -0.315, -1.852 0.2051 -0.315, -1.8361 0.1936 -0.315, -1.9537 0.1771 -0.3353, -2.0373 0.0471 -0.3353, -1.9471 0.1728 -0.3543, -2.0307 0.0429 -0.3543, -1.9366 0.1661 -0.3706, -2.0202 0.0361 -0.3706, -1.9229 0.1572 -0.3832, -2.0064 0.0273 -0.3832, -1.9069 0.147 -0.391, -1.9905 0.017 -0.391, -2.0475 -0.0205 -0.315, -2.0515 -0.003 -0.315, -2.0515 0.015 -0.315, -2.0475 0.0324 -0.315, -1.8759 0.1509 -0.391, -1.8726 0.147 -0.391, -1.88 0.1538 -0.391, -1.8847 0.1557 -0.391, -1.8898 0.1563 -0.391, -1.8948 0.1557 -0.391, -1.8995 0.1538 -0.391, -1.9036 0.1509 -0.391, -1.9166 0.1648 -0.3832, -1.9277 0.1767 -0.3706, -1.9362 0.1859 -0.3543, -1.9416 0.1916 -0.3353, -1.9262 0.2027 -0.3353, -1.9086 0.2097 -0.3353, -1.8898 0.212 -0.3353, -1.871 0.2097 -0.3353, -1.8533 0.2027 -0.3353, -1.8379 0.1916 -0.3353, -1.8258 0.1771 -0.3353, -1.9224 0.1958 -0.3543, -1.9066 0.202 -0.3543, -1.8898 0.2041 -0.3543, -1.8729 0.202 -0.3543, -1.8571 0.1958 -0.3543, -1.8433 0.1859 -0.3543, -1.8324 0.1728 -0.3543, -1.9164 0.1848 -0.3706, -1.9035 0.1899 -0.3706, -1.8898 0.1916 -0.3706, -1.876 0.1899 -0.3706, -1.8631 0.1848 -0.3706, -1.8518 0.1767 -0.3706, -1.8429 0.1661 -0.3706, -1.9086 0.1705 -0.3832, -1.8995 0.1741 -0.3832, -1.8898 0.1753 -0.3832, -1.88 0.1741 -0.3832, -1.8709 0.1705 -0.3832, -1.8629 0.1648 -0.3832, -1.8566 0.1572 -0.3832, -2.0373 -0.0352 -0.3353, -2.045 -0.0196 -0.3353, -2.0307 -0.0309 -0.3543, -2.0375 -0.0169 -0.3543, -2.0202 -0.0241 -0.3706, -2.0258 -0.0127 -0.3706, -2.0064 -0.0153 -0.3832, -2.0104 -0.0073 -0.3832, -1.9905 -0.005 -0.391, -1.9925 -0.0009 -0.391, -2.0489 -0.0027 -0.3353, -2.0411 -0.0018 -0.3543, -2.0286 -0.0004 -0.3706, -2.0124 0.0015 -0.3832, -1.9936 0.0037 -0.391, -2.0489 0.0146 -0.3353, -2.045 0.0315 -0.3353, -2.0411 0.0138 -0.3543, -2.0375 0.0289 -0.3543, -2.0286 0.0123 -0.3706, -2.0258 0.0247 -0.3706, -2.0124 0.0105 -0.3832, -2.0104 0.0192 -0.3832, -1.9936 0.0083 -0.391, -1.9925 0.0128 -0.391, -1.732 0.0324 -0.315, -1.728 0.015 -0.315, -1.728 -0.003 -0.315, -1.732 -0.0205 -0.315, -1.7422 0.0471 -0.3353, -1.7488 0.0429 -0.3543, -1.7594 0.0361 -0.3706, -1.7731 0.0273 -0.3832, -1.7891 0.017 -0.391, -1.9537 -0.1651 -0.3353, -1.9471 -0.1609 -0.3543, -1.9366 -0.1541 -0.3706, -1.9229 -0.1453 -0.3832, -1.9069 -0.135 -0.391, -1.8361 -0.1816 -0.315, -1.852 -0.1931 -0.315, -1.8703 -0.2003 -0.315, -1.8898 -0.2027 -0.315, -1.9092 -0.2003 -0.315, -1.9275 -0.1931 -0.315, -1.9434 -0.1816 -0.315, -1.7346 0.0315 -0.3353, -1.742 0.0289 -0.3543, -1.7538 0.0247 -0.3706, -1.7691 0.0192 -0.3832, -1.787 0.0128 -0.391, -1.7306 0.0146 -0.3353, -1.7385 0.0138 -0.3543, -1.7509 0.0123 -0.3706, -1.7671 0.0105 -0.3832, -1.786 0.0083 -0.391, -1.7306 -0.0027 -0.3353, -1.7346 -0.0196 -0.3353, -1.7385 -0.0018 -0.3543, -1.742 -0.0169 -0.3543, -1.7509 -0.0004 -0.3706, -1.7538 -0.0127 -0.3706, -1.7671 0.0015 -0.3832, -1.7691 -0.0073 -0.3832, -1.786 0.0037 -0.391, -1.787 -0.0009 -0.391, -1.7422 -0.0352 -0.3353, -1.7488 -0.0309 -0.3543, -1.7594 -0.0241 -0.3706, -1.7731 -0.0153 -0.3832, -1.7891 -0.005 -0.391, -1.9036 -0.1389 -0.391, -1.8995 -0.1419 -0.391, -1.8948 -0.1437 -0.391, -1.8898 -0.1444 -0.391, -1.8847 -0.1437 -0.391, -1.88 -0.1419 -0.391, -1.8759 -0.1389 -0.391, -1.8726 -0.135 -0.391, -1.8566 -0.1453 -0.3832, -1.8629 -0.1528 -0.3832, -1.8429 -0.1541 -0.3706, -1.8518 -0.1648 -0.3706, -1.8324 -0.1609 -0.3543, -1.8433 -0.1739 -0.3543, -1.8258 -0.1651 -0.3353, -1.8379 -0.1797 -0.3353, -1.8533 -0.1908 -0.3353, -1.871 -0.1977 -0.3353, -1.8898 -0.2001 -0.3353, -1.9086 -0.1977 -0.3353, -1.9262 -0.1908 -0.3353, -1.9416 -0.1797 -0.3353, -1.8571 -0.1839 -0.3543, -1.8729 -0.1901 -0.3543, -1.8898 -0.1922 -0.3543, -1.9066 -0.1901 -0.3543, -1.9224 -0.1839 -0.3543, -1.9362 -0.1739 -0.3543, -1.8631 -0.1729 -0.3706, -1.876 -0.178 -0.3706, -1.8898 -0.1797 -0.3706, -1.9035 -0.178 -0.3706, -1.9164 -0.1729 -0.3706, -1.9277 -0.1648 -0.3706, -1.8709 -0.1586 -0.3832, -1.88 -0.1622 -0.3832, -1.8898 -0.1634 -0.3832, -1.8995 -0.1622 -0.3832, -1.9086 -0.1586 -0.3832, -1.9166 -0.1528 -0.3832, 1.6459 0.1285 -0.3353, 1.6807 0.1814 -0.3353, 1.7268 0.2249 -0.3353, 1.968 0.2674 -0.3353, 2.1178 0.1559 -0.3353, 2.1462 0.0993 -0.3353, 2.1178 -0.144 -0.3353, 2.077 -0.1925 -0.3353, 1.9056 -0.2665 -0.3353, 1.8424 -0.2628 -0.3353, 1.6459 -0.1165 -0.3353, 1.6242 -0.057 -0.3353, 1.7234 -0.1337 -0.391, 1.76 -0.1683 -0.391, 1.7088 -0.1459 -0.3832, 1.7487 -0.1835 -0.3832, 1.6963 -0.1563 -0.3706, 1.739 -0.1966 -0.3706, 1.6867 -0.1644 -0.3543, 2.0939 -0.0683 -0.391, 2.1055 -0.0192 -0.391, 2.1117 -0.0748 -0.3832, 2.1244 -0.0214 -0.3832, 2.1271 -0.0804 -0.3706, 2.1406 -0.0233 -0.3706, 2.1388 -0.0847 -0.3543, 1.6956 -0.0915 -0.391, 1.6787 -0.1 -0.3832, 1.6641 -0.1074 -0.3706, 1.6529 -0.113 -0.3543, 2.0713 -0.1134 -0.391, 2.0871 -0.1238 -0.3832, 2.1007 -0.1328 -0.3706, 2.1112 -0.1397 -0.3543, 1.7315 -0.2066 -0.3543, 1.7268 -0.2129 -0.3353, 1.6807 -0.1694 -0.3353, 2.153 -0.0248 -0.3543, 2.1608 -0.0257 -0.3353, 2.1462 -0.0874 -0.3353, 1.9024 0.2228 -0.391, 1.852 0.2199 -0.391, 1.9035 0.2418 -0.3832, 1.8487 0.2386 -0.3832, 1.9044 0.2581 -0.3706, 1.8459 0.2547 -0.3706, 1.9052 0.2706 -0.3543, 1.8437 0.267 -0.3543, 1.9056 0.2784 -0.3353, 1.8424 0.2747 -0.3353, 1.6725 0.006 -0.391, 1.6784 -0.0441 -0.391, 1.6535 0.006 -0.3832, 1.6599 -0.0485 -0.3832, 1.6372 0.006 -0.3706, 1.644 -0.0523 -0.3706, 1.6247 0.006 -0.3543, 1.6319 -0.0551 -0.3543, 1.6169 0.006 -0.3353, 1.7817 -0.2446 -0.3353, 1.7848 -0.2374 -0.3543, 1.7897 -0.2259 -0.3706, 1.7962 -0.2109 -0.3832, 1.8037 -0.1935 -0.391, 1.8437 -0.255 -0.3543, 1.8459 -0.2427 -0.3706, 1.8487 -0.2267 -0.3832, 1.852 -0.208 -0.391, 1.9052 -0.2586 -0.3543, 1.9044 -0.2461 -0.3706, 1.9035 -0.2298 -0.3832, 1.9024 -0.2109 -0.391, 1.968 -0.2555 -0.3353, 1.9658 -0.2479 -0.3543, 1.9622 -0.2359 -0.3706, 1.9575 -0.2203 -0.3832, 1.9521 -0.2021 -0.391, 1.9984 -0.1822 -0.391, 2.0079 -0.1986 -0.3832, 2.016 -0.2127 -0.3706, 2.0223 -0.2236 -0.3543, 2.0262 -0.2304 -0.3353, 2.0388 -0.152 -0.391, 2.0519 -0.1658 -0.3832, 2.0631 -0.1777 -0.3706, 2.0716 -0.1868 -0.3543, 2.1608 0.0377 -0.3353, 2.153 0.0367 -0.3543, 2.1406 0.0353 -0.3706, 2.1244 0.0334 -0.3832, 2.1055 0.0312 -0.391, 2.1388 0.0966 -0.3543, 2.1271 0.0923 -0.3706, 2.1117 0.0868 -0.3832, 2.0939 0.0803 -0.391, 2.1112 0.1516 -0.3543, 2.1007 0.1447 -0.3706, 2.0871 0.1358 -0.3832, 2.0713 0.1253 -0.391, 2.077 0.2045 -0.3353, 2.0716 0.1988 -0.3543, 2.0631 0.1897 -0.3706, 2.0519 0.1778 -0.3832, 2.0388 0.164 -0.391, 1.9984 0.1941 -0.391, 2.0079 0.2105 -0.3832, 2.016 0.2247 -0.3706, 2.0223 0.2355 -0.3543, 2.0262 0.2423 -0.3353, 1.9521 0.2141 -0.391, 1.9575 0.2323 -0.3832, 1.9622 0.2479 -0.3706, 1.9658 0.2599 -0.3543, 1.7817 0.2566 -0.3353, 1.7848 0.2493 -0.3543, 1.7897 0.2379 -0.3706, 1.7962 0.2229 -0.3832, 1.8037 0.2054 -0.391, 1.7315 0.2186 -0.3543, 1.739 0.2085 -0.3706, 1.7487 0.1955 -0.3832, 1.76 0.1802 -0.391, 1.6867 0.1763 -0.3543, 1.6963 0.1683 -0.3706, 1.7088 0.1578 -0.3832, 1.7234 0.1456 -0.391, 1.6529 0.1249 -0.3543, 1.6641 0.1193 -0.3706, 1.6787 0.112 -0.3832, 1.6956 0.1035 -0.391, 1.6242 0.0689 -0.3353, 1.6319 0.0671 -0.3543, 1.644 0.0642 -0.3706, 1.6599 0.0605 -0.3832, 1.6784 0.0561 -0.391, -1.5748 1.0472 0.1181, -1.4173 1.0472 0.1181, -1.4173 -0.4173 1.7717, -1.4173 1.3622 0.1181, -1.5748 -0.0827 1.6142, -1.5748 1.3622 0.1181, -1.5748 1.3622 1.6142, -1.5748 -0.4173 1.7717, -1.5453 -0.0827 1.6142, -1.5453 1.3622 1.6142, -1.2598 -1.0472 0.1575, -1.4173 -1.0472 0.1575, -1.2598 -1.3228 0.1575, -1.2598 -1.3228 0.5315, -1.4173 -1.3228 0.1575, -1.4173 -1.3228 0.5315
            ]
        }
        coordIndex [
            0,1,2,-1,3,4,5,-1,5,4,6,-1,7,8,9,-1,9,8,2,-1,9,2,10,-1,10,2,1,-1,10,1,11,-1,11,1,12,-1,13,14,6,-1,6,14,15,-1,6,15,5,-1,5,15,16,-1,17,18,16,-1,16,18,19,-1,16,19,5,-1,5,19,20,-1,21,22,23,-1,24,25,23,-1,23,25,26,-1,23,26,21,-1,27,28,29,-1,29,28,30,-1,31,32,33,-1,34,35,5,-1,36,37,24,-1,24,37,38,-1,24,38,25,-1,25,38,29,-1,25,29,39,-1,39,29,30,-1,39,30,40,-1,40,30,31,-1,40,31,41,-1,42,43,44,-1,44,3,42,-1,42,3,5,-1,42,5,45,-1,45,5,35,-1,45,35,46,-1,46,35,47,-1,48,49,5,-1,5,49,50,-1,51,50,52,-1,52,50,53,-1,33,34,31,-1,31,34,5,-1,31,5,41,-1,41,5,50,-1,41,50,54,-1,54,50,51,-1,55,56,57,-1,57,56,58,-1,59,60,61,-1,61,60,48,-1,61,48,62,-1,62,48,63,-1,62,63,64,-1,64,63,65,-1,66,67,68,-1,68,67,69,-1,68,69,70,-1,71,72,68,-1,68,72,73,-1,74,75,76,-1,76,75,77,-1,73,78,68,-1,68,78,77,-1,68,77,79,-1,79,77,75,-1,80,26,81,-1,81,26,25,-1,81,25,82,-1,82,25,83,-1,82,83,84,-1,53,85,86,-1,86,85,87,-1,86,87,88,-1,89,90,91,-1,70,92,68,-1,68,92,93,-1,68,93,71,-1,94,95,96,-1,97,98,26,-1,91,97,89,-1,89,97,26,-1,89,26,99,-1,99,26,100,-1,99,100,101,-1,101,100,102,-1,95,103,96,-1,96,103,86,-1,96,86,80,-1,80,86,57,-1,80,57,26,-1,26,57,58,-1,26,58,100,-1,84,104,82,-1,82,104,105,-1,82,105,106,-1,106,105,107,-1,106,107,108,-1,109,110,111,-1,111,110,26,-1,111,26,112,-1,112,26,98,-1,112,98,113,-1,113,98,114,-1,107,115,108,-1,108,115,116,-1,108,116,96,-1,96,116,117,-1,96,117,94,-1,103,118,86,-1,86,118,119,-1,86,119,120,-1,120,121,86,-1,86,121,122,-1,86,122,53,-1,53,122,123,-1,53,123,52,-1,52,123,124,-1,52,124,68,-1,68,124,125,-1,68,125,66,-1,126,127,5,-1,127,128,5,-1,5,128,87,-1,5,87,48,-1,48,87,85,-1,48,85,63,-1,129,130,5,-1,131,132,133,-1,134,2,135,-1,135,2,136,-1,135,136,137,-1,133,138,131,-1,131,138,139,-1,131,139,140,-1,141,142,134,-1,134,142,143,-1,140,126,131,-1,131,126,5,-1,131,5,144,-1,144,5,130,-1,144,130,145,-1,145,130,146,-1,147,148,149,-1,150,151,152,-1,152,151,153,-1,152,153,154,-1,128,150,155,-1,155,150,152,-1,155,152,143,-1,143,152,156,-1,143,156,134,-1,134,156,129,-1,134,129,2,-1,2,129,5,-1,2,5,0,-1,0,5,20,-1,0,20,157,-1,157,20,158,-1,159,160,128,-1,154,161,152,-1,152,161,162,-1,152,162,163,-1,149,159,147,-1,147,159,128,-1,147,128,164,-1,164,128,155,-1,164,155,165,-1,165,155,166,-1,163,167,152,-1,152,167,168,-1,152,168,131,-1,131,168,169,-1,131,169,132,-1,170,87,171,-1,171,87,128,-1,171,128,172,-1,172,128,160,-1,172,160,173,-1,173,160,174,-1,175,176,177,-1,176,175,178,-1,178,175,179,-1,178,179,180,-1,180,179,181,-1,180,181,177,-1,177,181,182,-1,177,182,175,-1,183,184,185,-1,184,183,186,-1,186,183,187,-1,186,187,188,-1,188,187,189,-1,188,189,185,-1,185,189,190,-1,185,190,183,-1,191,192,193,-1,192,191,194,-1,194,191,195,-1,194,195,196,-1,196,195,197,-1,196,197,193,-1,193,197,198,-1,193,198,191,-1,199,200,201,-1,200,199,202,-1,202,199,203,-1,202,203,204,-1,204,203,205,-1,204,205,201,-1,201,205,206,-1,201,206,199,-1,207,208,209,-1,208,207,210,-1,210,207,211,-1,210,211,212,-1,212,211,213,-1,212,213,209,-1,209,213,214,-1,209,214,207,-1,215,216,217,-1,216,215,218,-1,218,215,219,-1,218,219,220,-1,220,219,221,-1,220,221,217,-1,217,221,222,-1,217,222,215,-1,223,224,225,-1,224,223,226,-1,226,223,227,-1,226,227,228,-1,228,227,229,-1,228,229,225,-1,225,229,230,-1,225,230,223,-1,231,232,233,-1,232,231,234,-1,234,231,235,-1,234,235,236,-1,236,235,237,-1,236,237,233,-1,233,237,238,-1,233,238,231,-1,239,240,241,-1,240,239,242,-1,242,239,243,-1,242,243,244,-1,244,243,245,-1,244,245,241,-1,241,245,246,-1,241,246,239,-1,247,248,249,-1,249,248,250,-1,251,252,253,-1,253,252,254,-1,255,256,257,-1,257,256,258,-1,259,260,261,-1,261,260,262,-1,263,264,265,-1,265,264,266,-1,267,268,269,-1,269,268,270,-1,271,272,273,-1,273,272,274,-1,275,276,277,-1,277,276,278,-1,279,280,281,-1,281,280,282,-1,283,11,284,-1,284,11,12,-1,157,158,285,-1,285,158,286,-1,18,17,287,-1,287,17,288,-1,14,13,289,-1,289,13,290,-1,44,43,291,-1,291,43,292,-1,46,47,293,-1,293,47,294,-1,33,32,295,-1,295,32,296,-1,28,27,297,-1,297,27,298,-1,37,36,299,-1,299,36,300,-1,301,283,302,-1,302,283,284,-1,285,286,303,-1,303,286,304,-1,287,288,305,-1,305,288,306,-1,289,290,307,-1,307,290,308,-1,291,292,309,-1,309,292,310,-1,293,294,311,-1,311,294,312,-1,295,296,313,-1,313,296,314,-1,297,298,315,-1,315,298,316,-1,299,300,317,-1,317,300,318,-1,319,320,302,-1,302,320,301,-1,304,321,303,-1,303,321,322,-1,306,323,305,-1,305,323,324,-1,308,325,307,-1,307,325,326,-1,310,327,309,-1,309,327,328,-1,312,329,311,-1,311,329,330,-1,314,331,313,-1,313,331,332,-1,316,333,315,-1,315,333,334,-1,318,335,317,-1,317,335,336,-1,337,338,339,-1,339,338,340,-1,341,342,343,-1,343,342,344,-1,345,346,347,-1,347,346,348,-1,349,350,351,-1,351,350,352,-1,353,354,355,-1,355,354,356,-1,357,358,359,-1,359,358,360,-1,361,362,363,-1,363,362,364,-1,365,366,367,-1,367,366,368,-1,369,370,371,-1,371,370,372,-1,373,374,339,-1,339,374,337,-1,344,375,343,-1,343,375,376,-1,348,377,347,-1,347,377,378,-1,352,379,351,-1,351,379,380,-1,356,381,355,-1,355,381,382,-1,360,383,359,-1,359,383,384,-1,364,385,363,-1,363,385,386,-1,368,387,367,-1,367,387,388,-1,372,389,371,-1,371,389,390,-1,338,391,340,-1,340,391,392,-1,393,394,341,-1,341,394,342,-1,395,396,345,-1,345,396,346,-1,397,398,349,-1,349,398,350,-1,399,400,353,-1,353,400,354,-1,401,402,357,-1,357,402,358,-1,403,404,361,-1,361,404,362,-1,405,406,365,-1,365,406,366,-1,407,408,369,-1,369,408,370,-1,392,391,409,-1,409,391,410,-1,411,394,412,-1,412,394,393,-1,413,396,414,-1,414,396,395,-1,415,398,416,-1,416,398,397,-1,417,400,418,-1,418,400,399,-1,419,402,420,-1,420,402,401,-1,421,404,422,-1,422,404,403,-1,423,406,424,-1,424,406,405,-1,425,408,426,-1,426,408,407,-1,427,428,429,-1,428,427,430,-1,430,427,431,-1,430,431,432,-1,432,431,433,-1,432,433,429,-1,429,433,434,-1,429,434,427,-1,435,436,437,-1,437,436,438,-1,7,439,8,-1,8,439,440,-1,8,440,441,-1,441,440,442,-1,439,443,440,-1,440,443,444,-1,440,444,445,-1,446,447,443,-1,443,447,444,-1,448,449,450,-1,450,449,451,-1,452,453,450,-1,450,453,448,-1,454,451,455,-1,455,451,449,-1,455,449,456,-1,454,455,457,-1,457,455,458,-1,459,460,461,-1,462,463,464,-1,464,463,465,-1,464,465,459,-1,459,465,466,-1,459,466,460,-1,461,467,459,-1,459,467,468,-1,459,468,469,-1,470,441,471,-1,471,441,442,-1,471,442,472,-1,472,442,473,-1,469,474,459,-1,459,474,475,-1,459,475,442,-1,442,475,476,-1,442,476,477,-1,477,478,442,-1,442,478,479,-1,442,479,473,-1,464,441,480,-1,480,481,464,-1,464,481,482,-1,464,482,483,-1,483,484,464,-1,464,484,485,-1,464,485,462,-1,470,486,441,-1,441,486,487,-1,441,487,488,-1,488,489,441,-1,441,489,490,-1,441,490,480,-1,491,492,493,-1,494,495,491,-1,491,495,496,-1,491,496,492,-1,497,498,499,-1,498,500,499,-1,499,500,501,-1,499,501,502,-1,493,503,491,-1,491,503,504,-1,491,504,499,-1,499,504,505,-1,499,505,497,-1,506,494,507,-1,508,502,509,-1,509,510,508,-1,508,510,511,-1,508,511,512,-1,512,513,508,-1,508,513,514,-1,508,514,507,-1,507,514,515,-1,507,515,516,-1,516,517,507,-1,507,517,518,-1,507,518,506,-1,519,520,521,-1,521,520,522,-1,523,524,525,-1,525,524,526,-1,526,524,527,-1,527,524,522,-1,502,508,528,-1,529,499,520,-1,520,499,502,-1,520,502,522,-1,522,502,528,-1,522,528,527,-1,528,508,110,-1,110,508,507,-1,530,531,532,-1,532,531,528,-1,533,531,534,-1,534,531,530,-1,534,530,141,-1,141,530,142,-1,464,459,136,-1,136,459,531,-1,136,531,137,-1,137,531,533,-1,535,173,174,-1,536,165,166,-1,110,109,528,-1,528,109,537,-1,528,537,538,-1,113,114,538,-1,538,114,539,-1,538,539,528,-1,528,539,540,-1,91,90,540,-1,540,90,541,-1,540,541,528,-1,528,541,542,-1,101,102,542,-1,542,102,543,-1,542,543,528,-1,528,543,544,-1,56,55,544,-1,544,55,545,-1,544,545,528,-1,528,545,546,-1,547,548,528,-1,174,547,535,-1,535,547,528,-1,535,528,549,-1,549,528,546,-1,549,546,170,-1,170,546,88,-1,166,532,536,-1,536,532,528,-1,536,528,550,-1,550,528,548,-1,550,548,148,-1,148,548,149,-1,449,448,456,-1,456,448,453,-1,453,531,456,-1,456,531,459,-1,456,459,445,-1,445,459,442,-1,445,442,440,-1,491,499,21,-1,21,499,529,-1,21,529,22,-1,22,529,551,-1,552,376,375,-1,531,553,528,-1,528,553,554,-1,555,531,556,-1,556,531,453,-1,556,453,452,-1,557,380,379,-1,558,559,528,-1,374,373,555,-1,555,373,560,-1,555,560,531,-1,531,560,552,-1,531,552,553,-1,553,552,375,-1,379,558,557,-1,557,558,528,-1,557,528,561,-1,561,528,554,-1,561,554,377,-1,377,554,378,-1,562,384,383,-1,563,564,528,-1,383,563,562,-1,562,563,528,-1,562,528,565,-1,565,528,559,-1,565,559,381,-1,381,559,382,-1,566,388,387,-1,567,568,528,-1,387,567,566,-1,566,567,528,-1,566,528,569,-1,569,528,564,-1,569,564,385,-1,385,564,386,-1,570,527,571,-1,571,527,528,-1,571,528,572,-1,572,528,568,-1,572,568,389,-1,389,568,390,-1,526,527,525,-1,525,527,570,-1,455,456,444,-1,444,456,445,-1,523,573,524,-1,524,573,521,-1,524,521,522,-1,574,551,519,-1,519,551,529,-1,519,529,520,-1,575,576,577,-1,577,576,578,-1,579,409,410,-1,457,458,580,-1,580,458,575,-1,580,575,581,-1,582,413,414,-1,583,584,577,-1,577,584,585,-1,577,585,586,-1,411,412,587,-1,587,412,588,-1,425,426,586,-1,586,426,589,-1,586,589,577,-1,577,589,590,-1,423,424,590,-1,590,424,591,-1,590,591,577,-1,577,591,592,-1,421,422,592,-1,592,422,593,-1,592,593,577,-1,577,593,594,-1,419,420,594,-1,594,420,595,-1,594,595,577,-1,577,595,596,-1,417,418,596,-1,596,418,597,-1,596,597,577,-1,577,597,598,-1,414,599,582,-1,582,599,577,-1,582,577,600,-1,600,577,598,-1,600,598,416,-1,416,598,415,-1,410,581,579,-1,579,581,575,-1,579,575,588,-1,588,575,577,-1,588,577,587,-1,587,577,599,-1,447,576,458,-1,458,576,575,-1,576,447,446,-1,601,322,321,-1,602,603,578,-1,446,604,576,-1,576,604,605,-1,576,605,578,-1,321,602,601,-1,601,602,578,-1,601,578,606,-1,606,578,605,-1,606,605,319,-1,319,605,320,-1,607,326,325,-1,608,609,578,-1,325,608,607,-1,607,608,578,-1,607,578,610,-1,610,578,603,-1,610,603,323,-1,323,603,324,-1,611,330,329,-1,612,613,578,-1,329,612,611,-1,611,612,578,-1,611,578,614,-1,614,578,609,-1,614,609,327,-1,327,609,328,-1,615,334,333,-1,616,617,578,-1,333,616,615,-1,615,616,578,-1,615,578,618,-1,618,578,613,-1,618,613,331,-1,331,613,332,-1,619,620,621,-1,621,620,578,-1,621,578,622,-1,622,578,617,-1,622,617,335,-1,335,617,336,-1,583,577,620,-1,620,577,578,-1,458,455,447,-1,447,455,444,-1,583,521,584,-1,584,521,573,-1,519,620,574,-1,574,620,619,-1,620,519,583,-1,583,519,521,-1,491,21,494,-1,494,21,110,-1,494,110,507,-1,136,8,464,-1,464,8,441,-1,623,502,501,-1,500,624,501,-1,501,624,625,-1,501,625,623,-1,498,626,500,-1,500,626,627,-1,500,627,624,-1,497,628,498,-1,498,628,629,-1,498,629,626,-1,505,630,497,-1,497,630,631,-1,497,631,628,-1,504,632,505,-1,505,632,633,-1,505,633,630,-1,503,634,504,-1,504,634,635,-1,504,635,632,-1,493,636,503,-1,503,636,637,-1,503,637,634,-1,492,638,493,-1,493,638,639,-1,493,639,636,-1,496,640,492,-1,492,640,641,-1,492,641,638,-1,495,642,496,-1,496,642,643,-1,496,643,640,-1,494,644,495,-1,495,644,645,-1,495,645,642,-1,506,646,494,-1,494,646,647,-1,494,647,644,-1,518,648,506,-1,506,648,649,-1,506,649,646,-1,517,650,518,-1,518,650,651,-1,518,651,648,-1,516,652,517,-1,517,652,653,-1,517,653,650,-1,515,654,516,-1,516,654,655,-1,516,655,652,-1,514,656,515,-1,515,656,657,-1,515,657,654,-1,513,658,514,-1,514,658,659,-1,514,659,656,-1,512,660,513,-1,513,660,661,-1,513,661,658,-1,511,662,512,-1,512,662,663,-1,512,663,660,-1,510,664,511,-1,511,664,665,-1,511,665,662,-1,509,666,510,-1,510,666,667,-1,510,667,664,-1,623,668,502,-1,502,668,669,-1,502,669,509,-1,509,669,670,-1,509,670,666,-1,671,672,673,-1,673,672,674,-1,673,674,675,-1,676,677,673,-1,673,677,678,-1,673,678,671,-1,679,680,673,-1,673,680,681,-1,673,681,676,-1,682,683,673,-1,673,683,684,-1,673,684,679,-1,685,686,673,-1,673,686,687,-1,673,687,682,-1,688,689,673,-1,673,689,690,-1,673,690,685,-1,691,692,673,-1,673,692,693,-1,673,693,688,-1,694,695,673,-1,673,695,696,-1,673,696,691,-1,675,697,673,-1,673,697,698,-1,673,698,694,-1,478,477,699,-1,699,477,700,-1,701,702,467,-1,467,702,468,-1,484,483,703,-1,703,483,704,-1,489,488,705,-1,705,488,706,-1,707,708,709,-1,709,708,710,-1,701,467,461,-1,701,461,711,-1,711,461,460,-1,711,460,712,-1,712,460,466,-1,712,466,713,-1,713,466,465,-1,713,465,714,-1,714,465,463,-1,714,463,715,-1,715,463,462,-1,715,462,716,-1,716,462,485,-1,716,485,717,-1,717,485,484,-1,717,484,703,-1,702,701,718,-1,702,718,719,-1,719,718,720,-1,719,720,721,-1,721,720,722,-1,721,722,723,-1,723,722,724,-1,723,724,725,-1,725,724,726,-1,725,726,727,-1,727,726,710,-1,727,710,708,-1,700,477,476,-1,700,476,728,-1,728,476,475,-1,728,475,729,-1,729,475,474,-1,729,474,730,-1,730,474,469,-1,730,469,731,-1,731,469,468,-1,731,468,702,-1,732,733,710,-1,732,710,734,-1,735,734,710,-1,736,735,710,-1,737,736,710,-1,738,737,710,-1,739,738,710,-1,726,739,710,-1,726,724,740,-1,724,722,741,-1,722,720,742,-1,720,718,743,-1,718,701,711,-1,718,711,743,-1,743,711,712,-1,743,712,744,-1,744,712,713,-1,744,713,745,-1,745,713,714,-1,745,714,746,-1,746,714,715,-1,746,715,747,-1,747,715,716,-1,747,716,748,-1,748,716,717,-1,748,717,749,-1,749,717,703,-1,749,703,750,-1,720,743,742,-1,742,743,744,-1,742,744,751,-1,751,744,745,-1,751,745,752,-1,752,745,746,-1,752,746,753,-1,753,746,747,-1,753,747,754,-1,754,747,748,-1,754,748,755,-1,755,748,749,-1,755,749,756,-1,756,749,750,-1,756,750,757,-1,722,742,741,-1,741,742,751,-1,741,751,758,-1,758,751,752,-1,758,752,759,-1,759,752,753,-1,759,753,760,-1,760,753,754,-1,760,754,761,-1,761,754,755,-1,761,755,762,-1,762,755,756,-1,762,756,763,-1,763,756,757,-1,763,757,764,-1,724,741,740,-1,740,741,758,-1,740,758,765,-1,765,758,759,-1,765,759,766,-1,766,759,760,-1,766,760,767,-1,767,760,761,-1,767,761,768,-1,768,761,762,-1,768,762,769,-1,769,762,763,-1,769,763,770,-1,770,763,764,-1,770,764,771,-1,726,740,739,-1,739,740,765,-1,739,765,738,-1,738,765,766,-1,738,766,737,-1,737,766,767,-1,737,767,736,-1,736,767,768,-1,736,768,735,-1,735,768,769,-1,735,769,734,-1,734,769,770,-1,734,770,732,-1,732,770,771,-1,732,771,733,-1,700,728,772,-1,772,728,773,-1,772,773,774,-1,774,773,775,-1,774,775,776,-1,776,775,777,-1,776,777,778,-1,778,777,779,-1,778,779,780,-1,780,779,781,-1,780,781,708,-1,728,729,773,-1,773,729,782,-1,773,782,775,-1,775,782,783,-1,775,783,777,-1,777,783,784,-1,777,784,779,-1,779,784,785,-1,779,785,781,-1,781,785,786,-1,781,786,708,-1,730,731,787,-1,787,731,788,-1,787,788,789,-1,789,788,790,-1,789,790,791,-1,791,790,792,-1,791,792,793,-1,793,792,794,-1,793,794,795,-1,795,794,796,-1,795,796,708,-1,731,702,788,-1,788,702,719,-1,788,719,790,-1,790,719,721,-1,790,721,792,-1,792,721,723,-1,792,723,794,-1,794,723,725,-1,794,725,796,-1,796,725,727,-1,796,727,708,-1,729,730,782,-1,782,730,787,-1,782,787,783,-1,783,787,789,-1,783,789,784,-1,784,789,791,-1,784,791,785,-1,785,791,793,-1,785,793,786,-1,786,793,795,-1,786,795,708,-1,704,483,482,-1,704,482,797,-1,797,482,481,-1,797,481,798,-1,798,481,480,-1,798,480,799,-1,799,480,490,-1,799,490,800,-1,800,490,489,-1,800,489,705,-1,703,704,801,-1,703,801,750,-1,750,801,802,-1,750,802,757,-1,757,802,803,-1,757,803,764,-1,764,803,804,-1,764,804,771,-1,771,804,805,-1,771,805,733,-1,733,805,709,-1,733,709,710,-1,699,700,772,-1,699,772,806,-1,806,772,774,-1,806,774,807,-1,807,774,776,-1,807,776,808,-1,808,776,778,-1,808,778,809,-1,809,778,780,-1,809,780,810,-1,810,780,708,-1,810,708,707,-1,706,488,487,-1,706,487,811,-1,811,487,486,-1,811,486,812,-1,812,486,470,-1,812,470,813,-1,813,470,471,-1,813,471,814,-1,814,471,472,-1,814,472,815,-1,815,472,473,-1,815,473,816,-1,816,473,479,-1,816,479,817,-1,817,479,478,-1,817,478,699,-1,704,797,801,-1,801,797,818,-1,801,818,802,-1,802,818,819,-1,802,819,803,-1,803,819,820,-1,803,820,804,-1,804,820,821,-1,804,821,805,-1,805,821,822,-1,805,822,709,-1,797,798,818,-1,818,798,823,-1,818,823,819,-1,819,823,824,-1,819,824,820,-1,820,824,825,-1,820,825,821,-1,821,825,826,-1,821,826,822,-1,822,826,827,-1,822,827,709,-1,799,800,828,-1,828,800,829,-1,828,829,830,-1,830,829,831,-1,830,831,832,-1,832,831,833,-1,832,833,834,-1,834,833,835,-1,834,835,836,-1,836,835,837,-1,836,837,709,-1,800,705,829,-1,829,705,838,-1,829,838,831,-1,831,838,839,-1,831,839,833,-1,833,839,840,-1,833,840,835,-1,835,840,841,-1,835,841,837,-1,837,841,842,-1,837,842,709,-1,798,799,823,-1,823,799,828,-1,823,828,824,-1,824,828,830,-1,824,830,825,-1,825,830,832,-1,825,832,826,-1,826,832,834,-1,826,834,827,-1,827,834,836,-1,827,836,709,-1,843,810,707,-1,843,707,844,-1,845,844,707,-1,846,845,707,-1,847,846,707,-1,848,847,707,-1,849,848,707,-1,850,849,707,-1,850,851,852,-1,851,853,854,-1,853,855,856,-1,855,857,858,-1,857,706,811,-1,857,811,858,-1,858,811,812,-1,858,812,859,-1,859,812,813,-1,859,813,860,-1,860,813,814,-1,860,814,861,-1,861,814,815,-1,861,815,862,-1,862,815,816,-1,862,816,863,-1,863,816,817,-1,863,817,864,-1,864,817,699,-1,864,699,806,-1,855,858,856,-1,856,858,859,-1,856,859,865,-1,865,859,860,-1,865,860,866,-1,866,860,861,-1,866,861,867,-1,867,861,862,-1,867,862,868,-1,868,862,863,-1,868,863,869,-1,869,863,864,-1,869,864,870,-1,870,864,806,-1,870,806,807,-1,853,856,854,-1,854,856,865,-1,854,865,871,-1,871,865,866,-1,871,866,872,-1,872,866,867,-1,872,867,873,-1,873,867,868,-1,873,868,874,-1,874,868,869,-1,874,869,875,-1,875,869,870,-1,875,870,876,-1,876,870,807,-1,876,807,808,-1,851,854,852,-1,852,854,871,-1,852,871,877,-1,877,871,872,-1,877,872,878,-1,878,872,873,-1,878,873,879,-1,879,873,874,-1,879,874,880,-1,880,874,875,-1,880,875,881,-1,881,875,876,-1,881,876,882,-1,882,876,808,-1,882,808,809,-1,850,852,849,-1,849,852,877,-1,849,877,848,-1,848,877,878,-1,848,878,847,-1,847,878,879,-1,847,879,846,-1,846,879,880,-1,846,880,845,-1,845,880,881,-1,845,881,844,-1,844,881,882,-1,844,882,843,-1,843,882,809,-1,843,809,810,-1,705,706,857,-1,705,857,838,-1,838,857,855,-1,838,855,839,-1,839,855,853,-1,839,853,840,-1,840,853,851,-1,840,851,841,-1,841,851,850,-1,841,850,842,-1,842,850,707,-1,842,707,709,-1,649,648,883,-1,651,650,884,-1,653,652,885,-1,661,660,886,-1,665,664,887,-1,667,666,888,-1,627,626,889,-1,629,628,890,-1,633,632,891,-1,635,634,892,-1,643,642,893,-1,645,644,894,-1,678,677,895,-1,895,677,896,-1,895,896,897,-1,897,896,898,-1,897,898,899,-1,899,898,900,-1,899,900,901,-1,687,686,902,-1,902,686,903,-1,902,903,904,-1,904,903,905,-1,904,905,906,-1,906,905,907,-1,906,907,908,-1,671,678,909,-1,909,678,895,-1,909,895,910,-1,910,895,897,-1,910,897,911,-1,911,897,899,-1,911,899,912,-1,912,899,901,-1,912,901,893,-1,682,687,913,-1,913,687,902,-1,913,902,914,-1,914,902,904,-1,914,904,915,-1,915,904,906,-1,915,906,916,-1,916,906,908,-1,916,908,889,-1,917,918,919,-1,920,921,922,-1,691,696,923,-1,923,696,924,-1,923,924,925,-1,925,924,926,-1,925,926,927,-1,927,926,928,-1,927,928,929,-1,929,928,930,-1,929,930,931,-1,931,930,932,-1,674,672,933,-1,933,672,934,-1,933,934,935,-1,935,934,936,-1,935,936,937,-1,937,936,938,-1,937,938,939,-1,939,938,940,-1,939,940,941,-1,941,940,894,-1,941,894,647,-1,647,894,644,-1,642,645,893,-1,893,645,894,-1,893,894,912,-1,912,894,940,-1,912,940,911,-1,911,940,938,-1,911,938,910,-1,910,938,936,-1,910,936,909,-1,909,936,934,-1,909,934,671,-1,671,934,672,-1,900,917,901,-1,901,917,919,-1,901,919,893,-1,893,919,640,-1,893,640,643,-1,637,636,942,-1,942,636,918,-1,942,918,943,-1,943,918,917,-1,943,917,944,-1,944,917,900,-1,944,900,945,-1,945,900,898,-1,945,898,946,-1,946,898,896,-1,946,896,676,-1,676,896,677,-1,636,639,918,-1,918,639,638,-1,918,638,919,-1,919,638,641,-1,919,641,640,-1,634,637,892,-1,892,637,942,-1,892,942,947,-1,947,942,943,-1,947,943,948,-1,948,943,944,-1,948,944,949,-1,949,944,945,-1,949,945,950,-1,950,945,946,-1,950,946,681,-1,681,946,676,-1,632,635,891,-1,891,635,892,-1,891,892,951,-1,951,892,947,-1,951,947,952,-1,952,947,948,-1,952,948,953,-1,953,948,949,-1,953,949,954,-1,954,949,950,-1,954,950,680,-1,680,950,681,-1,630,633,955,-1,955,633,891,-1,955,891,956,-1,956,891,951,-1,956,951,957,-1,957,951,952,-1,957,952,958,-1,958,952,953,-1,958,953,959,-1,959,953,954,-1,959,954,679,-1,679,954,680,-1,679,684,959,-1,959,684,960,-1,959,960,958,-1,958,960,961,-1,958,961,957,-1,957,961,962,-1,957,962,956,-1,956,962,963,-1,956,963,955,-1,955,963,964,-1,955,964,630,-1,630,964,631,-1,684,683,960,-1,960,683,965,-1,960,965,961,-1,961,965,966,-1,961,966,962,-1,962,966,967,-1,962,967,963,-1,963,967,968,-1,963,968,964,-1,964,968,890,-1,964,890,631,-1,631,890,628,-1,626,629,889,-1,889,629,890,-1,889,890,916,-1,916,890,968,-1,916,968,915,-1,915,968,967,-1,915,967,914,-1,914,967,966,-1,914,966,913,-1,913,966,965,-1,913,965,682,-1,682,965,683,-1,907,920,908,-1,908,920,922,-1,908,922,889,-1,889,922,624,-1,889,624,627,-1,670,669,969,-1,969,669,921,-1,969,921,970,-1,970,921,920,-1,970,920,971,-1,971,920,907,-1,971,907,972,-1,972,907,905,-1,972,905,973,-1,973,905,903,-1,973,903,685,-1,685,903,686,-1,669,668,921,-1,921,668,623,-1,921,623,922,-1,922,623,625,-1,922,625,624,-1,666,670,888,-1,888,670,969,-1,888,969,974,-1,974,969,970,-1,974,970,975,-1,975,970,971,-1,975,971,976,-1,976,971,972,-1,976,972,977,-1,977,972,973,-1,977,973,690,-1,690,973,685,-1,664,667,887,-1,887,667,888,-1,887,888,978,-1,978,888,974,-1,978,974,979,-1,979,974,975,-1,979,975,980,-1,980,975,976,-1,980,976,981,-1,981,976,977,-1,981,977,689,-1,689,977,690,-1,662,665,982,-1,982,665,887,-1,982,887,983,-1,983,887,978,-1,983,978,984,-1,984,978,979,-1,984,979,985,-1,985,979,980,-1,985,980,986,-1,986,980,981,-1,986,981,688,-1,688,981,689,-1,688,693,986,-1,986,693,987,-1,986,987,985,-1,985,987,988,-1,985,988,984,-1,984,988,989,-1,984,989,983,-1,983,989,990,-1,983,990,982,-1,982,990,991,-1,982,991,662,-1,662,991,663,-1,693,692,987,-1,987,692,992,-1,987,992,988,-1,988,992,993,-1,988,993,989,-1,989,993,994,-1,989,994,990,-1,990,994,995,-1,990,995,991,-1,991,995,886,-1,991,886,663,-1,663,886,660,-1,658,661,931,-1,931,661,886,-1,931,886,929,-1,929,886,995,-1,929,995,927,-1,927,995,994,-1,927,994,925,-1,925,994,993,-1,925,993,923,-1,923,993,992,-1,923,992,691,-1,691,992,692,-1,655,654,996,-1,996,654,932,-1,996,932,997,-1,997,932,930,-1,997,930,998,-1,998,930,928,-1,998,928,999,-1,999,928,926,-1,999,926,1000,-1,1000,926,924,-1,1000,924,695,-1,695,924,696,-1,654,657,932,-1,932,657,656,-1,932,656,931,-1,931,656,659,-1,931,659,658,-1,652,655,885,-1,885,655,996,-1,885,996,1001,-1,1001,996,997,-1,1001,997,1002,-1,1002,997,998,-1,1002,998,1003,-1,1003,998,999,-1,1003,999,1004,-1,1004,999,1000,-1,1004,1000,694,-1,694,1000,695,-1,650,653,884,-1,884,653,885,-1,884,885,1005,-1,1005,885,1001,-1,1005,1001,1006,-1,1006,1001,1002,-1,1006,1002,1007,-1,1007,1002,1003,-1,1007,1003,1008,-1,1008,1003,1004,-1,1008,1004,698,-1,698,1004,694,-1,648,651,883,-1,883,651,884,-1,883,884,1009,-1,1009,884,1005,-1,1009,1005,1010,-1,1010,1005,1006,-1,1010,1006,1011,-1,1011,1006,1007,-1,1011,1007,1012,-1,1012,1007,1008,-1,1012,1008,697,-1,697,1008,698,-1,646,649,1013,-1,1013,649,883,-1,1013,883,1014,-1,1014,883,1009,-1,1014,1009,1015,-1,1015,1009,1010,-1,1015,1010,1016,-1,1016,1010,1011,-1,1016,1011,1017,-1,1017,1011,1012,-1,1017,1012,675,-1,675,1012,697,-1,675,674,1017,-1,1017,674,933,-1,1017,933,1016,-1,1016,933,935,-1,1016,935,1015,-1,1015,935,937,-1,1015,937,1014,-1,1014,937,939,-1,1014,939,1013,-1,1013,939,941,-1,1013,941,646,-1,646,941,647,-1,1018,1019,135,-1,135,1019,134,-1,374,555,1020,-1,338,337,391,-1,391,337,374,-1,391,374,410,-1,410,374,1020,-1,581,410,435,-1,435,410,1020,-1,435,1020,436,-1,436,1020,534,-1,436,534,1021,-1,1021,534,141,-1,1021,141,1019,-1,1019,141,134,-1,452,450,451,-1,580,1022,457,-1,457,1022,452,-1,457,452,454,-1,454,452,451,-1,1018,135,1023,-1,1023,135,137,-1,1023,137,1024,-1,1024,137,533,-1,1024,533,1022,-1,1022,533,1025,-1,1022,1025,452,-1,452,1025,556,-1,555,556,1020,-1,1020,556,1025,-1,1022,580,1026,-1,1026,580,581,-1,1026,581,437,-1,437,581,435,-1,1024,1022,1027,-1,1027,1022,1026,-1,436,1021,438,-1,438,1021,1023,-1,438,1023,1027,-1,1027,1023,1024,-1,1019,1018,1021,-1,1021,1018,1023,-1,1020,1025,534,-1,534,1025,533,-1,1028,1029,10,-1,10,1029,9,-1,1028,10,1030,-1,1030,10,11,-1,1030,11,1031,-1,11,283,1031,-1,1031,283,301,-1,1031,301,428,-1,428,301,320,-1,428,320,429,-1,429,320,605,-1,9,1029,7,-1,7,1029,1032,-1,7,1032,439,-1,439,1032,1033,-1,432,604,430,-1,430,604,446,-1,430,446,1033,-1,1033,446,443,-1,1033,443,439,-1,605,604,429,-1,429,604,432,-1,1030,1032,1028,-1,1028,1032,1029,-1,1031,1033,1030,-1,1030,1033,1032,-1,428,430,1031,-1,1031,430,1033,-1,
        ]
    }
}
Shape{
    appearance Appearance {
        material  Material 	{
            diffuseColor 0.8313725490196079 0.6705882352941176 0.12941176470588237
            specularColor 0.6666666666666666 0.5372549019607843 0.10196078431372549
            ambientIntensity 0.657
            transparency 0.0
            shininess 0.5
        }
    }
    geometry IndexedFaceSet {
        ccw TRUE
        solid FALSE
        coord DEF co Coordinate {
            point [
                -1.4469 1.7559 0.0157, -1.4469 1.7559 -0.0433, -1.5453 1.7559 0.0157, -1.5453 1.7559 -0.0433, -1.4469 -1.1406 1.6673, -1.4469 -1.1114 1.7186, -1.5453 -1.1406 1.6673, -1.5453 -1.1114 1.7186, -1.4469 1.6083 -0.0433, -1.4469 1.6083 0.0157, -1.5453 1.6083 0.0157, -1.5453 1.6083 -0.0433, -1.4469 1.5197 0.1043, -1.4469 1.4606 0.1043, -1.4469 1.5227 0.0814, -1.4469 1.4657 0.0661, -1.4469 1.5316 0.06, -1.4469 1.4804 0.0305, -1.4469 1.5456 0.0417, -1.4469 1.5039 -0.0001, -1.4469 1.564 0.0276, -1.4469 1.5344 -0.0235, -1.4469 1.5853 0.0188, -1.4469 1.5701 -0.0383, -1.5453 1.5853 0.0188, -1.5453 1.564 0.0276, -1.5453 1.5456 0.0417, -1.5453 1.5316 0.06, -1.5453 1.5227 0.0814, -1.5453 1.5197 0.1043, -1.5453 1.5701 -0.0383, -1.5453 1.5344 -0.0235, -1.5453 1.5039 -0.0001, -1.5453 1.4804 0.0305, -1.5453 1.4657 0.0661, -1.5453 1.4606 0.1043, -1.4469 1.4606 1.5256, -1.4469 1.5197 1.5256, -1.5453 1.5197 1.5256, -1.5453 1.4606 1.5256, -1.4469 1.4576 1.5485, -1.4469 1.5147 1.5638, -1.4469 1.4488 1.5699, -1.4469 1.4999 1.5994, -1.4469 1.4347 1.5882, -1.4469 1.4764 1.63, -1.4469 1.4163 1.6023, -1.4469 1.4459 1.6534, -1.4469 1.395 1.6112, -1.4469 1.4103 1.6682, -1.4469 1.372 1.6142, -1.4469 1.372 1.6732, -1.5453 1.372 1.6732, -1.5453 1.4103 1.6682, -1.5453 1.4459 1.6534, -1.5453 1.4764 1.63, -1.5453 1.4999 1.5994, -1.5453 1.5147 1.5638, -1.5453 1.372 1.6142, -1.5453 1.395 1.6112, -1.5453 1.4163 1.6023, -1.5453 1.4347 1.5882, -1.5453 1.4488 1.5699, -1.5453 1.4576 1.5485, -1.4469 1.3622 1.6142, -1.4469 -0.0827 1.6732, -1.4469 -0.0827 1.6142, -1.5453 -0.0827 1.6732, -1.5453 -0.0827 1.6142, -1.5453 1.3622 1.6142, -1.4469 -0.1211 1.6094, -1.4469 -0.1356 1.6667, -1.4469 -0.1572 1.5954, -1.4469 -0.1852 1.6473, -1.4469 -0.1888 1.5729, -1.4469 -0.2287 1.6164, -1.4469 -0.2139 1.5434, -1.4469 -0.2632 1.5759, -1.5453 -0.2632 1.5759, -1.5453 -0.2287 1.6164, -1.5453 -0.1852 1.6473, -1.5453 -0.1356 1.6667, -1.5453 -0.2139 1.5434, -1.5453 -0.1888 1.5729, -1.5453 -0.1572 1.5954, -1.5453 -0.1211 1.6094, -1.4469 -0.2954 1.4194, -1.4469 -0.3448 1.4518, -1.5453 -0.3448 1.4518, -1.5453 -0.2954 1.4194, -1.4469 -0.5543 1.4014, -1.4469 -0.5835 1.3501, -1.4469 -0.5178 1.3864, -1.4469 -0.5334 1.3294, -1.4469 -0.4788 1.3808, -1.4469 -0.4797 1.3218, -1.4469 -0.4396 1.3852, -1.4469 -0.4258 1.3278, -1.4469 -0.4027 1.3991, -1.4469 -0.375 1.3469, -1.4469 -0.3704 1.4218, -1.4469 -0.3307 1.3781, -1.5453 -0.3704 1.4218, -1.5453 -0.4027 1.3991, -1.5453 -0.4396 1.3852, -1.5453 -0.4788 1.3808, -1.5453 -0.5178 1.3864, -1.5453 -0.5543 1.4014, -1.5453 -0.3307 1.3781, -1.5453 -0.375 1.3469, -1.5453 -0.4258 1.3278, -1.5453 -0.4797 1.3218, -1.5453 -0.5334 1.3294, -1.5453 -0.5835 1.3501, -1.3878 -1.7559 0.0157, -1.3878 -1.7559 -0.0433, -1.2894 -1.7559 0.0157, -1.2894 -1.7559 -0.0433, -1.2894 -0.3398 0.7689, -1.3878 -0.3398 0.7689, -1.2894 -0.3189 0.748, -1.3878 -0.3189 0.748, -1.2894 -1.2803 0.7915, -1.2894 -1.4018 0.6701, -1.3878 -1.2803 0.7915, -1.3878 -1.4018 0.6701, -1.2894 -1.4435 0.7118, -1.2894 -1.3207 0.8347, -1.3878 -1.4508 0.5518, -1.3878 -1.5098 0.5518, -1.3878 -1.4451 0.5951, -1.3878 -1.5021 0.6104, -1.3878 -1.4284 0.6354, -1.3878 -1.4795 0.665, -1.3878 -1.4435 0.7118, -1.2894 -1.4284 0.6354, -1.2894 -1.4451 0.5951, -1.2894 -1.4508 0.5518, -1.2894 -1.4795 0.665, -1.2894 -1.5021 0.6104, -1.2894 -1.5098 0.5518, -1.3878 -1.5098 0.1043, -1.3878 -1.4508 0.1043, -1.2894 -1.4508 0.1043, -1.2894 -1.5098 0.1043, -1.3878 -1.5129 0.0814, -1.3878 -1.4558 0.0661, -1.3878 -1.5217 0.06, -1.3878 -1.4706 0.0305, -1.3878 -1.5358 0.0417, -1.3878 -1.494 -0.0001, -1.3878 -1.5541 0.0276, -1.3878 -1.5246 -0.0235, -1.3878 -1.5755 0.0188, -1.3878 -1.5602 -0.0383, -1.3878 -1.5984 0.0157, -1.3878 -1.5984 -0.0433, -1.2894 -1.5984 -0.0433, -1.2894 -1.5602 -0.0383, -1.2894 -1.5246 -0.0235, -1.2894 -1.494 -0.0001, -1.2894 -1.4706 0.0305, -1.2894 -1.4558 0.0661, -1.2894 -1.5984 0.0157, -1.2894 -1.5755 0.0188, -1.2894 -1.5541 0.0276, -1.2894 -1.5358 0.0417, -1.2894 -1.5217 0.06, -1.2894 -1.5129 0.0814, -1.3878 -1.3207 0.8347, -1.3878 -0.2179 0.8073, -1.3878 -0.2771 0.748, -1.3878 -0.2597 0.849, -1.2894 -0.2597 0.849, -1.2894 -0.2771 0.748, -1.2894 -0.2179 0.8073, -1.3878 -0.3354 0.9945, -1.3878 -0.3456 1.0527, -1.3878 -0.3137 0.9956, -1.3878 -0.309 1.0544, -1.3878 -0.2924 0.9911, -1.3878 -0.2732 1.047, -1.3878 -0.273 0.9815, -1.3878 -0.2404 1.0308, -1.3878 -0.2565 0.9674, -1.3878 -0.2127 1.0069, -1.3878 -0.2442 0.9495, -1.3878 -0.1918 0.9768, -1.3878 -0.2367 0.9292, -1.3878 -0.1791 0.9424, -1.3878 -0.2345 0.9076, -1.3878 -0.1755 0.906, -1.3878 -0.2378 0.8861, -1.3878 -0.181 0.8698, -1.3878 -0.2464 0.8662, -1.3878 -0.1955 0.8362, -1.2894 -0.2464 0.8662, -1.2894 -0.2378 0.8861, -1.2894 -0.2345 0.9076, -1.2894 -0.2367 0.9292, -1.2894 -0.2442 0.9495, -1.2894 -0.2565 0.9674, -1.2894 -0.273 0.9815, -1.2894 -0.2924 0.9911, -1.2894 -0.3137 0.9956, -1.2894 -0.3354 0.9945, -1.2894 -0.1955 0.8362, -1.2894 -0.181 0.8698, -1.2894 -0.1755 0.906, -1.2894 -0.1791 0.9424, -1.2894 -0.1918 0.9768, -1.2894 -0.2127 1.0069, -1.2894 -0.2404 1.0308, -1.2894 -0.2732 1.047, -1.2894 -0.309 1.0544, -1.2894 -0.3456 1.0527, -1.3878 -1.1679 0.9081, -1.3878 -1.1577 0.8499, -1.2894 -1.1577 0.8499, -1.2894 -1.1679 0.9081, -1.3878 -1.2019 0.838, -1.2894 -1.2019 0.838, -1.3878 -1.2432 0.8183, -1.2894 -1.2432 0.8183, -1.3878 -1.2417 0.8855, -1.3878 -1.306 0.8468, -1.3878 -1.32 0.8353, -1.2894 -1.32 0.8353, -1.2894 -1.3058 0.8465, -1.2894 -1.2944 0.8555, -1.2894 -1.255 0.8791, -1.2894 -1.2124 0.8969, -1.2894 -1.2414 0.8848
            ]
        }
        coordIndex [
            0,1,2,-1,2,1,3,-1,4,5,6,-1,6,5,7,-1,8,1,9,-1,9,1,0,-1,9,0,10,-1,10,0,2,-1,10,2,11,-1,11,2,3,-1,3,1,11,-1,11,1,8,-1,12,13,14,-1,14,13,15,-1,14,15,16,-1,16,15,17,-1,16,17,18,-1,18,17,19,-1,18,19,20,-1,20,19,21,-1,20,21,22,-1,22,21,23,-1,22,23,9,-1,9,23,8,-1,9,10,22,-1,22,10,24,-1,22,24,20,-1,20,24,25,-1,20,25,18,-1,18,25,26,-1,18,26,16,-1,16,26,27,-1,16,27,14,-1,14,27,28,-1,14,28,12,-1,12,28,29,-1,10,11,24,-1,24,11,30,-1,24,30,25,-1,25,30,31,-1,25,31,26,-1,26,31,32,-1,26,32,27,-1,27,32,33,-1,27,33,28,-1,28,33,34,-1,28,34,29,-1,29,34,35,-1,13,35,34,-1,13,34,15,-1,15,34,33,-1,15,33,17,-1,17,33,32,-1,17,32,19,-1,19,32,31,-1,19,31,21,-1,21,31,30,-1,21,30,23,-1,23,30,11,-1,23,11,8,-1,36,13,37,-1,37,13,12,-1,37,12,38,-1,38,12,29,-1,38,29,39,-1,39,29,35,-1,35,13,39,-1,39,13,36,-1,36,37,40,-1,40,37,41,-1,40,41,42,-1,42,41,43,-1,42,43,44,-1,44,43,45,-1,44,45,46,-1,46,45,47,-1,46,47,48,-1,48,47,49,-1,48,49,50,-1,50,49,51,-1,52,51,49,-1,52,49,53,-1,53,49,47,-1,53,47,54,-1,54,47,45,-1,54,45,55,-1,55,45,43,-1,55,43,56,-1,56,43,41,-1,56,41,57,-1,57,41,37,-1,57,37,38,-1,58,52,59,-1,59,52,53,-1,59,53,60,-1,60,53,54,-1,60,54,61,-1,61,54,55,-1,61,55,62,-1,62,55,56,-1,62,56,63,-1,63,56,57,-1,63,57,39,-1,39,57,38,-1,39,36,63,-1,63,36,40,-1,63,40,62,-1,62,40,42,-1,62,42,61,-1,61,42,44,-1,61,44,60,-1,60,44,46,-1,60,46,59,-1,59,46,48,-1,59,48,58,-1,58,48,50,-1,50,51,64,-1,64,51,65,-1,64,65,66,-1,65,51,67,-1,67,51,52,-1,68,67,69,-1,69,67,52,-1,69,52,58,-1,69,58,64,-1,64,58,50,-1,66,65,70,-1,70,65,71,-1,70,71,72,-1,72,71,73,-1,72,73,74,-1,74,73,75,-1,74,75,76,-1,76,75,77,-1,78,77,75,-1,78,75,79,-1,79,75,73,-1,79,73,80,-1,80,73,71,-1,80,71,81,-1,81,71,65,-1,81,65,67,-1,82,78,83,-1,83,78,79,-1,83,79,84,-1,84,79,80,-1,84,80,85,-1,85,80,81,-1,85,81,68,-1,68,81,67,-1,68,66,85,-1,85,66,70,-1,85,70,84,-1,84,70,72,-1,84,72,83,-1,83,72,74,-1,83,74,82,-1,82,74,76,-1,86,76,87,-1,87,76,77,-1,87,77,88,-1,88,77,78,-1,88,78,89,-1,89,78,82,-1,82,76,89,-1,89,76,86,-1,90,91,92,-1,92,91,93,-1,92,93,94,-1,94,93,95,-1,94,95,96,-1,96,95,97,-1,96,97,98,-1,98,97,99,-1,98,99,100,-1,100,99,101,-1,100,101,87,-1,87,101,86,-1,87,88,100,-1,100,88,102,-1,100,102,98,-1,98,102,103,-1,98,103,96,-1,96,103,104,-1,96,104,94,-1,94,104,105,-1,94,105,92,-1,92,105,106,-1,92,106,90,-1,90,106,107,-1,88,89,102,-1,102,89,108,-1,102,108,103,-1,103,108,109,-1,103,109,104,-1,104,109,110,-1,104,110,105,-1,105,110,111,-1,105,111,106,-1,106,111,112,-1,106,112,107,-1,107,112,113,-1,91,113,112,-1,91,112,93,-1,93,112,111,-1,93,111,95,-1,95,111,110,-1,95,110,97,-1,97,110,109,-1,97,109,99,-1,99,109,108,-1,99,108,101,-1,101,108,89,-1,101,89,86,-1,4,91,5,-1,5,91,90,-1,5,90,7,-1,7,90,107,-1,7,107,6,-1,6,107,113,-1,113,91,6,-1,6,91,4,-1,114,115,116,-1,116,115,117,-1,118,119,120,-1,120,119,121,-1,122,123,124,-1,124,123,125,-1,126,123,127,-1,127,123,122,-1,128,129,130,-1,130,129,131,-1,130,131,132,-1,132,131,133,-1,132,133,125,-1,125,133,134,-1,125,123,132,-1,132,123,135,-1,132,135,130,-1,130,135,136,-1,130,136,128,-1,128,136,137,-1,123,126,135,-1,135,126,138,-1,135,138,136,-1,136,138,139,-1,136,139,137,-1,137,139,140,-1,129,140,139,-1,129,139,131,-1,131,139,138,-1,131,138,133,-1,133,138,126,-1,133,126,134,-1,141,129,142,-1,142,129,128,-1,142,128,143,-1,143,128,137,-1,143,137,144,-1,144,137,140,-1,140,129,144,-1,144,129,141,-1,141,142,145,-1,145,142,146,-1,145,146,147,-1,147,146,148,-1,147,148,149,-1,149,148,150,-1,149,150,151,-1,151,150,152,-1,151,152,153,-1,153,152,154,-1,153,154,155,-1,155,154,156,-1,157,156,154,-1,157,154,158,-1,158,154,152,-1,158,152,159,-1,159,152,150,-1,159,150,160,-1,160,150,148,-1,160,148,161,-1,161,148,146,-1,161,146,162,-1,162,146,142,-1,162,142,143,-1,163,157,164,-1,164,157,158,-1,164,158,165,-1,165,158,159,-1,165,159,166,-1,166,159,160,-1,166,160,167,-1,167,160,161,-1,167,161,168,-1,168,161,162,-1,168,162,144,-1,144,162,143,-1,144,141,168,-1,168,141,145,-1,168,145,167,-1,167,145,147,-1,167,147,166,-1,166,147,149,-1,166,149,165,-1,165,149,151,-1,165,151,164,-1,164,151,153,-1,164,153,163,-1,163,153,155,-1,114,155,115,-1,115,155,156,-1,115,156,117,-1,117,156,157,-1,117,157,116,-1,116,157,163,-1,163,155,116,-1,116,155,114,-1,134,126,169,-1,169,126,127,-1,124,125,169,-1,169,125,134,-1,170,171,172,-1,172,171,121,-1,172,121,119,-1,172,119,173,-1,173,119,118,-1,174,175,120,-1,120,175,173,-1,120,173,118,-1,171,170,174,-1,174,170,175,-1,176,177,178,-1,178,177,179,-1,178,179,180,-1,180,179,181,-1,180,181,182,-1,182,181,183,-1,182,183,184,-1,184,183,185,-1,184,185,186,-1,186,185,187,-1,186,187,188,-1,188,187,189,-1,188,189,190,-1,190,189,191,-1,190,191,192,-1,192,191,193,-1,192,193,194,-1,194,193,195,-1,194,195,172,-1,172,195,170,-1,172,173,194,-1,194,173,196,-1,194,196,192,-1,192,196,197,-1,192,197,190,-1,190,197,198,-1,190,198,188,-1,188,198,199,-1,188,199,186,-1,186,199,200,-1,186,200,184,-1,184,200,201,-1,184,201,182,-1,182,201,202,-1,182,202,180,-1,180,202,203,-1,180,203,178,-1,178,203,204,-1,178,204,176,-1,176,204,205,-1,173,175,196,-1,196,175,206,-1,196,206,197,-1,197,206,207,-1,197,207,198,-1,198,207,208,-1,198,208,199,-1,199,208,209,-1,199,209,200,-1,200,209,210,-1,200,210,201,-1,201,210,211,-1,201,211,202,-1,202,211,212,-1,202,212,203,-1,203,212,213,-1,203,213,204,-1,204,213,214,-1,204,214,205,-1,205,214,215,-1,177,215,214,-1,177,214,179,-1,179,214,213,-1,179,213,181,-1,181,213,212,-1,181,212,183,-1,183,212,211,-1,183,211,185,-1,185,211,210,-1,185,210,187,-1,187,210,209,-1,187,209,189,-1,189,209,208,-1,189,208,191,-1,191,208,207,-1,191,207,193,-1,193,207,206,-1,193,206,195,-1,195,206,175,-1,195,175,170,-1,216,177,217,-1,217,177,176,-1,217,176,218,-1,218,176,205,-1,218,205,219,-1,219,205,215,-1,215,177,219,-1,219,177,216,-1,217,218,220,-1,220,218,221,-1,220,221,222,-1,222,221,223,-1,222,223,124,-1,124,223,122,-1,224,216,217,-1,217,220,224,-1,224,220,222,-1,224,222,225,-1,225,222,124,-1,225,124,226,-1,226,124,169,-1,169,127,226,-1,226,127,227,-1,226,227,225,-1,225,227,228,-1,228,229,225,-1,225,229,230,-1,225,230,224,-1,219,216,231,-1,231,216,224,-1,231,224,232,-1,232,224,230,-1,221,218,219,-1,227,127,122,-1,223,229,122,-1,122,229,228,-1,122,228,227,-1,219,231,221,-1,221,231,232,-1,221,232,223,-1,223,232,230,-1,223,230,229,-1,
        ]
    }
}
Shape{
    appearance Appearance {
        material  Material 	{
            diffuseColor 0.2235294117647059 0.2235294117647059 0.2235294117647059
            specularColor 0.11372549019607843 0.11372549019607843 0.11372549019607843
            ambientIntensity 0.2235
            transparency 0.0
            shininess 0.5
        }
    }
    geometry IndexedFaceSet {
        ccw TRUE
        solid FALSE
        coord DEF co Coordinate {
            point [
                1.2598 1.0472 0.1181, 1.4173 1.0472 0.1181, 1.2598 1.0472 0.0394, 1.4173 1.0472 0.0394, 1.4173 -1.1787 1.9685, 1.4173 -0.4173 1.9685, 1.4173 -0.4173 1.7717, 1.4173 -1.5197 1.6929, 1.4173 -1.5197 1.7717, 1.4173 -1.4409 1.6929, 1.4173 -1.2244 1.4764, 1.4173 -0.0827 1.4764, 1.4173 -0.0827 1.6142, 1.4173 1.3622 1.6142, 1.4173 1.5197 1.7717, 1.4173 1.3622 0.1181, 1.4173 1.5197 0.0394, 1.2598 -1.1787 1.9685, 1.2598 -1.5197 1.7717, 1.2598 -1.5197 1.6929, 1.2598 -0.0827 1.4764, 1.2598 -0.0827 1.6142, 1.2598 -1.2244 1.4764, 1.2598 -1.4409 1.6929, 1.2598 1.3622 0.1181, 1.2598 1.5197 0.0394, 1.2598 1.3622 1.6142, 1.2598 1.5197 1.7717, 1.2598 -0.4173 1.7717, 1.2598 -0.4173 1.9685, 1.2894 -0.0827 1.6142, 1.3878 -0.0827 1.6142, 1.2894 1.3622 1.6142, 1.3878 1.3622 1.6142, 0.9449 1.0472 0.1181, 1.1024 1.0472 0.1181, 0.9449 1.0472 0.0394, 1.1024 1.0472 0.0394, 1.1024 -1.1787 1.9685, 1.1024 -0.4173 1.9685, 1.1024 -0.4173 1.7717, 1.1024 -1.5197 1.6929, 1.1024 -1.5197 1.7717, 1.1024 -1.4409 1.6929, 1.1024 -1.2244 1.4764, 1.1024 -0.0827 1.4764, 1.1024 -0.0827 1.6142, 1.1024 1.3622 1.6142, 1.1024 1.5197 1.7717, 1.1024 1.3622 0.1181, 1.1024 1.5197 0.0394, 0.9449 -1.1787 1.9685, 0.9449 -1.5197 1.7717, 0.9449 -1.5197 1.6929, 0.9449 -0.0827 1.4764, 0.9449 -0.0827 1.6142, 0.9449 -1.2244 1.4764, 0.9449 -1.4409 1.6929, 0.9449 1.3622 0.1181, 0.9449 1.5197 0.0394, 0.9449 1.3622 1.6142, 0.9449 1.5197 1.7717, 0.9449 -0.4173 1.7717, 0.9449 -0.4173 1.9685, 0.9744 -0.0827 1.6142, 1.0728 -0.0827 1.6142, 0.9744 1.3622 1.6142, 1.0728 1.3622 1.6142, 0.6299 1.0472 0.1181, 0.7874 1.0472 0.1181, 0.6299 1.0472 0.0394, 0.7874 1.0472 0.0394, 0.7874 -1.1787 1.9685, 0.7874 -0.4173 1.9685, 0.7874 -0.4173 1.7717, 0.7874 -1.5197 1.6929, 0.7874 -1.5197 1.7717, 0.7874 -1.4409 1.6929, 0.7874 -1.2244 1.4764, 0.7874 -0.0827 1.4764, 0.7874 -0.0827 1.6142, 0.7874 1.3622 1.6142, 0.7874 1.5197 1.7717, 0.7874 1.3622 0.1181, 0.7874 1.5197 0.0394, 0.6299 -1.1787 1.9685, 0.6299 -1.5197 1.7717, 0.6299 -1.5197 1.6929, 0.6299 -0.0827 1.4764, 0.6299 -0.0827 1.6142, 0.6299 -1.2244 1.4764, 0.6299 -1.4409 1.6929, 0.6299 1.3622 0.1181, 0.6299 1.5197 0.0394, 0.6299 1.3622 1.6142, 0.6299 1.5197 1.7717, 0.6299 -0.4173 1.7717, 0.6299 -0.4173 1.9685, 0.6594 -0.0827 1.6142, 0.7579 -0.0827 1.6142, 0.6594 1.3622 1.6142, 0.7579 1.3622 1.6142, 0.315 1.0472 0.1181, 0.4724 1.0472 0.1181, 0.315 1.0472 0.0394, 0.4724 1.0472 0.0394, 0.4724 -1.1787 1.9685, 0.4724 -0.4173 1.9685, 0.4724 -0.4173 1.7717, 0.4724 -1.5197 1.6929, 0.4724 -1.5197 1.7717, 0.4724 -1.4409 1.6929, 0.4724 -1.2244 1.4764, 0.4724 -0.0827 1.4764, 0.4724 -0.0827 1.6142, 0.4724 1.3622 1.6142, 0.4724 1.5197 1.7717, 0.4724 1.3622 0.1181, 0.4724 1.5197 0.0394, 0.315 -1.1787 1.9685, 0.315 -1.5197 1.7717, 0.315 -1.5197 1.6929, 0.315 -0.0827 1.4764, 0.315 -0.0827 1.6142, 0.315 -1.2244 1.4764, 0.315 -1.4409 1.6929, 0.315 1.3622 0.1181, 0.315 1.5197 0.0394, 0.315 1.3622 1.6142, 0.315 1.5197 1.7717, 0.315 -0.4173 1.7717, 0.315 -0.4173 1.9685, 0.3445 -0.0827 1.6142, 0.4429 -0.0827 1.6142, 0.3445 1.3622 1.6142, 0.4429 1.3622 1.6142, -0.0 1.0472 0.1181, 0.1575 1.0472 0.1181, -0.0 1.0472 0.0394, 0.1575 1.0472 0.0394, 0.1575 -1.1787 1.9685, 0.1575 -0.4173 1.9685, 0.1575 -0.4173 1.7717, 0.1575 -1.5197 1.6929, 0.1575 -1.5197 1.7717, 0.1575 -1.4409 1.6929, 0.1575 -1.2244 1.4764, 0.1575 -0.0827 1.4764, 0.1575 -0.0827 1.6142, 0.1575 1.3622 1.6142, 0.1575 1.5197 1.7717, 0.1575 1.3622 0.1181, 0.1575 1.5197 0.0394, -0.0 -1.1787 1.9685, -0.0 -1.5197 1.7717, -0.0 -1.5197 1.6929, -0.0 -0.0827 1.4764, -0.0 -0.0827 1.6142, -0.0 -1.2244 1.4764, -0.0 -1.4409 1.6929, -0.0 1.3622 0.1181, -0.0 1.5197 0.0394, -0.0 1.3622 1.6142, -0.0 1.5197 1.7717, -0.0 -0.4173 1.7717, -0.0 -0.4173 1.9685, 0.0295 -0.0827 1.6142, 0.128 -0.0827 1.6142, 0.0295 1.3622 1.6142, 0.128 1.3622 1.6142, -0.315 1.0472 0.1181, -0.1575 1.0472 0.1181, -0.315 1.0472 0.0394, -0.1575 1.0472 0.0394, -0.1575 -1.1787 1.9685, -0.1575 -0.4173 1.9685, -0.1575 -0.4173 1.7717, -0.1575 -1.5197 1.6929, -0.1575 -1.5197 1.7717, -0.1575 -1.4409 1.6929, -0.1575 -1.2244 1.4764, -0.1575 -0.0827 1.4764, -0.1575 -0.0827 1.6142, -0.1575 1.3622 1.6142, -0.1575 1.5197 1.7717, -0.1575 1.3622 0.1181, -0.1575 1.5197 0.0394, -0.315 -1.1787 1.9685, -0.315 -1.5197 1.7717, -0.315 -1.5197 1.6929, -0.315 -0.0827 1.4764, -0.315 -0.0827 1.6142, -0.315 -1.2244 1.4764, -0.315 -1.4409 1.6929, -0.315 1.3622 0.1181, -0.315 1.5197 0.0394, -0.315 1.3622 1.6142, -0.315 1.5197 1.7717, -0.315 -0.4173 1.7717, -0.315 -0.4173 1.9685, -0.2854 -0.0827 1.6142, -0.187 -0.0827 1.6142, -0.2854 1.3622 1.6142, -0.187 1.3622 1.6142, -0.6299 1.0472 0.1181, -0.4724 1.0472 0.1181, -0.6299 1.0472 0.0394, -0.4724 1.0472 0.0394, -0.4724 -1.1787 1.9685, -0.4724 -0.4173 1.9685, -0.4724 -0.4173 1.7717, -0.4724 -1.5197 1.6929, -0.4724 -1.5197 1.7717, -0.4724 -1.4409 1.6929, -0.4724 -1.2244 1.4764, -0.4724 -0.0827 1.4764, -0.4724 -0.0827 1.6142, -0.4724 1.3622 1.6142, -0.4724 1.5197 1.7717, -0.4724 1.3622 0.1181, -0.4724 1.5197 0.0394, -0.6299 -1.1787 1.9685, -0.6299 -1.5197 1.7717, -0.6299 -1.5197 1.6929, -0.6299 -0.0827 1.4764, -0.6299 -0.0827 1.6142, -0.6299 -1.2244 1.4764, -0.6299 -1.4409 1.6929, -0.6299 1.3622 0.1181, -0.6299 1.5197 0.0394, -0.6299 1.3622 1.6142, -0.6299 1.5197 1.7717, -0.6299 -0.4173 1.7717, -0.6299 -0.4173 1.9685, -0.6004 -0.0827 1.6142, -0.502 -0.0827 1.6142, -0.6004 1.3622 1.6142, -0.502 1.3622 1.6142, -0.9449 1.0472 0.1181, -0.7874 1.0472 0.1181, -0.9449 1.0472 0.0394, -0.7874 1.0472 0.0394, -0.7874 -1.1787 1.9685, -0.7874 -0.4173 1.9685, -0.7874 -0.4173 1.7717, -0.7874 -1.5197 1.6929, -0.7874 -1.5197 1.7717, -0.7874 -1.4409 1.6929, -0.7874 -1.2244 1.4764, -0.7874 -0.0827 1.4764, -0.7874 -0.0827 1.6142, -0.7874 1.3622 1.6142, -0.7874 1.5197 1.7717, -0.7874 1.3622 0.1181, -0.7874 1.5197 0.0394, -0.9449 -1.1787 1.9685, -0.9449 -1.5197 1.7717, -0.9449 -1.5197 1.6929, -0.9449 -0.0827 1.4764, -0.9449 -0.0827 1.6142, -0.9449 -1.2244 1.4764, -0.9449 -1.4409 1.6929, -0.9449 1.3622 0.1181, -0.9449 1.5197 0.0394, -0.9449 1.3622 1.6142, -0.9449 1.5197 1.7717, -0.9449 -0.4173 1.7717, -0.9449 -0.4173 1.9685, -0.9154 -0.0827 1.6142, -0.8169 -0.0827 1.6142, -0.9154 1.3622 1.6142, -0.8169 1.3622 1.6142, -1.2598 1.0472 0.1181, -1.1024 1.0472 0.1181, -1.2598 1.0472 0.0394, -1.1024 1.0472 0.0394, -1.1024 -1.1787 1.9685, -1.1024 -0.4173 1.9685, -1.1024 -0.4173 1.7717, -1.1024 -1.5197 1.6929, -1.1024 -1.5197 1.7717, -1.1024 -1.4409 1.6929, -1.1024 -1.2244 1.4764, -1.1024 -0.0827 1.4764, -1.1024 -0.0827 1.6142, -1.1024 1.3622 1.6142, -1.1024 1.5197 1.7717, -1.1024 1.3622 0.1181, -1.1024 1.5197 0.0394, -1.2598 -1.1787 1.9685, -1.2598 -1.5197 1.7717, -1.2598 -1.5197 1.6929, -1.2598 -0.0827 1.4764, -1.2598 -0.0827 1.6142, -1.2598 -1.2244 1.4764, -1.2598 -1.4409 1.6929, -1.2598 1.3622 0.1181, -1.2598 1.5197 0.0394, -1.2598 1.3622 1.6142, -1.2598 1.5197 1.7717, -1.2598 -0.4173 1.7717, -1.2598 -0.4173 1.9685, -1.2303 -0.0827 1.6142, -1.1319 -0.0827 1.6142, -1.2303 1.3622 1.6142, -1.1319 1.3622 1.6142, 1.5748 -1.0472 0.1575, 1.4173 -1.0472 0.1575, 1.5748 -1.0472 0.0394, 1.4173 -1.0472 0.0394, 1.5748 -1.3228 0.1575, 1.5748 -1.5197 0.0394, 1.5748 -1.3228 0.5315, 1.5748 -1.5197 0.7283, 1.5748 -1.4409 0.7283, 1.5748 -1.1063 0.748, 1.5748 -1.2244 0.9449, 1.5748 -0.0827 0.748, 1.5748 -0.0827 0.9449, 1.4173 -1.5197 0.0394, 1.4173 -1.3228 0.1575, 1.4173 -1.5197 0.7283, 1.4173 -1.3228 0.5315, 1.4173 -0.0827 0.748, 1.4173 -0.0827 0.9449, 1.4173 -1.1063 0.748, 1.4173 -1.2244 0.9449, 1.4173 -1.4409 0.7283, 1.2598 -1.0472 0.1575, 1.1024 -1.0472 0.1575, 1.2598 -1.0472 0.0394, 1.1024 -1.0472 0.0394, 1.2598 -1.3228 0.1575, 1.2598 -1.5197 0.0394, 1.2598 -1.3228 0.5315, 1.2598 -1.5197 0.7283, 1.2598 -1.4409 0.7283, 1.2598 -1.1063 0.748, 1.2598 -1.2244 0.9449, 1.2598 -0.0827 0.748, 1.2598 -0.0827 0.9449, 1.1024 -1.5197 0.0394, 1.1024 -1.3228 0.1575, 1.1024 -1.5197 0.7283, 1.1024 -1.3228 0.5315, 1.1024 -0.0827 0.748, 1.1024 -0.0827 0.9449, 1.1024 -1.1063 0.748, 1.1024 -1.2244 0.9449, 1.1024 -1.4409 0.7283, 0.9449 -1.0472 0.1575, 0.7874 -1.0472 0.1575, 0.9449 -1.0472 0.0394, 0.7874 -1.0472 0.0394, 0.9449 -1.3228 0.1575, 0.9449 -1.5197 0.0394, 0.9449 -1.3228 0.5315, 0.9449 -1.5197 0.7283, 0.9449 -1.4409 0.7283, 0.9449 -1.1063 0.748, 0.9449 -1.2244 0.9449, 0.9449 -0.0827 0.748, 0.9449 -0.0827 0.9449, 0.7874 -1.5197 0.0394, 0.7874 -1.3228 0.1575, 0.7874 -1.5197 0.7283, 0.7874 -1.3228 0.5315, 0.7874 -0.0827 0.748, 0.7874 -0.0827 0.9449, 0.7874 -1.1063 0.748, 0.7874 -1.2244 0.9449, 0.7874 -1.4409 0.7283, 0.6299 -1.0472 0.1575, 0.4724 -1.0472 0.1575, 0.6299 -1.0472 0.0394, 0.4724 -1.0472 0.0394, 0.6299 -1.3228 0.1575, 0.6299 -1.5197 0.0394, 0.6299 -1.3228 0.5315, 0.6299 -1.5197 0.7283, 0.6299 -1.4409 0.7283, 0.6299 -1.1063 0.748, 0.6299 -1.2244 0.9449, 0.6299 -0.0827 0.748, 0.6299 -0.0827 0.9449, 0.4724 -1.5197 0.0394, 0.4724 -1.3228 0.1575, 0.4724 -1.5197 0.7283, 0.4724 -1.3228 0.5315, 0.4724 -0.0827 0.748, 0.4724 -0.0827 0.9449, 0.4724 -1.1063 0.748, 0.4724 -1.2244 0.9449, 0.4724 -1.4409 0.7283, 0.315 -1.0472 0.1575, 0.1575 -1.0472 0.1575, 0.315 -1.0472 0.0394, 0.1575 -1.0472 0.0394, 0.315 -1.3228 0.1575, 0.315 -1.5197 0.0394, 0.315 -1.3228 0.5315, 0.315 -1.5197 0.7283, 0.315 -1.4409 0.7283, 0.315 -1.1063 0.748, 0.315 -1.2244 0.9449, 0.315 -0.0827 0.748, 0.315 -0.0827 0.9449, 0.1575 -1.5197 0.0394, 0.1575 -1.3228 0.1575, 0.1575 -1.5197 0.7283, 0.1575 -1.3228 0.5315, 0.1575 -0.0827 0.748, 0.1575 -0.0827 0.9449, 0.1575 -1.1063 0.748, 0.1575 -1.2244 0.9449, 0.1575 -1.4409 0.7283, -0.0 -1.0472 0.1575, -0.1575 -1.0472 0.1575, -0.0 -1.0472 0.0394, -0.1575 -1.0472 0.0394, -0.0 -1.3228 0.1575, -0.0 -1.5197 0.0394, -0.0 -1.3228 0.5315, -0.0 -1.5197 0.7283, -0.0 -1.4409 0.7283, -0.0 -1.1063 0.748, -0.0 -1.2244 0.9449, -0.0 -0.0827 0.748, -0.0 -0.0827 0.9449, -0.1575 -1.5197 0.0394, -0.1575 -1.3228 0.1575, -0.1575 -1.5197 0.7283, -0.1575 -1.3228 0.5315, -0.1575 -0.0827 0.748, -0.1575 -0.0827 0.9449, -0.1575 -1.1063 0.748, -0.1575 -1.2244 0.9449, -0.1575 -1.4409 0.7283, -0.315 -1.0472 0.1575, -0.4724 -1.0472 0.1575, -0.315 -1.0472 0.0394, -0.4724 -1.0472 0.0394, -0.315 -1.3228 0.1575, -0.315 -1.5197 0.0394, -0.315 -1.3228 0.5315, -0.315 -1.5197 0.7283, -0.315 -1.4409 0.7283, -0.315 -1.1063 0.748, -0.315 -1.2244 0.9449, -0.315 -0.0827 0.748, -0.315 -0.0827 0.9449, -0.4724 -1.5197 0.0394, -0.4724 -1.3228 0.1575, -0.4724 -1.5197 0.7283, -0.4724 -1.3228 0.5315, -0.4724 -0.0827 0.748, -0.4724 -0.0827 0.9449, -0.4724 -1.1063 0.748, -0.4724 -1.2244 0.9449, -0.4724 -1.4409 0.7283, -0.6299 -1.0472 0.1575, -0.7874 -1.0472 0.1575, -0.6299 -1.0472 0.0394, -0.7874 -1.0472 0.0394, -0.6299 -1.3228 0.1575, -0.6299 -1.5197 0.0394, -0.6299 -1.3228 0.5315, -0.6299 -1.5197 0.7283, -0.6299 -1.4409 0.7283, -0.6299 -1.1063 0.748, -0.6299 -1.2244 0.9449, -0.6299 -0.0827 0.748, -0.6299 -0.0827 0.9449, -0.7874 -1.5197 0.0394, -0.7874 -1.3228 0.1575, -0.7874 -1.5197 0.7283, -0.7874 -1.3228 0.5315, -0.7874 -0.0827 0.748, -0.7874 -0.0827 0.9449, -0.7874 -1.1063 0.748, -0.7874 -1.2244 0.9449, -0.7874 -1.4409 0.7283, -0.9449 -1.0472 0.1575, -1.1024 -1.0472 0.1575, -0.9449 -1.0472 0.0394, -1.1024 -1.0472 0.0394, -0.9449 -1.3228 0.1575, -0.9449 -1.5197 0.0394, -0.9449 -1.3228 0.5315, -0.9449 -1.5197 0.7283, -0.9449 -1.4409 0.7283, -0.9449 -1.1063 0.748, -0.9449 -1.2244 0.9449, -0.9449 -0.0827 0.748, -0.9449 -0.0827 0.9449, -1.1024 -1.5197 0.0394, -1.1024 -1.3228 0.1575, -1.1024 -1.5197 0.7283, -1.1024 -1.3228 0.5315, -1.1024 -0.0827 0.748, -1.1024 -0.0827 0.9449, -1.1024 -1.1063 0.748, -1.1024 -1.2244 0.9449, -1.1024 -1.4409 0.7283
            ]
        }
        coordIndex [
            0,1,2,-1,2,1,3,-1,4,5,6,-1,7,8,9,-1,9,8,4,-1,9,4,10,-1,10,4,6,-1,11,10,12,-1,12,10,6,-1,12,6,13,-1,13,6,14,-1,13,14,15,-1,15,14,16,-1,15,16,1,-1,1,16,3,-1,17,18,19,-1,20,21,22,-1,22,21,17,-1,22,17,23,-1,23,17,19,-1,0,2,24,-1,24,2,25,-1,24,25,26,-1,26,25,27,-1,26,27,21,-1,21,27,28,-1,21,28,17,-1,17,28,29,-1,5,29,6,-1,6,29,28,-1,21,20,30,-1,30,20,11,-1,30,11,31,-1,31,11,12,-1,26,21,32,-1,32,21,30,-1,13,15,33,-1,33,15,24,-1,33,24,32,-1,32,24,26,-1,1,0,15,-1,15,0,24,-1,6,28,14,-1,14,28,27,-1,34,35,36,-1,36,35,37,-1,38,39,40,-1,41,42,43,-1,43,42,38,-1,43,38,44,-1,44,38,40,-1,45,44,46,-1,46,44,40,-1,46,40,47,-1,47,40,48,-1,47,48,49,-1,49,48,50,-1,49,50,35,-1,35,50,37,-1,51,52,53,-1,54,55,56,-1,56,55,51,-1,56,51,57,-1,57,51,53,-1,34,36,58,-1,58,36,59,-1,58,59,60,-1,60,59,61,-1,60,61,55,-1,55,61,62,-1,55,62,51,-1,51,62,63,-1,39,63,40,-1,40,63,62,-1,55,54,64,-1,64,54,45,-1,64,45,65,-1,65,45,46,-1,60,55,66,-1,66,55,64,-1,47,49,67,-1,67,49,58,-1,67,58,66,-1,66,58,60,-1,35,34,49,-1,49,34,58,-1,40,62,48,-1,48,62,61,-1,68,69,70,-1,70,69,71,-1,72,73,74,-1,75,76,77,-1,77,76,72,-1,77,72,78,-1,78,72,74,-1,79,78,80,-1,80,78,74,-1,80,74,81,-1,81,74,82,-1,81,82,83,-1,83,82,84,-1,83,84,69,-1,69,84,71,-1,85,86,87,-1,88,89,90,-1,90,89,85,-1,90,85,91,-1,91,85,87,-1,68,70,92,-1,92,70,93,-1,92,93,94,-1,94,93,95,-1,94,95,89,-1,89,95,96,-1,89,96,85,-1,85,96,97,-1,73,97,74,-1,74,97,96,-1,89,88,98,-1,98,88,79,-1,98,79,99,-1,99,79,80,-1,94,89,100,-1,100,89,98,-1,81,83,101,-1,101,83,92,-1,101,92,100,-1,100,92,94,-1,69,68,83,-1,83,68,92,-1,74,96,82,-1,82,96,95,-1,102,103,104,-1,104,103,105,-1,106,107,108,-1,109,110,111,-1,111,110,106,-1,111,106,112,-1,112,106,108,-1,113,112,114,-1,114,112,108,-1,114,108,115,-1,115,108,116,-1,115,116,117,-1,117,116,118,-1,117,118,103,-1,103,118,105,-1,119,120,121,-1,122,123,124,-1,124,123,119,-1,124,119,125,-1,125,119,121,-1,102,104,126,-1,126,104,127,-1,126,127,128,-1,128,127,129,-1,128,129,123,-1,123,129,130,-1,123,130,119,-1,119,130,131,-1,107,131,108,-1,108,131,130,-1,123,122,132,-1,132,122,113,-1,132,113,133,-1,133,113,114,-1,128,123,134,-1,134,123,132,-1,115,117,135,-1,135,117,126,-1,135,126,134,-1,134,126,128,-1,103,102,117,-1,117,102,126,-1,108,130,116,-1,116,130,129,-1,136,137,138,-1,138,137,139,-1,140,141,142,-1,143,144,145,-1,145,144,140,-1,145,140,146,-1,146,140,142,-1,147,146,148,-1,148,146,142,-1,148,142,149,-1,149,142,150,-1,149,150,151,-1,151,150,152,-1,151,152,137,-1,137,152,139,-1,153,154,155,-1,156,157,158,-1,158,157,153,-1,158,153,159,-1,159,153,155,-1,136,138,160,-1,160,138,161,-1,160,161,162,-1,162,161,163,-1,162,163,157,-1,157,163,164,-1,157,164,153,-1,153,164,165,-1,141,165,142,-1,142,165,164,-1,157,156,166,-1,166,156,147,-1,166,147,167,-1,167,147,148,-1,162,157,168,-1,168,157,166,-1,149,151,169,-1,169,151,160,-1,169,160,168,-1,168,160,162,-1,137,136,151,-1,151,136,160,-1,142,164,150,-1,150,164,163,-1,170,171,172,-1,172,171,173,-1,174,175,176,-1,177,178,179,-1,179,178,174,-1,179,174,180,-1,180,174,176,-1,181,180,182,-1,182,180,176,-1,182,176,183,-1,183,176,184,-1,183,184,185,-1,185,184,186,-1,185,186,171,-1,171,186,173,-1,187,188,189,-1,190,191,192,-1,192,191,187,-1,192,187,193,-1,193,187,189,-1,170,172,194,-1,194,172,195,-1,194,195,196,-1,196,195,197,-1,196,197,191,-1,191,197,198,-1,191,198,187,-1,187,198,199,-1,175,199,176,-1,176,199,198,-1,191,190,200,-1,200,190,181,-1,200,181,201,-1,201,181,182,-1,196,191,202,-1,202,191,200,-1,183,185,203,-1,203,185,194,-1,203,194,202,-1,202,194,196,-1,171,170,185,-1,185,170,194,-1,176,198,184,-1,184,198,197,-1,204,205,206,-1,206,205,207,-1,208,209,210,-1,211,212,213,-1,213,212,208,-1,213,208,214,-1,214,208,210,-1,215,214,216,-1,216,214,210,-1,216,210,217,-1,217,210,218,-1,217,218,219,-1,219,218,220,-1,219,220,205,-1,205,220,207,-1,221,222,223,-1,224,225,226,-1,226,225,221,-1,226,221,227,-1,227,221,223,-1,204,206,228,-1,228,206,229,-1,228,229,230,-1,230,229,231,-1,230,231,225,-1,225,231,232,-1,225,232,221,-1,221,232,233,-1,209,233,210,-1,210,233,232,-1,225,224,234,-1,234,224,215,-1,234,215,235,-1,235,215,216,-1,230,225,236,-1,236,225,234,-1,217,219,237,-1,237,219,228,-1,237,228,236,-1,236,228,230,-1,205,204,219,-1,219,204,228,-1,210,232,218,-1,218,232,231,-1,238,239,240,-1,240,239,241,-1,242,243,244,-1,245,246,247,-1,247,246,242,-1,247,242,248,-1,248,242,244,-1,249,248,250,-1,250,248,244,-1,250,244,251,-1,251,244,252,-1,251,252,253,-1,253,252,254,-1,253,254,239,-1,239,254,241,-1,255,256,257,-1,258,259,260,-1,260,259,255,-1,260,255,261,-1,261,255,257,-1,238,240,262,-1,262,240,263,-1,262,263,264,-1,264,263,265,-1,264,265,259,-1,259,265,266,-1,259,266,255,-1,255,266,267,-1,243,267,244,-1,244,267,266,-1,259,258,268,-1,268,258,249,-1,268,249,269,-1,269,249,250,-1,264,259,270,-1,270,259,268,-1,251,253,271,-1,271,253,262,-1,271,262,270,-1,270,262,264,-1,239,238,253,-1,253,238,262,-1,244,266,252,-1,252,266,265,-1,272,273,274,-1,274,273,275,-1,276,277,278,-1,279,280,281,-1,281,280,276,-1,281,276,282,-1,282,276,278,-1,283,282,284,-1,284,282,278,-1,284,278,285,-1,285,278,286,-1,285,286,287,-1,287,286,288,-1,287,288,273,-1,273,288,275,-1,289,290,291,-1,292,293,294,-1,294,293,289,-1,294,289,295,-1,295,289,291,-1,272,274,296,-1,296,274,297,-1,296,297,298,-1,298,297,299,-1,298,299,293,-1,293,299,300,-1,293,300,289,-1,289,300,301,-1,277,301,278,-1,278,301,300,-1,293,292,302,-1,302,292,283,-1,302,283,303,-1,303,283,284,-1,298,293,304,-1,304,293,302,-1,285,287,305,-1,305,287,296,-1,305,296,304,-1,304,296,298,-1,273,272,287,-1,287,272,296,-1,278,300,286,-1,286,300,299,-1,306,307,308,-1,308,307,309,-1,306,308,310,-1,310,308,311,-1,310,311,312,-1,311,313,312,-1,312,313,314,-1,312,314,315,-1,315,314,316,-1,315,316,317,-1,317,316,318,-1,309,307,319,-1,319,307,320,-1,319,320,321,-1,321,320,322,-1,323,324,325,-1,325,324,326,-1,325,326,322,-1,322,326,327,-1,322,327,321,-1,318,324,317,-1,317,324,323,-1,310,320,306,-1,306,320,307,-1,312,322,310,-1,310,322,320,-1,315,325,312,-1,312,325,322,-1,328,329,330,-1,330,329,331,-1,328,330,332,-1,332,330,333,-1,332,333,334,-1,333,335,334,-1,334,335,336,-1,334,336,337,-1,337,336,338,-1,337,338,339,-1,339,338,340,-1,331,329,341,-1,341,329,342,-1,341,342,343,-1,343,342,344,-1,345,346,347,-1,347,346,348,-1,347,348,344,-1,344,348,349,-1,344,349,343,-1,340,346,339,-1,339,346,345,-1,332,342,328,-1,328,342,329,-1,334,344,332,-1,332,344,342,-1,337,347,334,-1,334,347,344,-1,350,351,352,-1,352,351,353,-1,350,352,354,-1,354,352,355,-1,354,355,356,-1,355,357,356,-1,356,357,358,-1,356,358,359,-1,359,358,360,-1,359,360,361,-1,361,360,362,-1,353,351,363,-1,363,351,364,-1,363,364,365,-1,365,364,366,-1,367,368,369,-1,369,368,370,-1,369,370,366,-1,366,370,371,-1,366,371,365,-1,362,368,361,-1,361,368,367,-1,354,364,350,-1,350,364,351,-1,356,366,354,-1,354,366,364,-1,359,369,356,-1,356,369,366,-1,372,373,374,-1,374,373,375,-1,372,374,376,-1,376,374,377,-1,376,377,378,-1,377,379,378,-1,378,379,380,-1,378,380,381,-1,381,380,382,-1,381,382,383,-1,383,382,384,-1,375,373,385,-1,385,373,386,-1,385,386,387,-1,387,386,388,-1,389,390,391,-1,391,390,392,-1,391,392,388,-1,388,392,393,-1,388,393,387,-1,384,390,383,-1,383,390,389,-1,376,386,372,-1,372,386,373,-1,378,388,376,-1,376,388,386,-1,381,391,378,-1,378,391,388,-1,394,395,396,-1,396,395,397,-1,394,396,398,-1,398,396,399,-1,398,399,400,-1,399,401,400,-1,400,401,402,-1,400,402,403,-1,403,402,404,-1,403,404,405,-1,405,404,406,-1,397,395,407,-1,407,395,408,-1,407,408,409,-1,409,408,410,-1,411,412,413,-1,413,412,414,-1,413,414,410,-1,410,414,415,-1,410,415,409,-1,406,412,405,-1,405,412,411,-1,398,408,394,-1,394,408,395,-1,400,410,398,-1,398,410,408,-1,403,413,400,-1,400,413,410,-1,416,417,418,-1,418,417,419,-1,416,418,420,-1,420,418,421,-1,420,421,422,-1,421,423,422,-1,422,423,424,-1,422,424,425,-1,425,424,426,-1,425,426,427,-1,427,426,428,-1,419,417,429,-1,429,417,430,-1,429,430,431,-1,431,430,432,-1,433,434,435,-1,435,434,436,-1,435,436,432,-1,432,436,437,-1,432,437,431,-1,428,434,427,-1,427,434,433,-1,420,430,416,-1,416,430,417,-1,422,432,420,-1,420,432,430,-1,425,435,422,-1,422,435,432,-1,438,439,440,-1,440,439,441,-1,438,440,442,-1,442,440,443,-1,442,443,444,-1,443,445,444,-1,444,445,446,-1,444,446,447,-1,447,446,448,-1,447,448,449,-1,449,448,450,-1,441,439,451,-1,451,439,452,-1,451,452,453,-1,453,452,454,-1,455,456,457,-1,457,456,458,-1,457,458,454,-1,454,458,459,-1,454,459,453,-1,450,456,449,-1,449,456,455,-1,442,452,438,-1,438,452,439,-1,444,454,442,-1,442,454,452,-1,447,457,444,-1,444,457,454,-1,460,461,462,-1,462,461,463,-1,460,462,464,-1,464,462,465,-1,464,465,466,-1,465,467,466,-1,466,467,468,-1,466,468,469,-1,469,468,470,-1,469,470,471,-1,471,470,472,-1,463,461,473,-1,473,461,474,-1,473,474,475,-1,475,474,476,-1,477,478,479,-1,479,478,480,-1,479,480,476,-1,476,480,481,-1,476,481,475,-1,472,478,471,-1,471,478,477,-1,464,474,460,-1,460,474,461,-1,466,476,464,-1,464,476,474,-1,469,479,466,-1,466,479,476,-1,482,483,484,-1,484,483,485,-1,482,484,486,-1,486,484,487,-1,486,487,488,-1,487,489,488,-1,488,489,490,-1,488,490,491,-1,491,490,492,-1,491,492,493,-1,493,492,494,-1,485,483,495,-1,495,483,496,-1,495,496,497,-1,497,496,498,-1,499,500,501,-1,501,500,502,-1,501,502,498,-1,498,502,503,-1,498,503,497,-1,494,500,493,-1,493,500,499,-1,486,496,482,-1,482,496,483,-1,488,498,486,-1,486,498,496,-1,491,501,488,-1,488,501,498,-1,
        ]
    }
}
Shape{
    appearance Appearance {
        material  Material 	{
            diffuseColor 0.8313725490196079 0.6705882352941176 0.12941176470588237
            specularColor 0.6666666666666666 0.5372549019607843 0.10196078431372549
            ambientIntensity 0.657
            transparency 0.0
            shininess 0.5
        }
    }
    geometry IndexedFaceSet {
        ccw TRUE
        solid FALSE
        coord DEF co Coordinate {
            point [
                -1.1319 1.7559 0.0157, -1.1319 1.7559 -0.0433, -1.2303 1.7559 0.0157, -1.2303 1.7559 -0.0433, -1.1319 -1.1406 1.6673, -1.1319 -1.1114 1.7186, -1.2303 -1.1406 1.6673, -1.2303 -1.1114 1.7186, -1.1319 1.6083 -0.0433, -1.1319 1.6083 0.0157, -1.2303 1.6083 0.0157, -1.2303 1.6083 -0.0433, -1.1319 1.5197 0.1043, -1.1319 1.4606 0.1043, -1.1319 1.5227 0.0814, -1.1319 1.4657 0.0661, -1.1319 1.5316 0.06, -1.1319 1.4804 0.0305, -1.1319 1.5456 0.0417, -1.1319 1.5039 -0.0001, -1.1319 1.564 0.0276, -1.1319 1.5344 -0.0235, -1.1319 1.5853 0.0188, -1.1319 1.5701 -0.0383, -1.2303 1.5853 0.0188, -1.2303 1.564 0.0276, -1.2303 1.5456 0.0417, -1.2303 1.5316 0.06, -1.2303 1.5227 0.0814, -1.2303 1.5197 0.1043, -1.2303 1.5701 -0.0383, -1.2303 1.5344 -0.0235, -1.2303 1.5039 -0.0001, -1.2303 1.4804 0.0305, -1.2303 1.4657 0.0661, -1.2303 1.4606 0.1043, -1.1319 1.4606 1.5256, -1.1319 1.5197 1.5256, -1.2303 1.5197 1.5256, -1.2303 1.4606 1.5256, -1.1319 1.4576 1.5485, -1.1319 1.5147 1.5638, -1.1319 1.4488 1.5699, -1.1319 1.4999 1.5994, -1.1319 1.4347 1.5882, -1.1319 1.4764 1.63, -1.1319 1.4163 1.6023, -1.1319 1.4459 1.6534, -1.1319 1.395 1.6112, -1.1319 1.4103 1.6682, -1.1319 1.372 1.6142, -1.1319 1.372 1.6732, -1.2303 1.372 1.6732, -1.2303 1.4103 1.6682, -1.2303 1.4459 1.6534, -1.2303 1.4764 1.63, -1.2303 1.4999 1.5994, -1.2303 1.5147 1.5638, -1.2303 1.372 1.6142, -1.2303 1.395 1.6112, -1.2303 1.4163 1.6023, -1.2303 1.4347 1.5882, -1.2303 1.4488 1.5699, -1.2303 1.4576 1.5485, -1.1319 1.3622 1.6142, -1.1319 -0.0827 1.6732, -1.1319 -0.0827 1.6142, -1.2303 -0.0827 1.6732, -1.2303 -0.0827 1.6142, -1.2303 1.3622 1.6142, -1.1319 -0.1211 1.6094, -1.1319 -0.1356 1.6667, -1.1319 -0.1572 1.5954, -1.1319 -0.1852 1.6473, -1.1319 -0.1888 1.5729, -1.1319 -0.2287 1.6164, -1.1319 -0.2139 1.5434, -1.1319 -0.2632 1.5759, -1.2303 -0.2632 1.5759, -1.2303 -0.2287 1.6164, -1.2303 -0.1852 1.6473, -1.2303 -0.1356 1.6667, -1.2303 -0.2139 1.5434, -1.2303 -0.1888 1.5729, -1.2303 -0.1572 1.5954, -1.2303 -0.1211 1.6094, -1.1319 -0.2954 1.4194, -1.1319 -0.3448 1.4518, -1.2303 -0.3448 1.4518, -1.2303 -0.2954 1.4194, -1.1319 -0.5543 1.4014, -1.1319 -0.5835 1.3501, -1.1319 -0.5178 1.3864, -1.1319 -0.5334 1.3294, -1.1319 -0.4788 1.3808, -1.1319 -0.4797 1.3218, -1.1319 -0.4396 1.3852, -1.1319 -0.4258 1.3278, -1.1319 -0.4027 1.3991, -1.1319 -0.375 1.3469, -1.1319 -0.3704 1.4218, -1.1319 -0.3307 1.3781, -1.2303 -0.3704 1.4218, -1.2303 -0.4027 1.3991, -1.2303 -0.4396 1.3852, -1.2303 -0.4788 1.3808, -1.2303 -0.5178 1.3864, -1.2303 -0.5543 1.4014, -1.2303 -0.3307 1.3781, -1.2303 -0.375 1.3469, -1.2303 -0.4258 1.3278, -1.2303 -0.4797 1.3218, -1.2303 -0.5334 1.3294, -1.2303 -0.5835 1.3501, -0.8169 1.7559 0.0157, -0.8169 1.7559 -0.0433, -0.9154 1.7559 0.0157, -0.9154 1.7559 -0.0433, -0.8169 -1.1406 1.6673, -0.8169 -1.1114 1.7186, -0.9154 -1.1406 1.6673, -0.9154 -1.1114 1.7186, -0.8169 1.6083 -0.0433, -0.8169 1.6083 0.0157, -0.9154 1.6083 0.0157, -0.9154 1.6083 -0.0433, -0.8169 1.5197 0.1043, -0.8169 1.4606 0.1043, -0.8169 1.5227 0.0814, -0.8169 1.4657 0.0661, -0.8169 1.5316 0.06, -0.8169 1.4804 0.0305, -0.8169 1.5456 0.0417, -0.8169 1.5039 -0.0001, -0.8169 1.564 0.0276, -0.8169 1.5344 -0.0235, -0.8169 1.5853 0.0188, -0.8169 1.5701 -0.0383, -0.9154 1.5853 0.0188, -0.9154 1.564 0.0276, -0.9154 1.5456 0.0417, -0.9154 1.5316 0.06, -0.9154 1.5227 0.0814, -0.9154 1.5197 0.1043, -0.9154 1.5701 -0.0383, -0.9154 1.5344 -0.0235, -0.9154 1.5039 -0.0001, -0.9154 1.4804 0.0305, -0.9154 1.4657 0.0661, -0.9154 1.4606 0.1043, -0.8169 1.4606 1.5256, -0.8169 1.5197 1.5256, -0.9154 1.5197 1.5256, -0.9154 1.4606 1.5256, -0.8169 1.4576 1.5485, -0.8169 1.5147 1.5638, -0.8169 1.4488 1.5699, -0.8169 1.4999 1.5994, -0.8169 1.4347 1.5882, -0.8169 1.4764 1.63, -0.8169 1.4163 1.6023, -0.8169 1.4459 1.6534, -0.8169 1.395 1.6112, -0.8169 1.4103 1.6682, -0.8169 1.372 1.6142, -0.8169 1.372 1.6732, -0.9154 1.372 1.6732, -0.9154 1.4103 1.6682, -0.9154 1.4459 1.6534, -0.9154 1.4764 1.63, -0.9154 1.4999 1.5994, -0.9154 1.5147 1.5638, -0.9154 1.372 1.6142, -0.9154 1.395 1.6112, -0.9154 1.4163 1.6023, -0.9154 1.4347 1.5882, -0.9154 1.4488 1.5699, -0.9154 1.4576 1.5485, -0.8169 1.3622 1.6142, -0.8169 -0.0827 1.6732, -0.8169 -0.0827 1.6142, -0.9154 -0.0827 1.6732, -0.9154 -0.0827 1.6142, -0.9154 1.3622 1.6142, -0.8169 -0.1211 1.6094, -0.8169 -0.1356 1.6667, -0.8169 -0.1572 1.5954, -0.8169 -0.1852 1.6473, -0.8169 -0.1888 1.5729, -0.8169 -0.2287 1.6164, -0.8169 -0.2139 1.5434, -0.8169 -0.2632 1.5759, -0.9154 -0.2632 1.5759, -0.9154 -0.2287 1.6164, -0.9154 -0.1852 1.6473, -0.9154 -0.1356 1.6667, -0.9154 -0.2139 1.5434, -0.9154 -0.1888 1.5729, -0.9154 -0.1572 1.5954, -0.9154 -0.1211 1.6094, -0.8169 -0.2954 1.4194, -0.8169 -0.3448 1.4518, -0.9154 -0.3448 1.4518, -0.9154 -0.2954 1.4194, -0.8169 -0.5543 1.4014, -0.8169 -0.5835 1.3501, -0.8169 -0.5178 1.3864, -0.8169 -0.5334 1.3294, -0.8169 -0.4788 1.3808, -0.8169 -0.4797 1.3218, -0.8169 -0.4396 1.3852, -0.8169 -0.4258 1.3278, -0.8169 -0.4027 1.3991, -0.8169 -0.375 1.3469, -0.8169 -0.3704 1.4218, -0.8169 -0.3307 1.3781, -0.9154 -0.3704 1.4218, -0.9154 -0.4027 1.3991, -0.9154 -0.4396 1.3852, -0.9154 -0.4788 1.3808, -0.9154 -0.5178 1.3864, -0.9154 -0.5543 1.4014, -0.9154 -0.3307 1.3781, -0.9154 -0.375 1.3469, -0.9154 -0.4258 1.3278, -0.9154 -0.4797 1.3218, -0.9154 -0.5334 1.3294, -0.9154 -0.5835 1.3501, -0.502 1.7559 0.0157, -0.502 1.7559 -0.0433, -0.6004 1.7559 0.0157, -0.6004 1.7559 -0.0433, -0.502 -1.1406 1.6673, -0.502 -1.1114 1.7186, -0.6004 -1.1406 1.6673, -0.6004 -1.1114 1.7186, -0.502 1.6083 -0.0433, -0.502 1.6083 0.0157, -0.6004 1.6083 0.0157, -0.6004 1.6083 -0.0433, -0.502 1.5197 0.1043, -0.502 1.4606 0.1043, -0.502 1.5227 0.0814, -0.502 1.4657 0.0661, -0.502 1.5316 0.06, -0.502 1.4804 0.0305, -0.502 1.5456 0.0417, -0.502 1.5039 -0.0001, -0.502 1.564 0.0276, -0.502 1.5344 -0.0235, -0.502 1.5853 0.0188, -0.502 1.5701 -0.0383, -0.6004 1.5853 0.0188, -0.6004 1.564 0.0276, -0.6004 1.5456 0.0417, -0.6004 1.5316 0.06, -0.6004 1.5227 0.0814, -0.6004 1.5197 0.1043, -0.6004 1.5701 -0.0383, -0.6004 1.5344 -0.0235, -0.6004 1.5039 -0.0001, -0.6004 1.4804 0.0305, -0.6004 1.4657 0.0661, -0.6004 1.4606 0.1043, -0.502 1.4606 1.5256, -0.502 1.5197 1.5256, -0.6004 1.5197 1.5256, -0.6004 1.4606 1.5256, -0.502 1.4576 1.5485, -0.502 1.5147 1.5638, -0.502 1.4488 1.5699, -0.502 1.4999 1.5994, -0.502 1.4347 1.5882, -0.502 1.4764 1.63, -0.502 1.4163 1.6023, -0.502 1.4459 1.6534, -0.502 1.395 1.6112, -0.502 1.4103 1.6682, -0.502 1.372 1.6142, -0.502 1.372 1.6732, -0.6004 1.372 1.6732, -0.6004 1.4103 1.6682, -0.6004 1.4459 1.6534, -0.6004 1.4764 1.63, -0.6004 1.4999 1.5994, -0.6004 1.5147 1.5638, -0.6004 1.372 1.6142, -0.6004 1.395 1.6112, -0.6004 1.4163 1.6023, -0.6004 1.4347 1.5882, -0.6004 1.4488 1.5699, -0.6004 1.4576 1.5485, -0.502 1.3622 1.6142, -0.502 -0.0827 1.6732, -0.502 -0.0827 1.6142, -0.6004 -0.0827 1.6732, -0.6004 -0.0827 1.6142, -0.6004 1.3622 1.6142, -0.502 -0.1211 1.6094, -0.502 -0.1356 1.6667, -0.502 -0.1572 1.5954, -0.502 -0.1852 1.6473, -0.502 -0.1888 1.5729, -0.502 -0.2287 1.6164, -0.502 -0.2139 1.5434, -0.502 -0.2632 1.5759, -0.6004 -0.2632 1.5759, -0.6004 -0.2287 1.6164, -0.6004 -0.1852 1.6473, -0.6004 -0.1356 1.6667, -0.6004 -0.2139 1.5434, -0.6004 -0.1888 1.5729, -0.6004 -0.1572 1.5954, -0.6004 -0.1211 1.6094, -0.502 -0.2954 1.4194, -0.502 -0.3448 1.4518, -0.6004 -0.3448 1.4518, -0.6004 -0.2954 1.4194, -0.502 -0.5543 1.4014, -0.502 -0.5835 1.3501, -0.502 -0.5178 1.3864, -0.502 -0.5334 1.3294, -0.502 -0.4788 1.3808, -0.502 -0.4797 1.3218, -0.502 -0.4396 1.3852, -0.502 -0.4258 1.3278, -0.502 -0.4027 1.3991, -0.502 -0.375 1.3469, -0.502 -0.3704 1.4218, -0.502 -0.3307 1.3781, -0.6004 -0.3704 1.4218, -0.6004 -0.4027 1.3991, -0.6004 -0.4396 1.3852, -0.6004 -0.4788 1.3808, -0.6004 -0.5178 1.3864, -0.6004 -0.5543 1.4014, -0.6004 -0.3307 1.3781, -0.6004 -0.375 1.3469, -0.6004 -0.4258 1.3278, -0.6004 -0.4797 1.3218, -0.6004 -0.5334 1.3294, -0.6004 -0.5835 1.3501, -0.187 1.7559 0.0157, -0.187 1.7559 -0.0433, -0.2854 1.7559 0.0157, -0.2854 1.7559 -0.0433, -0.187 -1.1406 1.6673, -0.187 -1.1114 1.7186, -0.2854 -1.1406 1.6673, -0.2854 -1.1114 1.7186, -0.187 1.6083 -0.0433, -0.187 1.6083 0.0157, -0.2854 1.6083 0.0157, -0.2854 1.6083 -0.0433, -0.187 1.5197 0.1043, -0.187 1.4606 0.1043, -0.187 1.5227 0.0814, -0.187 1.4657 0.0661, -0.187 1.5316 0.06, -0.187 1.4804 0.0305, -0.187 1.5456 0.0417, -0.187 1.5039 -0.0001, -0.187 1.564 0.0276, -0.187 1.5344 -0.0235, -0.187 1.5853 0.0188, -0.187 1.5701 -0.0383, -0.2854 1.5853 0.0188, -0.2854 1.564 0.0276, -0.2854 1.5456 0.0417, -0.2854 1.5316 0.06, -0.2854 1.5227 0.0814, -0.2854 1.5197 0.1043, -0.2854 1.5701 -0.0383, -0.2854 1.5344 -0.0235, -0.2854 1.5039 -0.0001, -0.2854 1.4804 0.0305, -0.2854 1.4657 0.0661, -0.2854 1.4606 0.1043, -0.187 1.4606 1.5256, -0.187 1.5197 1.5256, -0.2854 1.5197 1.5256, -0.2854 1.4606 1.5256, -0.187 1.4576 1.5485, -0.187 1.5147 1.5638, -0.187 1.4488 1.5699, -0.187 1.4999 1.5994, -0.187 1.4347 1.5882, -0.187 1.4764 1.63, -0.187 1.4163 1.6023, -0.187 1.4459 1.6534, -0.187 1.395 1.6112, -0.187 1.4103 1.6682, -0.187 1.372 1.6142, -0.187 1.372 1.6732, -0.2854 1.372 1.6732, -0.2854 1.4103 1.6682, -0.2854 1.4459 1.6534, -0.2854 1.4764 1.63, -0.2854 1.4999 1.5994, -0.2854 1.5147 1.5638, -0.2854 1.372 1.6142, -0.2854 1.395 1.6112, -0.2854 1.4163 1.6023, -0.2854 1.4347 1.5882, -0.2854 1.4488 1.5699, -0.2854 1.4576 1.5485, -0.187 1.3622 1.6142, -0.187 -0.0827 1.6732, -0.187 -0.0827 1.6142, -0.2854 -0.0827 1.6732, -0.2854 -0.0827 1.6142, -0.2854 1.3622 1.6142, -0.187 -0.1211 1.6094, -0.187 -0.1356 1.6667, -0.187 -0.1572 1.5954, -0.187 -0.1852 1.6473, -0.187 -0.1888 1.5729, -0.187 -0.2287 1.6164, -0.187 -0.2139 1.5434, -0.187 -0.2632 1.5759, -0.2854 -0.2632 1.5759, -0.2854 -0.2287 1.6164, -0.2854 -0.1852 1.6473, -0.2854 -0.1356 1.6667, -0.2854 -0.2139 1.5434, -0.2854 -0.1888 1.5729, -0.2854 -0.1572 1.5954, -0.2854 -0.1211 1.6094, -0.187 -0.2954 1.4194, -0.187 -0.3448 1.4518, -0.2854 -0.3448 1.4518, -0.2854 -0.2954 1.4194, -0.187 -0.5543 1.4014, -0.187 -0.5835 1.3501, -0.187 -0.5178 1.3864, -0.187 -0.5334 1.3294, -0.187 -0.4788 1.3808, -0.187 -0.4797 1.3218, -0.187 -0.4396 1.3852, -0.187 -0.4258 1.3278, -0.187 -0.4027 1.3991, -0.187 -0.375 1.3469, -0.187 -0.3704 1.4218, -0.187 -0.3307 1.3781, -0.2854 -0.3704 1.4218, -0.2854 -0.4027 1.3991, -0.2854 -0.4396 1.3852, -0.2854 -0.4788 1.3808, -0.2854 -0.5178 1.3864, -0.2854 -0.5543 1.4014, -0.2854 -0.3307 1.3781, -0.2854 -0.375 1.3469, -0.2854 -0.4258 1.3278, -0.2854 -0.4797 1.3218, -0.2854 -0.5334 1.3294, -0.2854 -0.5835 1.3501, 0.128 1.7559 0.0157, 0.128 1.7559 -0.0433, 0.0295 1.7559 0.0157, 0.0295 1.7559 -0.0433, 0.128 -1.1406 1.6673, 0.128 -1.1114 1.7186, 0.0295 -1.1406 1.6673, 0.0295 -1.1114 1.7186, 0.128 1.6083 -0.0433, 0.128 1.6083 0.0157, 0.0295 1.6083 0.0157, 0.0295 1.6083 -0.0433, 0.128 1.5197 0.1043, 0.128 1.4606 0.1043, 0.128 1.5227 0.0814, 0.128 1.4657 0.0661, 0.128 1.5316 0.06, 0.128 1.4804 0.0305, 0.128 1.5456 0.0417, 0.128 1.5039 -0.0001, 0.128 1.564 0.0276, 0.128 1.5344 -0.0235, 0.128 1.5853 0.0188, 0.128 1.5701 -0.0383, 0.0295 1.5853 0.0188, 0.0295 1.564 0.0276, 0.0295 1.5456 0.0417, 0.0295 1.5316 0.06, 0.0295 1.5227 0.0814, 0.0295 1.5197 0.1043, 0.0295 1.5701 -0.0383, 0.0295 1.5344 -0.0235, 0.0295 1.5039 -0.0001, 0.0295 1.4804 0.0305, 0.0295 1.4657 0.0661, 0.0295 1.4606 0.1043, 0.128 1.4606 1.5256, 0.128 1.5197 1.5256, 0.0295 1.5197 1.5256, 0.0295 1.4606 1.5256, 0.128 1.4576 1.5485, 0.128 1.5147 1.5638, 0.128 1.4488 1.5699, 0.128 1.4999 1.5994, 0.128 1.4347 1.5882, 0.128 1.4764 1.63, 0.128 1.4163 1.6023, 0.128 1.4459 1.6534, 0.128 1.395 1.6112, 0.128 1.4103 1.6682, 0.128 1.372 1.6142, 0.128 1.372 1.6732, 0.0295 1.372 1.6732, 0.0295 1.4103 1.6682, 0.0295 1.4459 1.6534, 0.0295 1.4764 1.63, 0.0295 1.4999 1.5994, 0.0295 1.5147 1.5638, 0.0295 1.372 1.6142, 0.0295 1.395 1.6112, 0.0295 1.4163 1.6023, 0.0295 1.4347 1.5882, 0.0295 1.4488 1.5699, 0.0295 1.4576 1.5485, 0.128 1.3622 1.6142, 0.128 -0.0827 1.6732, 0.128 -0.0827 1.6142, 0.0295 -0.0827 1.6732, 0.0295 -0.0827 1.6142, 0.0295 1.3622 1.6142, 0.128 -0.1211 1.6094, 0.128 -0.1356 1.6667, 0.128 -0.1572 1.5954, 0.128 -0.1852 1.6473, 0.128 -0.1888 1.5729, 0.128 -0.2287 1.6164, 0.128 -0.2139 1.5434, 0.128 -0.2632 1.5759, 0.0295 -0.2632 1.5759, 0.0295 -0.2287 1.6164, 0.0295 -0.1852 1.6473, 0.0295 -0.1356 1.6667, 0.0295 -0.2139 1.5434, 0.0295 -0.1888 1.5729, 0.0295 -0.1572 1.5954, 0.0295 -0.1211 1.6094, 0.128 -0.2954 1.4194, 0.128 -0.3448 1.4518, 0.0295 -0.3448 1.4518, 0.0295 -0.2954 1.4194, 0.128 -0.5543 1.4014, 0.128 -0.5835 1.3501, 0.128 -0.5178 1.3864, 0.128 -0.5334 1.3294, 0.128 -0.4788 1.3808, 0.128 -0.4797 1.3218, 0.128 -0.4396 1.3852, 0.128 -0.4258 1.3278, 0.128 -0.4027 1.3991, 0.128 -0.375 1.3469, 0.128 -0.3704 1.4218, 0.128 -0.3307 1.3781, 0.0295 -0.3704 1.4218, 0.0295 -0.4027 1.3991, 0.0295 -0.4396 1.3852, 0.0295 -0.4788 1.3808, 0.0295 -0.5178 1.3864, 0.0295 -0.5543 1.4014, 0.0295 -0.3307 1.3781, 0.0295 -0.375 1.3469, 0.0295 -0.4258 1.3278, 0.0295 -0.4797 1.3218, 0.0295 -0.5334 1.3294, 0.0295 -0.5835 1.3501, 0.4429 1.7559 0.0157, 0.4429 1.7559 -0.0433, 0.3445 1.7559 0.0157, 0.3445 1.7559 -0.0433, 0.4429 -1.1406 1.6673, 0.4429 -1.1114 1.7186, 0.3445 -1.1406 1.6673, 0.3445 -1.1114 1.7186, 0.4429 1.6083 -0.0433, 0.4429 1.6083 0.0157, 0.3445 1.6083 0.0157, 0.3445 1.6083 -0.0433, 0.4429 1.5197 0.1043, 0.4429 1.4606 0.1043, 0.4429 1.5227 0.0814, 0.4429 1.4657 0.0661, 0.4429 1.5316 0.06, 0.4429 1.4804 0.0305, 0.4429 1.5456 0.0417, 0.4429 1.5039 -0.0001, 0.4429 1.564 0.0276, 0.4429 1.5344 -0.0235, 0.4429 1.5853 0.0188, 0.4429 1.5701 -0.0383, 0.3445 1.5853 0.0188, 0.3445 1.564 0.0276, 0.3445 1.5456 0.0417, 0.3445 1.5316 0.06, 0.3445 1.5227 0.0814, 0.3445 1.5197 0.1043, 0.3445 1.5701 -0.0383, 0.3445 1.5344 -0.0235, 0.3445 1.5039 -0.0001, 0.3445 1.4804 0.0305, 0.3445 1.4657 0.0661, 0.3445 1.4606 0.1043, 0.4429 1.4606 1.5256, 0.4429 1.5197 1.5256, 0.3445 1.5197 1.5256, 0.3445 1.4606 1.5256, 0.4429 1.4576 1.5485, 0.4429 1.5147 1.5638, 0.4429 1.4488 1.5699, 0.4429 1.4999 1.5994, 0.4429 1.4347 1.5882, 0.4429 1.4764 1.63, 0.4429 1.4163 1.6023, 0.4429 1.4459 1.6534, 0.4429 1.395 1.6112, 0.4429 1.4103 1.6682, 0.4429 1.372 1.6142, 0.4429 1.372 1.6732, 0.3445 1.372 1.6732, 0.3445 1.4103 1.6682, 0.3445 1.4459 1.6534, 0.3445 1.4764 1.63, 0.3445 1.4999 1.5994, 0.3445 1.5147 1.5638, 0.3445 1.372 1.6142, 0.3445 1.395 1.6112, 0.3445 1.4163 1.6023, 0.3445 1.4347 1.5882, 0.3445 1.4488 1.5699, 0.3445 1.4576 1.5485, 0.4429 1.3622 1.6142, 0.4429 -0.0827 1.6732, 0.4429 -0.0827 1.6142, 0.3445 -0.0827 1.6732, 0.3445 -0.0827 1.6142, 0.3445 1.3622 1.6142, 0.4429 -0.1211 1.6094, 0.4429 -0.1356 1.6667, 0.4429 -0.1572 1.5954, 0.4429 -0.1852 1.6473, 0.4429 -0.1888 1.5729, 0.4429 -0.2287 1.6164, 0.4429 -0.2139 1.5434, 0.4429 -0.2632 1.5759, 0.3445 -0.2632 1.5759, 0.3445 -0.2287 1.6164, 0.3445 -0.1852 1.6473, 0.3445 -0.1356 1.6667, 0.3445 -0.2139 1.5434, 0.3445 -0.1888 1.5729, 0.3445 -0.1572 1.5954, 0.3445 -0.1211 1.6094, 0.4429 -0.2954 1.4194, 0.4429 -0.3448 1.4518, 0.3445 -0.3448 1.4518, 0.3445 -0.2954 1.4194, 0.4429 -0.5543 1.4014, 0.4429 -0.5835 1.3501, 0.4429 -0.5178 1.3864, 0.4429 -0.5334 1.3294, 0.4429 -0.4788 1.3808, 0.4429 -0.4797 1.3218, 0.4429 -0.4396 1.3852, 0.4429 -0.4258 1.3278, 0.4429 -0.4027 1.3991, 0.4429 -0.375 1.3469, 0.4429 -0.3704 1.4218, 0.4429 -0.3307 1.3781, 0.3445 -0.3704 1.4218, 0.3445 -0.4027 1.3991, 0.3445 -0.4396 1.3852, 0.3445 -0.4788 1.3808, 0.3445 -0.5178 1.3864, 0.3445 -0.5543 1.4014, 0.3445 -0.3307 1.3781, 0.3445 -0.375 1.3469, 0.3445 -0.4258 1.3278, 0.3445 -0.4797 1.3218, 0.3445 -0.5334 1.3294, 0.3445 -0.5835 1.3501, 0.7579 1.7559 0.0157, 0.7579 1.7559 -0.0433, 0.6594 1.7559 0.0157, 0.6594 1.7559 -0.0433, 0.7579 -1.1406 1.6673, 0.7579 -1.1114 1.7186, 0.6594 -1.1406 1.6673, 0.6594 -1.1114 1.7186, 0.7579 1.6083 -0.0433, 0.7579 1.6083 0.0157, 0.6594 1.6083 0.0157, 0.6594 1.6083 -0.0433, 0.7579 1.5197 0.1043, 0.7579 1.4606 0.1043, 0.7579 1.5227 0.0814, 0.7579 1.4657 0.0661, 0.7579 1.5316 0.06, 0.7579 1.4804 0.0305, 0.7579 1.5456 0.0417, 0.7579 1.5039 -0.0001, 0.7579 1.564 0.0276, 0.7579 1.5344 -0.0235, 0.7579 1.5853 0.0188, 0.7579 1.5701 -0.0383, 0.6594 1.5853 0.0188, 0.6594 1.564 0.0276, 0.6594 1.5456 0.0417, 0.6594 1.5316 0.06, 0.6594 1.5227 0.0814, 0.6594 1.5197 0.1043, 0.6594 1.5701 -0.0383, 0.6594 1.5344 -0.0235, 0.6594 1.5039 -0.0001, 0.6594 1.4804 0.0305, 0.6594 1.4657 0.0661, 0.6594 1.4606 0.1043, 0.7579 1.4606 1.5256, 0.7579 1.5197 1.5256, 0.6594 1.5197 1.5256, 0.6594 1.4606 1.5256, 0.7579 1.4576 1.5485, 0.7579 1.5147 1.5638, 0.7579 1.4488 1.5699, 0.7579 1.4999 1.5994, 0.7579 1.4347 1.5882, 0.7579 1.4764 1.63, 0.7579 1.4163 1.6023, 0.7579 1.4459 1.6534, 0.7579 1.395 1.6112, 0.7579 1.4103 1.6682, 0.7579 1.372 1.6142, 0.7579 1.372 1.6732, 0.6594 1.372 1.6732, 0.6594 1.4103 1.6682, 0.6594 1.4459 1.6534, 0.6594 1.4764 1.63, 0.6594 1.4999 1.5994, 0.6594 1.5147 1.5638, 0.6594 1.372 1.6142, 0.6594 1.395 1.6112, 0.6594 1.4163 1.6023, 0.6594 1.4347 1.5882, 0.6594 1.4488 1.5699, 0.6594 1.4576 1.5485, 0.7579 1.3622 1.6142, 0.7579 -0.0827 1.6732, 0.7579 -0.0827 1.6142, 0.6594 -0.0827 1.6732, 0.6594 -0.0827 1.6142, 0.6594 1.3622 1.6142, 0.7579 -0.1211 1.6094, 0.7579 -0.1356 1.6667, 0.7579 -0.1572 1.5954, 0.7579 -0.1852 1.6473, 0.7579 -0.1888 1.5729, 0.7579 -0.2287 1.6164, 0.7579 -0.2139 1.5434, 0.7579 -0.2632 1.5759, 0.6594 -0.2632 1.5759, 0.6594 -0.2287 1.6164, 0.6594 -0.1852 1.6473, 0.6594 -0.1356 1.6667, 0.6594 -0.2139 1.5434, 0.6594 -0.1888 1.5729, 0.6594 -0.1572 1.5954, 0.6594 -0.1211 1.6094, 0.7579 -0.2954 1.4194, 0.7579 -0.3448 1.4518, 0.6594 -0.3448 1.4518, 0.6594 -0.2954 1.4194, 0.7579 -0.5543 1.4014, 0.7579 -0.5835 1.3501, 0.7579 -0.5178 1.3864, 0.7579 -0.5334 1.3294, 0.7579 -0.4788 1.3808, 0.7579 -0.4797 1.3218, 0.7579 -0.4396 1.3852, 0.7579 -0.4258 1.3278, 0.7579 -0.4027 1.3991, 0.7579 -0.375 1.3469, 0.7579 -0.3704 1.4218, 0.7579 -0.3307 1.3781, 0.6594 -0.3704 1.4218, 0.6594 -0.4027 1.3991, 0.6594 -0.4396 1.3852, 0.6594 -0.4788 1.3808, 0.6594 -0.5178 1.3864, 0.6594 -0.5543 1.4014, 0.6594 -0.3307 1.3781, 0.6594 -0.375 1.3469, 0.6594 -0.4258 1.3278, 0.6594 -0.4797 1.3218, 0.6594 -0.5334 1.3294, 0.6594 -0.5835 1.3501, 1.0728 1.7559 0.0157, 1.0728 1.7559 -0.0433, 0.9744 1.7559 0.0157, 0.9744 1.7559 -0.0433, 1.0728 -1.1406 1.6673, 1.0728 -1.1114 1.7186, 0.9744 -1.1406 1.6673, 0.9744 -1.1114 1.7186, 1.0728 1.6083 -0.0433, 1.0728 1.6083 0.0157, 0.9744 1.6083 0.0157, 0.9744 1.6083 -0.0433, 1.0728 1.5197 0.1043, 1.0728 1.4606 0.1043, 1.0728 1.5227 0.0814, 1.0728 1.4657 0.0661, 1.0728 1.5316 0.06, 1.0728 1.4804 0.0305, 1.0728 1.5456 0.0417, 1.0728 1.5039 -0.0001, 1.0728 1.564 0.0276, 1.0728 1.5344 -0.0235, 1.0728 1.5853 0.0188, 1.0728 1.5701 -0.0383, 0.9744 1.5853 0.0188, 0.9744 1.564 0.0276, 0.9744 1.5456 0.0417, 0.9744 1.5316 0.06, 0.9744 1.5227 0.0814, 0.9744 1.5197 0.1043, 0.9744 1.5701 -0.0383, 0.9744 1.5344 -0.0235, 0.9744 1.5039 -0.0001, 0.9744 1.4804 0.0305, 0.9744 1.4657 0.0661, 0.9744 1.4606 0.1043, 1.0728 1.4606 1.5256, 1.0728 1.5197 1.5256, 0.9744 1.5197 1.5256, 0.9744 1.4606 1.5256, 1.0728 1.4576 1.5485, 1.0728 1.5147 1.5638, 1.0728 1.4488 1.5699, 1.0728 1.4999 1.5994, 1.0728 1.4347 1.5882, 1.0728 1.4764 1.63, 1.0728 1.4163 1.6023, 1.0728 1.4459 1.6534, 1.0728 1.395 1.6112, 1.0728 1.4103 1.6682, 1.0728 1.372 1.6142, 1.0728 1.372 1.6732, 0.9744 1.372 1.6732, 0.9744 1.4103 1.6682, 0.9744 1.4459 1.6534, 0.9744 1.4764 1.63, 0.9744 1.4999 1.5994, 0.9744 1.5147 1.5638, 0.9744 1.372 1.6142, 0.9744 1.395 1.6112, 0.9744 1.4163 1.6023, 0.9744 1.4347 1.5882, 0.9744 1.4488 1.5699, 0.9744 1.4576 1.5485, 1.0728 1.3622 1.6142, 1.0728 -0.0827 1.6732, 1.0728 -0.0827 1.6142, 0.9744 -0.0827 1.6732, 0.9744 -0.0827 1.6142, 0.9744 1.3622 1.6142, 1.0728 -0.1211 1.6094, 1.0728 -0.1356 1.6667, 1.0728 -0.1572 1.5954, 1.0728 -0.1852 1.6473, 1.0728 -0.1888 1.5729, 1.0728 -0.2287 1.6164, 1.0728 -0.2139 1.5434, 1.0728 -0.2632 1.5759, 0.9744 -0.2632 1.5759, 0.9744 -0.2287 1.6164, 0.9744 -0.1852 1.6473, 0.9744 -0.1356 1.6667, 0.9744 -0.2139 1.5434, 0.9744 -0.1888 1.5729, 0.9744 -0.1572 1.5954, 0.9744 -0.1211 1.6094, 1.0728 -0.2954 1.4194, 1.0728 -0.3448 1.4518, 0.9744 -0.3448 1.4518, 0.9744 -0.2954 1.4194, 1.0728 -0.5543 1.4014, 1.0728 -0.5835 1.3501, 1.0728 -0.5178 1.3864, 1.0728 -0.5334 1.3294, 1.0728 -0.4788 1.3808, 1.0728 -0.4797 1.3218, 1.0728 -0.4396 1.3852, 1.0728 -0.4258 1.3278, 1.0728 -0.4027 1.3991, 1.0728 -0.375 1.3469, 1.0728 -0.3704 1.4218, 1.0728 -0.3307 1.3781, 0.9744 -0.3704 1.4218, 0.9744 -0.4027 1.3991, 0.9744 -0.4396 1.3852, 0.9744 -0.4788 1.3808, 0.9744 -0.5178 1.3864, 0.9744 -0.5543 1.4014, 0.9744 -0.3307 1.3781, 0.9744 -0.375 1.3469, 0.9744 -0.4258 1.3278, 0.9744 -0.4797 1.3218, 0.9744 -0.5334 1.3294, 0.9744 -0.5835 1.3501, 1.3878 1.7559 0.0157, 1.3878 1.7559 -0.0433, 1.2894 1.7559 0.0157, 1.2894 1.7559 -0.0433, 1.3878 -1.1406 1.6673, 1.3878 -1.1114 1.7186, 1.2894 -1.1406 1.6673, 1.2894 -1.1114 1.7186, 1.3878 1.6083 -0.0433, 1.3878 1.6083 0.0157, 1.2894 1.6083 0.0157, 1.2894 1.6083 -0.0433, 1.3878 1.5197 0.1043, 1.3878 1.4606 0.1043, 1.3878 1.5227 0.0814, 1.3878 1.4657 0.0661, 1.3878 1.5316 0.06, 1.3878 1.4804 0.0305, 1.3878 1.5456 0.0417, 1.3878 1.5039 -0.0001, 1.3878 1.564 0.0276, 1.3878 1.5344 -0.0235, 1.3878 1.5853 0.0188, 1.3878 1.5701 -0.0383, 1.2894 1.5853 0.0188, 1.2894 1.564 0.0276, 1.2894 1.5456 0.0417, 1.2894 1.5316 0.06, 1.2894 1.5227 0.0814, 1.2894 1.5197 0.1043, 1.2894 1.5701 -0.0383, 1.2894 1.5344 -0.0235, 1.2894 1.5039 -0.0001, 1.2894 1.4804 0.0305, 1.2894 1.4657 0.0661, 1.2894 1.4606 0.1043, 1.3878 1.4606 1.5256, 1.3878 1.5197 1.5256, 1.2894 1.5197 1.5256, 1.2894 1.4606 1.5256, 1.3878 1.4576 1.5485, 1.3878 1.5147 1.5638, 1.3878 1.4488 1.5699, 1.3878 1.4999 1.5994, 1.3878 1.4347 1.5882, 1.3878 1.4764 1.63, 1.3878 1.4163 1.6023, 1.3878 1.4459 1.6534, 1.3878 1.395 1.6112, 1.3878 1.4103 1.6682, 1.3878 1.372 1.6142, 1.3878 1.372 1.6732, 1.2894 1.372 1.6732, 1.2894 1.4103 1.6682, 1.2894 1.4459 1.6534, 1.2894 1.4764 1.63, 1.2894 1.4999 1.5994, 1.2894 1.5147 1.5638, 1.2894 1.372 1.6142, 1.2894 1.395 1.6112, 1.2894 1.4163 1.6023, 1.2894 1.4347 1.5882, 1.2894 1.4488 1.5699, 1.2894 1.4576 1.5485, 1.3878 1.3622 1.6142, 1.3878 -0.0827 1.6732, 1.3878 -0.0827 1.6142, 1.2894 -0.0827 1.6732, 1.2894 -0.0827 1.6142, 1.2894 1.3622 1.6142, 1.3878 -0.1211 1.6094, 1.3878 -0.1356 1.6667, 1.3878 -0.1572 1.5954, 1.3878 -0.1852 1.6473, 1.3878 -0.1888 1.5729, 1.3878 -0.2287 1.6164, 1.3878 -0.2139 1.5434, 1.3878 -0.2632 1.5759, 1.2894 -0.2632 1.5759, 1.2894 -0.2287 1.6164, 1.2894 -0.1852 1.6473, 1.2894 -0.1356 1.6667, 1.2894 -0.2139 1.5434, 1.2894 -0.1888 1.5729, 1.2894 -0.1572 1.5954, 1.2894 -0.1211 1.6094, 1.3878 -0.2954 1.4194, 1.3878 -0.3448 1.4518, 1.2894 -0.3448 1.4518, 1.2894 -0.2954 1.4194, 1.3878 -0.5543 1.4014, 1.3878 -0.5835 1.3501, 1.3878 -0.5178 1.3864, 1.3878 -0.5334 1.3294, 1.3878 -0.4788 1.3808, 1.3878 -0.4797 1.3218, 1.3878 -0.4396 1.3852, 1.3878 -0.4258 1.3278, 1.3878 -0.4027 1.3991, 1.3878 -0.375 1.3469, 1.3878 -0.3704 1.4218, 1.3878 -0.3307 1.3781, 1.2894 -0.3704 1.4218, 1.2894 -0.4027 1.3991, 1.2894 -0.4396 1.3852, 1.2894 -0.4788 1.3808, 1.2894 -0.5178 1.3864, 1.2894 -0.5543 1.4014, 1.2894 -0.3307 1.3781, 1.2894 -0.375 1.3469, 1.2894 -0.4258 1.3278, 1.2894 -0.4797 1.3218, 1.2894 -0.5334 1.3294, 1.2894 -0.5835 1.3501, -1.0728 -1.7559 0.0157, -1.0728 -1.7559 -0.0433, -0.9744 -1.7559 0.0157, -0.9744 -1.7559 -0.0433, -0.9744 -0.3398 0.7689, -1.0728 -0.3398 0.7689, -0.9744 -0.3189 0.748, -1.0728 -0.3189 0.748, -0.9744 -1.2803 0.7915, -0.9744 -1.4018 0.6701, -1.0728 -1.2803 0.7915, -1.0728 -1.4018 0.6701, -0.9744 -1.4435 0.7118, -0.9744 -1.3207 0.8347, -1.0728 -1.4508 0.5518, -1.0728 -1.5098 0.5518, -1.0728 -1.4451 0.5951, -1.0728 -1.5021 0.6104, -1.0728 -1.4284 0.6354, -1.0728 -1.4795 0.665, -1.0728 -1.4435 0.7118, -0.9744 -1.4284 0.6354, -0.9744 -1.4451 0.5951, -0.9744 -1.4508 0.5518, -0.9744 -1.4795 0.665, -0.9744 -1.5021 0.6104, -0.9744 -1.5098 0.5518, -1.0728 -1.5098 0.1043, -1.0728 -1.4508 0.1043, -0.9744 -1.4508 0.1043, -0.9744 -1.5098 0.1043, -1.0728 -1.5129 0.0814, -1.0728 -1.4558 0.0661, -1.0728 -1.5217 0.06, -1.0728 -1.4706 0.0305, -1.0728 -1.5358 0.0417, -1.0728 -1.494 -0.0001, -1.0728 -1.5541 0.0276, -1.0728 -1.5246 -0.0235, -1.0728 -1.5755 0.0188, -1.0728 -1.5602 -0.0383, -1.0728 -1.5984 0.0157, -1.0728 -1.5984 -0.0433, -0.9744 -1.5984 -0.0433, -0.9744 -1.5602 -0.0383, -0.9744 -1.5246 -0.0235, -0.9744 -1.494 -0.0001, -0.9744 -1.4706 0.0305, -0.9744 -1.4558 0.0661, -0.9744 -1.5984 0.0157, -0.9744 -1.5755 0.0188, -0.9744 -1.5541 0.0276, -0.9744 -1.5358 0.0417, -0.9744 -1.5217 0.06, -0.9744 -1.5129 0.0814, -1.0728 -1.3207 0.8347, -1.0728 -0.2179 0.8073, -1.0728 -0.2771 0.748, -1.0728 -0.2597 0.849, -0.9744 -0.2597 0.849, -0.9744 -0.2771 0.748, -0.9744 -0.2179 0.8073, -1.0728 -0.3354 0.9945, -1.0728 -0.3456 1.0527, -1.0728 -0.3137 0.9956, -1.0728 -0.309 1.0544, -1.0728 -0.2924 0.9911, -1.0728 -0.2732 1.047, -1.0728 -0.273 0.9815, -1.0728 -0.2404 1.0308, -1.0728 -0.2565 0.9674, -1.0728 -0.2127 1.0069, -1.0728 -0.2442 0.9495, -1.0728 -0.1918 0.9768, -1.0728 -0.2367 0.9292, -1.0728 -0.1791 0.9424, -1.0728 -0.2345 0.9076, -1.0728 -0.1755 0.906, -1.0728 -0.2378 0.8861, -1.0728 -0.181 0.8698, -1.0728 -0.2464 0.8662, -1.0728 -0.1955 0.8362, -0.9744 -0.2464 0.8662, -0.9744 -0.2378 0.8861, -0.9744 -0.2345 0.9076, -0.9744 -0.2367 0.9292, -0.9744 -0.2442 0.9495, -0.9744 -0.2565 0.9674, -0.9744 -0.273 0.9815, -0.9744 -0.2924 0.9911, -0.9744 -0.3137 0.9956, -0.9744 -0.3354 0.9945, -0.9744 -0.1955 0.8362, -0.9744 -0.181 0.8698, -0.9744 -0.1755 0.906, -0.9744 -0.1791 0.9424, -0.9744 -0.1918 0.9768, -0.9744 -0.2127 1.0069, -0.9744 -0.2404 1.0308, -0.9744 -0.2732 1.047, -0.9744 -0.309 1.0544, -0.9744 -0.3456 1.0527, -1.0728 -1.1679 0.9081, -1.0728 -1.1577 0.8499, -0.9744 -1.1577 0.8499, -0.9744 -1.1679 0.9081, -1.0728 -1.2019 0.838, -0.9744 -1.2019 0.838, -1.0728 -1.2432 0.8183, -0.9744 -1.2432 0.8183, -1.0728 -1.2417 0.8855, -1.0728 -1.306 0.8468, -1.0728 -1.32 0.8353, -0.9744 -1.3058 0.8465, -0.9744 -1.32 0.8353, -0.9744 -1.2944 0.8555, -0.9744 -1.255 0.8791, -0.9744 -1.2124 0.8969, -0.9744 -1.2414 0.8848, -0.7579 -1.7559 0.0157, -0.7579 -1.7559 -0.0433, -0.6594 -1.7559 0.0157, -0.6594 -1.7559 -0.0433, -0.6594 -0.3398 0.7689, -0.7579 -0.3398 0.7689, -0.6594 -0.3189 0.748, -0.7579 -0.3189 0.748, -0.6594 -1.2803 0.7915, -0.6594 -1.4018 0.6701, -0.7579 -1.2803 0.7915, -0.7579 -1.4018 0.6701, -0.6594 -1.4435 0.7118, -0.6594 -1.3207 0.8347, -0.7579 -1.4508 0.5518, -0.7579 -1.5098 0.5518, -0.7579 -1.4451 0.5951, -0.7579 -1.5021 0.6104, -0.7579 -1.4284 0.6354, -0.7579 -1.4795 0.665, -0.7579 -1.4435 0.7118, -0.6594 -1.4284 0.6354, -0.6594 -1.4451 0.5951, -0.6594 -1.4508 0.5518, -0.6594 -1.4795 0.665, -0.6594 -1.5021 0.6104, -0.6594 -1.5098 0.5518, -0.7579 -1.5098 0.1043, -0.7579 -1.4508 0.1043, -0.6594 -1.4508 0.1043, -0.6594 -1.5098 0.1043, -0.7579 -1.5129 0.0814, -0.7579 -1.4558 0.0661, -0.7579 -1.5217 0.06, -0.7579 -1.4706 0.0305, -0.7579 -1.5358 0.0417, -0.7579 -1.494 -0.0001, -0.7579 -1.5541 0.0276, -0.7579 -1.5246 -0.0235, -0.7579 -1.5755 0.0188, -0.7579 -1.5602 -0.0383, -0.7579 -1.5984 0.0157, -0.7579 -1.5984 -0.0433, -0.6594 -1.5984 -0.0433, -0.6594 -1.5602 -0.0383, -0.6594 -1.5246 -0.0235, -0.6594 -1.494 -0.0001, -0.6594 -1.4706 0.0305, -0.6594 -1.4558 0.0661, -0.6594 -1.5984 0.0157, -0.6594 -1.5755 0.0188, -0.6594 -1.5541 0.0276, -0.6594 -1.5358 0.0417, -0.6594 -1.5217 0.06, -0.6594 -1.5129 0.0814, -0.7579 -1.3207 0.8347, -0.7579 -0.2179 0.8073, -0.7579 -0.2771 0.748, -0.7579 -0.2597 0.849, -0.6594 -0.2597 0.849, -0.6594 -0.2771 0.748, -0.6594 -0.2179 0.8073, -0.7579 -0.3354 0.9945, -0.7579 -0.3456 1.0527, -0.7579 -0.3137 0.9956, -0.7579 -0.309 1.0544, -0.7579 -0.2924 0.9911, -0.7579 -0.2732 1.047, -0.7579 -0.273 0.9815, -0.7579 -0.2404 1.0308, -0.7579 -0.2565 0.9674, -0.7579 -0.2127 1.0069, -0.7579 -0.2442 0.9495, -0.7579 -0.1918 0.9768, -0.7579 -0.2367 0.9292, -0.7579 -0.1791 0.9424, -0.7579 -0.2345 0.9076, -0.7579 -0.1755 0.906, -0.7579 -0.2378 0.8861, -0.7579 -0.181 0.8698, -0.7579 -0.2464 0.8662, -0.7579 -0.1955 0.8362, -0.6594 -0.2464 0.8662, -0.6594 -0.2378 0.8861, -0.6594 -0.2345 0.9076, -0.6594 -0.2367 0.9292, -0.6594 -0.2442 0.9495, -0.6594 -0.2565 0.9674, -0.6594 -0.273 0.9815, -0.6594 -0.2924 0.9911, -0.6594 -0.3137 0.9956, -0.6594 -0.3354 0.9945, -0.6594 -0.1955 0.8362, -0.6594 -0.181 0.8698, -0.6594 -0.1755 0.906, -0.6594 -0.1791 0.9424, -0.6594 -0.1918 0.9768, -0.6594 -0.2127 1.0069, -0.6594 -0.2404 1.0308, -0.6594 -0.2732 1.047, -0.6594 -0.309 1.0544, -0.6594 -0.3456 1.0527, -0.7579 -1.1679 0.9081, -0.7579 -1.1577 0.8499, -0.6594 -1.1577 0.8499, -0.6594 -1.1679 0.9081, -0.7579 -1.2019 0.838, -0.6594 -1.2019 0.838, -0.7579 -1.2432 0.8183, -0.6594 -1.2432 0.8183, -0.7579 -1.2417 0.8855, -0.7579 -1.306 0.8468, -0.7579 -1.32 0.8353, -0.6594 -1.3058 0.8465, -0.6594 -1.32 0.8353, -0.6594 -1.2944 0.8555, -0.6594 -1.255 0.8791, -0.6594 -1.2124 0.8969, -0.6594 -1.2414 0.8848, -0.4429 -1.7559 0.0157, -0.4429 -1.7559 -0.0433, -0.3445 -1.7559 0.0157, -0.3445 -1.7559 -0.0433, -0.3445 -0.3398 0.7689, -0.4429 -0.3398 0.7689, -0.3445 -0.3189 0.748, -0.4429 -0.3189 0.748, -0.3445 -1.2803 0.7915, -0.3445 -1.4018 0.6701, -0.4429 -1.2803 0.7915, -0.4429 -1.4018 0.6701, -0.3445 -1.4435 0.7118, -0.3445 -1.3207 0.8347, -0.4429 -1.4508 0.5518, -0.4429 -1.5098 0.5518, -0.4429 -1.4451 0.5951, -0.4429 -1.5021 0.6104, -0.4429 -1.4284 0.6354, -0.4429 -1.4795 0.665, -0.4429 -1.4435 0.7118, -0.3445 -1.4284 0.6354, -0.3445 -1.4451 0.5951, -0.3445 -1.4508 0.5518, -0.3445 -1.4795 0.665, -0.3445 -1.5021 0.6104, -0.3445 -1.5098 0.5518, -0.4429 -1.5098 0.1043, -0.4429 -1.4508 0.1043, -0.3445 -1.4508 0.1043, -0.3445 -1.5098 0.1043, -0.4429 -1.5129 0.0814, -0.4429 -1.4558 0.0661, -0.4429 -1.5217 0.06, -0.4429 -1.4706 0.0305, -0.4429 -1.5358 0.0417, -0.4429 -1.494 -0.0001, -0.4429 -1.5541 0.0276, -0.4429 -1.5246 -0.0235, -0.4429 -1.5755 0.0188, -0.4429 -1.5602 -0.0383, -0.4429 -1.5984 0.0157, -0.4429 -1.5984 -0.0433, -0.3445 -1.5984 -0.0433, -0.3445 -1.5602 -0.0383, -0.3445 -1.5246 -0.0235, -0.3445 -1.494 -0.0001, -0.3445 -1.4706 0.0305, -0.3445 -1.4558 0.0661, -0.3445 -1.5984 0.0157, -0.3445 -1.5755 0.0188, -0.3445 -1.5541 0.0276, -0.3445 -1.5358 0.0417, -0.3445 -1.5217 0.06, -0.3445 -1.5129 0.0814, -0.4429 -1.3207 0.8347, -0.4429 -0.2179 0.8073, -0.4429 -0.2771 0.748, -0.4429 -0.2597 0.849, -0.3445 -0.2597 0.849, -0.3445 -0.2771 0.748, -0.3445 -0.2179 0.8073, -0.4429 -0.3354 0.9945, -0.4429 -0.3456 1.0527, -0.4429 -0.3137 0.9956, -0.4429 -0.309 1.0544, -0.4429 -0.2924 0.9911, -0.4429 -0.2732 1.047, -0.4429 -0.273 0.9815, -0.4429 -0.2404 1.0308, -0.4429 -0.2565 0.9674, -0.4429 -0.2127 1.0069, -0.4429 -0.2442 0.9495, -0.4429 -0.1918 0.9768, -0.4429 -0.2367 0.9292, -0.4429 -0.1791 0.9424, -0.4429 -0.2345 0.9076, -0.4429 -0.1755 0.906, -0.4429 -0.2378 0.8861, -0.4429 -0.181 0.8698, -0.4429 -0.2464 0.8662, -0.4429 -0.1955 0.8362, -0.3445 -0.2464 0.8662, -0.3445 -0.2378 0.8861, -0.3445 -0.2345 0.9076, -0.3445 -0.2367 0.9292, -0.3445 -0.2442 0.9495, -0.3445 -0.2565 0.9674, -0.3445 -0.273 0.9815, -0.3445 -0.2924 0.9911, -0.3445 -0.3137 0.9956, -0.3445 -0.3354 0.9945, -0.3445 -0.1955 0.8362, -0.3445 -0.181 0.8698, -0.3445 -0.1755 0.906, -0.3445 -0.1791 0.9424, -0.3445 -0.1918 0.9768, -0.3445 -0.2127 1.0069, -0.3445 -0.2404 1.0308, -0.3445 -0.2732 1.047, -0.3445 -0.309 1.0544, -0.3445 -0.3456 1.0527, -0.4429 -1.1679 0.9081, -0.4429 -1.1577 0.8499, -0.3445 -1.1577 0.8499, -0.3445 -1.1679 0.9081, -0.4429 -1.2019 0.838, -0.3445 -1.2019 0.838, -0.4429 -1.2432 0.8183, -0.3445 -1.2432 0.8183, -0.4429 -1.2417 0.8855, -0.4429 -1.306 0.8468, -0.4429 -1.32 0.8353, -0.3445 -1.3058 0.8465, -0.3445 -1.32 0.8353, -0.3445 -1.2944 0.8555, -0.3445 -1.255 0.8791, -0.3445 -1.2124 0.8969, -0.3445 -1.2414 0.8848, -0.128 -1.7559 0.0157, -0.128 -1.7559 -0.0433, -0.0295 -1.7559 0.0157, -0.0295 -1.7559 -0.0433, -0.0295 -0.3398 0.7689, -0.128 -0.3398 0.7689, -0.0295 -0.3189 0.748, -0.128 -0.3189 0.748, -0.0295 -1.2803 0.7915, -0.0295 -1.4018 0.6701, -0.128 -1.2803 0.7915, -0.128 -1.4018 0.6701, -0.0295 -1.4435 0.7118, -0.0295 -1.3207 0.8347, -0.128 -1.4508 0.5518, -0.128 -1.5098 0.5518, -0.128 -1.4451 0.5951, -0.128 -1.5021 0.6104, -0.128 -1.4284 0.6354, -0.128 -1.4795 0.665, -0.128 -1.4435 0.7118, -0.0295 -1.4284 0.6354, -0.0295 -1.4451 0.5951, -0.0295 -1.4508 0.5518, -0.0295 -1.4795 0.665, -0.0295 -1.5021 0.6104, -0.0295 -1.5098 0.5518, -0.128 -1.5098 0.1043, -0.128 -1.4508 0.1043, -0.0295 -1.4508 0.1043, -0.0295 -1.5098 0.1043, -0.128 -1.5129 0.0814, -0.128 -1.4558 0.0661, -0.128 -1.5217 0.06, -0.128 -1.4706 0.0305, -0.128 -1.5358 0.0417, -0.128 -1.494 -0.0001, -0.128 -1.5541 0.0276, -0.128 -1.5246 -0.0235, -0.128 -1.5755 0.0188, -0.128 -1.5602 -0.0383, -0.128 -1.5984 0.0157, -0.128 -1.5984 -0.0433, -0.0295 -1.5984 -0.0433, -0.0295 -1.5602 -0.0383, -0.0295 -1.5246 -0.0235, -0.0295 -1.494 -0.0001, -0.0295 -1.4706 0.0305, -0.0295 -1.4558 0.0661, -0.0295 -1.5984 0.0157, -0.0295 -1.5755 0.0188, -0.0295 -1.5541 0.0276, -0.0295 -1.5358 0.0417, -0.0295 -1.5217 0.06, -0.0295 -1.5129 0.0814, -0.128 -1.3207 0.8347, -0.128 -0.2179 0.8073, -0.128 -0.2771 0.748, -0.128 -0.2597 0.849, -0.0295 -0.2597 0.849, -0.0295 -0.2771 0.748, -0.0295 -0.2179 0.8073, -0.128 -0.3354 0.9945, -0.128 -0.3456 1.0527, -0.128 -0.3137 0.9956, -0.128 -0.309 1.0544, -0.128 -0.2924 0.9911, -0.128 -0.2732 1.047, -0.128 -0.273 0.9815, -0.128 -0.2404 1.0308, -0.128 -0.2565 0.9674, -0.128 -0.2127 1.0069, -0.128 -0.2442 0.9495, -0.128 -0.1918 0.9768, -0.128 -0.2367 0.9292, -0.128 -0.1791 0.9424, -0.128 -0.2345 0.9076, -0.128 -0.1755 0.906, -0.128 -0.2378 0.8861, -0.128 -0.181 0.8698, -0.128 -0.2464 0.8662, -0.128 -0.1955 0.8362, -0.0295 -0.2464 0.8662, -0.0295 -0.2378 0.8861, -0.0295 -0.2345 0.9076, -0.0295 -0.2367 0.9292, -0.0295 -0.2442 0.9495, -0.0295 -0.2565 0.9674, -0.0295 -0.273 0.9815, -0.0295 -0.2924 0.9911, -0.0295 -0.3137 0.9956, -0.0295 -0.3354 0.9945, -0.0295 -0.1955 0.8362, -0.0295 -0.181 0.8698, -0.0295 -0.1755 0.906, -0.0295 -0.1791 0.9424, -0.0295 -0.1918 0.9768, -0.0295 -0.2127 1.0069, -0.0295 -0.2404 1.0308, -0.0295 -0.2732 1.047, -0.0295 -0.309 1.0544, -0.0295 -0.3456 1.0527, -0.128 -1.1679 0.9081, -0.128 -1.1577 0.8499, -0.0295 -1.1577 0.8499, -0.0295 -1.1679 0.9081, -0.128 -1.2019 0.838, -0.0295 -1.2019 0.838, -0.128 -1.2432 0.8183, -0.0295 -1.2432 0.8183, -0.128 -1.2417 0.8855, -0.128 -1.306 0.8468, -0.128 -1.32 0.8353, -0.0295 -1.32 0.8353, -0.0295 -1.3058 0.8465, -0.0295 -1.2944 0.8555, -0.0295 -1.255 0.8791, -0.0295 -1.2124 0.8969, -0.0295 -1.2414 0.8848, 0.187 -1.7559 0.0157, 0.187 -1.7559 -0.0433, 0.2854 -1.7559 0.0157, 0.2854 -1.7559 -0.0433, 0.2854 -0.3398 0.7689, 0.187 -0.3398 0.7689, 0.2854 -0.3189 0.748, 0.187 -0.3189 0.748, 0.2854 -1.2803 0.7915, 0.2854 -1.4018 0.6701, 0.187 -1.2803 0.7915, 0.187 -1.4018 0.6701, 0.2854 -1.4435 0.7118, 0.2854 -1.3207 0.8347, 0.187 -1.4508 0.5518, 0.187 -1.5098 0.5518, 0.187 -1.4451 0.5951, 0.187 -1.5021 0.6104, 0.187 -1.4284 0.6354, 0.187 -1.4795 0.665, 0.187 -1.4435 0.7118, 0.2854 -1.4284 0.6354, 0.2854 -1.4451 0.5951, 0.2854 -1.4508 0.5518, 0.2854 -1.4795 0.665, 0.2854 -1.5021 0.6104, 0.2854 -1.5098 0.5518, 0.187 -1.5098 0.1043, 0.187 -1.4508 0.1043, 0.2854 -1.4508 0.1043, 0.2854 -1.5098 0.1043, 0.187 -1.5129 0.0814, 0.187 -1.4558 0.0661, 0.187 -1.5217 0.06, 0.187 -1.4706 0.0305, 0.187 -1.5358 0.0417, 0.187 -1.494 -0.0001, 0.187 -1.5541 0.0276, 0.187 -1.5246 -0.0235, 0.187 -1.5755 0.0188, 0.187 -1.5602 -0.0383, 0.187 -1.5984 0.0157, 0.187 -1.5984 -0.0433, 0.2854 -1.5984 -0.0433, 0.2854 -1.5602 -0.0383, 0.2854 -1.5246 -0.0235, 0.2854 -1.494 -0.0001, 0.2854 -1.4706 0.0305, 0.2854 -1.4558 0.0661, 0.2854 -1.5984 0.0157, 0.2854 -1.5755 0.0188, 0.2854 -1.5541 0.0276, 0.2854 -1.5358 0.0417, 0.2854 -1.5217 0.06, 0.2854 -1.5129 0.0814, 0.187 -1.3207 0.8347, 0.187 -0.2179 0.8073, 0.187 -0.2771 0.748, 0.187 -0.2597 0.849, 0.2854 -0.2597 0.849, 0.2854 -0.2771 0.748, 0.2854 -0.2179 0.8073, 0.187 -0.3354 0.9945, 0.187 -0.3456 1.0527, 0.187 -0.3137 0.9956, 0.187 -0.309 1.0544, 0.187 -0.2924 0.9911, 0.187 -0.2732 1.047, 0.187 -0.273 0.9815, 0.187 -0.2404 1.0308, 0.187 -0.2565 0.9674, 0.187 -0.2127 1.0069, 0.187 -0.2442 0.9495, 0.187 -0.1918 0.9768, 0.187 -0.2367 0.9292, 0.187 -0.1791 0.9424, 0.187 -0.2345 0.9076, 0.187 -0.1755 0.906, 0.187 -0.2378 0.8861, 0.187 -0.181 0.8698, 0.187 -0.2464 0.8662, 0.187 -0.1955 0.8362, 0.2854 -0.2464 0.8662, 0.2854 -0.2378 0.8861, 0.2854 -0.2345 0.9076, 0.2854 -0.2367 0.9292, 0.2854 -0.2442 0.9495, 0.2854 -0.2565 0.9674, 0.2854 -0.273 0.9815, 0.2854 -0.2924 0.9911, 0.2854 -0.3137 0.9956, 0.2854 -0.3354 0.9945, 0.2854 -0.1955 0.8362, 0.2854 -0.181 0.8698, 0.2854 -0.1755 0.906, 0.2854 -0.1791 0.9424, 0.2854 -0.1918 0.9768, 0.2854 -0.2127 1.0069, 0.2854 -0.2404 1.0308, 0.2854 -0.2732 1.047, 0.2854 -0.309 1.0544, 0.2854 -0.3456 1.0527, 0.187 -1.1679 0.9081, 0.187 -1.1577 0.8499, 0.2854 -1.1577 0.8499, 0.2854 -1.1679 0.9081, 0.187 -1.2019 0.838, 0.2854 -1.2019 0.838, 0.187 -1.2432 0.8183, 0.2854 -1.2432 0.8183, 0.187 -1.2417 0.8855, 0.187 -1.306 0.8468, 0.187 -1.32 0.8353, 0.2854 -1.3058 0.8465, 0.2854 -1.32 0.8353, 0.2854 -1.2944 0.8555, 0.2854 -1.255 0.8791, 0.2854 -1.2124 0.8969, 0.2854 -1.2414 0.8848, 0.502 -1.7559 0.0157, 0.502 -1.7559 -0.0433, 0.6004 -1.7559 0.0157, 0.6004 -1.7559 -0.0433, 0.6004 -0.3398 0.7689, 0.502 -0.3398 0.7689, 0.6004 -0.3189 0.748, 0.502 -0.3189 0.748, 0.6004 -1.2803 0.7915, 0.6004 -1.4018 0.6701, 0.502 -1.2803 0.7915, 0.502 -1.4018 0.6701, 0.6004 -1.4435 0.7118, 0.6004 -1.3207 0.8347, 0.502 -1.4508 0.5518, 0.502 -1.5098 0.5518, 0.502 -1.4451 0.5951, 0.502 -1.5021 0.6104, 0.502 -1.4284 0.6354, 0.502 -1.4795 0.665, 0.502 -1.4435 0.7118, 0.6004 -1.4284 0.6354, 0.6004 -1.4451 0.5951, 0.6004 -1.4508 0.5518, 0.6004 -1.4795 0.665, 0.6004 -1.5021 0.6104, 0.6004 -1.5098 0.5518, 0.502 -1.5098 0.1043, 0.502 -1.4508 0.1043, 0.6004 -1.4508 0.1043, 0.6004 -1.5098 0.1043, 0.502 -1.5129 0.0814, 0.502 -1.4558 0.0661, 0.502 -1.5217 0.06, 0.502 -1.4706 0.0305, 0.502 -1.5358 0.0417, 0.502 -1.494 -0.0001, 0.502 -1.5541 0.0276, 0.502 -1.5246 -0.0235, 0.502 -1.5755 0.0188, 0.502 -1.5602 -0.0383, 0.502 -1.5984 0.0157, 0.502 -1.5984 -0.0433, 0.6004 -1.5984 -0.0433, 0.6004 -1.5602 -0.0383, 0.6004 -1.5246 -0.0235, 0.6004 -1.494 -0.0001, 0.6004 -1.4706 0.0305, 0.6004 -1.4558 0.0661, 0.6004 -1.5984 0.0157, 0.6004 -1.5755 0.0188, 0.6004 -1.5541 0.0276, 0.6004 -1.5358 0.0417, 0.6004 -1.5217 0.06, 0.6004 -1.5129 0.0814, 0.502 -1.3207 0.8347, 0.502 -0.2179 0.8073, 0.502 -0.2771 0.748, 0.502 -0.2597 0.849, 0.6004 -0.2597 0.849, 0.6004 -0.2771 0.748, 0.6004 -0.2179 0.8073, 0.502 -0.3354 0.9945, 0.502 -0.3456 1.0527, 0.502 -0.3137 0.9956, 0.502 -0.309 1.0544, 0.502 -0.2924 0.9911, 0.502 -0.2732 1.047, 0.502 -0.273 0.9815, 0.502 -0.2404 1.0308, 0.502 -0.2565 0.9674, 0.502 -0.2127 1.0069, 0.502 -0.2442 0.9495, 0.502 -0.1918 0.9768, 0.502 -0.2367 0.9292, 0.502 -0.1791 0.9424, 0.502 -0.2345 0.9076, 0.502 -0.1755 0.906, 0.502 -0.2378 0.8861, 0.502 -0.181 0.8698, 0.502 -0.2464 0.8662, 0.502 -0.1955 0.8362, 0.6004 -0.2464 0.8662, 0.6004 -0.2378 0.8861, 0.6004 -0.2345 0.9076, 0.6004 -0.2367 0.9292, 0.6004 -0.2442 0.9495, 0.6004 -0.2565 0.9674, 0.6004 -0.273 0.9815, 0.6004 -0.2924 0.9911, 0.6004 -0.3137 0.9956, 0.6004 -0.3354 0.9945, 0.6004 -0.1955 0.8362, 0.6004 -0.181 0.8698, 0.6004 -0.1755 0.906, 0.6004 -0.1791 0.9424, 0.6004 -0.1918 0.9768, 0.6004 -0.2127 1.0069, 0.6004 -0.2404 1.0308, 0.6004 -0.2732 1.047, 0.6004 -0.309 1.0544, 0.6004 -0.3456 1.0527, 0.502 -1.1679 0.9081, 0.502 -1.1577 0.8499, 0.6004 -1.1577 0.8499, 0.6004 -1.1679 0.9081, 0.502 -1.2019 0.838, 0.6004 -1.2019 0.838, 0.502 -1.2432 0.8183, 0.6004 -1.2432 0.8183, 0.502 -1.2417 0.8855, 0.502 -1.306 0.8468, 0.502 -1.32 0.8353, 0.6004 -1.3058 0.8465, 0.6004 -1.32 0.8353, 0.6004 -1.2944 0.8555, 0.6004 -1.255 0.8791, 0.6004 -1.2124 0.8969, 0.6004 -1.2414 0.8848, 0.8169 -1.7559 0.0157, 0.8169 -1.7559 -0.0433, 0.9154 -1.7559 0.0157, 0.9154 -1.7559 -0.0433, 0.9154 -0.3398 0.7689, 0.8169 -0.3398 0.7689, 0.9154 -0.3189 0.748, 0.8169 -0.3189 0.748, 0.9154 -1.2803 0.7915, 0.9154 -1.4018 0.6701, 0.8169 -1.2803 0.7915, 0.8169 -1.4018 0.6701, 0.9154 -1.4435 0.7118, 0.9154 -1.3207 0.8347, 0.8169 -1.4508 0.5518, 0.8169 -1.5098 0.5518, 0.8169 -1.4451 0.5951, 0.8169 -1.5021 0.6104, 0.8169 -1.4284 0.6354, 0.8169 -1.4795 0.665, 0.8169 -1.4435 0.7118, 0.9154 -1.4284 0.6354, 0.9154 -1.4451 0.5951, 0.9154 -1.4508 0.5518, 0.9154 -1.4795 0.665, 0.9154 -1.5021 0.6104, 0.9154 -1.5098 0.5518, 0.8169 -1.5098 0.1043, 0.8169 -1.4508 0.1043, 0.9154 -1.4508 0.1043, 0.9154 -1.5098 0.1043, 0.8169 -1.5129 0.0814, 0.8169 -1.4558 0.0661, 0.8169 -1.5217 0.06, 0.8169 -1.4706 0.0305, 0.8169 -1.5358 0.0417, 0.8169 -1.494 -0.0001, 0.8169 -1.5541 0.0276, 0.8169 -1.5246 -0.0235, 0.8169 -1.5755 0.0188, 0.8169 -1.5602 -0.0383, 0.8169 -1.5984 0.0157, 0.8169 -1.5984 -0.0433, 0.9154 -1.5984 -0.0433, 0.9154 -1.5602 -0.0383, 0.9154 -1.5246 -0.0235, 0.9154 -1.494 -0.0001, 0.9154 -1.4706 0.0305, 0.9154 -1.4558 0.0661, 0.9154 -1.5984 0.0157, 0.9154 -1.5755 0.0188, 0.9154 -1.5541 0.0276, 0.9154 -1.5358 0.0417, 0.9154 -1.5217 0.06, 0.9154 -1.5129 0.0814, 0.8169 -1.3207 0.8347, 0.8169 -0.2179 0.8073, 0.8169 -0.2771 0.748, 0.8169 -0.2597 0.849, 0.9154 -0.2597 0.849, 0.9154 -0.2771 0.748, 0.9154 -0.2179 0.8073, 0.8169 -0.3354 0.9945, 0.8169 -0.3456 1.0527, 0.8169 -0.3137 0.9956, 0.8169 -0.309 1.0544, 0.8169 -0.2924 0.9911, 0.8169 -0.2732 1.047, 0.8169 -0.273 0.9815, 0.8169 -0.2404 1.0308, 0.8169 -0.2565 0.9674, 0.8169 -0.2127 1.0069, 0.8169 -0.2442 0.9495, 0.8169 -0.1918 0.9768, 0.8169 -0.2367 0.9292, 0.8169 -0.1791 0.9424, 0.8169 -0.2345 0.9076, 0.8169 -0.1755 0.906, 0.8169 -0.2378 0.8861, 0.8169 -0.181 0.8698, 0.8169 -0.2464 0.8662, 0.8169 -0.1955 0.8362, 0.9154 -0.2464 0.8662, 0.9154 -0.2378 0.8861, 0.9154 -0.2345 0.9076, 0.9154 -0.2367 0.9292, 0.9154 -0.2442 0.9495, 0.9154 -0.2565 0.9674, 0.9154 -0.273 0.9815, 0.9154 -0.2924 0.9911, 0.9154 -0.3137 0.9956, 0.9154 -0.3354 0.9945, 0.9154 -0.1955 0.8362, 0.9154 -0.181 0.8698, 0.9154 -0.1755 0.906, 0.9154 -0.1791 0.9424, 0.9154 -0.1918 0.9768, 0.9154 -0.2127 1.0069, 0.9154 -0.2404 1.0308, 0.9154 -0.2732 1.047, 0.9154 -0.309 1.0544, 0.9154 -0.3456 1.0527, 0.8169 -1.1679 0.9081, 0.8169 -1.1577 0.8499, 0.9154 -1.1577 0.8499, 0.9154 -1.1679 0.9081, 0.8169 -1.2019 0.838, 0.9154 -1.2019 0.838, 0.8169 -1.2432 0.8183, 0.9154 -1.2432 0.8183, 0.8169 -1.2417 0.8855, 0.8169 -1.306 0.8468, 0.8169 -1.32 0.8353, 0.9154 -1.3058 0.8465, 0.9154 -1.32 0.8353, 0.9154 -1.2944 0.8555, 0.9154 -1.255 0.8791, 0.9154 -1.2124 0.8969, 0.9154 -1.2414 0.8848, 1.1319 -1.7559 0.0157, 1.1319 -1.7559 -0.0433, 1.2303 -1.7559 0.0157, 1.2303 -1.7559 -0.0433, 1.2303 -0.3398 0.7689, 1.1319 -0.3398 0.7689, 1.2303 -0.3189 0.748, 1.1319 -0.3189 0.748, 1.2303 -1.2803 0.7915, 1.2303 -1.4018 0.6701, 1.1319 -1.2803 0.7915, 1.1319 -1.4018 0.6701, 1.2303 -1.4435 0.7118, 1.2303 -1.3207 0.8347, 1.1319 -1.4508 0.5518, 1.1319 -1.5098 0.5518, 1.1319 -1.4451 0.5951, 1.1319 -1.5021 0.6104, 1.1319 -1.4284 0.6354, 1.1319 -1.4795 0.665, 1.1319 -1.4435 0.7118, 1.2303 -1.4284 0.6354, 1.2303 -1.4451 0.5951, 1.2303 -1.4508 0.5518, 1.2303 -1.4795 0.665, 1.2303 -1.5021 0.6104, 1.2303 -1.5098 0.5518, 1.1319 -1.5098 0.1043, 1.1319 -1.4508 0.1043, 1.2303 -1.4508 0.1043, 1.2303 -1.5098 0.1043, 1.1319 -1.5129 0.0814, 1.1319 -1.4558 0.0661, 1.1319 -1.5217 0.06, 1.1319 -1.4706 0.0305, 1.1319 -1.5358 0.0417, 1.1319 -1.494 -0.0001, 1.1319 -1.5541 0.0276, 1.1319 -1.5246 -0.0235, 1.1319 -1.5755 0.0188, 1.1319 -1.5602 -0.0383, 1.1319 -1.5984 0.0157, 1.1319 -1.5984 -0.0433, 1.2303 -1.5984 -0.0433, 1.2303 -1.5602 -0.0383, 1.2303 -1.5246 -0.0235, 1.2303 -1.494 -0.0001, 1.2303 -1.4706 0.0305, 1.2303 -1.4558 0.0661, 1.2303 -1.5984 0.0157, 1.2303 -1.5755 0.0188, 1.2303 -1.5541 0.0276, 1.2303 -1.5358 0.0417, 1.2303 -1.5217 0.06, 1.2303 -1.5129 0.0814, 1.1319 -1.3207 0.8347, 1.1319 -0.2179 0.8073, 1.1319 -0.2771 0.748, 1.1319 -0.2597 0.849, 1.2303 -0.2597 0.849, 1.2303 -0.2771 0.748, 1.2303 -0.2179 0.8073, 1.1319 -0.3354 0.9945, 1.1319 -0.3456 1.0527, 1.1319 -0.3137 0.9956, 1.1319 -0.309 1.0544, 1.1319 -0.2924 0.9911, 1.1319 -0.2732 1.047, 1.1319 -0.273 0.9815, 1.1319 -0.2404 1.0308, 1.1319 -0.2565 0.9674, 1.1319 -0.2127 1.0069, 1.1319 -0.2442 0.9495, 1.1319 -0.1918 0.9768, 1.1319 -0.2367 0.9292, 1.1319 -0.1791 0.9424, 1.1319 -0.2345 0.9076, 1.1319 -0.1755 0.906, 1.1319 -0.2378 0.8861, 1.1319 -0.181 0.8698, 1.1319 -0.2464 0.8662, 1.1319 -0.1955 0.8362, 1.2303 -0.2464 0.8662, 1.2303 -0.2378 0.8861, 1.2303 -0.2345 0.9076, 1.2303 -0.2367 0.9292, 1.2303 -0.2442 0.9495, 1.2303 -0.2565 0.9674, 1.2303 -0.273 0.9815, 1.2303 -0.2924 0.9911, 1.2303 -0.3137 0.9956, 1.2303 -0.3354 0.9945, 1.2303 -0.1955 0.8362, 1.2303 -0.181 0.8698, 1.2303 -0.1755 0.906, 1.2303 -0.1791 0.9424, 1.2303 -0.1918 0.9768, 1.2303 -0.2127 1.0069, 1.2303 -0.2404 1.0308, 1.2303 -0.2732 1.047, 1.2303 -0.309 1.0544, 1.2303 -0.3456 1.0527, 1.1319 -1.1679 0.9081, 1.1319 -1.1577 0.8499, 1.2303 -1.1577 0.8499, 1.2303 -1.1679 0.9081, 1.1319 -1.2019 0.838, 1.2303 -1.2019 0.838, 1.1319 -1.2432 0.8183, 1.2303 -1.2432 0.8183, 1.1319 -1.2417 0.8855, 1.1319 -1.306 0.8468, 1.1319 -1.32 0.8353, 1.2303 -1.3058 0.8465, 1.2303 -1.32 0.8353, 1.2303 -1.2944 0.8555, 1.2303 -1.255 0.8791, 1.2303 -1.2124 0.8969, 1.2303 -1.2414 0.8848, 1.4469 -1.7559 0.0157, 1.4469 -1.7559 -0.0433, 1.5453 -1.7559 0.0157, 1.5453 -1.7559 -0.0433, 1.5453 -0.3398 0.7689, 1.4469 -0.3398 0.7689, 1.5453 -0.3189 0.748, 1.4469 -0.3189 0.748, 1.5453 -1.2803 0.7915, 1.5453 -1.4018 0.6701, 1.4469 -1.2803 0.7915, 1.4469 -1.4018 0.6701, 1.5453 -1.4435 0.7118, 1.5453 -1.3207 0.8347, 1.4469 -1.4508 0.5518, 1.4469 -1.5098 0.5518, 1.4469 -1.4451 0.5951, 1.4469 -1.5021 0.6104, 1.4469 -1.4284 0.6354, 1.4469 -1.4795 0.665, 1.4469 -1.4435 0.7118, 1.5453 -1.4284 0.6354, 1.5453 -1.4451 0.5951, 1.5453 -1.4508 0.5518, 1.5453 -1.4795 0.665, 1.5453 -1.5021 0.6104, 1.5453 -1.5098 0.5518, 1.4469 -1.5098 0.1043, 1.4469 -1.4508 0.1043, 1.5453 -1.4508 0.1043, 1.5453 -1.5098 0.1043, 1.4469 -1.5129 0.0814, 1.4469 -1.4558 0.0661, 1.4469 -1.5217 0.06, 1.4469 -1.4706 0.0305, 1.4469 -1.5358 0.0417, 1.4469 -1.494 -0.0001, 1.4469 -1.5541 0.0276, 1.4469 -1.5246 -0.0235, 1.4469 -1.5755 0.0188, 1.4469 -1.5602 -0.0383, 1.4469 -1.5984 0.0157, 1.4469 -1.5984 -0.0433, 1.5453 -1.5984 -0.0433, 1.5453 -1.5602 -0.0383, 1.5453 -1.5246 -0.0235, 1.5453 -1.494 -0.0001, 1.5453 -1.4706 0.0305, 1.5453 -1.4558 0.0661, 1.5453 -1.5984 0.0157, 1.5453 -1.5755 0.0188, 1.5453 -1.5541 0.0276, 1.5453 -1.5358 0.0417, 1.5453 -1.5217 0.06, 1.5453 -1.5129 0.0814, 1.4469 -1.3207 0.8347, 1.4469 -0.2179 0.8073, 1.4469 -0.2771 0.748, 1.4469 -0.2597 0.849, 1.5453 -0.2597 0.849, 1.5453 -0.2771 0.748, 1.5453 -0.2179 0.8073, 1.4469 -0.3354 0.9945, 1.4469 -0.3456 1.0527, 1.4469 -0.3137 0.9956, 1.4469 -0.309 1.0544, 1.4469 -0.2924 0.9911, 1.4469 -0.2732 1.047, 1.4469 -0.273 0.9815, 1.4469 -0.2404 1.0308, 1.4469 -0.2565 0.9674, 1.4469 -0.2127 1.0069, 1.4469 -0.2442 0.9495, 1.4469 -0.1918 0.9768, 1.4469 -0.2367 0.9292, 1.4469 -0.1791 0.9424, 1.4469 -0.2345 0.9076, 1.4469 -0.1755 0.906, 1.4469 -0.2378 0.8861, 1.4469 -0.181 0.8698, 1.4469 -0.2464 0.8662, 1.4469 -0.1955 0.8362, 1.5453 -0.2464 0.8662, 1.5453 -0.2378 0.8861, 1.5453 -0.2345 0.9076, 1.5453 -0.2367 0.9292, 1.5453 -0.2442 0.9495, 1.5453 -0.2565 0.9674, 1.5453 -0.273 0.9815, 1.5453 -0.2924 0.9911, 1.5453 -0.3137 0.9956, 1.5453 -0.3354 0.9945, 1.5453 -0.1955 0.8362, 1.5453 -0.181 0.8698, 1.5453 -0.1755 0.906, 1.5453 -0.1791 0.9424, 1.5453 -0.1918 0.9768, 1.5453 -0.2127 1.0069, 1.5453 -0.2404 1.0308, 1.5453 -0.2732 1.047, 1.5453 -0.309 1.0544, 1.5453 -0.3456 1.0527, 1.4469 -1.1679 0.9081, 1.4469 -1.1577 0.8499, 1.5453 -1.1577 0.8499, 1.5453 -1.1679 0.9081, 1.4469 -1.2019 0.838, 1.5453 -1.2019 0.838, 1.4469 -1.2432 0.8183, 1.5453 -1.2432 0.8183, 1.4469 -1.2417 0.8855, 1.4469 -1.306 0.8468, 1.4469 -1.32 0.8353, 1.5453 -1.3058 0.8465, 1.5453 -1.32 0.8353, 1.5453 -1.2944 0.8555, 1.5453 -1.255 0.8791, 1.5453 -1.2124 0.8969, 1.5453 -1.2414 0.8848
            ]
        }
        coordIndex [
            0,1,2,-1,2,1,3,-1,4,5,6,-1,6,5,7,-1,8,1,9,-1,9,1,0,-1,9,0,10,-1,10,0,2,-1,10,2,11,-1,11,2,3,-1,3,1,11,-1,11,1,8,-1,12,13,14,-1,14,13,15,-1,14,15,16,-1,16,15,17,-1,16,17,18,-1,18,17,19,-1,18,19,20,-1,20,19,21,-1,20,21,22,-1,22,21,23,-1,22,23,9,-1,9,23,8,-1,9,10,22,-1,22,10,24,-1,22,24,20,-1,20,24,25,-1,20,25,18,-1,18,25,26,-1,18,26,16,-1,16,26,27,-1,16,27,14,-1,14,27,28,-1,14,28,12,-1,12,28,29,-1,10,11,24,-1,24,11,30,-1,24,30,25,-1,25,30,31,-1,25,31,26,-1,26,31,32,-1,26,32,27,-1,27,32,33,-1,27,33,28,-1,28,33,34,-1,28,34,29,-1,29,34,35,-1,13,35,34,-1,13,34,15,-1,15,34,33,-1,15,33,17,-1,17,33,32,-1,17,32,19,-1,19,32,31,-1,19,31,21,-1,21,31,30,-1,21,30,23,-1,23,30,11,-1,23,11,8,-1,36,13,37,-1,37,13,12,-1,37,12,38,-1,38,12,29,-1,38,29,39,-1,39,29,35,-1,35,13,39,-1,39,13,36,-1,36,37,40,-1,40,37,41,-1,40,41,42,-1,42,41,43,-1,42,43,44,-1,44,43,45,-1,44,45,46,-1,46,45,47,-1,46,47,48,-1,48,47,49,-1,48,49,50,-1,50,49,51,-1,52,51,49,-1,52,49,53,-1,53,49,47,-1,53,47,54,-1,54,47,45,-1,54,45,55,-1,55,45,43,-1,55,43,56,-1,56,43,41,-1,56,41,57,-1,57,41,37,-1,57,37,38,-1,58,52,59,-1,59,52,53,-1,59,53,60,-1,60,53,54,-1,60,54,61,-1,61,54,55,-1,61,55,62,-1,62,55,56,-1,62,56,63,-1,63,56,57,-1,63,57,39,-1,39,57,38,-1,39,36,63,-1,63,36,40,-1,63,40,62,-1,62,40,42,-1,62,42,61,-1,61,42,44,-1,61,44,60,-1,60,44,46,-1,60,46,59,-1,59,46,48,-1,59,48,58,-1,58,48,50,-1,50,51,64,-1,64,51,65,-1,64,65,66,-1,65,51,67,-1,67,51,52,-1,68,67,69,-1,69,67,52,-1,69,52,58,-1,69,58,64,-1,64,58,50,-1,66,65,70,-1,70,65,71,-1,70,71,72,-1,72,71,73,-1,72,73,74,-1,74,73,75,-1,74,75,76,-1,76,75,77,-1,78,77,75,-1,78,75,79,-1,79,75,73,-1,79,73,80,-1,80,73,71,-1,80,71,81,-1,81,71,65,-1,81,65,67,-1,82,78,83,-1,83,78,79,-1,83,79,84,-1,84,79,80,-1,84,80,85,-1,85,80,81,-1,85,81,68,-1,68,81,67,-1,68,66,85,-1,85,66,70,-1,85,70,84,-1,84,70,72,-1,84,72,83,-1,83,72,74,-1,83,74,82,-1,82,74,76,-1,86,76,87,-1,87,76,77,-1,87,77,88,-1,88,77,78,-1,88,78,89,-1,89,78,82,-1,82,76,89,-1,89,76,86,-1,90,91,92,-1,92,91,93,-1,92,93,94,-1,94,93,95,-1,94,95,96,-1,96,95,97,-1,96,97,98,-1,98,97,99,-1,98,99,100,-1,100,99,101,-1,100,101,87,-1,87,101,86,-1,87,88,100,-1,100,88,102,-1,100,102,98,-1,98,102,103,-1,98,103,96,-1,96,103,104,-1,96,104,94,-1,94,104,105,-1,94,105,92,-1,92,105,106,-1,92,106,90,-1,90,106,107,-1,88,89,102,-1,102,89,108,-1,102,108,103,-1,103,108,109,-1,103,109,104,-1,104,109,110,-1,104,110,105,-1,105,110,111,-1,105,111,106,-1,106,111,112,-1,106,112,107,-1,107,112,113,-1,91,113,112,-1,91,112,93,-1,93,112,111,-1,93,111,95,-1,95,111,110,-1,95,110,97,-1,97,110,109,-1,97,109,99,-1,99,109,108,-1,99,108,101,-1,101,108,89,-1,101,89,86,-1,4,91,5,-1,5,91,90,-1,5,90,7,-1,7,90,107,-1,7,107,6,-1,6,107,113,-1,113,91,6,-1,6,91,4,-1,114,115,116,-1,116,115,117,-1,118,119,120,-1,120,119,121,-1,122,115,123,-1,123,115,114,-1,123,114,124,-1,124,114,116,-1,124,116,125,-1,125,116,117,-1,117,115,125,-1,125,115,122,-1,126,127,128,-1,128,127,129,-1,128,129,130,-1,130,129,131,-1,130,131,132,-1,132,131,133,-1,132,133,134,-1,134,133,135,-1,134,135,136,-1,136,135,137,-1,136,137,123,-1,123,137,122,-1,123,124,136,-1,136,124,138,-1,136,138,134,-1,134,138,139,-1,134,139,132,-1,132,139,140,-1,132,140,130,-1,130,140,141,-1,130,141,128,-1,128,141,142,-1,128,142,126,-1,126,142,143,-1,124,125,138,-1,138,125,144,-1,138,144,139,-1,139,144,145,-1,139,145,140,-1,140,145,146,-1,140,146,141,-1,141,146,147,-1,141,147,142,-1,142,147,148,-1,142,148,143,-1,143,148,149,-1,127,149,148,-1,127,148,129,-1,129,148,147,-1,129,147,131,-1,131,147,146,-1,131,146,133,-1,133,146,145,-1,133,145,135,-1,135,145,144,-1,135,144,137,-1,137,144,125,-1,137,125,122,-1,150,127,151,-1,151,127,126,-1,151,126,152,-1,152,126,143,-1,152,143,153,-1,153,143,149,-1,149,127,153,-1,153,127,150,-1,150,151,154,-1,154,151,155,-1,154,155,156,-1,156,155,157,-1,156,157,158,-1,158,157,159,-1,158,159,160,-1,160,159,161,-1,160,161,162,-1,162,161,163,-1,162,163,164,-1,164,163,165,-1,166,165,163,-1,166,163,167,-1,167,163,161,-1,167,161,168,-1,168,161,159,-1,168,159,169,-1,169,159,157,-1,169,157,170,-1,170,157,155,-1,170,155,171,-1,171,155,151,-1,171,151,152,-1,172,166,173,-1,173,166,167,-1,173,167,174,-1,174,167,168,-1,174,168,175,-1,175,168,169,-1,175,169,176,-1,176,169,170,-1,176,170,177,-1,177,170,171,-1,177,171,153,-1,153,171,152,-1,153,150,177,-1,177,150,154,-1,177,154,176,-1,176,154,156,-1,176,156,175,-1,175,156,158,-1,175,158,174,-1,174,158,160,-1,174,160,173,-1,173,160,162,-1,173,162,172,-1,172,162,164,-1,164,165,178,-1,178,165,179,-1,178,179,180,-1,179,165,181,-1,181,165,166,-1,182,181,183,-1,183,181,166,-1,183,166,172,-1,183,172,178,-1,178,172,164,-1,180,179,184,-1,184,179,185,-1,184,185,186,-1,186,185,187,-1,186,187,188,-1,188,187,189,-1,188,189,190,-1,190,189,191,-1,192,191,189,-1,192,189,193,-1,193,189,187,-1,193,187,194,-1,194,187,185,-1,194,185,195,-1,195,185,179,-1,195,179,181,-1,196,192,197,-1,197,192,193,-1,197,193,198,-1,198,193,194,-1,198,194,199,-1,199,194,195,-1,199,195,182,-1,182,195,181,-1,182,180,199,-1,199,180,184,-1,199,184,198,-1,198,184,186,-1,198,186,197,-1,197,186,188,-1,197,188,196,-1,196,188,190,-1,200,190,201,-1,201,190,191,-1,201,191,202,-1,202,191,192,-1,202,192,203,-1,203,192,196,-1,196,190,203,-1,203,190,200,-1,204,205,206,-1,206,205,207,-1,206,207,208,-1,208,207,209,-1,208,209,210,-1,210,209,211,-1,210,211,212,-1,212,211,213,-1,212,213,214,-1,214,213,215,-1,214,215,201,-1,201,215,200,-1,201,202,214,-1,214,202,216,-1,214,216,212,-1,212,216,217,-1,212,217,210,-1,210,217,218,-1,210,218,208,-1,208,218,219,-1,208,219,206,-1,206,219,220,-1,206,220,204,-1,204,220,221,-1,202,203,216,-1,216,203,222,-1,216,222,217,-1,217,222,223,-1,217,223,218,-1,218,223,224,-1,218,224,219,-1,219,224,225,-1,219,225,220,-1,220,225,226,-1,220,226,221,-1,221,226,227,-1,205,227,226,-1,205,226,207,-1,207,226,225,-1,207,225,209,-1,209,225,224,-1,209,224,211,-1,211,224,223,-1,211,223,213,-1,213,223,222,-1,213,222,215,-1,215,222,203,-1,215,203,200,-1,118,205,119,-1,119,205,204,-1,119,204,121,-1,121,204,221,-1,121,221,120,-1,120,221,227,-1,227,205,120,-1,120,205,118,-1,228,229,230,-1,230,229,231,-1,232,233,234,-1,234,233,235,-1,236,229,237,-1,237,229,228,-1,237,228,238,-1,238,228,230,-1,238,230,239,-1,239,230,231,-1,231,229,239,-1,239,229,236,-1,240,241,242,-1,242,241,243,-1,242,243,244,-1,244,243,245,-1,244,245,246,-1,246,245,247,-1,246,247,248,-1,248,247,249,-1,248,249,250,-1,250,249,251,-1,250,251,237,-1,237,251,236,-1,237,238,250,-1,250,238,252,-1,250,252,248,-1,248,252,253,-1,248,253,246,-1,246,253,254,-1,246,254,244,-1,244,254,255,-1,244,255,242,-1,242,255,256,-1,242,256,240,-1,240,256,257,-1,238,239,252,-1,252,239,258,-1,252,258,253,-1,253,258,259,-1,253,259,254,-1,254,259,260,-1,254,260,255,-1,255,260,261,-1,255,261,256,-1,256,261,262,-1,256,262,257,-1,257,262,263,-1,241,263,262,-1,241,262,243,-1,243,262,261,-1,243,261,245,-1,245,261,260,-1,245,260,247,-1,247,260,259,-1,247,259,249,-1,249,259,258,-1,249,258,251,-1,251,258,239,-1,251,239,236,-1,264,241,265,-1,265,241,240,-1,265,240,266,-1,266,240,257,-1,266,257,267,-1,267,257,263,-1,263,241,267,-1,267,241,264,-1,264,265,268,-1,268,265,269,-1,268,269,270,-1,270,269,271,-1,270,271,272,-1,272,271,273,-1,272,273,274,-1,274,273,275,-1,274,275,276,-1,276,275,277,-1,276,277,278,-1,278,277,279,-1,280,279,277,-1,280,277,281,-1,281,277,275,-1,281,275,282,-1,282,275,273,-1,282,273,283,-1,283,273,271,-1,283,271,284,-1,284,271,269,-1,284,269,285,-1,285,269,265,-1,285,265,266,-1,286,280,287,-1,287,280,281,-1,287,281,288,-1,288,281,282,-1,288,282,289,-1,289,282,283,-1,289,283,290,-1,290,283,284,-1,290,284,291,-1,291,284,285,-1,291,285,267,-1,267,285,266,-1,267,264,291,-1,291,264,268,-1,291,268,290,-1,290,268,270,-1,290,270,289,-1,289,270,272,-1,289,272,288,-1,288,272,274,-1,288,274,287,-1,287,274,276,-1,287,276,286,-1,286,276,278,-1,278,279,292,-1,292,279,293,-1,292,293,294,-1,293,279,295,-1,295,279,280,-1,296,295,297,-1,297,295,280,-1,297,280,286,-1,297,286,292,-1,292,286,278,-1,294,293,298,-1,298,293,299,-1,298,299,300,-1,300,299,301,-1,300,301,302,-1,302,301,303,-1,302,303,304,-1,304,303,305,-1,306,305,303,-1,306,303,307,-1,307,303,301,-1,307,301,308,-1,308,301,299,-1,308,299,309,-1,309,299,293,-1,309,293,295,-1,310,306,311,-1,311,306,307,-1,311,307,312,-1,312,307,308,-1,312,308,313,-1,313,308,309,-1,313,309,296,-1,296,309,295,-1,296,294,313,-1,313,294,298,-1,313,298,312,-1,312,298,300,-1,312,300,311,-1,311,300,302,-1,311,302,310,-1,310,302,304,-1,314,304,315,-1,315,304,305,-1,315,305,316,-1,316,305,306,-1,316,306,317,-1,317,306,310,-1,310,304,317,-1,317,304,314,-1,318,319,320,-1,320,319,321,-1,320,321,322,-1,322,321,323,-1,322,323,324,-1,324,323,325,-1,324,325,326,-1,326,325,327,-1,326,327,328,-1,328,327,329,-1,328,329,315,-1,315,329,314,-1,315,316,328,-1,328,316,330,-1,328,330,326,-1,326,330,331,-1,326,331,324,-1,324,331,332,-1,324,332,322,-1,322,332,333,-1,322,333,320,-1,320,333,334,-1,320,334,318,-1,318,334,335,-1,316,317,330,-1,330,317,336,-1,330,336,331,-1,331,336,337,-1,331,337,332,-1,332,337,338,-1,332,338,333,-1,333,338,339,-1,333,339,334,-1,334,339,340,-1,334,340,335,-1,335,340,341,-1,319,341,340,-1,319,340,321,-1,321,340,339,-1,321,339,323,-1,323,339,338,-1,323,338,325,-1,325,338,337,-1,325,337,327,-1,327,337,336,-1,327,336,329,-1,329,336,317,-1,329,317,314,-1,232,319,233,-1,233,319,318,-1,233,318,235,-1,235,318,335,-1,235,335,234,-1,234,335,341,-1,341,319,234,-1,234,319,232,-1,342,343,344,-1,344,343,345,-1,346,347,348,-1,348,347,349,-1,350,343,351,-1,351,343,342,-1,351,342,352,-1,352,342,344,-1,352,344,353,-1,353,344,345,-1,345,343,353,-1,353,343,350,-1,354,355,356,-1,356,355,357,-1,356,357,358,-1,358,357,359,-1,358,359,360,-1,360,359,361,-1,360,361,362,-1,362,361,363,-1,362,363,364,-1,364,363,365,-1,364,365,351,-1,351,365,350,-1,351,352,364,-1,364,352,366,-1,364,366,362,-1,362,366,367,-1,362,367,360,-1,360,367,368,-1,360,368,358,-1,358,368,369,-1,358,369,356,-1,356,369,370,-1,356,370,354,-1,354,370,371,-1,352,353,366,-1,366,353,372,-1,366,372,367,-1,367,372,373,-1,367,373,368,-1,368,373,374,-1,368,374,369,-1,369,374,375,-1,369,375,370,-1,370,375,376,-1,370,376,371,-1,371,376,377,-1,355,377,376,-1,355,376,357,-1,357,376,375,-1,357,375,359,-1,359,375,374,-1,359,374,361,-1,361,374,373,-1,361,373,363,-1,363,373,372,-1,363,372,365,-1,365,372,353,-1,365,353,350,-1,378,355,379,-1,379,355,354,-1,379,354,380,-1,380,354,371,-1,380,371,381,-1,381,371,377,-1,377,355,381,-1,381,355,378,-1,378,379,382,-1,382,379,383,-1,382,383,384,-1,384,383,385,-1,384,385,386,-1,386,385,387,-1,386,387,388,-1,388,387,389,-1,388,389,390,-1,390,389,391,-1,390,391,392,-1,392,391,393,-1,394,393,391,-1,394,391,395,-1,395,391,389,-1,395,389,396,-1,396,389,387,-1,396,387,397,-1,397,387,385,-1,397,385,398,-1,398,385,383,-1,398,383,399,-1,399,383,379,-1,399,379,380,-1,400,394,401,-1,401,394,395,-1,401,395,402,-1,402,395,396,-1,402,396,403,-1,403,396,397,-1,403,397,404,-1,404,397,398,-1,404,398,405,-1,405,398,399,-1,405,399,381,-1,381,399,380,-1,381,378,405,-1,405,378,382,-1,405,382,404,-1,404,382,384,-1,404,384,403,-1,403,384,386,-1,403,386,402,-1,402,386,388,-1,402,388,401,-1,401,388,390,-1,401,390,400,-1,400,390,392,-1,392,393,406,-1,406,393,407,-1,406,407,408,-1,407,393,409,-1,409,393,394,-1,410,409,411,-1,411,409,394,-1,411,394,400,-1,411,400,406,-1,406,400,392,-1,408,407,412,-1,412,407,413,-1,412,413,414,-1,414,413,415,-1,414,415,416,-1,416,415,417,-1,416,417,418,-1,418,417,419,-1,420,419,417,-1,420,417,421,-1,421,417,415,-1,421,415,422,-1,422,415,413,-1,422,413,423,-1,423,413,407,-1,423,407,409,-1,424,420,425,-1,425,420,421,-1,425,421,426,-1,426,421,422,-1,426,422,427,-1,427,422,423,-1,427,423,410,-1,410,423,409,-1,410,408,427,-1,427,408,412,-1,427,412,426,-1,426,412,414,-1,426,414,425,-1,425,414,416,-1,425,416,424,-1,424,416,418,-1,428,418,429,-1,429,418,419,-1,429,419,430,-1,430,419,420,-1,430,420,431,-1,431,420,424,-1,424,418,431,-1,431,418,428,-1,432,433,434,-1,434,433,435,-1,434,435,436,-1,436,435,437,-1,436,437,438,-1,438,437,439,-1,438,439,440,-1,440,439,441,-1,440,441,442,-1,442,441,443,-1,442,443,429,-1,429,443,428,-1,429,430,442,-1,442,430,444,-1,442,444,440,-1,440,444,445,-1,440,445,438,-1,438,445,446,-1,438,446,436,-1,436,446,447,-1,436,447,434,-1,434,447,448,-1,434,448,432,-1,432,448,449,-1,430,431,444,-1,444,431,450,-1,444,450,445,-1,445,450,451,-1,445,451,446,-1,446,451,452,-1,446,452,447,-1,447,452,453,-1,447,453,448,-1,448,453,454,-1,448,454,449,-1,449,454,455,-1,433,455,454,-1,433,454,435,-1,435,454,453,-1,435,453,437,-1,437,453,452,-1,437,452,439,-1,439,452,451,-1,439,451,441,-1,441,451,450,-1,441,450,443,-1,443,450,431,-1,443,431,428,-1,346,433,347,-1,347,433,432,-1,347,432,349,-1,349,432,449,-1,349,449,348,-1,348,449,455,-1,455,433,348,-1,348,433,346,-1,456,457,458,-1,458,457,459,-1,460,461,462,-1,462,461,463,-1,464,457,465,-1,465,457,456,-1,465,456,466,-1,466,456,458,-1,466,458,467,-1,467,458,459,-1,459,457,467,-1,467,457,464,-1,468,469,470,-1,470,469,471,-1,470,471,472,-1,472,471,473,-1,472,473,474,-1,474,473,475,-1,474,475,476,-1,476,475,477,-1,476,477,478,-1,478,477,479,-1,478,479,465,-1,465,479,464,-1,465,466,478,-1,478,466,480,-1,478,480,476,-1,476,480,481,-1,476,481,474,-1,474,481,482,-1,474,482,472,-1,472,482,483,-1,472,483,470,-1,470,483,484,-1,470,484,468,-1,468,484,485,-1,466,467,480,-1,480,467,486,-1,480,486,481,-1,481,486,487,-1,481,487,482,-1,482,487,488,-1,482,488,483,-1,483,488,489,-1,483,489,484,-1,484,489,490,-1,484,490,485,-1,485,490,491,-1,469,491,490,-1,469,490,471,-1,471,490,489,-1,471,489,473,-1,473,489,488,-1,473,488,475,-1,475,488,487,-1,475,487,477,-1,477,487,486,-1,477,486,479,-1,479,486,467,-1,479,467,464,-1,492,469,493,-1,493,469,468,-1,493,468,494,-1,494,468,485,-1,494,485,495,-1,495,485,491,-1,491,469,495,-1,495,469,492,-1,492,493,496,-1,496,493,497,-1,496,497,498,-1,498,497,499,-1,498,499,500,-1,500,499,501,-1,500,501,502,-1,502,501,503,-1,502,503,504,-1,504,503,505,-1,504,505,506,-1,506,505,507,-1,508,507,505,-1,508,505,509,-1,509,505,503,-1,509,503,510,-1,510,503,501,-1,510,501,511,-1,511,501,499,-1,511,499,512,-1,512,499,497,-1,512,497,513,-1,513,497,493,-1,513,493,494,-1,514,508,515,-1,515,508,509,-1,515,509,516,-1,516,509,510,-1,516,510,517,-1,517,510,511,-1,517,511,518,-1,518,511,512,-1,518,512,519,-1,519,512,513,-1,519,513,495,-1,495,513,494,-1,495,492,519,-1,519,492,496,-1,519,496,518,-1,518,496,498,-1,518,498,517,-1,517,498,500,-1,517,500,516,-1,516,500,502,-1,516,502,515,-1,515,502,504,-1,515,504,514,-1,514,504,506,-1,506,507,520,-1,520,507,521,-1,520,521,522,-1,521,507,523,-1,523,507,508,-1,524,523,525,-1,525,523,508,-1,525,508,514,-1,525,514,520,-1,520,514,506,-1,522,521,526,-1,526,521,527,-1,526,527,528,-1,528,527,529,-1,528,529,530,-1,530,529,531,-1,530,531,532,-1,532,531,533,-1,534,533,531,-1,534,531,535,-1,535,531,529,-1,535,529,536,-1,536,529,527,-1,536,527,537,-1,537,527,521,-1,537,521,523,-1,538,534,539,-1,539,534,535,-1,539,535,540,-1,540,535,536,-1,540,536,541,-1,541,536,537,-1,541,537,524,-1,524,537,523,-1,524,522,541,-1,541,522,526,-1,541,526,540,-1,540,526,528,-1,540,528,539,-1,539,528,530,-1,539,530,538,-1,538,530,532,-1,542,532,543,-1,543,532,533,-1,543,533,544,-1,544,533,534,-1,544,534,545,-1,545,534,538,-1,538,532,545,-1,545,532,542,-1,546,547,548,-1,548,547,549,-1,548,549,550,-1,550,549,551,-1,550,551,552,-1,552,551,553,-1,552,553,554,-1,554,553,555,-1,554,555,556,-1,556,555,557,-1,556,557,543,-1,543,557,542,-1,543,544,556,-1,556,544,558,-1,556,558,554,-1,554,558,559,-1,554,559,552,-1,552,559,560,-1,552,560,550,-1,550,560,561,-1,550,561,548,-1,548,561,562,-1,548,562,546,-1,546,562,563,-1,544,545,558,-1,558,545,564,-1,558,564,559,-1,559,564,565,-1,559,565,560,-1,560,565,566,-1,560,566,561,-1,561,566,567,-1,561,567,562,-1,562,567,568,-1,562,568,563,-1,563,568,569,-1,547,569,568,-1,547,568,549,-1,549,568,567,-1,549,567,551,-1,551,567,566,-1,551,566,553,-1,553,566,565,-1,553,565,555,-1,555,565,564,-1,555,564,557,-1,557,564,545,-1,557,545,542,-1,460,547,461,-1,461,547,546,-1,461,546,463,-1,463,546,563,-1,463,563,462,-1,462,563,569,-1,569,547,462,-1,462,547,460,-1,570,571,572,-1,572,571,573,-1,574,575,576,-1,576,575,577,-1,578,571,579,-1,579,571,570,-1,579,570,580,-1,580,570,572,-1,580,572,581,-1,581,572,573,-1,573,571,581,-1,581,571,578,-1,582,583,584,-1,584,583,585,-1,584,585,586,-1,586,585,587,-1,586,587,588,-1,588,587,589,-1,588,589,590,-1,590,589,591,-1,590,591,592,-1,592,591,593,-1,592,593,579,-1,579,593,578,-1,579,580,592,-1,592,580,594,-1,592,594,590,-1,590,594,595,-1,590,595,588,-1,588,595,596,-1,588,596,586,-1,586,596,597,-1,586,597,584,-1,584,597,598,-1,584,598,582,-1,582,598,599,-1,580,581,594,-1,594,581,600,-1,594,600,595,-1,595,600,601,-1,595,601,596,-1,596,601,602,-1,596,602,597,-1,597,602,603,-1,597,603,598,-1,598,603,604,-1,598,604,599,-1,599,604,605,-1,583,605,604,-1,583,604,585,-1,585,604,603,-1,585,603,587,-1,587,603,602,-1,587,602,589,-1,589,602,601,-1,589,601,591,-1,591,601,600,-1,591,600,593,-1,593,600,581,-1,593,581,578,-1,606,583,607,-1,607,583,582,-1,607,582,608,-1,608,582,599,-1,608,599,609,-1,609,599,605,-1,605,583,609,-1,609,583,606,-1,606,607,610,-1,610,607,611,-1,610,611,612,-1,612,611,613,-1,612,613,614,-1,614,613,615,-1,614,615,616,-1,616,615,617,-1,616,617,618,-1,618,617,619,-1,618,619,620,-1,620,619,621,-1,622,621,619,-1,622,619,623,-1,623,619,617,-1,623,617,624,-1,624,617,615,-1,624,615,625,-1,625,615,613,-1,625,613,626,-1,626,613,611,-1,626,611,627,-1,627,611,607,-1,627,607,608,-1,628,622,629,-1,629,622,623,-1,629,623,630,-1,630,623,624,-1,630,624,631,-1,631,624,625,-1,631,625,632,-1,632,625,626,-1,632,626,633,-1,633,626,627,-1,633,627,609,-1,609,627,608,-1,609,606,633,-1,633,606,610,-1,633,610,632,-1,632,610,612,-1,632,612,631,-1,631,612,614,-1,631,614,630,-1,630,614,616,-1,630,616,629,-1,629,616,618,-1,629,618,628,-1,628,618,620,-1,620,621,634,-1,634,621,635,-1,634,635,636,-1,635,621,637,-1,637,621,622,-1,638,637,639,-1,639,637,622,-1,639,622,628,-1,639,628,634,-1,634,628,620,-1,636,635,640,-1,640,635,641,-1,640,641,642,-1,642,641,643,-1,642,643,644,-1,644,643,645,-1,644,645,646,-1,646,645,647,-1,648,647,645,-1,648,645,649,-1,649,645,643,-1,649,643,650,-1,650,643,641,-1,650,641,651,-1,651,641,635,-1,651,635,637,-1,652,648,653,-1,653,648,649,-1,653,649,654,-1,654,649,650,-1,654,650,655,-1,655,650,651,-1,655,651,638,-1,638,651,637,-1,638,636,655,-1,655,636,640,-1,655,640,654,-1,654,640,642,-1,654,642,653,-1,653,642,644,-1,653,644,652,-1,652,644,646,-1,656,646,657,-1,657,646,647,-1,657,647,658,-1,658,647,648,-1,658,648,659,-1,659,648,652,-1,652,646,659,-1,659,646,656,-1,660,661,662,-1,662,661,663,-1,662,663,664,-1,664,663,665,-1,664,665,666,-1,666,665,667,-1,666,667,668,-1,668,667,669,-1,668,669,670,-1,670,669,671,-1,670,671,657,-1,657,671,656,-1,657,658,670,-1,670,658,672,-1,670,672,668,-1,668,672,673,-1,668,673,666,-1,666,673,674,-1,666,674,664,-1,664,674,675,-1,664,675,662,-1,662,675,676,-1,662,676,660,-1,660,676,677,-1,658,659,672,-1,672,659,678,-1,672,678,673,-1,673,678,679,-1,673,679,674,-1,674,679,680,-1,674,680,675,-1,675,680,681,-1,675,681,676,-1,676,681,682,-1,676,682,677,-1,677,682,683,-1,661,683,682,-1,661,682,663,-1,663,682,681,-1,663,681,665,-1,665,681,680,-1,665,680,667,-1,667,680,679,-1,667,679,669,-1,669,679,678,-1,669,678,671,-1,671,678,659,-1,671,659,656,-1,574,661,575,-1,575,661,660,-1,575,660,577,-1,577,660,677,-1,577,677,576,-1,576,677,683,-1,683,661,576,-1,576,661,574,-1,684,685,686,-1,686,685,687,-1,688,689,690,-1,690,689,691,-1,692,685,693,-1,693,685,684,-1,693,684,694,-1,694,684,686,-1,694,686,695,-1,695,686,687,-1,687,685,695,-1,695,685,692,-1,696,697,698,-1,698,697,699,-1,698,699,700,-1,700,699,701,-1,700,701,702,-1,702,701,703,-1,702,703,704,-1,704,703,705,-1,704,705,706,-1,706,705,707,-1,706,707,693,-1,693,707,692,-1,693,694,706,-1,706,694,708,-1,706,708,704,-1,704,708,709,-1,704,709,702,-1,702,709,710,-1,702,710,700,-1,700,710,711,-1,700,711,698,-1,698,711,712,-1,698,712,696,-1,696,712,713,-1,694,695,708,-1,708,695,714,-1,708,714,709,-1,709,714,715,-1,709,715,710,-1,710,715,716,-1,710,716,711,-1,711,716,717,-1,711,717,712,-1,712,717,718,-1,712,718,713,-1,713,718,719,-1,697,719,718,-1,697,718,699,-1,699,718,717,-1,699,717,701,-1,701,717,716,-1,701,716,703,-1,703,716,715,-1,703,715,705,-1,705,715,714,-1,705,714,707,-1,707,714,695,-1,707,695,692,-1,720,697,721,-1,721,697,696,-1,721,696,722,-1,722,696,713,-1,722,713,723,-1,723,713,719,-1,719,697,723,-1,723,697,720,-1,720,721,724,-1,724,721,725,-1,724,725,726,-1,726,725,727,-1,726,727,728,-1,728,727,729,-1,728,729,730,-1,730,729,731,-1,730,731,732,-1,732,731,733,-1,732,733,734,-1,734,733,735,-1,736,735,733,-1,736,733,737,-1,737,733,731,-1,737,731,738,-1,738,731,729,-1,738,729,739,-1,739,729,727,-1,739,727,740,-1,740,727,725,-1,740,725,741,-1,741,725,721,-1,741,721,722,-1,742,736,743,-1,743,736,737,-1,743,737,744,-1,744,737,738,-1,744,738,745,-1,745,738,739,-1,745,739,746,-1,746,739,740,-1,746,740,747,-1,747,740,741,-1,747,741,723,-1,723,741,722,-1,723,720,747,-1,747,720,724,-1,747,724,746,-1,746,724,726,-1,746,726,745,-1,745,726,728,-1,745,728,744,-1,744,728,730,-1,744,730,743,-1,743,730,732,-1,743,732,742,-1,742,732,734,-1,734,735,748,-1,748,735,749,-1,748,749,750,-1,749,735,751,-1,751,735,736,-1,752,751,753,-1,753,751,736,-1,753,736,742,-1,753,742,748,-1,748,742,734,-1,750,749,754,-1,754,749,755,-1,754,755,756,-1,756,755,757,-1,756,757,758,-1,758,757,759,-1,758,759,760,-1,760,759,761,-1,762,761,759,-1,762,759,763,-1,763,759,757,-1,763,757,764,-1,764,757,755,-1,764,755,765,-1,765,755,749,-1,765,749,751,-1,766,762,767,-1,767,762,763,-1,767,763,768,-1,768,763,764,-1,768,764,769,-1,769,764,765,-1,769,765,752,-1,752,765,751,-1,752,750,769,-1,769,750,754,-1,769,754,768,-1,768,754,756,-1,768,756,767,-1,767,756,758,-1,767,758,766,-1,766,758,760,-1,770,760,771,-1,771,760,761,-1,771,761,772,-1,772,761,762,-1,772,762,773,-1,773,762,766,-1,766,760,773,-1,773,760,770,-1,774,775,776,-1,776,775,777,-1,776,777,778,-1,778,777,779,-1,778,779,780,-1,780,779,781,-1,780,781,782,-1,782,781,783,-1,782,783,784,-1,784,783,785,-1,784,785,771,-1,771,785,770,-1,771,772,784,-1,784,772,786,-1,784,786,782,-1,782,786,787,-1,782,787,780,-1,780,787,788,-1,780,788,778,-1,778,788,789,-1,778,789,776,-1,776,789,790,-1,776,790,774,-1,774,790,791,-1,772,773,786,-1,786,773,792,-1,786,792,787,-1,787,792,793,-1,787,793,788,-1,788,793,794,-1,788,794,789,-1,789,794,795,-1,789,795,790,-1,790,795,796,-1,790,796,791,-1,791,796,797,-1,775,797,796,-1,775,796,777,-1,777,796,795,-1,777,795,779,-1,779,795,794,-1,779,794,781,-1,781,794,793,-1,781,793,783,-1,783,793,792,-1,783,792,785,-1,785,792,773,-1,785,773,770,-1,688,775,689,-1,689,775,774,-1,689,774,691,-1,691,774,791,-1,691,791,690,-1,690,791,797,-1,797,775,690,-1,690,775,688,-1,798,799,800,-1,800,799,801,-1,802,803,804,-1,804,803,805,-1,806,799,807,-1,807,799,798,-1,807,798,808,-1,808,798,800,-1,808,800,809,-1,809,800,801,-1,801,799,809,-1,809,799,806,-1,810,811,812,-1,812,811,813,-1,812,813,814,-1,814,813,815,-1,814,815,816,-1,816,815,817,-1,816,817,818,-1,818,817,819,-1,818,819,820,-1,820,819,821,-1,820,821,807,-1,807,821,806,-1,807,808,820,-1,820,808,822,-1,820,822,818,-1,818,822,823,-1,818,823,816,-1,816,823,824,-1,816,824,814,-1,814,824,825,-1,814,825,812,-1,812,825,826,-1,812,826,810,-1,810,826,827,-1,808,809,822,-1,822,809,828,-1,822,828,823,-1,823,828,829,-1,823,829,824,-1,824,829,830,-1,824,830,825,-1,825,830,831,-1,825,831,826,-1,826,831,832,-1,826,832,827,-1,827,832,833,-1,811,833,832,-1,811,832,813,-1,813,832,831,-1,813,831,815,-1,815,831,830,-1,815,830,817,-1,817,830,829,-1,817,829,819,-1,819,829,828,-1,819,828,821,-1,821,828,809,-1,821,809,806,-1,834,811,835,-1,835,811,810,-1,835,810,836,-1,836,810,827,-1,836,827,837,-1,837,827,833,-1,833,811,837,-1,837,811,834,-1,834,835,838,-1,838,835,839,-1,838,839,840,-1,840,839,841,-1,840,841,842,-1,842,841,843,-1,842,843,844,-1,844,843,845,-1,844,845,846,-1,846,845,847,-1,846,847,848,-1,848,847,849,-1,850,849,847,-1,850,847,851,-1,851,847,845,-1,851,845,852,-1,852,845,843,-1,852,843,853,-1,853,843,841,-1,853,841,854,-1,854,841,839,-1,854,839,855,-1,855,839,835,-1,855,835,836,-1,856,850,857,-1,857,850,851,-1,857,851,858,-1,858,851,852,-1,858,852,859,-1,859,852,853,-1,859,853,860,-1,860,853,854,-1,860,854,861,-1,861,854,855,-1,861,855,837,-1,837,855,836,-1,837,834,861,-1,861,834,838,-1,861,838,860,-1,860,838,840,-1,860,840,859,-1,859,840,842,-1,859,842,858,-1,858,842,844,-1,858,844,857,-1,857,844,846,-1,857,846,856,-1,856,846,848,-1,848,849,862,-1,862,849,863,-1,862,863,864,-1,863,849,865,-1,865,849,850,-1,866,865,867,-1,867,865,850,-1,867,850,856,-1,867,856,862,-1,862,856,848,-1,864,863,868,-1,868,863,869,-1,868,869,870,-1,870,869,871,-1,870,871,872,-1,872,871,873,-1,872,873,874,-1,874,873,875,-1,876,875,873,-1,876,873,877,-1,877,873,871,-1,877,871,878,-1,878,871,869,-1,878,869,879,-1,879,869,863,-1,879,863,865,-1,880,876,881,-1,881,876,877,-1,881,877,882,-1,882,877,878,-1,882,878,883,-1,883,878,879,-1,883,879,866,-1,866,879,865,-1,866,864,883,-1,883,864,868,-1,883,868,882,-1,882,868,870,-1,882,870,881,-1,881,870,872,-1,881,872,880,-1,880,872,874,-1,884,874,885,-1,885,874,875,-1,885,875,886,-1,886,875,876,-1,886,876,887,-1,887,876,880,-1,880,874,887,-1,887,874,884,-1,888,889,890,-1,890,889,891,-1,890,891,892,-1,892,891,893,-1,892,893,894,-1,894,893,895,-1,894,895,896,-1,896,895,897,-1,896,897,898,-1,898,897,899,-1,898,899,885,-1,885,899,884,-1,885,886,898,-1,898,886,900,-1,898,900,896,-1,896,900,901,-1,896,901,894,-1,894,901,902,-1,894,902,892,-1,892,902,903,-1,892,903,890,-1,890,903,904,-1,890,904,888,-1,888,904,905,-1,886,887,900,-1,900,887,906,-1,900,906,901,-1,901,906,907,-1,901,907,902,-1,902,907,908,-1,902,908,903,-1,903,908,909,-1,903,909,904,-1,904,909,910,-1,904,910,905,-1,905,910,911,-1,889,911,910,-1,889,910,891,-1,891,910,909,-1,891,909,893,-1,893,909,908,-1,893,908,895,-1,895,908,907,-1,895,907,897,-1,897,907,906,-1,897,906,899,-1,899,906,887,-1,899,887,884,-1,802,889,803,-1,803,889,888,-1,803,888,805,-1,805,888,905,-1,805,905,804,-1,804,905,911,-1,911,889,804,-1,804,889,802,-1,912,913,914,-1,914,913,915,-1,916,917,918,-1,918,917,919,-1,920,913,921,-1,921,913,912,-1,921,912,922,-1,922,912,914,-1,922,914,923,-1,923,914,915,-1,915,913,923,-1,923,913,920,-1,924,925,926,-1,926,925,927,-1,926,927,928,-1,928,927,929,-1,928,929,930,-1,930,929,931,-1,930,931,932,-1,932,931,933,-1,932,933,934,-1,934,933,935,-1,934,935,921,-1,921,935,920,-1,921,922,934,-1,934,922,936,-1,934,936,932,-1,932,936,937,-1,932,937,930,-1,930,937,938,-1,930,938,928,-1,928,938,939,-1,928,939,926,-1,926,939,940,-1,926,940,924,-1,924,940,941,-1,922,923,936,-1,936,923,942,-1,936,942,937,-1,937,942,943,-1,937,943,938,-1,938,943,944,-1,938,944,939,-1,939,944,945,-1,939,945,940,-1,940,945,946,-1,940,946,941,-1,941,946,947,-1,925,947,946,-1,925,946,927,-1,927,946,945,-1,927,945,929,-1,929,945,944,-1,929,944,931,-1,931,944,943,-1,931,943,933,-1,933,943,942,-1,933,942,935,-1,935,942,923,-1,935,923,920,-1,948,925,949,-1,949,925,924,-1,949,924,950,-1,950,924,941,-1,950,941,951,-1,951,941,947,-1,947,925,951,-1,951,925,948,-1,948,949,952,-1,952,949,953,-1,952,953,954,-1,954,953,955,-1,954,955,956,-1,956,955,957,-1,956,957,958,-1,958,957,959,-1,958,959,960,-1,960,959,961,-1,960,961,962,-1,962,961,963,-1,964,963,961,-1,964,961,965,-1,965,961,959,-1,965,959,966,-1,966,959,957,-1,966,957,967,-1,967,957,955,-1,967,955,968,-1,968,955,953,-1,968,953,969,-1,969,953,949,-1,969,949,950,-1,970,964,971,-1,971,964,965,-1,971,965,972,-1,972,965,966,-1,972,966,973,-1,973,966,967,-1,973,967,974,-1,974,967,968,-1,974,968,975,-1,975,968,969,-1,975,969,951,-1,951,969,950,-1,951,948,975,-1,975,948,952,-1,975,952,974,-1,974,952,954,-1,974,954,973,-1,973,954,956,-1,973,956,972,-1,972,956,958,-1,972,958,971,-1,971,958,960,-1,971,960,970,-1,970,960,962,-1,962,963,976,-1,976,963,977,-1,976,977,978,-1,977,963,979,-1,979,963,964,-1,980,979,981,-1,981,979,964,-1,981,964,970,-1,981,970,976,-1,976,970,962,-1,978,977,982,-1,982,977,983,-1,982,983,984,-1,984,983,985,-1,984,985,986,-1,986,985,987,-1,986,987,988,-1,988,987,989,-1,990,989,987,-1,990,987,991,-1,991,987,985,-1,991,985,992,-1,992,985,983,-1,992,983,993,-1,993,983,977,-1,993,977,979,-1,994,990,995,-1,995,990,991,-1,995,991,996,-1,996,991,992,-1,996,992,997,-1,997,992,993,-1,997,993,980,-1,980,993,979,-1,980,978,997,-1,997,978,982,-1,997,982,996,-1,996,982,984,-1,996,984,995,-1,995,984,986,-1,995,986,994,-1,994,986,988,-1,998,988,999,-1,999,988,989,-1,999,989,1000,-1,1000,989,990,-1,1000,990,1001,-1,1001,990,994,-1,994,988,1001,-1,1001,988,998,-1,1002,1003,1004,-1,1004,1003,1005,-1,1004,1005,1006,-1,1006,1005,1007,-1,1006,1007,1008,-1,1008,1007,1009,-1,1008,1009,1010,-1,1010,1009,1011,-1,1010,1011,1012,-1,1012,1011,1013,-1,1012,1013,999,-1,999,1013,998,-1,999,1000,1012,-1,1012,1000,1014,-1,1012,1014,1010,-1,1010,1014,1015,-1,1010,1015,1008,-1,1008,1015,1016,-1,1008,1016,1006,-1,1006,1016,1017,-1,1006,1017,1004,-1,1004,1017,1018,-1,1004,1018,1002,-1,1002,1018,1019,-1,1000,1001,1014,-1,1014,1001,1020,-1,1014,1020,1015,-1,1015,1020,1021,-1,1015,1021,1016,-1,1016,1021,1022,-1,1016,1022,1017,-1,1017,1022,1023,-1,1017,1023,1018,-1,1018,1023,1024,-1,1018,1024,1019,-1,1019,1024,1025,-1,1003,1025,1024,-1,1003,1024,1005,-1,1005,1024,1023,-1,1005,1023,1007,-1,1007,1023,1022,-1,1007,1022,1009,-1,1009,1022,1021,-1,1009,1021,1011,-1,1011,1021,1020,-1,1011,1020,1013,-1,1013,1020,1001,-1,1013,1001,998,-1,916,1003,917,-1,917,1003,1002,-1,917,1002,919,-1,919,1002,1019,-1,919,1019,918,-1,918,1019,1025,-1,1025,1003,918,-1,918,1003,916,-1,1026,1027,1028,-1,1028,1027,1029,-1,1030,1031,1032,-1,1032,1031,1033,-1,1034,1035,1036,-1,1036,1035,1037,-1,1038,1035,1039,-1,1039,1035,1034,-1,1040,1041,1042,-1,1042,1041,1043,-1,1042,1043,1044,-1,1044,1043,1045,-1,1044,1045,1037,-1,1037,1045,1046,-1,1037,1035,1044,-1,1044,1035,1047,-1,1044,1047,1042,-1,1042,1047,1048,-1,1042,1048,1040,-1,1040,1048,1049,-1,1035,1038,1047,-1,1047,1038,1050,-1,1047,1050,1048,-1,1048,1050,1051,-1,1048,1051,1049,-1,1049,1051,1052,-1,1041,1052,1051,-1,1041,1051,1043,-1,1043,1051,1050,-1,1043,1050,1045,-1,1045,1050,1038,-1,1045,1038,1046,-1,1053,1041,1054,-1,1054,1041,1040,-1,1054,1040,1055,-1,1055,1040,1049,-1,1055,1049,1056,-1,1056,1049,1052,-1,1052,1041,1056,-1,1056,1041,1053,-1,1053,1054,1057,-1,1057,1054,1058,-1,1057,1058,1059,-1,1059,1058,1060,-1,1059,1060,1061,-1,1061,1060,1062,-1,1061,1062,1063,-1,1063,1062,1064,-1,1063,1064,1065,-1,1065,1064,1066,-1,1065,1066,1067,-1,1067,1066,1068,-1,1069,1068,1066,-1,1069,1066,1070,-1,1070,1066,1064,-1,1070,1064,1071,-1,1071,1064,1062,-1,1071,1062,1072,-1,1072,1062,1060,-1,1072,1060,1073,-1,1073,1060,1058,-1,1073,1058,1074,-1,1074,1058,1054,-1,1074,1054,1055,-1,1075,1069,1076,-1,1076,1069,1070,-1,1076,1070,1077,-1,1077,1070,1071,-1,1077,1071,1078,-1,1078,1071,1072,-1,1078,1072,1079,-1,1079,1072,1073,-1,1079,1073,1080,-1,1080,1073,1074,-1,1080,1074,1056,-1,1056,1074,1055,-1,1056,1053,1080,-1,1080,1053,1057,-1,1080,1057,1079,-1,1079,1057,1059,-1,1079,1059,1078,-1,1078,1059,1061,-1,1078,1061,1077,-1,1077,1061,1063,-1,1077,1063,1076,-1,1076,1063,1065,-1,1076,1065,1075,-1,1075,1065,1067,-1,1026,1067,1027,-1,1027,1067,1068,-1,1027,1068,1029,-1,1029,1068,1069,-1,1029,1069,1028,-1,1028,1069,1075,-1,1075,1067,1028,-1,1028,1067,1026,-1,1046,1038,1081,-1,1081,1038,1039,-1,1036,1037,1081,-1,1081,1037,1046,-1,1082,1083,1084,-1,1084,1083,1033,-1,1084,1033,1031,-1,1084,1031,1085,-1,1085,1031,1030,-1,1086,1087,1032,-1,1032,1087,1085,-1,1032,1085,1030,-1,1083,1082,1086,-1,1086,1082,1087,-1,1088,1089,1090,-1,1090,1089,1091,-1,1090,1091,1092,-1,1092,1091,1093,-1,1092,1093,1094,-1,1094,1093,1095,-1,1094,1095,1096,-1,1096,1095,1097,-1,1096,1097,1098,-1,1098,1097,1099,-1,1098,1099,1100,-1,1100,1099,1101,-1,1100,1101,1102,-1,1102,1101,1103,-1,1102,1103,1104,-1,1104,1103,1105,-1,1104,1105,1106,-1,1106,1105,1107,-1,1106,1107,1084,-1,1084,1107,1082,-1,1084,1085,1106,-1,1106,1085,1108,-1,1106,1108,1104,-1,1104,1108,1109,-1,1104,1109,1102,-1,1102,1109,1110,-1,1102,1110,1100,-1,1100,1110,1111,-1,1100,1111,1098,-1,1098,1111,1112,-1,1098,1112,1096,-1,1096,1112,1113,-1,1096,1113,1094,-1,1094,1113,1114,-1,1094,1114,1092,-1,1092,1114,1115,-1,1092,1115,1090,-1,1090,1115,1116,-1,1090,1116,1088,-1,1088,1116,1117,-1,1085,1087,1108,-1,1108,1087,1118,-1,1108,1118,1109,-1,1109,1118,1119,-1,1109,1119,1110,-1,1110,1119,1120,-1,1110,1120,1111,-1,1111,1120,1121,-1,1111,1121,1112,-1,1112,1121,1122,-1,1112,1122,1113,-1,1113,1122,1123,-1,1113,1123,1114,-1,1114,1123,1124,-1,1114,1124,1115,-1,1115,1124,1125,-1,1115,1125,1116,-1,1116,1125,1126,-1,1116,1126,1117,-1,1117,1126,1127,-1,1089,1127,1126,-1,1089,1126,1091,-1,1091,1126,1125,-1,1091,1125,1093,-1,1093,1125,1124,-1,1093,1124,1095,-1,1095,1124,1123,-1,1095,1123,1097,-1,1097,1123,1122,-1,1097,1122,1099,-1,1099,1122,1121,-1,1099,1121,1101,-1,1101,1121,1120,-1,1101,1120,1103,-1,1103,1120,1119,-1,1103,1119,1105,-1,1105,1119,1118,-1,1105,1118,1107,-1,1107,1118,1087,-1,1107,1087,1082,-1,1128,1089,1129,-1,1129,1089,1088,-1,1129,1088,1130,-1,1130,1088,1117,-1,1130,1117,1131,-1,1131,1117,1127,-1,1127,1089,1131,-1,1131,1089,1128,-1,1129,1130,1132,-1,1132,1130,1133,-1,1132,1133,1134,-1,1134,1133,1135,-1,1134,1135,1036,-1,1036,1135,1034,-1,1136,1128,1129,-1,1129,1132,1136,-1,1136,1132,1134,-1,1136,1134,1137,-1,1137,1134,1036,-1,1137,1036,1138,-1,1138,1036,1081,-1,1139,1137,1140,-1,1140,1137,1138,-1,1140,1138,1039,-1,1039,1138,1081,-1,1139,1141,1137,-1,1137,1141,1142,-1,1137,1142,1136,-1,1131,1128,1143,-1,1143,1128,1136,-1,1143,1136,1144,-1,1144,1136,1142,-1,1133,1130,1131,-1,1140,1039,1034,-1,1135,1141,1034,-1,1034,1141,1139,-1,1034,1139,1140,-1,1131,1143,1133,-1,1133,1143,1144,-1,1133,1144,1135,-1,1135,1144,1142,-1,1135,1142,1141,-1,1145,1146,1147,-1,1147,1146,1148,-1,1149,1150,1151,-1,1151,1150,1152,-1,1153,1154,1155,-1,1155,1154,1156,-1,1157,1154,1158,-1,1158,1154,1153,-1,1159,1160,1161,-1,1161,1160,1162,-1,1161,1162,1163,-1,1163,1162,1164,-1,1163,1164,1156,-1,1156,1164,1165,-1,1156,1154,1163,-1,1163,1154,1166,-1,1163,1166,1161,-1,1161,1166,1167,-1,1161,1167,1159,-1,1159,1167,1168,-1,1154,1157,1166,-1,1166,1157,1169,-1,1166,1169,1167,-1,1167,1169,1170,-1,1167,1170,1168,-1,1168,1170,1171,-1,1160,1171,1170,-1,1160,1170,1162,-1,1162,1170,1169,-1,1162,1169,1164,-1,1164,1169,1157,-1,1164,1157,1165,-1,1172,1160,1173,-1,1173,1160,1159,-1,1173,1159,1174,-1,1174,1159,1168,-1,1174,1168,1175,-1,1175,1168,1171,-1,1171,1160,1175,-1,1175,1160,1172,-1,1172,1173,1176,-1,1176,1173,1177,-1,1176,1177,1178,-1,1178,1177,1179,-1,1178,1179,1180,-1,1180,1179,1181,-1,1180,1181,1182,-1,1182,1181,1183,-1,1182,1183,1184,-1,1184,1183,1185,-1,1184,1185,1186,-1,1186,1185,1187,-1,1188,1187,1185,-1,1188,1185,1189,-1,1189,1185,1183,-1,1189,1183,1190,-1,1190,1183,1181,-1,1190,1181,1191,-1,1191,1181,1179,-1,1191,1179,1192,-1,1192,1179,1177,-1,1192,1177,1193,-1,1193,1177,1173,-1,1193,1173,1174,-1,1194,1188,1195,-1,1195,1188,1189,-1,1195,1189,1196,-1,1196,1189,1190,-1,1196,1190,1197,-1,1197,1190,1191,-1,1197,1191,1198,-1,1198,1191,1192,-1,1198,1192,1199,-1,1199,1192,1193,-1,1199,1193,1175,-1,1175,1193,1174,-1,1175,1172,1199,-1,1199,1172,1176,-1,1199,1176,1198,-1,1198,1176,1178,-1,1198,1178,1197,-1,1197,1178,1180,-1,1197,1180,1196,-1,1196,1180,1182,-1,1196,1182,1195,-1,1195,1182,1184,-1,1195,1184,1194,-1,1194,1184,1186,-1,1145,1186,1146,-1,1146,1186,1187,-1,1146,1187,1148,-1,1148,1187,1188,-1,1148,1188,1147,-1,1147,1188,1194,-1,1194,1186,1147,-1,1147,1186,1145,-1,1165,1157,1200,-1,1200,1157,1158,-1,1155,1156,1200,-1,1200,1156,1165,-1,1201,1202,1203,-1,1203,1202,1152,-1,1203,1152,1150,-1,1203,1150,1204,-1,1204,1150,1149,-1,1205,1206,1151,-1,1151,1206,1204,-1,1151,1204,1149,-1,1202,1201,1205,-1,1205,1201,1206,-1,1207,1208,1209,-1,1209,1208,1210,-1,1209,1210,1211,-1,1211,1210,1212,-1,1211,1212,1213,-1,1213,1212,1214,-1,1213,1214,1215,-1,1215,1214,1216,-1,1215,1216,1217,-1,1217,1216,1218,-1,1217,1218,1219,-1,1219,1218,1220,-1,1219,1220,1221,-1,1221,1220,1222,-1,1221,1222,1223,-1,1223,1222,1224,-1,1223,1224,1225,-1,1225,1224,1226,-1,1225,1226,1203,-1,1203,1226,1201,-1,1203,1204,1225,-1,1225,1204,1227,-1,1225,1227,1223,-1,1223,1227,1228,-1,1223,1228,1221,-1,1221,1228,1229,-1,1221,1229,1219,-1,1219,1229,1230,-1,1219,1230,1217,-1,1217,1230,1231,-1,1217,1231,1215,-1,1215,1231,1232,-1,1215,1232,1213,-1,1213,1232,1233,-1,1213,1233,1211,-1,1211,1233,1234,-1,1211,1234,1209,-1,1209,1234,1235,-1,1209,1235,1207,-1,1207,1235,1236,-1,1204,1206,1227,-1,1227,1206,1237,-1,1227,1237,1228,-1,1228,1237,1238,-1,1228,1238,1229,-1,1229,1238,1239,-1,1229,1239,1230,-1,1230,1239,1240,-1,1230,1240,1231,-1,1231,1240,1241,-1,1231,1241,1232,-1,1232,1241,1242,-1,1232,1242,1233,-1,1233,1242,1243,-1,1233,1243,1234,-1,1234,1243,1244,-1,1234,1244,1235,-1,1235,1244,1245,-1,1235,1245,1236,-1,1236,1245,1246,-1,1208,1246,1245,-1,1208,1245,1210,-1,1210,1245,1244,-1,1210,1244,1212,-1,1212,1244,1243,-1,1212,1243,1214,-1,1214,1243,1242,-1,1214,1242,1216,-1,1216,1242,1241,-1,1216,1241,1218,-1,1218,1241,1240,-1,1218,1240,1220,-1,1220,1240,1239,-1,1220,1239,1222,-1,1222,1239,1238,-1,1222,1238,1224,-1,1224,1238,1237,-1,1224,1237,1226,-1,1226,1237,1206,-1,1226,1206,1201,-1,1247,1208,1248,-1,1248,1208,1207,-1,1248,1207,1249,-1,1249,1207,1236,-1,1249,1236,1250,-1,1250,1236,1246,-1,1246,1208,1250,-1,1250,1208,1247,-1,1248,1249,1251,-1,1251,1249,1252,-1,1251,1252,1253,-1,1253,1252,1254,-1,1253,1254,1155,-1,1155,1254,1153,-1,1255,1247,1248,-1,1248,1251,1255,-1,1255,1251,1253,-1,1255,1253,1256,-1,1256,1253,1155,-1,1256,1155,1257,-1,1257,1155,1200,-1,1258,1256,1259,-1,1259,1256,1257,-1,1259,1257,1158,-1,1158,1257,1200,-1,1258,1260,1256,-1,1256,1260,1261,-1,1256,1261,1255,-1,1250,1247,1262,-1,1262,1247,1255,-1,1262,1255,1263,-1,1263,1255,1261,-1,1252,1249,1250,-1,1259,1158,1153,-1,1254,1260,1153,-1,1153,1260,1258,-1,1153,1258,1259,-1,1250,1262,1252,-1,1252,1262,1263,-1,1252,1263,1254,-1,1254,1263,1261,-1,1254,1261,1260,-1,1264,1265,1266,-1,1266,1265,1267,-1,1268,1269,1270,-1,1270,1269,1271,-1,1272,1273,1274,-1,1274,1273,1275,-1,1276,1273,1277,-1,1277,1273,1272,-1,1278,1279,1280,-1,1280,1279,1281,-1,1280,1281,1282,-1,1282,1281,1283,-1,1282,1283,1275,-1,1275,1283,1284,-1,1275,1273,1282,-1,1282,1273,1285,-1,1282,1285,1280,-1,1280,1285,1286,-1,1280,1286,1278,-1,1278,1286,1287,-1,1273,1276,1285,-1,1285,1276,1288,-1,1285,1288,1286,-1,1286,1288,1289,-1,1286,1289,1287,-1,1287,1289,1290,-1,1279,1290,1289,-1,1279,1289,1281,-1,1281,1289,1288,-1,1281,1288,1283,-1,1283,1288,1276,-1,1283,1276,1284,-1,1291,1279,1292,-1,1292,1279,1278,-1,1292,1278,1293,-1,1293,1278,1287,-1,1293,1287,1294,-1,1294,1287,1290,-1,1290,1279,1294,-1,1294,1279,1291,-1,1291,1292,1295,-1,1295,1292,1296,-1,1295,1296,1297,-1,1297,1296,1298,-1,1297,1298,1299,-1,1299,1298,1300,-1,1299,1300,1301,-1,1301,1300,1302,-1,1301,1302,1303,-1,1303,1302,1304,-1,1303,1304,1305,-1,1305,1304,1306,-1,1307,1306,1304,-1,1307,1304,1308,-1,1308,1304,1302,-1,1308,1302,1309,-1,1309,1302,1300,-1,1309,1300,1310,-1,1310,1300,1298,-1,1310,1298,1311,-1,1311,1298,1296,-1,1311,1296,1312,-1,1312,1296,1292,-1,1312,1292,1293,-1,1313,1307,1314,-1,1314,1307,1308,-1,1314,1308,1315,-1,1315,1308,1309,-1,1315,1309,1316,-1,1316,1309,1310,-1,1316,1310,1317,-1,1317,1310,1311,-1,1317,1311,1318,-1,1318,1311,1312,-1,1318,1312,1294,-1,1294,1312,1293,-1,1294,1291,1318,-1,1318,1291,1295,-1,1318,1295,1317,-1,1317,1295,1297,-1,1317,1297,1316,-1,1316,1297,1299,-1,1316,1299,1315,-1,1315,1299,1301,-1,1315,1301,1314,-1,1314,1301,1303,-1,1314,1303,1313,-1,1313,1303,1305,-1,1264,1305,1265,-1,1265,1305,1306,-1,1265,1306,1267,-1,1267,1306,1307,-1,1267,1307,1266,-1,1266,1307,1313,-1,1313,1305,1266,-1,1266,1305,1264,-1,1284,1276,1319,-1,1319,1276,1277,-1,1274,1275,1319,-1,1319,1275,1284,-1,1320,1321,1322,-1,1322,1321,1271,-1,1322,1271,1269,-1,1322,1269,1323,-1,1323,1269,1268,-1,1324,1325,1270,-1,1270,1325,1323,-1,1270,1323,1268,-1,1321,1320,1324,-1,1324,1320,1325,-1,1326,1327,1328,-1,1328,1327,1329,-1,1328,1329,1330,-1,1330,1329,1331,-1,1330,1331,1332,-1,1332,1331,1333,-1,1332,1333,1334,-1,1334,1333,1335,-1,1334,1335,1336,-1,1336,1335,1337,-1,1336,1337,1338,-1,1338,1337,1339,-1,1338,1339,1340,-1,1340,1339,1341,-1,1340,1341,1342,-1,1342,1341,1343,-1,1342,1343,1344,-1,1344,1343,1345,-1,1344,1345,1322,-1,1322,1345,1320,-1,1322,1323,1344,-1,1344,1323,1346,-1,1344,1346,1342,-1,1342,1346,1347,-1,1342,1347,1340,-1,1340,1347,1348,-1,1340,1348,1338,-1,1338,1348,1349,-1,1338,1349,1336,-1,1336,1349,1350,-1,1336,1350,1334,-1,1334,1350,1351,-1,1334,1351,1332,-1,1332,1351,1352,-1,1332,1352,1330,-1,1330,1352,1353,-1,1330,1353,1328,-1,1328,1353,1354,-1,1328,1354,1326,-1,1326,1354,1355,-1,1323,1325,1346,-1,1346,1325,1356,-1,1346,1356,1347,-1,1347,1356,1357,-1,1347,1357,1348,-1,1348,1357,1358,-1,1348,1358,1349,-1,1349,1358,1359,-1,1349,1359,1350,-1,1350,1359,1360,-1,1350,1360,1351,-1,1351,1360,1361,-1,1351,1361,1352,-1,1352,1361,1362,-1,1352,1362,1353,-1,1353,1362,1363,-1,1353,1363,1354,-1,1354,1363,1364,-1,1354,1364,1355,-1,1355,1364,1365,-1,1327,1365,1364,-1,1327,1364,1329,-1,1329,1364,1363,-1,1329,1363,1331,-1,1331,1363,1362,-1,1331,1362,1333,-1,1333,1362,1361,-1,1333,1361,1335,-1,1335,1361,1360,-1,1335,1360,1337,-1,1337,1360,1359,-1,1337,1359,1339,-1,1339,1359,1358,-1,1339,1358,1341,-1,1341,1358,1357,-1,1341,1357,1343,-1,1343,1357,1356,-1,1343,1356,1345,-1,1345,1356,1325,-1,1345,1325,1320,-1,1366,1327,1367,-1,1367,1327,1326,-1,1367,1326,1368,-1,1368,1326,1355,-1,1368,1355,1369,-1,1369,1355,1365,-1,1365,1327,1369,-1,1369,1327,1366,-1,1367,1368,1370,-1,1370,1368,1371,-1,1370,1371,1372,-1,1372,1371,1373,-1,1372,1373,1274,-1,1274,1373,1272,-1,1374,1366,1367,-1,1367,1370,1374,-1,1374,1370,1372,-1,1374,1372,1375,-1,1375,1372,1274,-1,1375,1274,1376,-1,1376,1274,1319,-1,1377,1375,1378,-1,1378,1375,1376,-1,1378,1376,1277,-1,1277,1376,1319,-1,1377,1379,1375,-1,1375,1379,1380,-1,1375,1380,1374,-1,1369,1366,1381,-1,1381,1366,1374,-1,1381,1374,1382,-1,1382,1374,1380,-1,1371,1368,1369,-1,1378,1277,1272,-1,1373,1379,1272,-1,1272,1379,1377,-1,1272,1377,1378,-1,1369,1381,1371,-1,1371,1381,1382,-1,1371,1382,1373,-1,1373,1382,1380,-1,1373,1380,1379,-1,1383,1384,1385,-1,1385,1384,1386,-1,1387,1388,1389,-1,1389,1388,1390,-1,1391,1392,1393,-1,1393,1392,1394,-1,1395,1392,1396,-1,1396,1392,1391,-1,1397,1398,1399,-1,1399,1398,1400,-1,1399,1400,1401,-1,1401,1400,1402,-1,1401,1402,1394,-1,1394,1402,1403,-1,1394,1392,1401,-1,1401,1392,1404,-1,1401,1404,1399,-1,1399,1404,1405,-1,1399,1405,1397,-1,1397,1405,1406,-1,1392,1395,1404,-1,1404,1395,1407,-1,1404,1407,1405,-1,1405,1407,1408,-1,1405,1408,1406,-1,1406,1408,1409,-1,1398,1409,1408,-1,1398,1408,1400,-1,1400,1408,1407,-1,1400,1407,1402,-1,1402,1407,1395,-1,1402,1395,1403,-1,1410,1398,1411,-1,1411,1398,1397,-1,1411,1397,1412,-1,1412,1397,1406,-1,1412,1406,1413,-1,1413,1406,1409,-1,1409,1398,1413,-1,1413,1398,1410,-1,1410,1411,1414,-1,1414,1411,1415,-1,1414,1415,1416,-1,1416,1415,1417,-1,1416,1417,1418,-1,1418,1417,1419,-1,1418,1419,1420,-1,1420,1419,1421,-1,1420,1421,1422,-1,1422,1421,1423,-1,1422,1423,1424,-1,1424,1423,1425,-1,1426,1425,1423,-1,1426,1423,1427,-1,1427,1423,1421,-1,1427,1421,1428,-1,1428,1421,1419,-1,1428,1419,1429,-1,1429,1419,1417,-1,1429,1417,1430,-1,1430,1417,1415,-1,1430,1415,1431,-1,1431,1415,1411,-1,1431,1411,1412,-1,1432,1426,1433,-1,1433,1426,1427,-1,1433,1427,1434,-1,1434,1427,1428,-1,1434,1428,1435,-1,1435,1428,1429,-1,1435,1429,1436,-1,1436,1429,1430,-1,1436,1430,1437,-1,1437,1430,1431,-1,1437,1431,1413,-1,1413,1431,1412,-1,1413,1410,1437,-1,1437,1410,1414,-1,1437,1414,1436,-1,1436,1414,1416,-1,1436,1416,1435,-1,1435,1416,1418,-1,1435,1418,1434,-1,1434,1418,1420,-1,1434,1420,1433,-1,1433,1420,1422,-1,1433,1422,1432,-1,1432,1422,1424,-1,1383,1424,1384,-1,1384,1424,1425,-1,1384,1425,1386,-1,1386,1425,1426,-1,1386,1426,1385,-1,1385,1426,1432,-1,1432,1424,1385,-1,1385,1424,1383,-1,1403,1395,1438,-1,1438,1395,1396,-1,1393,1394,1438,-1,1438,1394,1403,-1,1439,1440,1441,-1,1441,1440,1390,-1,1441,1390,1388,-1,1441,1388,1442,-1,1442,1388,1387,-1,1443,1444,1389,-1,1389,1444,1442,-1,1389,1442,1387,-1,1440,1439,1443,-1,1443,1439,1444,-1,1445,1446,1447,-1,1447,1446,1448,-1,1447,1448,1449,-1,1449,1448,1450,-1,1449,1450,1451,-1,1451,1450,1452,-1,1451,1452,1453,-1,1453,1452,1454,-1,1453,1454,1455,-1,1455,1454,1456,-1,1455,1456,1457,-1,1457,1456,1458,-1,1457,1458,1459,-1,1459,1458,1460,-1,1459,1460,1461,-1,1461,1460,1462,-1,1461,1462,1463,-1,1463,1462,1464,-1,1463,1464,1441,-1,1441,1464,1439,-1,1441,1442,1463,-1,1463,1442,1465,-1,1463,1465,1461,-1,1461,1465,1466,-1,1461,1466,1459,-1,1459,1466,1467,-1,1459,1467,1457,-1,1457,1467,1468,-1,1457,1468,1455,-1,1455,1468,1469,-1,1455,1469,1453,-1,1453,1469,1470,-1,1453,1470,1451,-1,1451,1470,1471,-1,1451,1471,1449,-1,1449,1471,1472,-1,1449,1472,1447,-1,1447,1472,1473,-1,1447,1473,1445,-1,1445,1473,1474,-1,1442,1444,1465,-1,1465,1444,1475,-1,1465,1475,1466,-1,1466,1475,1476,-1,1466,1476,1467,-1,1467,1476,1477,-1,1467,1477,1468,-1,1468,1477,1478,-1,1468,1478,1469,-1,1469,1478,1479,-1,1469,1479,1470,-1,1470,1479,1480,-1,1470,1480,1471,-1,1471,1480,1481,-1,1471,1481,1472,-1,1472,1481,1482,-1,1472,1482,1473,-1,1473,1482,1483,-1,1473,1483,1474,-1,1474,1483,1484,-1,1446,1484,1483,-1,1446,1483,1448,-1,1448,1483,1482,-1,1448,1482,1450,-1,1450,1482,1481,-1,1450,1481,1452,-1,1452,1481,1480,-1,1452,1480,1454,-1,1454,1480,1479,-1,1454,1479,1456,-1,1456,1479,1478,-1,1456,1478,1458,-1,1458,1478,1477,-1,1458,1477,1460,-1,1460,1477,1476,-1,1460,1476,1462,-1,1462,1476,1475,-1,1462,1475,1464,-1,1464,1475,1444,-1,1464,1444,1439,-1,1485,1446,1486,-1,1486,1446,1445,-1,1486,1445,1487,-1,1487,1445,1474,-1,1487,1474,1488,-1,1488,1474,1484,-1,1484,1446,1488,-1,1488,1446,1485,-1,1486,1487,1489,-1,1489,1487,1490,-1,1489,1490,1491,-1,1491,1490,1492,-1,1491,1492,1393,-1,1393,1492,1391,-1,1493,1485,1486,-1,1486,1489,1493,-1,1493,1489,1491,-1,1493,1491,1494,-1,1494,1491,1393,-1,1494,1393,1495,-1,1495,1393,1438,-1,1438,1396,1495,-1,1495,1396,1496,-1,1495,1496,1494,-1,1494,1496,1497,-1,1497,1498,1494,-1,1494,1498,1499,-1,1494,1499,1493,-1,1488,1485,1500,-1,1500,1485,1493,-1,1500,1493,1501,-1,1501,1493,1499,-1,1490,1487,1488,-1,1496,1396,1391,-1,1492,1498,1391,-1,1391,1498,1497,-1,1391,1497,1496,-1,1488,1500,1490,-1,1490,1500,1501,-1,1490,1501,1492,-1,1492,1501,1499,-1,1492,1499,1498,-1,1502,1503,1504,-1,1504,1503,1505,-1,1506,1507,1508,-1,1508,1507,1509,-1,1510,1511,1512,-1,1512,1511,1513,-1,1514,1511,1515,-1,1515,1511,1510,-1,1516,1517,1518,-1,1518,1517,1519,-1,1518,1519,1520,-1,1520,1519,1521,-1,1520,1521,1513,-1,1513,1521,1522,-1,1513,1511,1520,-1,1520,1511,1523,-1,1520,1523,1518,-1,1518,1523,1524,-1,1518,1524,1516,-1,1516,1524,1525,-1,1511,1514,1523,-1,1523,1514,1526,-1,1523,1526,1524,-1,1524,1526,1527,-1,1524,1527,1525,-1,1525,1527,1528,-1,1517,1528,1527,-1,1517,1527,1519,-1,1519,1527,1526,-1,1519,1526,1521,-1,1521,1526,1514,-1,1521,1514,1522,-1,1529,1517,1530,-1,1530,1517,1516,-1,1530,1516,1531,-1,1531,1516,1525,-1,1531,1525,1532,-1,1532,1525,1528,-1,1528,1517,1532,-1,1532,1517,1529,-1,1529,1530,1533,-1,1533,1530,1534,-1,1533,1534,1535,-1,1535,1534,1536,-1,1535,1536,1537,-1,1537,1536,1538,-1,1537,1538,1539,-1,1539,1538,1540,-1,1539,1540,1541,-1,1541,1540,1542,-1,1541,1542,1543,-1,1543,1542,1544,-1,1545,1544,1542,-1,1545,1542,1546,-1,1546,1542,1540,-1,1546,1540,1547,-1,1547,1540,1538,-1,1547,1538,1548,-1,1548,1538,1536,-1,1548,1536,1549,-1,1549,1536,1534,-1,1549,1534,1550,-1,1550,1534,1530,-1,1550,1530,1531,-1,1551,1545,1552,-1,1552,1545,1546,-1,1552,1546,1553,-1,1553,1546,1547,-1,1553,1547,1554,-1,1554,1547,1548,-1,1554,1548,1555,-1,1555,1548,1549,-1,1555,1549,1556,-1,1556,1549,1550,-1,1556,1550,1532,-1,1532,1550,1531,-1,1532,1529,1556,-1,1556,1529,1533,-1,1556,1533,1555,-1,1555,1533,1535,-1,1555,1535,1554,-1,1554,1535,1537,-1,1554,1537,1553,-1,1553,1537,1539,-1,1553,1539,1552,-1,1552,1539,1541,-1,1552,1541,1551,-1,1551,1541,1543,-1,1502,1543,1503,-1,1503,1543,1544,-1,1503,1544,1505,-1,1505,1544,1545,-1,1505,1545,1504,-1,1504,1545,1551,-1,1551,1543,1504,-1,1504,1543,1502,-1,1522,1514,1557,-1,1557,1514,1515,-1,1512,1513,1557,-1,1557,1513,1522,-1,1558,1559,1560,-1,1560,1559,1509,-1,1560,1509,1507,-1,1560,1507,1561,-1,1561,1507,1506,-1,1562,1563,1508,-1,1508,1563,1561,-1,1508,1561,1506,-1,1559,1558,1562,-1,1562,1558,1563,-1,1564,1565,1566,-1,1566,1565,1567,-1,1566,1567,1568,-1,1568,1567,1569,-1,1568,1569,1570,-1,1570,1569,1571,-1,1570,1571,1572,-1,1572,1571,1573,-1,1572,1573,1574,-1,1574,1573,1575,-1,1574,1575,1576,-1,1576,1575,1577,-1,1576,1577,1578,-1,1578,1577,1579,-1,1578,1579,1580,-1,1580,1579,1581,-1,1580,1581,1582,-1,1582,1581,1583,-1,1582,1583,1560,-1,1560,1583,1558,-1,1560,1561,1582,-1,1582,1561,1584,-1,1582,1584,1580,-1,1580,1584,1585,-1,1580,1585,1578,-1,1578,1585,1586,-1,1578,1586,1576,-1,1576,1586,1587,-1,1576,1587,1574,-1,1574,1587,1588,-1,1574,1588,1572,-1,1572,1588,1589,-1,1572,1589,1570,-1,1570,1589,1590,-1,1570,1590,1568,-1,1568,1590,1591,-1,1568,1591,1566,-1,1566,1591,1592,-1,1566,1592,1564,-1,1564,1592,1593,-1,1561,1563,1584,-1,1584,1563,1594,-1,1584,1594,1585,-1,1585,1594,1595,-1,1585,1595,1586,-1,1586,1595,1596,-1,1586,1596,1587,-1,1587,1596,1597,-1,1587,1597,1588,-1,1588,1597,1598,-1,1588,1598,1589,-1,1589,1598,1599,-1,1589,1599,1590,-1,1590,1599,1600,-1,1590,1600,1591,-1,1591,1600,1601,-1,1591,1601,1592,-1,1592,1601,1602,-1,1592,1602,1593,-1,1593,1602,1603,-1,1565,1603,1602,-1,1565,1602,1567,-1,1567,1602,1601,-1,1567,1601,1569,-1,1569,1601,1600,-1,1569,1600,1571,-1,1571,1600,1599,-1,1571,1599,1573,-1,1573,1599,1598,-1,1573,1598,1575,-1,1575,1598,1597,-1,1575,1597,1577,-1,1577,1597,1596,-1,1577,1596,1579,-1,1579,1596,1595,-1,1579,1595,1581,-1,1581,1595,1594,-1,1581,1594,1583,-1,1583,1594,1563,-1,1583,1563,1558,-1,1604,1565,1605,-1,1605,1565,1564,-1,1605,1564,1606,-1,1606,1564,1593,-1,1606,1593,1607,-1,1607,1593,1603,-1,1603,1565,1607,-1,1607,1565,1604,-1,1605,1606,1608,-1,1608,1606,1609,-1,1608,1609,1610,-1,1610,1609,1611,-1,1610,1611,1512,-1,1512,1611,1510,-1,1612,1604,1605,-1,1605,1608,1612,-1,1612,1608,1610,-1,1612,1610,1613,-1,1613,1610,1512,-1,1613,1512,1614,-1,1614,1512,1557,-1,1615,1613,1616,-1,1616,1613,1614,-1,1616,1614,1515,-1,1515,1614,1557,-1,1615,1617,1613,-1,1613,1617,1618,-1,1613,1618,1612,-1,1607,1604,1619,-1,1619,1604,1612,-1,1619,1612,1620,-1,1620,1612,1618,-1,1609,1606,1607,-1,1616,1515,1510,-1,1611,1617,1510,-1,1510,1617,1615,-1,1510,1615,1616,-1,1607,1619,1609,-1,1609,1619,1620,-1,1609,1620,1611,-1,1611,1620,1618,-1,1611,1618,1617,-1,1621,1622,1623,-1,1623,1622,1624,-1,1625,1626,1627,-1,1627,1626,1628,-1,1629,1630,1631,-1,1631,1630,1632,-1,1633,1630,1634,-1,1634,1630,1629,-1,1635,1636,1637,-1,1637,1636,1638,-1,1637,1638,1639,-1,1639,1638,1640,-1,1639,1640,1632,-1,1632,1640,1641,-1,1632,1630,1639,-1,1639,1630,1642,-1,1639,1642,1637,-1,1637,1642,1643,-1,1637,1643,1635,-1,1635,1643,1644,-1,1630,1633,1642,-1,1642,1633,1645,-1,1642,1645,1643,-1,1643,1645,1646,-1,1643,1646,1644,-1,1644,1646,1647,-1,1636,1647,1646,-1,1636,1646,1638,-1,1638,1646,1645,-1,1638,1645,1640,-1,1640,1645,1633,-1,1640,1633,1641,-1,1648,1636,1649,-1,1649,1636,1635,-1,1649,1635,1650,-1,1650,1635,1644,-1,1650,1644,1651,-1,1651,1644,1647,-1,1647,1636,1651,-1,1651,1636,1648,-1,1648,1649,1652,-1,1652,1649,1653,-1,1652,1653,1654,-1,1654,1653,1655,-1,1654,1655,1656,-1,1656,1655,1657,-1,1656,1657,1658,-1,1658,1657,1659,-1,1658,1659,1660,-1,1660,1659,1661,-1,1660,1661,1662,-1,1662,1661,1663,-1,1664,1663,1661,-1,1664,1661,1665,-1,1665,1661,1659,-1,1665,1659,1666,-1,1666,1659,1657,-1,1666,1657,1667,-1,1667,1657,1655,-1,1667,1655,1668,-1,1668,1655,1653,-1,1668,1653,1669,-1,1669,1653,1649,-1,1669,1649,1650,-1,1670,1664,1671,-1,1671,1664,1665,-1,1671,1665,1672,-1,1672,1665,1666,-1,1672,1666,1673,-1,1673,1666,1667,-1,1673,1667,1674,-1,1674,1667,1668,-1,1674,1668,1675,-1,1675,1668,1669,-1,1675,1669,1651,-1,1651,1669,1650,-1,1651,1648,1675,-1,1675,1648,1652,-1,1675,1652,1674,-1,1674,1652,1654,-1,1674,1654,1673,-1,1673,1654,1656,-1,1673,1656,1672,-1,1672,1656,1658,-1,1672,1658,1671,-1,1671,1658,1660,-1,1671,1660,1670,-1,1670,1660,1662,-1,1621,1662,1622,-1,1622,1662,1663,-1,1622,1663,1624,-1,1624,1663,1664,-1,1624,1664,1623,-1,1623,1664,1670,-1,1670,1662,1623,-1,1623,1662,1621,-1,1641,1633,1676,-1,1676,1633,1634,-1,1631,1632,1676,-1,1676,1632,1641,-1,1677,1678,1679,-1,1679,1678,1628,-1,1679,1628,1626,-1,1679,1626,1680,-1,1680,1626,1625,-1,1681,1682,1627,-1,1627,1682,1680,-1,1627,1680,1625,-1,1678,1677,1681,-1,1681,1677,1682,-1,1683,1684,1685,-1,1685,1684,1686,-1,1685,1686,1687,-1,1687,1686,1688,-1,1687,1688,1689,-1,1689,1688,1690,-1,1689,1690,1691,-1,1691,1690,1692,-1,1691,1692,1693,-1,1693,1692,1694,-1,1693,1694,1695,-1,1695,1694,1696,-1,1695,1696,1697,-1,1697,1696,1698,-1,1697,1698,1699,-1,1699,1698,1700,-1,1699,1700,1701,-1,1701,1700,1702,-1,1701,1702,1679,-1,1679,1702,1677,-1,1679,1680,1701,-1,1701,1680,1703,-1,1701,1703,1699,-1,1699,1703,1704,-1,1699,1704,1697,-1,1697,1704,1705,-1,1697,1705,1695,-1,1695,1705,1706,-1,1695,1706,1693,-1,1693,1706,1707,-1,1693,1707,1691,-1,1691,1707,1708,-1,1691,1708,1689,-1,1689,1708,1709,-1,1689,1709,1687,-1,1687,1709,1710,-1,1687,1710,1685,-1,1685,1710,1711,-1,1685,1711,1683,-1,1683,1711,1712,-1,1680,1682,1703,-1,1703,1682,1713,-1,1703,1713,1704,-1,1704,1713,1714,-1,1704,1714,1705,-1,1705,1714,1715,-1,1705,1715,1706,-1,1706,1715,1716,-1,1706,1716,1707,-1,1707,1716,1717,-1,1707,1717,1708,-1,1708,1717,1718,-1,1708,1718,1709,-1,1709,1718,1719,-1,1709,1719,1710,-1,1710,1719,1720,-1,1710,1720,1711,-1,1711,1720,1721,-1,1711,1721,1712,-1,1712,1721,1722,-1,1684,1722,1721,-1,1684,1721,1686,-1,1686,1721,1720,-1,1686,1720,1688,-1,1688,1720,1719,-1,1688,1719,1690,-1,1690,1719,1718,-1,1690,1718,1692,-1,1692,1718,1717,-1,1692,1717,1694,-1,1694,1717,1716,-1,1694,1716,1696,-1,1696,1716,1715,-1,1696,1715,1698,-1,1698,1715,1714,-1,1698,1714,1700,-1,1700,1714,1713,-1,1700,1713,1702,-1,1702,1713,1682,-1,1702,1682,1677,-1,1723,1684,1724,-1,1724,1684,1683,-1,1724,1683,1725,-1,1725,1683,1712,-1,1725,1712,1726,-1,1726,1712,1722,-1,1722,1684,1726,-1,1726,1684,1723,-1,1724,1725,1727,-1,1727,1725,1728,-1,1727,1728,1729,-1,1729,1728,1730,-1,1729,1730,1631,-1,1631,1730,1629,-1,1731,1723,1724,-1,1724,1727,1731,-1,1731,1727,1729,-1,1731,1729,1732,-1,1732,1729,1631,-1,1732,1631,1733,-1,1733,1631,1676,-1,1734,1732,1735,-1,1735,1732,1733,-1,1735,1733,1634,-1,1634,1733,1676,-1,1734,1736,1732,-1,1732,1736,1737,-1,1732,1737,1731,-1,1726,1723,1738,-1,1738,1723,1731,-1,1738,1731,1739,-1,1739,1731,1737,-1,1728,1725,1726,-1,1735,1634,1629,-1,1730,1736,1629,-1,1629,1736,1734,-1,1629,1734,1735,-1,1726,1738,1728,-1,1728,1738,1739,-1,1728,1739,1730,-1,1730,1739,1737,-1,1730,1737,1736,-1,1740,1741,1742,-1,1742,1741,1743,-1,1744,1745,1746,-1,1746,1745,1747,-1,1748,1749,1750,-1,1750,1749,1751,-1,1752,1749,1753,-1,1753,1749,1748,-1,1754,1755,1756,-1,1756,1755,1757,-1,1756,1757,1758,-1,1758,1757,1759,-1,1758,1759,1751,-1,1751,1759,1760,-1,1751,1749,1758,-1,1758,1749,1761,-1,1758,1761,1756,-1,1756,1761,1762,-1,1756,1762,1754,-1,1754,1762,1763,-1,1749,1752,1761,-1,1761,1752,1764,-1,1761,1764,1762,-1,1762,1764,1765,-1,1762,1765,1763,-1,1763,1765,1766,-1,1755,1766,1765,-1,1755,1765,1757,-1,1757,1765,1764,-1,1757,1764,1759,-1,1759,1764,1752,-1,1759,1752,1760,-1,1767,1755,1768,-1,1768,1755,1754,-1,1768,1754,1769,-1,1769,1754,1763,-1,1769,1763,1770,-1,1770,1763,1766,-1,1766,1755,1770,-1,1770,1755,1767,-1,1767,1768,1771,-1,1771,1768,1772,-1,1771,1772,1773,-1,1773,1772,1774,-1,1773,1774,1775,-1,1775,1774,1776,-1,1775,1776,1777,-1,1777,1776,1778,-1,1777,1778,1779,-1,1779,1778,1780,-1,1779,1780,1781,-1,1781,1780,1782,-1,1783,1782,1780,-1,1783,1780,1784,-1,1784,1780,1778,-1,1784,1778,1785,-1,1785,1778,1776,-1,1785,1776,1786,-1,1786,1776,1774,-1,1786,1774,1787,-1,1787,1774,1772,-1,1787,1772,1788,-1,1788,1772,1768,-1,1788,1768,1769,-1,1789,1783,1790,-1,1790,1783,1784,-1,1790,1784,1791,-1,1791,1784,1785,-1,1791,1785,1792,-1,1792,1785,1786,-1,1792,1786,1793,-1,1793,1786,1787,-1,1793,1787,1794,-1,1794,1787,1788,-1,1794,1788,1770,-1,1770,1788,1769,-1,1770,1767,1794,-1,1794,1767,1771,-1,1794,1771,1793,-1,1793,1771,1773,-1,1793,1773,1792,-1,1792,1773,1775,-1,1792,1775,1791,-1,1791,1775,1777,-1,1791,1777,1790,-1,1790,1777,1779,-1,1790,1779,1789,-1,1789,1779,1781,-1,1740,1781,1741,-1,1741,1781,1782,-1,1741,1782,1743,-1,1743,1782,1783,-1,1743,1783,1742,-1,1742,1783,1789,-1,1789,1781,1742,-1,1742,1781,1740,-1,1760,1752,1795,-1,1795,1752,1753,-1,1750,1751,1795,-1,1795,1751,1760,-1,1796,1797,1798,-1,1798,1797,1747,-1,1798,1747,1745,-1,1798,1745,1799,-1,1799,1745,1744,-1,1800,1801,1746,-1,1746,1801,1799,-1,1746,1799,1744,-1,1797,1796,1800,-1,1800,1796,1801,-1,1802,1803,1804,-1,1804,1803,1805,-1,1804,1805,1806,-1,1806,1805,1807,-1,1806,1807,1808,-1,1808,1807,1809,-1,1808,1809,1810,-1,1810,1809,1811,-1,1810,1811,1812,-1,1812,1811,1813,-1,1812,1813,1814,-1,1814,1813,1815,-1,1814,1815,1816,-1,1816,1815,1817,-1,1816,1817,1818,-1,1818,1817,1819,-1,1818,1819,1820,-1,1820,1819,1821,-1,1820,1821,1798,-1,1798,1821,1796,-1,1798,1799,1820,-1,1820,1799,1822,-1,1820,1822,1818,-1,1818,1822,1823,-1,1818,1823,1816,-1,1816,1823,1824,-1,1816,1824,1814,-1,1814,1824,1825,-1,1814,1825,1812,-1,1812,1825,1826,-1,1812,1826,1810,-1,1810,1826,1827,-1,1810,1827,1808,-1,1808,1827,1828,-1,1808,1828,1806,-1,1806,1828,1829,-1,1806,1829,1804,-1,1804,1829,1830,-1,1804,1830,1802,-1,1802,1830,1831,-1,1799,1801,1822,-1,1822,1801,1832,-1,1822,1832,1823,-1,1823,1832,1833,-1,1823,1833,1824,-1,1824,1833,1834,-1,1824,1834,1825,-1,1825,1834,1835,-1,1825,1835,1826,-1,1826,1835,1836,-1,1826,1836,1827,-1,1827,1836,1837,-1,1827,1837,1828,-1,1828,1837,1838,-1,1828,1838,1829,-1,1829,1838,1839,-1,1829,1839,1830,-1,1830,1839,1840,-1,1830,1840,1831,-1,1831,1840,1841,-1,1803,1841,1840,-1,1803,1840,1805,-1,1805,1840,1839,-1,1805,1839,1807,-1,1807,1839,1838,-1,1807,1838,1809,-1,1809,1838,1837,-1,1809,1837,1811,-1,1811,1837,1836,-1,1811,1836,1813,-1,1813,1836,1835,-1,1813,1835,1815,-1,1815,1835,1834,-1,1815,1834,1817,-1,1817,1834,1833,-1,1817,1833,1819,-1,1819,1833,1832,-1,1819,1832,1821,-1,1821,1832,1801,-1,1821,1801,1796,-1,1842,1803,1843,-1,1843,1803,1802,-1,1843,1802,1844,-1,1844,1802,1831,-1,1844,1831,1845,-1,1845,1831,1841,-1,1841,1803,1845,-1,1845,1803,1842,-1,1843,1844,1846,-1,1846,1844,1847,-1,1846,1847,1848,-1,1848,1847,1849,-1,1848,1849,1750,-1,1750,1849,1748,-1,1850,1842,1843,-1,1843,1846,1850,-1,1850,1846,1848,-1,1850,1848,1851,-1,1851,1848,1750,-1,1851,1750,1852,-1,1852,1750,1795,-1,1853,1851,1854,-1,1854,1851,1852,-1,1854,1852,1753,-1,1753,1852,1795,-1,1853,1855,1851,-1,1851,1855,1856,-1,1851,1856,1850,-1,1845,1842,1857,-1,1857,1842,1850,-1,1857,1850,1858,-1,1858,1850,1856,-1,1847,1844,1845,-1,1854,1753,1748,-1,1849,1855,1748,-1,1748,1855,1853,-1,1748,1853,1854,-1,1845,1857,1847,-1,1847,1857,1858,-1,1847,1858,1849,-1,1849,1858,1856,-1,1849,1856,1855,-1,1859,1860,1861,-1,1861,1860,1862,-1,1863,1864,1865,-1,1865,1864,1866,-1,1867,1868,1869,-1,1869,1868,1870,-1,1871,1868,1872,-1,1872,1868,1867,-1,1873,1874,1875,-1,1875,1874,1876,-1,1875,1876,1877,-1,1877,1876,1878,-1,1877,1878,1870,-1,1870,1878,1879,-1,1870,1868,1877,-1,1877,1868,1880,-1,1877,1880,1875,-1,1875,1880,1881,-1,1875,1881,1873,-1,1873,1881,1882,-1,1868,1871,1880,-1,1880,1871,1883,-1,1880,1883,1881,-1,1881,1883,1884,-1,1881,1884,1882,-1,1882,1884,1885,-1,1874,1885,1884,-1,1874,1884,1876,-1,1876,1884,1883,-1,1876,1883,1878,-1,1878,1883,1871,-1,1878,1871,1879,-1,1886,1874,1887,-1,1887,1874,1873,-1,1887,1873,1888,-1,1888,1873,1882,-1,1888,1882,1889,-1,1889,1882,1885,-1,1885,1874,1889,-1,1889,1874,1886,-1,1886,1887,1890,-1,1890,1887,1891,-1,1890,1891,1892,-1,1892,1891,1893,-1,1892,1893,1894,-1,1894,1893,1895,-1,1894,1895,1896,-1,1896,1895,1897,-1,1896,1897,1898,-1,1898,1897,1899,-1,1898,1899,1900,-1,1900,1899,1901,-1,1902,1901,1899,-1,1902,1899,1903,-1,1903,1899,1897,-1,1903,1897,1904,-1,1904,1897,1895,-1,1904,1895,1905,-1,1905,1895,1893,-1,1905,1893,1906,-1,1906,1893,1891,-1,1906,1891,1907,-1,1907,1891,1887,-1,1907,1887,1888,-1,1908,1902,1909,-1,1909,1902,1903,-1,1909,1903,1910,-1,1910,1903,1904,-1,1910,1904,1911,-1,1911,1904,1905,-1,1911,1905,1912,-1,1912,1905,1906,-1,1912,1906,1913,-1,1913,1906,1907,-1,1913,1907,1889,-1,1889,1907,1888,-1,1889,1886,1913,-1,1913,1886,1890,-1,1913,1890,1912,-1,1912,1890,1892,-1,1912,1892,1911,-1,1911,1892,1894,-1,1911,1894,1910,-1,1910,1894,1896,-1,1910,1896,1909,-1,1909,1896,1898,-1,1909,1898,1908,-1,1908,1898,1900,-1,1859,1900,1860,-1,1860,1900,1901,-1,1860,1901,1862,-1,1862,1901,1902,-1,1862,1902,1861,-1,1861,1902,1908,-1,1908,1900,1861,-1,1861,1900,1859,-1,1879,1871,1914,-1,1914,1871,1872,-1,1869,1870,1914,-1,1914,1870,1879,-1,1915,1916,1917,-1,1917,1916,1866,-1,1917,1866,1864,-1,1917,1864,1918,-1,1918,1864,1863,-1,1919,1920,1865,-1,1865,1920,1918,-1,1865,1918,1863,-1,1916,1915,1919,-1,1919,1915,1920,-1,1921,1922,1923,-1,1923,1922,1924,-1,1923,1924,1925,-1,1925,1924,1926,-1,1925,1926,1927,-1,1927,1926,1928,-1,1927,1928,1929,-1,1929,1928,1930,-1,1929,1930,1931,-1,1931,1930,1932,-1,1931,1932,1933,-1,1933,1932,1934,-1,1933,1934,1935,-1,1935,1934,1936,-1,1935,1936,1937,-1,1937,1936,1938,-1,1937,1938,1939,-1,1939,1938,1940,-1,1939,1940,1917,-1,1917,1940,1915,-1,1917,1918,1939,-1,1939,1918,1941,-1,1939,1941,1937,-1,1937,1941,1942,-1,1937,1942,1935,-1,1935,1942,1943,-1,1935,1943,1933,-1,1933,1943,1944,-1,1933,1944,1931,-1,1931,1944,1945,-1,1931,1945,1929,-1,1929,1945,1946,-1,1929,1946,1927,-1,1927,1946,1947,-1,1927,1947,1925,-1,1925,1947,1948,-1,1925,1948,1923,-1,1923,1948,1949,-1,1923,1949,1921,-1,1921,1949,1950,-1,1918,1920,1941,-1,1941,1920,1951,-1,1941,1951,1942,-1,1942,1951,1952,-1,1942,1952,1943,-1,1943,1952,1953,-1,1943,1953,1944,-1,1944,1953,1954,-1,1944,1954,1945,-1,1945,1954,1955,-1,1945,1955,1946,-1,1946,1955,1956,-1,1946,1956,1947,-1,1947,1956,1957,-1,1947,1957,1948,-1,1948,1957,1958,-1,1948,1958,1949,-1,1949,1958,1959,-1,1949,1959,1950,-1,1950,1959,1960,-1,1922,1960,1959,-1,1922,1959,1924,-1,1924,1959,1958,-1,1924,1958,1926,-1,1926,1958,1957,-1,1926,1957,1928,-1,1928,1957,1956,-1,1928,1956,1930,-1,1930,1956,1955,-1,1930,1955,1932,-1,1932,1955,1954,-1,1932,1954,1934,-1,1934,1954,1953,-1,1934,1953,1936,-1,1936,1953,1952,-1,1936,1952,1938,-1,1938,1952,1951,-1,1938,1951,1940,-1,1940,1951,1920,-1,1940,1920,1915,-1,1961,1922,1962,-1,1962,1922,1921,-1,1962,1921,1963,-1,1963,1921,1950,-1,1963,1950,1964,-1,1964,1950,1960,-1,1960,1922,1964,-1,1964,1922,1961,-1,1962,1963,1965,-1,1965,1963,1966,-1,1965,1966,1967,-1,1967,1966,1968,-1,1967,1968,1869,-1,1869,1968,1867,-1,1969,1961,1962,-1,1962,1965,1969,-1,1969,1965,1967,-1,1969,1967,1970,-1,1970,1967,1869,-1,1970,1869,1971,-1,1971,1869,1914,-1,1972,1970,1973,-1,1973,1970,1971,-1,1973,1971,1872,-1,1872,1971,1914,-1,1972,1974,1970,-1,1970,1974,1975,-1,1970,1975,1969,-1,1964,1961,1976,-1,1976,1961,1969,-1,1976,1969,1977,-1,1977,1969,1975,-1,1966,1963,1964,-1,1973,1872,1867,-1,1968,1974,1867,-1,1867,1974,1972,-1,1867,1972,1973,-1,1964,1976,1966,-1,1966,1976,1977,-1,1966,1977,1968,-1,1968,1977,1975,-1,1968,1975,1974,-1,1978,1979,1980,-1,1980,1979,1981,-1,1982,1983,1984,-1,1984,1983,1985,-1,1986,1987,1988,-1,1988,1987,1989,-1,1990,1987,1991,-1,1991,1987,1986,-1,1992,1993,1994,-1,1994,1993,1995,-1,1994,1995,1996,-1,1996,1995,1997,-1,1996,1997,1989,-1,1989,1997,1998,-1,1989,1987,1996,-1,1996,1987,1999,-1,1996,1999,1994,-1,1994,1999,2000,-1,1994,2000,1992,-1,1992,2000,2001,-1,1987,1990,1999,-1,1999,1990,2002,-1,1999,2002,2000,-1,2000,2002,2003,-1,2000,2003,2001,-1,2001,2003,2004,-1,1993,2004,2003,-1,1993,2003,1995,-1,1995,2003,2002,-1,1995,2002,1997,-1,1997,2002,1990,-1,1997,1990,1998,-1,2005,1993,2006,-1,2006,1993,1992,-1,2006,1992,2007,-1,2007,1992,2001,-1,2007,2001,2008,-1,2008,2001,2004,-1,2004,1993,2008,-1,2008,1993,2005,-1,2005,2006,2009,-1,2009,2006,2010,-1,2009,2010,2011,-1,2011,2010,2012,-1,2011,2012,2013,-1,2013,2012,2014,-1,2013,2014,2015,-1,2015,2014,2016,-1,2015,2016,2017,-1,2017,2016,2018,-1,2017,2018,2019,-1,2019,2018,2020,-1,2021,2020,2018,-1,2021,2018,2022,-1,2022,2018,2016,-1,2022,2016,2023,-1,2023,2016,2014,-1,2023,2014,2024,-1,2024,2014,2012,-1,2024,2012,2025,-1,2025,2012,2010,-1,2025,2010,2026,-1,2026,2010,2006,-1,2026,2006,2007,-1,2027,2021,2028,-1,2028,2021,2022,-1,2028,2022,2029,-1,2029,2022,2023,-1,2029,2023,2030,-1,2030,2023,2024,-1,2030,2024,2031,-1,2031,2024,2025,-1,2031,2025,2032,-1,2032,2025,2026,-1,2032,2026,2008,-1,2008,2026,2007,-1,2008,2005,2032,-1,2032,2005,2009,-1,2032,2009,2031,-1,2031,2009,2011,-1,2031,2011,2030,-1,2030,2011,2013,-1,2030,2013,2029,-1,2029,2013,2015,-1,2029,2015,2028,-1,2028,2015,2017,-1,2028,2017,2027,-1,2027,2017,2019,-1,1978,2019,1979,-1,1979,2019,2020,-1,1979,2020,1981,-1,1981,2020,2021,-1,1981,2021,1980,-1,1980,2021,2027,-1,2027,2019,1980,-1,1980,2019,1978,-1,1998,1990,2033,-1,2033,1990,1991,-1,1988,1989,2033,-1,2033,1989,1998,-1,2034,2035,2036,-1,2036,2035,1985,-1,2036,1985,1983,-1,2036,1983,2037,-1,2037,1983,1982,-1,2038,2039,1984,-1,1984,2039,2037,-1,1984,2037,1982,-1,2035,2034,2038,-1,2038,2034,2039,-1,2040,2041,2042,-1,2042,2041,2043,-1,2042,2043,2044,-1,2044,2043,2045,-1,2044,2045,2046,-1,2046,2045,2047,-1,2046,2047,2048,-1,2048,2047,2049,-1,2048,2049,2050,-1,2050,2049,2051,-1,2050,2051,2052,-1,2052,2051,2053,-1,2052,2053,2054,-1,2054,2053,2055,-1,2054,2055,2056,-1,2056,2055,2057,-1,2056,2057,2058,-1,2058,2057,2059,-1,2058,2059,2036,-1,2036,2059,2034,-1,2036,2037,2058,-1,2058,2037,2060,-1,2058,2060,2056,-1,2056,2060,2061,-1,2056,2061,2054,-1,2054,2061,2062,-1,2054,2062,2052,-1,2052,2062,2063,-1,2052,2063,2050,-1,2050,2063,2064,-1,2050,2064,2048,-1,2048,2064,2065,-1,2048,2065,2046,-1,2046,2065,2066,-1,2046,2066,2044,-1,2044,2066,2067,-1,2044,2067,2042,-1,2042,2067,2068,-1,2042,2068,2040,-1,2040,2068,2069,-1,2037,2039,2060,-1,2060,2039,2070,-1,2060,2070,2061,-1,2061,2070,2071,-1,2061,2071,2062,-1,2062,2071,2072,-1,2062,2072,2063,-1,2063,2072,2073,-1,2063,2073,2064,-1,2064,2073,2074,-1,2064,2074,2065,-1,2065,2074,2075,-1,2065,2075,2066,-1,2066,2075,2076,-1,2066,2076,2067,-1,2067,2076,2077,-1,2067,2077,2068,-1,2068,2077,2078,-1,2068,2078,2069,-1,2069,2078,2079,-1,2041,2079,2078,-1,2041,2078,2043,-1,2043,2078,2077,-1,2043,2077,2045,-1,2045,2077,2076,-1,2045,2076,2047,-1,2047,2076,2075,-1,2047,2075,2049,-1,2049,2075,2074,-1,2049,2074,2051,-1,2051,2074,2073,-1,2051,2073,2053,-1,2053,2073,2072,-1,2053,2072,2055,-1,2055,2072,2071,-1,2055,2071,2057,-1,2057,2071,2070,-1,2057,2070,2059,-1,2059,2070,2039,-1,2059,2039,2034,-1,2080,2041,2081,-1,2081,2041,2040,-1,2081,2040,2082,-1,2082,2040,2069,-1,2082,2069,2083,-1,2083,2069,2079,-1,2079,2041,2083,-1,2083,2041,2080,-1,2081,2082,2084,-1,2084,2082,2085,-1,2084,2085,2086,-1,2086,2085,2087,-1,2086,2087,1988,-1,1988,2087,1986,-1,2088,2080,2081,-1,2081,2084,2088,-1,2088,2084,2086,-1,2088,2086,2089,-1,2089,2086,1988,-1,2089,1988,2090,-1,2090,1988,2033,-1,2091,2089,2092,-1,2092,2089,2090,-1,2092,2090,1991,-1,1991,2090,2033,-1,2091,2093,2089,-1,2089,2093,2094,-1,2089,2094,2088,-1,2083,2080,2095,-1,2095,2080,2088,-1,2095,2088,2096,-1,2096,2088,2094,-1,2085,2082,2083,-1,2092,1991,1986,-1,2087,2093,1986,-1,1986,2093,2091,-1,1986,2091,2092,-1,2083,2095,2085,-1,2085,2095,2096,-1,2085,2096,2087,-1,2087,2096,2094,-1,2087,2094,2093,-1,
        ]
    }
}
Shape{
    appearance Appearance {
        material  Material 	{
            diffuseColor 1.0 1.0 1.0
            specularColor 0.8784313725490196 0.8784313725490196 0.8784313725490196
            ambientIntensity 1.0
            transparency 0.0
            shininess 0.5
        }
    }
    geometry IndexedFaceSet {
        ccw TRUE
        solid FALSE
        coord DEF co Coordinate {
            point [
                -0.3337 -0.0443 0.0433, -0.4105 -0.2411 0.0433, -0.3337 -0.0443 0.0394, -0.4105 -0.2411 0.0394, -0.3817 -0.2411 0.0433, -0.3817 -0.2411 0.0394, -0.3618 -0.1859 0.0433, -0.3618 -0.1859 0.0394, -0.2805 -0.1859 0.0433, -0.2805 -0.1859 0.0394, -0.2617 -0.2411 0.0433, -0.2617 -0.2411 0.0394, -0.2329 -0.2411 0.0433, -0.2329 -0.2411 0.0394, -0.3073 -0.0443 0.0433, -0.3073 -0.0443 0.0394, -0.2871 -0.1643 0.0433, -0.3529 -0.1643 0.0433, -0.3165 -0.0821 0.0433, -0.3184 -0.0752 0.0433, -0.3196 -0.0683 0.0433, -0.3203 -0.0683 0.0433, -0.3215 -0.0752 0.0433, -0.3233 -0.0821 0.0433, -0.2871 -0.1643 0.0394, -0.3529 -0.1643 0.0394, -0.3165 -0.0821 0.0394, -0.3184 -0.0752 0.0394, -0.3196 -0.0683 0.0394, -0.3203 -0.0683 0.0394, -0.3215 -0.0752 0.0394, -0.3233 -0.0821 0.0394, -0.1135 -0.2411 0.0433, -0.06 -0.2411 0.0433, -0.1135 -0.2411 0.0394, -0.06 -0.2411 0.0394, -0.06 -0.0443 0.0433, -0.06 -0.0443 0.0394, -0.1156 -0.0443 0.0433, -0.1156 -0.0443 0.0394, -0.2185 -0.1402 0.0433, -0.2185 -0.1402 0.0394, -0.217 -0.1217 0.0394, -0.217 -0.1217 0.0433, -0.2117 -0.1023 0.0394, -0.2117 -0.1023 0.0433, -0.2026 -0.0854 0.0394, -0.2026 -0.0854 0.0433, -0.1887 -0.0699 0.0394, -0.1887 -0.0699 0.0433, -0.1885 -0.0697 0.0394, -0.1885 -0.0697 0.0433, -0.167 -0.0554 0.0394, -0.167 -0.0554 0.0433, -0.144 -0.0473 0.0394, -0.144 -0.0473 0.0433, -0.1379 -0.239 0.0394, -0.1379 -0.239 0.0433, -0.1606 -0.2322 0.0394, -0.1606 -0.2322 0.0433, -0.1811 -0.2203 0.0394, -0.1811 -0.2203 0.0433, -0.1973 -0.2048 0.0394, -0.1973 -0.2048 0.0433, -0.2086 -0.1872 0.0394, -0.2086 -0.1872 0.0433, -0.2157 -0.1666 0.0394, -0.2157 -0.1666 0.0433, -0.1789 -0.0935 0.0433, -0.1694 -0.0833 0.0433, -0.155 -0.074 0.0433, -0.1388 -0.0683 0.0433, -0.1155 -0.0659 0.0433, -0.0864 -0.0659 0.0433, -0.0864 -0.2195 0.0433, -0.1144 -0.2195 0.0433, -0.1351 -0.2176 0.0433, -0.1517 -0.2124 0.0433, -0.1651 -0.2044 0.0433, -0.1762 -0.1935 0.0433, -0.1845 -0.18 0.0433, -0.1902 -0.1615 0.0433, -0.192 -0.1408 0.0433, -0.1904 -0.1212 0.0433, -0.1858 -0.1056 0.0433, -0.1155 -0.0659 0.0394, -0.0864 -0.0659 0.0394, -0.1388 -0.0683 0.0394, -0.155 -0.074 0.0394, -0.1694 -0.0833 0.0394, -0.1789 -0.0935 0.0394, -0.1858 -0.1056 0.0394, -0.1904 -0.1212 0.0394, -0.192 -0.1408 0.0394, -0.1902 -0.1615 0.0394, -0.1845 -0.18 0.0394, -0.1762 -0.1935 0.0394, -0.1651 -0.2044 0.0394, -0.1517 -0.2124 0.0394, -0.1351 -0.2176 0.0394, -0.1144 -0.2195 0.0394, -0.0864 -0.2195 0.0394, -0.0216 -0.2195 0.0433, -0.0216 -0.2411 0.0433, -0.0216 -0.2195 0.0394, -0.0216 -0.2411 0.0394, 0.084 -0.2411 0.0433, 0.084 -0.2411 0.0394, 0.084 -0.0443 0.0433, 0.084 -0.0443 0.0394, -0.0168 -0.0443 0.0433, -0.0168 -0.0443 0.0394, -0.0168 -0.0659 0.0433, -0.0168 -0.0659 0.0394, 0.0576 -0.0659 0.0433, 0.0576 -0.0659 0.0394, 0.0576 -0.1307 0.0433, 0.0576 -0.1307 0.0394, -0.012 -0.1307 0.0433, -0.012 -0.1307 0.0394, -0.012 -0.1523 0.0433, -0.012 -0.1523 0.0394, 0.0576 -0.1523 0.0433, 0.0576 -0.1523 0.0394, 0.0576 -0.2195 0.0433, 0.0576 -0.2195 0.0394, 0.1224 -0.2093 0.0433, 0.1224 -0.2309 0.0433, 0.1224 -0.2093 0.0394, 0.1224 -0.2309 0.0394, 0.1434 -0.2395 0.0433, 0.1766 -0.2435 0.0433, 0.1766 -0.2435 0.0394, 0.1712 -0.2434 0.0394, 0.1712 -0.2434 0.0433, 0.1633 -0.2423 0.0394, 0.1434 -0.2395 0.0394, 0.2689 -0.1464 0.0433, 0.2689 -0.1464 0.0394, 0.267 -0.1692 0.0394, 0.267 -0.1692 0.0433, 0.261 -0.19 0.0394, 0.261 -0.19 0.0433, 0.2506 -0.2088 0.0394, 0.2506 -0.2088 0.0433, 0.2358 -0.2243 0.0394, 0.2358 -0.2243 0.0433, 0.2199 -0.2344 0.0394, 0.2199 -0.2344 0.0433, 0.2009 -0.241 0.0394, 0.2009 -0.241 0.0433, 0.1882 -0.2423 0.0394, 0.1688 -0.0419 0.0433, 0.1688 -0.0419 0.0394, 0.1885 -0.0435 0.0394, 0.1885 -0.0435 0.0433, 0.2105 -0.0499 0.0394, 0.2105 -0.0499 0.0433, 0.2292 -0.0606 0.0394, 0.2292 -0.0606 0.0433, 0.2469 -0.0777 0.0394, 0.2469 -0.0777 0.0433, 0.2585 -0.0961 0.0394, 0.2585 -0.0961 0.0433, 0.266 -0.1184 0.0394, 0.266 -0.1184 0.0433, 0.1224 -0.0497 0.0433, 0.1224 -0.0497 0.0394, 0.1452 -0.0435 0.0394, 0.1452 -0.0435 0.0433, 0.1224 -0.0761 0.0433, 0.1224 -0.0761 0.0394, 0.1685 -0.0635 0.0433, 0.1685 -0.0635 0.0394, 0.1446 -0.0666 0.0394, 0.1446 -0.0666 0.0433, 0.2425 -0.1448 0.0433, 0.2425 -0.1448 0.0394, 0.2415 -0.1295 0.0394, 0.2415 -0.1295 0.0433, 0.2363 -0.1084 0.0394, 0.2363 -0.1084 0.0433, 0.2282 -0.0932 0.0394, 0.2282 -0.0932 0.0433, 0.2163 -0.0801 0.0394, 0.2163 -0.0801 0.0433, 0.2026 -0.071 0.0394, 0.2026 -0.071 0.0433, 0.1879 -0.0656 0.0394, 0.1879 -0.0656 0.0433, 0.173 -0.2219 0.0433, 0.173 -0.2219 0.0394, 0.1913 -0.2198 0.0394, 0.1913 -0.2198 0.0433, 0.2057 -0.2146 0.0394, 0.2057 -0.2146 0.0433, 0.2177 -0.2064 0.0394, 0.2177 -0.2064 0.0433, 0.227 -0.1967 0.0394, 0.227 -0.1967 0.0433, 0.2351 -0.183 0.0394, 0.2351 -0.183 0.0433, 0.2405 -0.1661 0.0394, 0.2405 -0.1661 0.0433, 0.126 -0.2113 0.0394, 0.126 -0.2113 0.0433, 0.1468 -0.219 0.0394, 0.1468 -0.219 0.0433, 0.2857 -0.2195 0.0433, 0.2857 -0.2411 0.0433, 0.2857 -0.2195 0.0394, 0.2857 -0.2411 0.0394, 0.3865 -0.2411 0.0433, 0.3865 -0.2411 0.0394, 0.3865 -0.0443 0.0433, 0.3865 -0.0443 0.0394, 0.3601 -0.0443 0.0433, 0.3601 -0.0443 0.0394, 0.3601 -0.2195 0.0433, 0.3601 -0.2195 0.0394
            ]
        }
        coordIndex [
            0,1,2,-1,2,1,3,-1,1,4,3,-1,3,4,5,-1,4,6,5,-1,5,6,7,-1,6,8,7,-1,7,8,9,-1,8,10,9,-1,9,10,11,-1,10,12,11,-1,11,12,13,-1,12,14,13,-1,13,14,15,-1,14,0,15,-1,15,0,2,-1,16,8,17,-1,17,8,6,-1,18,14,16,-1,16,14,12,-1,16,12,8,-1,8,12,10,-1,18,19,14,-1,14,19,20,-1,14,20,0,-1,0,20,21,-1,0,21,22,-1,22,23,0,-1,0,23,17,-1,0,17,1,-1,1,17,6,-1,1,6,4,-1,16,17,24,-1,24,17,25,-1,18,16,26,-1,26,16,24,-1,18,26,27,-1,18,27,19,-1,19,27,28,-1,19,28,20,-1,21,20,29,-1,29,20,28,-1,21,29,30,-1,21,30,22,-1,22,30,31,-1,22,31,23,-1,17,23,25,-1,25,23,31,-1,32,33,34,-1,34,33,35,-1,33,36,35,-1,35,36,37,-1,36,38,37,-1,37,38,39,-1,40,41,42,-1,40,42,43,-1,43,42,44,-1,43,44,45,-1,45,44,46,-1,45,46,47,-1,47,46,48,-1,47,48,49,-1,49,48,50,-1,49,50,51,-1,51,50,52,-1,51,52,53,-1,53,52,54,-1,53,54,55,-1,55,54,39,-1,55,39,38,-1,32,34,56,-1,32,56,57,-1,57,56,58,-1,57,58,59,-1,59,58,60,-1,59,60,61,-1,61,60,62,-1,61,62,63,-1,63,62,64,-1,63,64,65,-1,65,64,66,-1,65,66,67,-1,67,66,41,-1,67,41,40,-1,45,47,68,-1,68,47,49,-1,68,49,69,-1,69,49,51,-1,69,51,70,-1,70,51,53,-1,70,53,71,-1,71,53,55,-1,71,55,72,-1,72,55,38,-1,72,38,73,-1,73,38,36,-1,73,36,74,-1,74,36,33,-1,74,33,75,-1,75,33,32,-1,75,32,76,-1,76,32,57,-1,76,57,77,-1,77,57,59,-1,77,59,78,-1,78,59,61,-1,78,61,79,-1,79,61,63,-1,79,63,80,-1,80,63,65,-1,80,65,81,-1,81,65,67,-1,81,67,82,-1,82,67,40,-1,82,40,83,-1,83,40,43,-1,83,43,84,-1,84,43,45,-1,84,45,68,-1,72,73,85,-1,85,73,86,-1,72,85,87,-1,72,87,71,-1,71,87,88,-1,71,88,70,-1,70,88,89,-1,70,89,69,-1,69,89,90,-1,69,90,68,-1,68,90,91,-1,68,91,84,-1,84,91,92,-1,84,92,83,-1,83,92,93,-1,83,93,82,-1,82,93,94,-1,82,94,81,-1,81,94,95,-1,81,95,80,-1,80,95,96,-1,80,96,79,-1,79,96,97,-1,79,97,78,-1,78,97,98,-1,78,98,77,-1,77,98,99,-1,77,99,76,-1,76,99,100,-1,76,100,75,-1,74,75,101,-1,101,75,100,-1,73,74,86,-1,86,74,101,-1,102,103,104,-1,104,103,105,-1,103,106,105,-1,105,106,107,-1,106,108,107,-1,107,108,109,-1,108,110,109,-1,109,110,111,-1,110,112,111,-1,111,112,113,-1,112,114,113,-1,113,114,115,-1,114,116,115,-1,115,116,117,-1,116,118,117,-1,117,118,119,-1,118,120,119,-1,119,120,121,-1,120,122,121,-1,121,122,123,-1,122,124,123,-1,123,124,125,-1,124,102,125,-1,125,102,104,-1,106,103,102,-1,102,124,106,-1,106,124,122,-1,106,122,108,-1,112,110,114,-1,114,110,108,-1,114,108,116,-1,116,108,122,-1,116,122,118,-1,118,122,120,-1,126,127,128,-1,128,127,129,-1,129,127,130,-1,131,132,133,-1,131,133,134,-1,134,133,135,-1,134,135,130,-1,130,135,136,-1,130,136,129,-1,137,138,139,-1,137,139,140,-1,140,139,141,-1,140,141,142,-1,142,141,143,-1,142,143,144,-1,144,143,145,-1,144,145,146,-1,146,145,147,-1,146,147,148,-1,148,147,149,-1,148,149,150,-1,150,149,131,-1,131,149,151,-1,131,151,132,-1,152,153,154,-1,152,154,155,-1,155,154,156,-1,155,156,157,-1,157,156,158,-1,157,158,159,-1,159,158,160,-1,159,160,161,-1,161,160,162,-1,161,162,163,-1,163,162,164,-1,163,164,165,-1,165,164,138,-1,165,138,137,-1,166,167,168,-1,166,168,169,-1,169,168,153,-1,169,153,152,-1,166,170,167,-1,167,170,171,-1,172,173,174,-1,172,174,175,-1,175,174,171,-1,175,171,170,-1,176,177,178,-1,176,178,179,-1,179,178,180,-1,179,180,181,-1,181,180,182,-1,181,182,183,-1,183,182,184,-1,183,184,185,-1,185,184,186,-1,185,186,187,-1,187,186,188,-1,187,188,189,-1,189,188,173,-1,189,173,172,-1,190,191,192,-1,190,192,193,-1,193,192,194,-1,193,194,195,-1,195,194,196,-1,195,196,197,-1,197,196,198,-1,197,198,199,-1,199,198,200,-1,199,200,201,-1,201,200,202,-1,201,202,203,-1,203,202,177,-1,203,177,176,-1,126,128,204,-1,126,204,205,-1,205,204,206,-1,205,206,207,-1,207,206,191,-1,207,191,190,-1,193,131,190,-1,190,131,134,-1,190,134,207,-1,207,134,130,-1,207,130,205,-1,205,130,127,-1,205,127,126,-1,170,166,175,-1,175,166,169,-1,175,169,172,-1,172,169,152,-1,172,152,189,-1,189,152,155,-1,189,155,187,-1,187,155,157,-1,187,157,185,-1,185,157,159,-1,185,159,183,-1,183,159,161,-1,183,161,181,-1,181,161,163,-1,181,163,179,-1,179,163,165,-1,179,165,176,-1,176,165,137,-1,176,137,203,-1,203,137,140,-1,203,140,201,-1,201,140,142,-1,201,142,199,-1,199,142,144,-1,199,144,197,-1,197,144,146,-1,197,146,195,-1,195,146,148,-1,195,148,193,-1,193,148,150,-1,193,150,131,-1,208,209,210,-1,210,209,211,-1,209,212,211,-1,211,212,213,-1,212,214,213,-1,213,214,215,-1,214,216,215,-1,215,216,217,-1,216,218,217,-1,217,218,219,-1,218,208,219,-1,219,208,210,-1,216,214,218,-1,218,214,212,-1,218,212,208,-1,208,212,209,-1,
        ]
    }
}
Shape{
    appearance Appearance {
        material  Material 	{
            diffuseColor 0.2235294117647059 0.2235294117647059 0.2235294117647059
            specularColor 0.11372549019607843 0.11372549019607843 0.11372549019607843
            ambientIntensity 0.2235
            transparency 0.0
            shininess 0.5
        }
    }
    geometry IndexedFaceSet {
        ccw TRUE
        solid FALSE
        coord DEF co Coordinate {
            point [
                -0.2871 -0.1643 0.0394, -0.3529 -0.1643 0.0394, -0.3165 -0.0821 0.0394, -0.3233 -0.0821 0.0394, -0.3184 -0.0752 0.0394, -0.3215 -0.0752 0.0394, -0.3196 -0.0683 0.0394, -0.3203 -0.0683 0.0394, -0.0864 -0.0659 0.0394, -0.0864 -0.2195 0.0394, -0.1155 -0.0659 0.0394, -0.1144 -0.2195 0.0394, -0.1351 -0.2176 0.0394, -0.192 -0.1408 0.0394, -0.1904 -0.1212 0.0394, -0.1858 -0.1056 0.0394, -0.1388 -0.0683 0.0394, -0.1517 -0.2124 0.0394, -0.1651 -0.2044 0.0394, -0.1762 -0.1935 0.0394, -0.1845 -0.18 0.0394, -0.1902 -0.1615 0.0394, -0.1789 -0.0935 0.0394, -0.1694 -0.0833 0.0394, -0.155 -0.074 0.0394
            ]
        }
        coordIndex [
            0,1,2,-1,2,1,3,-1,2,3,4,-1,4,3,5,-1,4,5,6,-1,6,5,7,-1,8,9,10,-1,10,9,11,-1,10,11,12,-1,13,14,10,-1,10,14,15,-1,10,15,16,-1,12,17,10,-1,10,17,18,-1,10,18,19,-1,19,20,10,-1,10,20,21,-1,10,21,13,-1,22,23,15,-1,15,23,24,-1,15,24,16,-1,
        ]
    }
}