#VRML V2.0 utf8
# 3D model generated by easyeda2kicad.py (https://github.com/uPesy/easyeda2kicad.py)

Shape{
    appearance Appearance {
        material  Material 	{
            diffuseColor 0.2235294117647059 0.2235294117647059 0.2235294117647059
            specularColor 0.11372549019607843 0.11372549019607843 0.11372549019607843
            ambientIntensity 0.2235
            transparency 0.0
            shininess 0.5
        }
    }
    geometry IndexedFaceSet {
        ccw TRUE
        solid FALSE
        coord DEF co Coordinate {
            point [
                8.0785 -0.0322 0.7614, 8.0785 -0.0322 0.7138, 8.0785 0.0834 0.7138, 8.0785 -0.0322 0.9519, 8.0785 -0.0322 0.9167, 8.0785 0.0834 0.9167, 8.0785 0.2147 1.0592, 8.0785 0.2147 1.0208, 8.0785 0.2472 1.0208, 8.0785 0.2208 0.7616, 8.0785 0.2183 0.7614, 8.0785 0.2472 0.7614, 8.0785 0.1961 0.7616, 8.0785 0.1923 0.763, 8.0785 0.1923 0.7614, 8.0785 0.3651 0.8687, 8.0785 0.3651 0.8302, 8.0785 0.3876 0.8302, 8.0785 -0.626 0.9045, 8.0785 -0.6239 0.9167, 8.0785 -0.8052 0.9167, 8.0785 -0.1372 0.98, 8.0785 -0.1139 0.9606, 8.0785 -0.0322 1.074, 8.0785 -0.2313 1.074, 8.0785 -0.212 1.0608, 8.0785 -0.184 1.0286, 8.0785 -0.1659 0.9934, 8.0785 -0.1627 0.9924, 8.0785 -0.4118 1.0838, 8.0785 -0.3725 1.0995, 8.0785 -0.8052 3.3465, 8.0785 -0.2906 1.1011, 8.0785 -0.248 1.0854, 8.0785 -0.0322 3.3465, 8.0785 -0.3281 1.1053, 8.0785 -0.4273 1.074, 8.0785 -0.8052 1.074, 8.0785 -0.4306 1.072, 8.0785 -0.5231 1.0315, 8.0785 -0.4878 1.0361, 8.0785 -0.4559 1.0492, 8.0785 -0.478 1.0356, 8.0785 -0.4682 1.0344, 8.0785 -0.586 0.9951, 8.0785 -0.5815 0.9994, 8.0785 -0.5546 1.0188, 8.0785 -0.8052 0.9519, 8.0785 -0.6206 0.9366, 8.0785 -0.614 0.9519, 8.0785 -0.6073 0.9675, 8.0785 -0.522 0.7637, 8.0785 -0.5346 0.7676, 8.0785 -0.8052 0.7614, 8.0785 -0.5653 0.783, 8.0785 -0.5903 0.8047, 8.0785 -0.6091 0.8313, 8.0785 -0.6217 0.863, 8.0785 -0.6261 0.8977, 8.0785 -0.4833 0.7167, 8.0785 -0.5001 0.7291, 8.0785 -0.8052 0.7138, 8.0785 -0.513 0.7447, 8.0785 -0.5209 0.7614, 8.0785 -0.8052 0.0, 8.0785 -0.7874 0.1969, 8.0785 -0.7874 0.0, 8.0785 -0.0322 0.1969, 8.0785 -0.4193 0.7084, 8.0785 -0.4408 0.7056, 8.0785 -0.4433 0.7056, 8.0785 -0.4635 0.7086, 8.0785 -0.4762 0.7138, 8.0785 -0.3611 0.7614, 8.0785 -0.362 0.7584, 8.0785 -0.3726 0.7398, 8.0785 -0.3834 0.7279, 8.0785 -0.4003 0.7159, 8.0785 -0.4056 0.7138, 8.0785 -0.3924 0.8623, 8.0785 -0.3768 0.8482, 8.0785 -0.2624 0.908, 8.0785 -0.135 0.8903, 8.0785 -0.1395 0.9066, 8.0785 -0.1454 0.9167, 8.0785 -0.5701 0.9167, 8.0785 -0.2459 0.8141, 8.0785 -0.2393 0.8149, 8.0785 -0.2359 0.8627, 8.0785 -0.2385 0.8149, 8.0785 -0.0849 0.8523, 8.0785 -0.0813 0.8815, 8.0785 -0.0855 0.9104, 8.0785 -0.0954 0.8251, 8.0785 -0.1129 0.8004, 8.0785 -0.1349 0.7815, 8.0785 -0.2606 0.8041, 8.0785 -0.257 0.808, 8.0785 -0.2518 0.8118, 8.0785 -0.2458 0.7627, 8.0785 -0.2515 0.765, 8.0785 -0.257 0.7689, 8.0785 -0.2639 0.7983, 8.0785 -0.3555 0.7995, 8.0785 -0.2656 0.7918, 8.0785 -0.259 0.7709, 8.0785 -0.2627 0.7763, 8.0785 -0.265 0.7821, 8.0785 -0.2658 0.7884, 8.0785 -0.3555 0.791, 8.0785 -0.3563 0.7793, 8.0785 -0.462 0.8745, 8.0785 -0.4408 0.8773, 8.0785 -0.4314 0.8767, 8.0785 -0.4107 0.8718, 8.0785 -0.2359 0.8143, 8.0785 -0.2342 0.8141, 8.0785 -0.1958 0.8141, 8.0785 -0.1609 0.7685, 8.0785 -0.1906 0.762, 8.0785 -0.241 0.762, 8.0785 -0.5121 0.8386, 8.0785 -0.5708 0.8835, 8.0785 -0.5641 0.8629, 8.0785 -0.5556 0.8488, 8.0785 -0.5404 0.8329, 8.0785 -0.5211 0.8209, 8.0785 -0.5724 0.8995, 8.0785 -0.4982 0.8548, 8.0785 -0.4808 0.8671, 8.0785 -0.1519 0.8352, 8.0785 -0.1426 0.8482, 8.0785 -0.1365 0.8633, 8.0785 -0.1343 0.8807, 8.0785 -0.1794 0.8173, 8.0785 -0.1645 0.8246, 8.0785 -0.2088 0.9519, 8.0785 -0.5536 0.9519, 8.0785 -0.2077 0.9473, 8.0785 -0.5621 0.94, 8.0785 -0.5696 0.921, 8.0785 -0.2009 0.9473, 8.0785 -0.1479 0.921, 8.0785 -0.156 0.9298, 8.0785 -0.1691 0.9392, 8.0785 -0.184 0.9451, 8.0785 -0.3273 1.054, 8.0785 -0.3317 1.0539, 8.0785 -0.4481 0.9755, 8.0785 -0.4417 0.972, 8.0785 -0.4279 1.0002, 8.0785 -0.4085 1.0229, 8.0785 -0.3602 1.0496, 8.0785 -0.3878 1.038, 8.0785 -0.4672 0.9824, 8.0785 -0.487 0.9849, 8.0785 -0.4987 0.984, 8.0785 -0.2273 1.0004, 8.0785 -0.247 1.0231, 8.0785 -0.2137 0.9731, 8.0785 -0.2704 1.0396, 8.0785 -0.2971 1.0501, 8.0785 -0.5196 0.9783, 8.0785 -0.5382 0.9677, 8.0785 -0.55 0.9569, 8.0785 -0.1075 0.9519, 8.0785 -0.0962 0.9365, 8.0785 -0.0881 0.9167, 8.0785 0.4142 0.7761, 8.0785 0.4142 0.7624, 8.0785 0.4256 0.7614, 8.0785 0.3876 0.7614, 8.0785 0.4256 0.9167, 8.0785 0.4115 0.8687, 8.0785 0.4115 0.8825, 8.0785 0.4081 0.8165, 8.0785 0.3876 0.8165, 8.0785 0.3876 0.7761, 8.0785 0.3651 0.8165, 8.0785 0.3651 0.7761, 8.0785 0.4081 0.8302, 8.0785 0.3876 0.8687, 8.0785 0.3876 0.7624, 8.0785 0.3496 0.7624, 8.0785 0.3415 0.7614, 8.0785 0.3496 0.8825, 8.0785 0.1023 0.8035, 8.0785 0.1044 0.8275, 8.0785 0.0992 0.7992, 8.0785 0.0971 0.7939, 8.0785 0.1853 0.7809, 8.0785 0.1649 0.8176, 8.0785 0.1853 0.7654, 8.0785 0.1649 0.7624, 8.0785 0.1424 0.767, 8.0785 0.1371 0.7634, 8.0785 0.1499 0.7624, 8.0785 0.1314 0.7614, 8.0785 0.0906 0.7614, 8.0785 0.0986 0.7734, 8.0785 0.0968 0.7785, 8.0785 0.0906 0.7138, 8.0785 0.1145 0.7614, 8.0785 0.1142 0.7614, 8.0785 0.1085 0.7636, 8.0785 0.1198 0.8486, 8.0785 0.0906 0.9167, 8.0785 0.1084 0.8444, 8.0785 0.1044 0.8422, 8.0785 0.107 0.8074, 8.0785 0.1135 0.8107, 8.0785 0.114 0.8337, 8.0785 0.1245 0.8134, 8.0785 0.1376 0.8374, 8.0785 0.1325 0.8379, 8.0785 0.1234 0.837, 8.0785 0.1034 0.7671, 8.0785 0.1017 0.7688, 8.0785 0.1499 0.7757, 8.0785 0.1495 0.7757, 8.0785 0.1472 0.7721, 8.0785 0.1912 0.7773, 8.0785 0.1923 0.7769, 8.0785 0.1923 0.8088, 8.0785 0.186 0.8304, 8.0785 0.1878 0.8352, 8.0785 0.1584 0.8406, 8.0785 0.1339 0.8501, 8.0785 0.1432 0.8493, 8.0785 0.1495 0.8473, 8.0785 0.096 0.7854, 8.0785 0.0961 0.7875, 8.0785 0.1638 0.8287, 8.0785 0.1861 0.8192, 8.0785 0.1499 0.8169, 8.0785 0.1494 0.8236, 8.0785 0.1478 0.8289, 8.0785 0.1461 0.832, 8.0785 0.1615 0.8357, 8.0785 0.1854 0.825, 8.0785 0.1921 0.8089, 8.0785 0.1897 0.8115, 8.0785 0.1877 0.8146, 8.0785 0.1438 0.8344, 8.0785 0.1411 0.8362, 8.0785 0.1987 0.7614, 8.0785 0.1923 0.7138, 8.0785 0.2086 0.7604, 8.0785 0.2472 0.7138, 8.0785 0.2391 0.8463, 8.0785 0.2391 0.8317, 8.0785 0.1906 0.8393, 8.0785 0.1923 0.8408, 8.0785 0.1923 0.9167, 8.0785 0.1951 0.8433, 8.0785 0.1995 0.846, 8.0785 0.2425 0.7797, 8.0785 0.2407 0.7749, 8.0785 0.2379 0.7709, 8.0785 0.2078 0.8489, 8.0785 0.2188 0.8501, 8.0785 0.2472 0.9167, 8.0785 0.2271 0.8496, 8.0785 0.2382 0.7999, 8.0785 0.241 0.7958, 8.0785 0.2426 0.7913, 8.0785 0.2433 0.7857, 8.0785 0.2336 0.7672, 8.0785 0.2291 0.7645, 8.0785 0.2173 0.8379, 8.0785 0.2129 0.8376, 8.0785 0.2009 0.8264, 8.0785 0.2089 0.8365, 8.0785 0.2055 0.8347, 8.0785 0.2011 0.8244, 8.0785 0.2017 0.822, 8.0785 0.2027 0.82, 8.0785 0.2042 0.8184, 8.0785 0.2095 0.8151, 8.0785 0.2272 0.8368, 8.0785 0.2188 0.811, 8.0785 0.2357 0.8337, 8.0785 0.2242 0.8089, 8.0785 0.2343 0.8033, 8.0785 0.2032 0.8327, 8.0785 0.2019 0.8308, 8.0785 0.2012 0.8288, 8.0785 0.2006 0.7737, 8.0785 0.2082 0.8001, 8.0785 0.1992 0.8042, 8.0785 0.2101 0.7726, 8.0785 0.2107 0.7726, 8.0785 0.2181 0.796, 8.0785 0.2184 0.7735, 8.0785 0.2278 0.7843, 8.0785 0.2277 0.7861, 8.0785 0.2223 0.7749, 8.0785 0.2237 0.7758, 8.0785 0.2254 0.7773, 8.0785 0.2267 0.7792, 8.0785 0.2275 0.7814, 8.0785 0.227 0.7885, 8.0785 0.2258 0.7905, 8.0785 0.224 0.7924, 8.0785 0.4697 0.9858, 8.0785 0.4256 0.9858, 8.0785 0.4819 0.9529, 8.0785 0.4256 0.9519, 8.0785 0.499 0.9529, 8.0785 0.9843 0.9519, 8.0785 0.9843 1.074, 8.0785 0.4533 1.073, 8.0785 0.4256 1.074, 8.0785 0.4196 0.9858, 8.0785 0.4081 0.9529, 8.0785 0.3876 0.9519, 8.0785 0.391 0.9529, 8.0785 0.3876 1.074, 8.0785 0.4256 1.0438, 8.0785 0.4367 1.073, 8.0785 0.3415 0.9519, 8.0785 0.3381 0.955, 8.0785 0.3196 0.9529, 8.0785 0.3208 1.073, 8.0785 0.3415 1.074, 8.0785 0.2752 1.074, 8.0785 0.2752 0.9519, 8.0785 0.2865 0.9529, 8.0785 0.2865 1.073, 8.0785 0.3712 1.0521, 8.0785 0.3784 1.0414, 8.0785 0.3808 0.9921, 8.0785 0.3747 0.9797, 8.0785 0.3662 1.0571, 8.0785 0.3399 1.0708, 8.0785 0.3415 1.0702, 8.0785 0.3543 1.0654, 8.0785 0.3522 0.96, 8.0785 0.3415 0.9562, 8.0785 0.3662 0.9697, 8.0785 0.3639 0.9678, 8.0785 0.3826 1.0297, 8.0785 0.3843 1.0145, 8.0785 0.3839 1.006, 8.0785 0.2472 1.074, 8.0785 0.2611 1.073, 8.0785 0.2472 1.073, 8.0785 0.2147 0.9666, 8.0785 0.2472 0.9666, 8.0785 0.2147 1.007, 8.0785 0.2472 1.007, 8.0785 0.2577 1.007, 8.0785 0.2638 0.9666, 8.0785 0.2577 1.0208, 8.0785 0.2611 1.0592, 8.0785 0.2472 1.0592, 8.0785 0.1992 0.9529, 8.0785 0.1923 0.9519, 8.0785 0.2472 0.9519, 8.0785 0.2638 0.9529, 8.0785 0.2472 0.9529, 8.0785 0.1992 1.073, 8.0785 0.1923 1.074, 8.0785 0.7874 0.0, 8.0785 0.9843 0.0, 8.0785 0.7874 0.1969, 8.0785 0.9843 0.7138, 8.0785 0.4256 0.1969, 8.0785 0.1591 1.074, 8.0785 0.1634 1.0737, 8.0785 0.1752 1.0701, 8.0785 0.1752 1.0539, 8.0785 0.1752 0.9728, 8.0785 0.1752 0.9579, 8.0785 0.1738 0.9572, 8.0785 0.1612 0.9529, 8.0785 0.1519 0.9519, 8.0785 0.1492 0.9649, 8.0785 0.1629 0.9673, 8.0785 0.1016 1.0105, 8.0785 0.1015 1.0116, 8.0785 0.1125 1.0459, 8.0785 0.1069 1.0373, 8.0785 0.1031 1.0266, 8.0785 0.161 1.0594, 8.0785 0.1469 1.0611, 8.0785 0.1416 1.0608, 8.0785 0.1312 1.0587, 8.0785 0.1034 0.9958, 8.0785 0.1072 0.986, 8.0785 0.1133 0.9774, 8.0785 0.1243 0.9691, 8.0785 0.133 0.9659, 8.0785 0.1442 0.9647, 8.0785 0.1733 1.055, 8.0785 0.1218 1.0542, 8.0785 0.1142 1.0477, 8.0785 0.1163 0.9745, 8.0785 0.1376 1.074, 8.0785 0.1467 1.0751, 8.0785 0.0906 3.3465, 8.0785 0.1923 3.3465, 8.0785 0.1478 1.0751, 8.0785 0.0906 1.074, 8.0785 0.1307 1.0733, 8.0785 0.1179 1.0687, 8.0785 0.0943 1.0466, 8.0785 0.1026 1.0574, 8.0785 0.1061 1.0607, 8.0785 0.0906 0.9833, 8.0785 0.0872 0.993, 8.0785 0.0834 0.9519, 8.0785 0.0853 1.0107, 8.0785 0.0856 1.0179, 8.0785 0.0834 1.074, 8.0785 0.0884 1.0334, 8.0785 0.0906 1.0384, 8.0785 0.1098 0.9596, 8.0785 0.1007 0.9673, 8.0785 0.0906 0.9519, 8.0785 0.0987 0.9696, 8.0785 0.0918 0.9801, 8.0785 0.1419 0.9509, 8.0785 0.1339 0.9513, 8.0785 0.1312 0.9519, 8.0785 0.121 0.9541, 8.0785 0.1545 0.8444, 8.0785 0.131 0.7612, 8.0785 0.1232 0.7604, 8.0785 0.3178 0.8482, 8.0785 0.3334 0.8482, 8.0785 0.3415 0.9167, 8.0785 0.3876 0.8825, 8.0785 0.3876 0.9167, 8.0785 0.2992 0.7614, 8.0785 0.2903 0.7837, 8.0785 0.2922 0.7766, 8.0785 0.2926 0.7766, 8.0785 0.2752 0.9167, 8.0785 0.2752 0.8273, 8.0785 0.2944 0.7836, 8.0785 0.2933 0.7796, 8.0785 0.2752 0.7869, 8.0785 0.2511 0.8482, 8.0785 0.2679 0.8482, 8.0785 0.2842 0.7614, 8.0785 0.2847 0.7626, 8.0785 0.2752 0.7416, 8.0785 0.2752 0.7416, 8.0785 0.2752 0.7614, 8.0785 0.2781 0.747, 8.0785 0.2542 0.7366, 8.0785 0.2542 0.7232, 8.0785 0.2573 0.7356, 8.0785 0.2627 0.7349, 8.0785 0.2663 0.7353, 8.0785 0.2752 0.7247, 8.0785 0.27 0.7227, 8.0785 0.2752 0.7138, 8.0785 0.2639 0.722, 8.0785 0.2606 0.7221, 8.0785 0.2696 0.7365, 8.0785 0.2724 0.7384, 8.0785 0.2945 0.7494, 8.0785 0.2877 0.7362, 8.0785 0.3415 0.7138, 8.0785 0.2822 0.7296, 8.0785 0.2812 0.7286, 8.0785 0.2759 0.7249, 8.0785 -0.9843 0.0, 8.0785 -0.9843 0.7138, 8.0785 -0.9843 0.7614, 8.0785 -0.9843 0.9167, 8.0785 -0.9843 0.9519, 8.0785 -0.9843 1.074, 8.0785 -0.9843 3.3465, 8.0785 0.0804 0.9666, 8.0785 0.0804 0.9529, 8.0785 0.017 0.9529, 8.0785 0.0325 1.073, 8.0785 0.0325 0.9666, 8.0785 0.017 1.073, 8.0785 0.0789 0.8687, 8.0785 0.0834 0.7614, 8.0785 0.0816 0.7761, 8.0785 0.0816 0.7624, 8.0785 0.017 0.7624, 8.0785 0.0325 0.8165, 8.0785 0.0325 0.7761, 8.0785 0.0755 0.8165, 8.0785 0.0755 0.8302, 8.0785 0.0325 0.8302, 8.0785 0.0325 0.8687, 8.0785 0.017 0.8825, 8.0785 0.0789 0.8825, 8.0785 0.0834 3.3465, 8.0785 0.3876 0.7138, 8.0785 0.4256 0.7138, 8.0785 0.2472 3.3465, 8.0785 0.2752 3.3465, 8.0785 0.3415 3.3465, 8.0785 0.3876 3.3465, 8.0785 0.4256 3.3465, 8.0785 0.9843 3.3465, 8.0785 0.6494 0.7624, 8.0785 0.6323 0.7624, 8.0785 0.9843 0.7614, 8.0785 0.9843 0.9167, 8.0785 0.6037 0.8825, 8.0785 0.6201 0.7952, 8.0785 0.57 0.7952, 8.0785 0.5585 0.7624, 8.0785 0.5414 0.7624, 8.0785 0.5871 0.8825, 8.0785 0.5166 0.8666, 8.0785 0.5216 0.8616, 8.0785 0.5288 0.8509, 8.0785 0.533 0.8392, 8.0785 0.4369 0.8825, 8.0785 0.4369 0.7624, 8.0785 0.47 0.7624, 8.0785 0.4885 0.7644, 8.0785 0.5026 0.7695, 8.0785 0.4712 0.8825, 8.0785 0.4903 0.8803, 8.0785 0.5047 0.8748, 8.0785 0.5251 0.7892, 8.0785 0.5166 0.7792, 8.0785 0.5144 0.7772, 8.0785 0.5347 0.824, 8.0785 0.5343 0.8155, 8.0785 0.5312 0.8015, 8.0785 0.3876 0.1969, 8.0785 0.3415 0.1969, 8.0785 0.2752 0.1969, 8.0785 0.2472 0.1969, 8.0785 0.1923 0.1969, 8.0785 0.0906 0.1969, 8.0785 0.0834 0.1969, -6.3427 0.3425 3.2087, -6.3427 0.6575 3.2087, -6.3427 0.3425 2.9528, -6.3427 0.6575 2.9528, -6.6577 0.6575 3.2087, -6.6577 0.3425 3.2087, -6.6577 0.6575 2.9528, -6.6577 0.3425 2.9528, 4.6573 0.3425 3.2087, 4.6573 0.6575 3.2087, 4.6573 0.3425 2.9528, 4.6573 0.6575 2.9528, 4.3423 0.6575 3.2087, 4.3423 0.3425 3.2087, 4.3423 0.6575 2.9528, 4.3423 0.3425 2.9528, 5.6573 0.3425 3.2087, 5.6573 0.6575 3.2087, 5.6573 0.3425 2.9528, 5.6573 0.6575 2.9528, 5.3423 0.6575 3.2087, 5.3423 0.3425 3.2087, 5.3423 0.6575 2.9528, 5.3423 0.3425 2.9528, 2.6573 0.3425 3.2087, 2.6573 0.6575 3.2087, 2.6573 0.3425 2.9528, 2.6573 0.6575 2.9528, 2.3423 0.6575 3.2087, 2.3423 0.3425 3.2087, 2.3423 0.6575 2.9528, 2.3423 0.3425 2.9528, 3.6573 0.3425 3.2087, 3.6573 0.6575 3.2087, 3.6573 0.3425 2.9528, 3.6573 0.6575 2.9528, 3.3423 0.6575 3.2087, 3.3423 0.3425 3.2087, 3.3423 0.6575 2.9528, 3.3423 0.3425 2.9528, 6.6573 0.3425 3.2087, 6.6573 0.6575 3.2087, 6.6573 0.3425 2.9528, 6.6573 0.6575 2.9528, 6.3423 0.6575 3.2087, 6.3423 0.3425 3.2087, 6.3423 0.6575 2.9528, 6.3423 0.3425 2.9528, 7.6573 0.3425 3.2087, 7.6573 0.6575 3.2087, 7.6573 0.3425 2.9528, 7.6573 0.6575 2.9528, 7.3423 0.6575 3.2087, 7.3423 0.3425 3.2087, 7.3423 0.6575 2.9528, 7.3423 0.3425 2.9528, -3.3427 0.3425 3.2087, -3.3427 0.6575 3.2087, -3.3427 0.3425 2.9528, -3.3427 0.6575 2.9528, -3.6577 0.6575 3.2087, -3.6577 0.3425 3.2087, -3.6577 0.6575 2.9528, -3.6577 0.3425 2.9528, -2.3427 0.3425 3.2087, -2.3427 0.6575 3.2087, -2.3427 0.3425 2.9528, -2.3427 0.6575 2.9528, -2.6577 0.6575 3.2087, -2.6577 0.3425 3.2087, -2.6577 0.6575 2.9528, -2.6577 0.3425 2.9528, -5.3427 0.3425 3.2087, -5.3427 0.6575 3.2087, -5.3427 0.3425 2.9528, -5.3427 0.6575 2.9528, -5.6577 0.6575 3.2087, -5.6577 0.3425 3.2087, -5.6577 0.6575 2.9528, -5.6577 0.3425 2.9528, -4.3427 0.3425 3.2087, -4.3427 0.6575 3.2087, -4.3427 0.3425 2.9528, -4.3427 0.6575 2.9528, -4.6577 0.6575 3.2087, -4.6577 0.3425 3.2087, -4.6577 0.6575 2.9528, -4.6577 0.3425 2.9528, 0.6573 0.3425 3.2087, 0.6573 0.6575 3.2087, 0.6573 0.3425 2.9528, 0.6573 0.6575 2.9528, 0.3423 0.6575 3.2087, 0.3423 0.3425 3.2087, 0.3423 0.6575 2.9528, 0.3423 0.3425 2.9528, 1.6573 0.3425 3.2087, 1.6573 0.6575 3.2087, 1.6573 0.3425 2.9528, 1.6573 0.6575 2.9528, 1.3423 0.6575 3.2087, 1.3423 0.3425 3.2087, 1.3423 0.6575 2.9528, 1.3423 0.3425 2.9528, -1.3427 0.3425 3.2087, -1.3427 0.6575 3.2087, -1.3427 0.3425 2.9528, -1.3427 0.6575 2.9528, -1.6577 0.6575 3.2087, -1.6577 0.3425 3.2087, -1.6577 0.6575 2.9528, -1.6577 0.3425 2.9528, -0.3427 0.3425 3.2087, -0.3427 0.6575 3.2087, -0.3427 0.3425 2.9528, -0.3427 0.6575 2.9528, -0.6577 0.6575 3.2087, -0.6577 0.3425 3.2087, -0.6577 0.6575 2.9528, -0.6577 0.3425 2.9528, -7.3427 0.3425 3.2087, -7.3427 0.6575 3.2087, -7.3427 0.3425 2.9528, -7.3427 0.6575 2.9528, -7.6577 0.6575 3.2087, -7.6577 0.3425 3.2087, -7.6577 0.6575 2.9528, -7.6577 0.3425 2.9528, -8.0789 0.9843 0.0, -8.0789 0.7874 0.0, -8.0789 0.9843 3.3465, -7.0002 0.9843 3.3465, -6.0002 0.9843 3.3465, -5.0002 0.9843 3.3465, -4.0002 0.9843 3.3465, -3.0002 0.9843 3.3465, -2.0002 0.9843 3.3465, -1.0002 0.9843 3.3465, -0.0002 0.9843 3.3465, 1.9998 0.9843 3.3465, 2.9998 0.9843 3.3465, 3.9998 0.9843 3.3465, 4.9998 0.9843 3.3465, 5.9998 0.9843 3.3465, 6.9998 0.9843 3.3465, 7.9368 0.9843 3.3465, -8.0789 -0.7874 0.1969, -8.0789 -0.7874 0.0, -8.0789 -0.9843 0.0, -8.0789 -0.9843 3.3465, -8.0789 -0.8898 3.3465, -8.0789 0.0 0.1969, -8.0789 0.0 3.3465, -8.0789 0.7224 0.1969, -8.0789 0.7874 0.1969
            ]
        }
        coordIndex [
            0,1,2,-1,3,4,5,-1,6,7,8,-1,9,10,11,-1,12,13,14,-1,15,16,17,-1,18,19,20,-1,21,22,23,-1,23,22,3,-1,24,25,23,-1,23,25,26,-1,26,27,23,-1,23,27,28,-1,23,28,21,-1,29,30,31,-1,32,33,34,-1,31,30,34,-1,34,30,35,-1,34,35,32,-1,29,31,36,-1,36,31,37,-1,36,37,38,-1,37,39,38,-1,38,39,40,-1,38,40,41,-1,41,40,42,-1,41,42,43,-1,44,45,37,-1,37,45,46,-1,37,46,39,-1,20,19,47,-1,19,48,47,-1,47,48,49,-1,47,49,37,-1,37,49,50,-1,37,50,44,-1,51,52,53,-1,53,52,54,-1,53,54,55,-1,55,56,53,-1,53,56,57,-1,53,57,20,-1,20,57,58,-1,20,58,18,-1,59,60,61,-1,61,60,62,-1,61,62,53,-1,53,62,63,-1,53,63,51,-1,61,64,65,-1,65,64,66,-1,67,68,69,-1,67,69,65,-1,69,70,65,-1,65,70,71,-1,65,71,61,-1,61,71,72,-1,61,72,59,-1,0,73,1,-1,1,73,74,-1,1,74,75,-1,75,76,1,-1,1,76,77,-1,1,77,78,-1,79,80,81,-1,82,83,81,-1,81,83,84,-1,81,84,85,-1,86,87,88,-1,88,87,89,-1,90,0,91,-1,91,0,4,-1,91,4,92,-1,90,93,0,-1,0,93,94,-1,0,94,95,-1,96,97,88,-1,88,97,98,-1,88,98,86,-1,99,100,73,-1,73,100,101,-1,96,88,102,-1,102,88,103,-1,102,103,104,-1,101,105,73,-1,73,105,106,-1,73,106,107,-1,104,103,108,-1,108,103,109,-1,108,109,107,-1,107,109,110,-1,107,110,73,-1,111,112,85,-1,85,112,113,-1,85,113,81,-1,81,113,114,-1,81,114,79,-1,89,115,88,-1,88,115,116,-1,88,116,117,-1,95,118,0,-1,0,118,119,-1,0,119,73,-1,73,119,120,-1,73,120,99,-1,121,122,123,-1,123,124,121,-1,121,124,125,-1,121,125,126,-1,122,121,127,-1,127,121,128,-1,127,128,85,-1,85,128,129,-1,85,129,111,-1,130,131,88,-1,88,131,132,-1,88,132,81,-1,81,132,133,-1,81,133,82,-1,117,134,88,-1,88,134,135,-1,88,135,130,-1,136,137,138,-1,138,137,139,-1,138,139,140,-1,140,85,138,-1,138,85,84,-1,138,84,141,-1,141,84,142,-1,142,143,141,-1,141,143,144,-1,141,144,145,-1,146,147,136,-1,148,137,149,-1,149,137,136,-1,149,136,150,-1,150,136,151,-1,147,152,136,-1,136,152,153,-1,136,153,151,-1,148,154,137,-1,137,154,155,-1,137,155,156,-1,157,158,159,-1,159,158,160,-1,159,160,136,-1,136,160,161,-1,136,161,146,-1,162,163,156,-1,156,163,164,-1,156,164,137,-1,22,165,3,-1,3,165,166,-1,3,166,4,-1,4,166,167,-1,4,167,92,-1,168,169,170,-1,170,169,171,-1,170,172,173,-1,173,172,174,-1,175,176,177,-1,177,176,178,-1,177,178,179,-1,177,168,175,-1,175,168,170,-1,175,170,180,-1,180,170,173,-1,180,173,17,-1,17,173,181,-1,17,181,15,-1,169,182,171,-1,171,182,183,-1,171,183,184,-1,184,183,185,-1,186,187,188,-1,188,187,189,-1,190,191,192,-1,192,191,193,-1,192,193,13,-1,194,195,196,-1,196,195,197,-1,196,197,193,-1,198,199,200,-1,201,202,198,-1,198,202,203,-1,198,203,204,-1,205,206,207,-1,207,206,208,-1,186,209,187,-1,187,209,210,-1,187,210,211,-1,211,210,212,-1,213,214,212,-1,212,214,215,-1,212,215,211,-1,204,216,198,-1,198,216,217,-1,198,217,199,-1,218,219,196,-1,196,219,220,-1,196,220,194,-1,221,222,223,-1,224,225,226,-1,205,227,206,-1,206,227,228,-1,206,228,229,-1,200,230,198,-1,198,230,231,-1,198,231,206,-1,206,231,189,-1,206,189,208,-1,208,189,187,-1,232,191,233,-1,234,235,212,-1,212,235,236,-1,212,236,237,-1,221,223,190,-1,226,238,224,-1,224,238,232,-1,224,232,239,-1,239,232,233,-1,223,240,190,-1,190,240,241,-1,190,241,191,-1,191,241,242,-1,191,242,233,-1,237,243,212,-1,212,243,244,-1,212,244,213,-1,12,14,245,-1,245,14,246,-1,245,246,247,-1,247,246,10,-1,10,246,248,-1,10,248,11,-1,249,250,11,-1,251,252,253,-1,253,252,254,-1,253,254,255,-1,256,257,11,-1,11,257,258,-1,255,259,253,-1,253,259,260,-1,253,260,261,-1,261,260,262,-1,261,262,249,-1,263,264,250,-1,250,264,265,-1,250,265,11,-1,11,265,266,-1,11,266,256,-1,258,267,11,-1,11,267,268,-1,11,268,9,-1,269,270,271,-1,271,270,272,-1,271,272,273,-1,271,274,269,-1,269,274,275,-1,269,275,276,-1,276,277,269,-1,269,277,278,-1,269,278,279,-1,279,278,280,-1,279,280,281,-1,281,280,282,-1,281,282,250,-1,250,282,283,-1,250,283,263,-1,284,285,273,-1,273,285,286,-1,273,286,271,-1,287,288,222,-1,222,288,289,-1,222,289,223,-1,287,290,288,-1,288,290,291,-1,288,291,292,-1,292,291,293,-1,292,294,295,-1,293,296,292,-1,292,296,297,-1,292,297,298,-1,298,299,292,-1,292,299,300,-1,292,300,294,-1,295,301,292,-1,292,301,302,-1,292,302,303,-1,304,305,306,-1,306,305,307,-1,306,307,308,-1,309,310,311,-1,311,310,312,-1,305,313,307,-1,307,313,314,-1,307,314,315,-1,315,314,316,-1,315,316,317,-1,317,316,318,-1,317,318,312,-1,312,318,319,-1,312,319,311,-1,320,321,322,-1,323,324,325,-1,320,322,326,-1,326,322,327,-1,326,327,325,-1,325,327,328,-1,325,328,323,-1,329,330,317,-1,331,332,315,-1,329,317,333,-1,323,334,324,-1,324,334,335,-1,324,335,317,-1,317,335,336,-1,317,336,333,-1,315,337,320,-1,320,337,338,-1,320,338,321,-1,332,339,315,-1,315,339,340,-1,315,340,337,-1,330,341,317,-1,317,341,342,-1,317,342,315,-1,315,342,343,-1,315,343,331,-1,325,344,345,-1,345,344,346,-1,347,348,349,-1,349,348,350,-1,350,348,351,-1,351,348,352,-1,351,352,353,-1,353,352,354,-1,353,354,8,-1,8,354,355,-1,8,355,6,-1,356,357,358,-1,345,354,325,-1,325,354,352,-1,325,352,326,-1,326,352,359,-1,326,359,358,-1,358,359,360,-1,358,360,356,-1,346,344,361,-1,361,344,362,-1,361,362,356,-1,363,364,365,-1,365,364,366,-1,365,366,367,-1,368,369,362,-1,362,369,370,-1,362,370,371,-1,372,373,357,-1,373,374,357,-1,357,374,375,-1,357,375,376,-1,377,378,379,-1,379,378,372,-1,379,372,380,-1,381,382,372,-1,372,382,383,-1,372,383,380,-1,384,385,372,-1,372,385,386,-1,372,386,387,-1,388,389,390,-1,391,392,379,-1,379,392,393,-1,379,393,377,-1,356,362,357,-1,357,362,371,-1,357,371,372,-1,372,371,394,-1,372,394,384,-1,387,395,372,-1,372,395,396,-1,372,396,381,-1,388,390,379,-1,379,390,397,-1,379,397,391,-1,398,399,400,-1,400,399,401,-1,401,399,402,-1,401,402,368,-1,398,403,404,-1,404,403,405,-1,406,407,403,-1,403,407,408,-1,403,408,405,-1,409,410,411,-1,412,413,414,-1,414,413,415,-1,414,415,403,-1,403,415,416,-1,403,416,406,-1,417,418,419,-1,419,418,420,-1,419,420,421,-1,422,423,206,-1,206,423,424,-1,206,424,419,-1,419,424,425,-1,419,425,417,-1,376,422,253,-1,253,422,206,-1,253,206,251,-1,251,206,229,-1,251,229,225,-1,225,229,426,-1,225,426,226,-1,13,193,14,-1,14,193,197,-1,14,197,246,-1,246,197,427,-1,246,427,201,-1,201,427,428,-1,201,428,202,-1,429,430,431,-1,174,172,432,-1,432,172,433,-1,432,433,185,-1,185,433,431,-1,185,431,184,-1,184,431,430,-1,184,430,434,-1,435,436,437,-1,431,438,429,-1,429,438,439,-1,429,439,440,-1,440,439,435,-1,440,435,441,-1,441,435,437,-1,442,443,11,-1,249,11,261,-1,261,11,443,-1,261,443,438,-1,438,443,444,-1,438,444,439,-1,445,446,442,-1,447,448,449,-1,449,448,450,-1,449,450,445,-1,445,442,449,-1,449,442,11,-1,449,11,451,-1,451,11,248,-1,451,248,452,-1,451,453,449,-1,449,453,454,-1,449,454,455,-1,456,457,458,-1,458,457,459,-1,458,459,248,-1,248,459,460,-1,248,460,452,-1,455,461,449,-1,449,461,462,-1,449,462,447,-1,463,464,465,-1,463,465,434,-1,464,466,465,-1,465,466,467,-1,465,467,458,-1,458,467,468,-1,458,468,456,-1,469,64,470,-1,470,64,61,-1,470,61,471,-1,471,61,53,-1,471,53,472,-1,472,53,20,-1,472,20,473,-1,473,20,47,-1,473,47,474,-1,474,47,37,-1,474,37,475,-1,475,37,31,-1,476,477,411,-1,411,477,478,-1,479,414,23,-1,410,412,411,-1,411,412,414,-1,411,414,476,-1,476,414,479,-1,476,479,480,-1,5,411,3,-1,3,411,478,-1,3,478,23,-1,23,478,481,-1,23,481,479,-1,482,483,5,-1,482,484,483,-1,483,484,485,-1,483,485,486,-1,487,488,489,-1,489,488,484,-1,489,484,490,-1,490,484,482,-1,490,482,491,-1,491,482,492,-1,2,483,0,-1,0,483,486,-1,0,486,4,-1,4,486,493,-1,4,493,5,-1,5,493,494,-1,5,494,482,-1,398,400,403,-1,403,400,495,-1,403,495,414,-1,414,495,34,-1,414,34,23,-1,23,34,33,-1,23,33,24,-1,2,201,483,-1,483,201,198,-1,483,198,5,-1,5,198,206,-1,5,206,411,-1,411,206,419,-1,411,419,409,-1,409,419,421,-1,376,253,357,-1,357,253,261,-1,357,261,358,-1,358,261,438,-1,358,438,326,-1,326,438,431,-1,326,431,320,-1,320,431,433,-1,320,433,315,-1,315,433,172,-1,315,172,307,-1,434,465,184,-1,184,465,496,-1,184,496,171,-1,171,496,497,-1,171,497,170,-1,368,362,401,-1,401,362,344,-1,401,344,498,-1,498,344,325,-1,498,325,499,-1,499,325,324,-1,499,324,500,-1,500,324,317,-1,500,317,501,-1,501,317,312,-1,501,312,502,-1,502,312,310,-1,502,310,503,-1,504,505,170,-1,506,507,508,-1,509,510,505,-1,505,510,511,-1,505,511,170,-1,170,511,512,-1,311,308,309,-1,309,308,307,-1,309,307,507,-1,507,307,172,-1,507,172,508,-1,508,172,513,-1,514,515,513,-1,513,515,516,-1,513,516,517,-1,518,172,519,-1,519,172,170,-1,519,170,520,-1,520,170,512,-1,520,512,521,-1,521,512,522,-1,518,523,172,-1,172,523,524,-1,172,524,513,-1,513,524,525,-1,513,525,514,-1,526,527,512,-1,512,527,528,-1,512,528,522,-1,517,529,513,-1,513,529,530,-1,513,530,512,-1,512,530,531,-1,512,531,526,-1,508,504,506,-1,506,504,170,-1,506,170,366,-1,366,170,497,-1,366,497,367,-1,367,497,496,-1,367,496,532,-1,532,496,465,-1,532,465,533,-1,533,465,458,-1,533,458,534,-1,534,458,248,-1,534,248,535,-1,535,248,246,-1,535,246,536,-1,536,246,201,-1,536,201,537,-1,537,201,2,-1,537,2,538,-1,538,2,1,-1,538,1,67,-1,67,1,78,-1,67,78,68,-1,539,540,541,-1,541,540,542,-1,543,544,545,-1,545,544,546,-1,547,548,549,-1,549,548,550,-1,551,552,553,-1,553,552,554,-1,555,556,557,-1,557,556,558,-1,559,560,561,-1,561,560,562,-1,563,564,565,-1,565,564,566,-1,567,568,569,-1,569,568,570,-1,571,572,573,-1,573,572,574,-1,575,576,577,-1,577,576,578,-1,579,580,581,-1,581,580,582,-1,583,584,585,-1,585,584,586,-1,587,588,589,-1,589,588,590,-1,591,592,593,-1,593,592,594,-1,595,596,597,-1,597,596,598,-1,599,600,601,-1,601,600,602,-1,603,604,605,-1,605,604,606,-1,607,608,609,-1,609,608,610,-1,611,612,613,-1,613,612,614,-1,615,616,617,-1,617,616,618,-1,619,620,621,-1,621,620,622,-1,623,624,625,-1,625,624,626,-1,627,628,629,-1,629,628,630,-1,631,632,633,-1,633,632,634,-1,635,636,637,-1,637,636,638,-1,639,640,641,-1,641,640,642,-1,643,644,645,-1,645,644,646,-1,647,648,649,-1,649,648,650,-1,651,652,653,-1,653,652,654,-1,655,656,657,-1,657,656,658,-1,659,660,661,-1,661,660,662,-1,663,664,665,-1,665,664,666,-1,667,364,668,-1,668,364,363,-1,669,670,667,-1,667,670,671,-1,671,672,667,-1,667,672,673,-1,667,673,674,-1,674,675,667,-1,667,675,676,-1,667,676,364,-1,676,677,364,-1,364,677,678,-1,364,678,679,-1,679,680,364,-1,364,680,681,-1,364,681,682,-1,682,683,364,-1,364,683,684,-1,364,684,503,-1,685,686,687,-1,687,688,685,-1,685,688,689,-1,685,689,690,-1,690,689,691,-1,690,691,692,-1,692,691,669,-1,692,669,693,-1,693,669,667,-1,693,667,668,-1,
        ]
    }
}
Shape{
    appearance Appearance {
        material  Material 	{
            diffuseColor 0.14901960784313725 0.14901960784313725 0.14901960784313725
            specularColor 0.07450980392156863 0.07450980392156863 0.07450980392156863
            ambientIntensity 0.149
            transparency 0.0
            shininess 0.5
        }
    }
    geometry IndexedFaceSet {
        ccw TRUE
        solid FALSE
        coord DEF co Coordinate {
            point [
                8.0785 -0.9843 3.3465, 7.9368 -0.9843 3.3465, 8.0785 -0.9843 0.0, 6.9998 -0.9843 3.3465, 5.9998 -0.9843 3.3465, 4.9998 -0.9843 3.3465, 3.9998 -0.9843 3.3465, 2.9998 -0.9843 3.3465, 1.9998 -0.9843 3.3465, -8.0789 -0.9843 0.0, -0.0002 -0.9843 3.3465, -1.0002 -0.9843 3.3465, -2.0002 -0.9843 3.3465, -3.0002 -0.9843 3.3465, -4.0002 -0.9843 3.3465, -5.0002 -0.9843 3.3465, -6.0002 -0.9843 3.3465, -7.0002 -0.9843 3.3465, -8.0789 -0.9843 3.3465
            ]
        }
        coordIndex [
            0,1,2,-1,2,1,3,-1,3,4,2,-1,2,4,5,-1,2,5,6,-1,6,7,2,-1,2,7,8,-1,2,8,9,-1,8,10,9,-1,9,10,11,-1,9,11,12,-1,12,13,9,-1,9,13,14,-1,9,14,15,-1,15,16,9,-1,9,16,17,-1,9,17,18,-1,
        ]
    }
}
Shape{
    appearance Appearance {
        material  Material 	{
            diffuseColor 0.2235294117647059 0.2235294117647059 0.2235294117647059
            specularColor 0.11372549019607843 0.11372549019607843 0.11372549019607843
            ambientIntensity 0.2235
            transparency 0.0
            shininess 0.5
        }
    }
    geometry IndexedFaceSet {
        ccw TRUE
        solid FALSE
        coord DEF co Coordinate {
            point [
                7.9368 -0.9843 3.3465, 8.0785 -0.9843 3.3465, 8.0785 -0.8898 3.3465, -8.0789 -0.8898 3.3465, -8.0789 -0.9843 3.3465, -7.0002 -0.8898 3.3465, -7.0002 -0.9843 3.3465, -6.0002 -0.8898 3.3465, -6.0002 -0.9843 3.3465, -5.0002 -0.8898 3.3465, -5.0002 -0.9843 3.3465, -4.0002 -0.8898 3.3465, -4.0002 -0.9843 3.3465, -3.0002 -0.8898 3.3465, -3.0002 -0.9843 3.3465, -2.0002 -0.8898 3.3465, -2.0002 -0.9843 3.3465, -1.0002 -0.8898 3.3465, -1.0002 -0.9843 3.3465, -0.0002 -0.8898 3.3465, 7.9368 -0.8898 3.3465, 6.9998 -0.9843 3.3465, 6.9998 -0.8898 3.3465, 5.9998 -0.9843 3.3465, 5.9998 -0.8898 3.3465, 4.9998 -0.9843 3.3465, 4.9998 -0.8898 3.3465, 3.9998 -0.9843 3.3465, 3.9998 -0.8898 3.3465, 2.9998 -0.9843 3.3465, 2.9998 -0.8898 3.3465, 1.9998 -0.9843 3.3465, 1.9998 -0.8898 3.3465, -0.0002 -0.9843 3.3465, -7.2049 -0.2047 3.3465, -7.0002 0.0 3.3465, -7.7955 -0.2047 3.3465, -8.0789 0.0 3.3465, -7.7955 -0.7953 3.3465, -7.2049 -0.7953 3.3465, -6.2049 -0.2047 3.3465, -6.0002 0.0 3.3465, -6.7955 -0.2047 3.3465, -6.7955 -0.7953 3.3465, -6.2049 -0.7953 3.3465, -5.2049 -0.2047 3.3465, -5.0002 0.0 3.3465, -5.7955 -0.2047 3.3465, -5.7955 -0.7953 3.3465, -5.2049 -0.7953 3.3465, -4.2049 -0.2047 3.3465, -4.0002 0.0 3.3465, -4.7955 -0.2047 3.3465, -4.7955 -0.7953 3.3465, -4.2049 -0.7953 3.3465, -3.2049 -0.2047 3.3465, -3.0002 0.0 3.3465, -3.7955 -0.2047 3.3465, -3.7955 -0.7953 3.3465, -3.2049 -0.7953 3.3465, -2.2049 -0.2047 3.3465, -2.0002 0.0 3.3465, -2.7955 -0.2047 3.3465, -2.7955 -0.7953 3.3465, -2.2049 -0.7953 3.3465, -1.2049 -0.2047 3.3465, -1.0002 0.0 3.3465, -1.7955 -0.2047 3.3465, -1.7955 -0.7953 3.3465, -1.2049 -0.7953 3.3465, -0.2049 -0.2047 3.3465, -0.0002 0.0 3.3465, -0.7955 -0.2047 3.3465, -0.7955 -0.7953 3.3465, -0.2049 -0.7953 3.3465, 0.7951 -0.7953 3.3465, 0.2045 -0.7953 3.3465, 0.2045 -0.2047 3.3465, 0.7951 -0.2047 3.3465, 1.7951 -0.7953 3.3465, 1.2045 -0.7953 3.3465, 1.7951 -0.2047 3.3465, 1.9998 0.0 3.3465, 1.2045 -0.2047 3.3465, 2.7951 -0.2047 3.3465, 2.9998 0.0 3.3465, 2.2045 -0.2047 3.3465, 2.2045 -0.7953 3.3465, 2.7951 -0.7953 3.3465, 3.7951 -0.2047 3.3465, 3.9998 0.0 3.3465, 3.2045 -0.2047 3.3465, 3.2045 -0.7953 3.3465, 3.7951 -0.7953 3.3465, 4.7951 -0.2047 3.3465, 4.9998 0.0 3.3465, 4.2045 -0.2047 3.3465, 4.2045 -0.7953 3.3465, 4.7951 -0.7953 3.3465, 5.7951 -0.2047 3.3465, 5.9998 0.0 3.3465, 5.2045 -0.2047 3.3465, 5.2045 -0.7953 3.3465, 5.7951 -0.7953 3.3465, 6.7951 -0.2047 3.3465, 6.9998 0.0 3.3465, 6.2045 -0.2047 3.3465, 6.2045 -0.7953 3.3465, 6.7951 -0.7953 3.3465, 7.7951 -0.2047 3.3465, 7.9368 0.0 3.3465, 7.2045 -0.2047 3.3465, 7.2045 -0.7953 3.3465, 7.7951 -0.7953 3.3465, -7.7955 0.2047 3.3465, -7.2049 0.2047 3.3465, -7.2049 0.7953 3.3465, -7.0002 0.9843 3.3465, -7.7955 0.7953 3.3465, -8.0789 0.9843 3.3465, -6.7955 0.2047 3.3465, -6.2049 0.2047 3.3465, -6.2049 0.7953 3.3465, -6.0002 0.9843 3.3465, -6.7955 0.7953 3.3465, -5.7955 0.2047 3.3465, -5.2049 0.2047 3.3465, -5.2049 0.7953 3.3465, -5.0002 0.9843 3.3465, -5.7955 0.7953 3.3465, -4.7955 0.2047 3.3465, -4.2049 0.2047 3.3465, -4.2049 0.7953 3.3465, -4.0002 0.9843 3.3465, -4.7955 0.7953 3.3465, -3.7955 0.2047 3.3465, -3.2049 0.2047 3.3465, -3.2049 0.7953 3.3465, -3.0002 0.9843 3.3465, -3.7955 0.7953 3.3465, -2.7955 0.2047 3.3465, -2.2049 0.2047 3.3465, -2.2049 0.7953 3.3465, -2.0002 0.9843 3.3465, -2.7955 0.7953 3.3465, -1.7955 0.2047 3.3465, -1.2049 0.2047 3.3465, -1.2049 0.7953 3.3465, -1.0002 0.9843 3.3465, -1.7955 0.7953 3.3465, -0.7955 0.2047 3.3465, -0.2049 0.2047 3.3465, -0.2049 0.7953 3.3465, -0.0002 0.9843 3.3465, -0.7955 0.7953 3.3465, 1.2045 0.7953 3.3465, 1.7951 0.7953 3.3465, 1.9998 0.9843 3.3465, 0.2045 0.7953 3.3465, 0.7951 0.7953 3.3465, 1.7951 0.2047 3.3465, 1.2045 0.2047 3.3465, 0.2045 0.2047 3.3465, 0.7951 0.2047 3.3465, 2.2045 0.2047 3.3465, 2.7951 0.2047 3.3465, 2.7951 0.7953 3.3465, 2.9998 0.9843 3.3465, 2.2045 0.7953 3.3465, 3.2045 0.2047 3.3465, 3.7951 0.2047 3.3465, 3.7951 0.7953 3.3465, 3.9998 0.9843 3.3465, 3.2045 0.7953 3.3465, 4.2045 0.2047 3.3465, 4.7951 0.2047 3.3465, 4.7951 0.7953 3.3465, 4.9998 0.9843 3.3465, 4.2045 0.7953 3.3465, 5.2045 0.2047 3.3465, 5.7951 0.2047 3.3465, 5.7951 0.7953 3.3465, 5.9998 0.9843 3.3465, 5.2045 0.7953 3.3465, 6.2045 0.2047 3.3465, 6.7951 0.2047 3.3465, 6.7951 0.7953 3.3465, 6.9998 0.9843 3.3465, 6.2045 0.7953 3.3465, 7.2045 0.2047 3.3465, 7.7951 0.2047 3.3465, 7.7951 0.7953 3.3465, 7.9368 0.9843 3.3465, 7.2045 0.7953 3.3465, 8.0785 0.0 3.3465, 8.0785 0.9843 3.3465, 8.0785 -0.9843 0.0, -8.0789 -0.9843 0.0, 8.0785 -0.7874 0.0, -8.0789 -0.7874 0.0, 8.0785 0.7874 0.1969, 6.9998 0.7874 0.1969, 8.0785 0.7874 0.0, 5.9998 0.7874 0.1969, 4.9998 0.7874 0.1969, 3.9998 0.7874 0.1969, 2.9998 0.7874 0.1969, 1.9998 0.7874 0.1969, 0.9998 0.7874 0.1969, -8.0789 0.7874 0.0, -0.0002 0.7874 0.1969, -2.0002 0.7874 0.1969, -3.0002 0.7874 0.1969, -4.0002 0.7874 0.1969, -5.0002 0.7874 0.1969, -6.0002 0.7874 0.1969, -7.0002 0.7874 0.1969, -7.9372 0.7874 0.1969, -8.0789 0.7874 0.1969, -8.0789 0.7224 0.1969, -7.9372 0.7224 0.1969, -8.0789 0.0 0.1969, -7.9372 0.0 0.1969, -8.0789 -0.7874 0.1969, -7.9372 -0.7874 0.1969, -7.2049 -0.6575 0.1969, -7.0002 -0.7874 0.1969, -7.7955 -0.6575 0.1969, -7.7955 -0.3425 0.1969, -7.2049 -0.3425 0.1969, -7.0002 0.0 0.1969, -7.2049 0.3425 0.1969, -7.7955 0.3425 0.1969, -7.7955 0.6575 0.1969, -7.2049 0.6575 0.1969, -7.0002 0.7224 0.1969, -6.2049 -0.6575 0.1969, -6.0002 -0.7874 0.1969, -6.7955 -0.6575 0.1969, -6.7955 -0.3425 0.1969, -6.2049 -0.3425 0.1969, -6.0002 0.0 0.1969, -6.2049 0.3425 0.1969, -6.7955 0.3425 0.1969, -6.7955 0.6575 0.1969, -6.2049 0.6575 0.1969, -6.0002 0.7224 0.1969, -5.2049 -0.6575 0.1969, -5.0002 -0.7874 0.1969, -5.7955 -0.6575 0.1969, -5.7955 -0.3425 0.1969, -5.2049 -0.3425 0.1969, -5.0002 0.0 0.1969, -5.2049 0.3425 0.1969, -5.7955 0.3425 0.1969, -5.7955 0.6575 0.1969, -5.2049 0.6575 0.1969, -5.0002 0.7224 0.1969, -4.2049 -0.6575 0.1969, -4.0002 -0.7874 0.1969, -4.7955 -0.6575 0.1969, -4.7955 -0.3425 0.1969, -4.2049 -0.3425 0.1969, -4.0002 0.0 0.1969, -4.2049 0.3425 0.1969, -4.7955 0.3425 0.1969, -4.7955 0.6575 0.1969, -4.2049 0.6575 0.1969, -4.0002 0.7224 0.1969, -3.2049 -0.6575 0.1969, -3.0002 -0.7874 0.1969, -3.7955 -0.6575 0.1969, -3.7955 -0.3425 0.1969, -3.2049 -0.3425 0.1969, -3.0002 0.0 0.1969, -3.2049 0.3425 0.1969, -3.7955 0.3425 0.1969, -3.7955 0.6575 0.1969, -3.2049 0.6575 0.1969, -3.0002 0.7224 0.1969, -2.2049 -0.6575 0.1969, -2.0002 -0.7874 0.1969, -2.7955 -0.6575 0.1969, -2.7955 -0.3425 0.1969, -2.2049 -0.3425 0.1969, -2.0002 0.0 0.1969, -2.2049 0.3425 0.1969, -2.7955 0.3425 0.1969, -2.7955 0.6575 0.1969, -2.2049 0.6575 0.1969, -2.0002 0.7224 0.1969, -0.0002 0.0 0.1969, -0.2049 -0.3425 0.1969, -0.7955 -0.3425 0.1969, -1.2049 -0.3425 0.1969, -1.7955 -0.3425 0.1969, -0.2049 -0.6575 0.1969, -0.0002 -0.7874 0.1969, -0.7955 -0.6575 0.1969, -1.7955 -0.6575 0.1969, -1.2049 -0.6575 0.1969, -1.2049 0.6575 0.1969, -1.7955 0.6575 0.1969, -1.7955 0.3425 0.1969, -1.2049 0.3425 0.1969, -0.0002 0.7224 0.1969, -0.7955 0.6575 0.1969, -0.7955 0.3425 0.1969, -0.2049 0.3425 0.1969, -0.2049 0.6575 0.1969, 0.7951 -0.6575 0.1969, 0.9998 -0.7874 0.1969, 0.2045 -0.6575 0.1969, 0.2045 -0.3425 0.1969, 0.7951 -0.3425 0.1969, 0.9998 0.0 0.1969, 0.7951 0.3425 0.1969, 0.2045 0.3425 0.1969, 0.2045 0.6575 0.1969, 0.7951 0.6575 0.1969, 0.9998 0.7224 0.1969, 1.7951 -0.6575 0.1969, 1.9998 -0.7874 0.1969, 1.2045 -0.6575 0.1969, 1.2045 -0.3425 0.1969, 1.7951 -0.3425 0.1969, 1.9998 0.0 0.1969, 1.7951 0.3425 0.1969, 1.2045 0.3425 0.1969, 1.2045 0.6575 0.1969, 1.7951 0.6575 0.1969, 1.9998 0.7224 0.1969, 2.7951 -0.6575 0.1969, 2.9998 -0.7874 0.1969, 2.2045 -0.6575 0.1969, 2.2045 -0.3425 0.1969, 2.7951 -0.3425 0.1969, 2.9998 0.0 0.1969, 2.7951 0.3425 0.1969, 2.2045 0.3425 0.1969, 2.2045 0.6575 0.1969, 2.7951 0.6575 0.1969, 2.9998 0.7224 0.1969, 3.7951 -0.6575 0.1969, 3.9998 -0.7874 0.1969, 3.2045 -0.6575 0.1969, 3.2045 -0.3425 0.1969, 3.7951 -0.3425 0.1969, 3.9998 0.0 0.1969, 3.9998 0.7224 0.1969, 3.7951 0.6575 0.1969, 3.2045 0.6575 0.1969, 3.7951 0.3425 0.1969, 3.2045 0.3425 0.1969, 4.7951 -0.6575 0.1969, 4.9998 -0.7874 0.1969, 4.2045 -0.6575 0.1969, 4.2045 -0.3425 0.1969, 4.7951 -0.3425 0.1969, 4.9998 0.0 0.1969, 4.7951 0.3425 0.1969, 4.2045 0.3425 0.1969, 4.2045 0.6575 0.1969, 4.7951 0.6575 0.1969, 4.9998 0.7224 0.1969, 5.7951 -0.6575 0.1969, 5.9998 -0.7874 0.1969, 5.2045 -0.6575 0.1969, 5.2045 -0.3425 0.1969, 5.7951 -0.3425 0.1969, 5.9998 0.0 0.1969, 5.7951 0.3425 0.1969, 5.2045 0.3425 0.1969, 5.2045 0.6575 0.1969, 5.7951 0.6575 0.1969, 5.9998 0.7224 0.1969, 6.7951 -0.6575 0.1969, 6.9998 -0.7874 0.1969, 6.2045 -0.6575 0.1969, 6.2045 -0.3425 0.1969, 6.7951 -0.3425 0.1969, 6.9998 0.0 0.1969, 6.7951 0.3425 0.1969, 6.2045 0.3425 0.1969, 6.2045 0.6575 0.1969, 6.7951 0.6575 0.1969, 6.9998 0.7224 0.1969, 7.7951 -0.6575 0.1969, 8.0785 -0.7874 0.1969, 7.2045 -0.6575 0.1969, 7.2045 -0.3425 0.1969, 7.7951 -0.3425 0.1969, 8.0785 0.0 0.1969, 7.7951 0.3425 0.1969, 7.2045 0.3425 0.1969, 7.2045 0.6575 0.1969, 7.7951 0.6575 0.1969, 8.0785 0.7224 0.1969, -7.6577 -0.3425 2.9528, -7.6577 -0.3425 3.2087, -7.6577 -0.6575 2.9528, -7.6577 -0.6575 3.2087, -7.7955 -0.3425 2.9528, -7.2049 -0.3425 2.9528, -7.3427 -0.3425 2.9528, -7.3427 -0.3425 3.2087, -7.3427 -0.6575 2.9528, -7.3427 -0.6575 3.2087, -7.2049 -0.6575 2.9528, -7.7955 -0.6575 2.9528, -7.7955 0.3425 2.9528, -7.6577 0.3425 2.9528, -7.2049 0.3425 2.9528, -7.3427 0.3425 2.9528, -7.3427 0.3425 3.2087, -7.6577 0.3425 3.2087, -7.2049 0.6575 2.9528, -7.3427 0.6575 2.9528, -7.7955 0.6575 2.9528, -7.6577 0.6575 2.9528, -7.6577 0.6575 3.2087, -7.3427 0.6575 3.2087, -7.7955 0.4213 0.3937, -7.7955 0.4213 1.8386, -7.7955 0.5787 0.3937, -7.7955 0.5787 1.8386, -7.2049 0.5787 1.8386, -7.2049 0.4213 1.8386, -7.2049 0.4213 0.3937, -7.2049 0.5787 0.3937, -7.2049 -0.4213 0.3937, -7.2049 -0.4213 1.8386, -7.2049 -0.5787 0.3937, -7.2049 -0.5787 1.8386, -7.7955 -0.5787 0.3937, -7.7955 -0.5787 1.8386, -7.7955 -0.4213 0.3937, -7.7955 -0.4213 1.8386
            ]
        }
        coordIndex [
            0,1,2,-1,3,4,5,-1,5,4,6,-1,5,6,7,-1,7,6,8,-1,7,8,9,-1,9,8,10,-1,9,10,11,-1,11,10,12,-1,11,12,13,-1,13,12,14,-1,13,14,15,-1,15,14,16,-1,15,16,17,-1,17,16,18,-1,17,18,19,-1,0,20,21,-1,21,20,22,-1,21,22,23,-1,23,22,24,-1,23,24,25,-1,25,24,26,-1,25,26,27,-1,27,26,28,-1,27,28,29,-1,29,28,30,-1,29,30,31,-1,31,30,32,-1,31,32,33,-1,34,35,36,-1,36,35,37,-1,36,37,38,-1,38,37,3,-1,38,3,39,-1,39,3,5,-1,39,5,34,-1,34,5,35,-1,40,41,42,-1,42,41,35,-1,42,35,43,-1,43,35,5,-1,43,5,44,-1,44,5,7,-1,44,7,40,-1,40,7,41,-1,45,46,47,-1,47,46,41,-1,47,41,48,-1,48,41,7,-1,48,7,49,-1,49,7,9,-1,49,9,45,-1,45,9,46,-1,50,51,52,-1,52,51,46,-1,52,46,53,-1,53,46,9,-1,53,9,54,-1,54,9,11,-1,54,11,50,-1,50,11,51,-1,55,56,57,-1,57,56,51,-1,57,51,58,-1,58,51,11,-1,58,11,59,-1,59,11,13,-1,59,13,55,-1,55,13,56,-1,60,61,62,-1,62,61,56,-1,62,56,63,-1,63,56,13,-1,63,13,64,-1,64,13,15,-1,64,15,60,-1,60,15,61,-1,65,66,67,-1,67,66,61,-1,67,61,68,-1,68,61,15,-1,68,15,69,-1,69,15,17,-1,69,17,65,-1,65,17,66,-1,70,71,72,-1,72,71,66,-1,72,66,73,-1,73,66,17,-1,73,17,74,-1,74,17,19,-1,74,19,70,-1,70,19,71,-1,75,76,19,-1,19,76,71,-1,71,76,77,-1,71,77,78,-1,32,79,80,-1,18,33,19,-1,19,33,32,-1,19,32,75,-1,75,32,80,-1,75,80,78,-1,79,32,81,-1,81,32,82,-1,81,82,83,-1,84,85,86,-1,86,85,82,-1,86,82,87,-1,87,82,32,-1,87,32,88,-1,88,32,30,-1,88,30,84,-1,84,30,85,-1,89,90,91,-1,91,90,85,-1,91,85,92,-1,92,85,30,-1,92,30,93,-1,93,30,28,-1,93,28,89,-1,89,28,90,-1,94,95,96,-1,96,95,90,-1,96,90,97,-1,97,90,28,-1,97,28,98,-1,98,28,26,-1,98,26,94,-1,94,26,95,-1,99,100,101,-1,101,100,95,-1,101,95,102,-1,102,95,26,-1,102,26,103,-1,103,26,24,-1,103,24,99,-1,99,24,100,-1,104,105,106,-1,106,105,100,-1,106,100,107,-1,107,100,24,-1,107,24,108,-1,108,24,22,-1,108,22,104,-1,104,22,105,-1,109,110,111,-1,111,110,105,-1,111,105,112,-1,112,105,22,-1,112,22,113,-1,113,22,20,-1,113,20,109,-1,109,20,110,-1,114,37,115,-1,115,37,35,-1,115,35,116,-1,116,35,117,-1,116,117,118,-1,118,117,119,-1,118,119,114,-1,114,119,37,-1,120,35,121,-1,121,35,41,-1,121,41,122,-1,122,41,123,-1,122,123,124,-1,124,123,117,-1,124,117,120,-1,120,117,35,-1,125,41,126,-1,126,41,46,-1,126,46,127,-1,127,46,128,-1,127,128,129,-1,129,128,123,-1,129,123,125,-1,125,123,41,-1,130,46,131,-1,131,46,51,-1,131,51,132,-1,132,51,133,-1,132,133,134,-1,134,133,128,-1,134,128,130,-1,130,128,46,-1,135,51,136,-1,136,51,56,-1,136,56,137,-1,137,56,138,-1,137,138,139,-1,139,138,133,-1,139,133,135,-1,135,133,51,-1,140,56,141,-1,141,56,61,-1,141,61,142,-1,142,61,143,-1,142,143,144,-1,144,143,138,-1,144,138,140,-1,140,138,56,-1,145,61,146,-1,146,61,66,-1,146,66,147,-1,147,66,148,-1,147,148,149,-1,149,148,143,-1,149,143,145,-1,145,143,61,-1,150,66,151,-1,151,66,71,-1,151,71,152,-1,152,71,153,-1,152,153,154,-1,154,153,148,-1,154,148,150,-1,150,148,66,-1,155,156,157,-1,153,158,159,-1,157,156,82,-1,82,156,160,-1,82,160,161,-1,158,153,162,-1,162,153,71,-1,162,71,163,-1,80,83,78,-1,78,83,82,-1,78,82,71,-1,71,82,161,-1,71,161,163,-1,163,161,155,-1,163,155,159,-1,159,155,157,-1,159,157,153,-1,164,82,165,-1,165,82,85,-1,165,85,166,-1,166,85,167,-1,166,167,168,-1,168,167,157,-1,168,157,164,-1,164,157,82,-1,169,85,170,-1,170,85,90,-1,170,90,171,-1,171,90,172,-1,171,172,173,-1,173,172,167,-1,173,167,169,-1,169,167,85,-1,174,90,175,-1,175,90,95,-1,175,95,176,-1,176,95,177,-1,176,177,178,-1,178,177,172,-1,178,172,174,-1,174,172,90,-1,179,95,180,-1,180,95,100,-1,180,100,181,-1,181,100,182,-1,181,182,183,-1,183,182,177,-1,183,177,179,-1,179,177,95,-1,184,100,185,-1,185,100,105,-1,185,105,186,-1,186,105,187,-1,186,187,188,-1,188,187,182,-1,188,182,184,-1,184,182,100,-1,189,105,190,-1,190,105,110,-1,190,110,191,-1,191,110,192,-1,191,192,193,-1,193,192,187,-1,193,187,189,-1,189,187,105,-1,0,2,20,-1,20,2,194,-1,20,194,110,-1,110,194,195,-1,110,195,192,-1,196,197,198,-1,198,197,199,-1,200,201,202,-1,202,201,203,-1,203,204,202,-1,202,204,205,-1,202,205,206,-1,206,207,202,-1,202,207,208,-1,202,208,209,-1,208,210,209,-1,209,210,211,-1,209,211,212,-1,212,213,209,-1,209,213,214,-1,209,214,215,-1,215,216,209,-1,209,216,217,-1,209,217,218,-1,219,218,217,-1,219,220,221,-1,221,220,222,-1,221,222,223,-1,223,222,224,-1,225,226,227,-1,227,226,224,-1,227,224,228,-1,228,224,222,-1,228,222,229,-1,229,222,230,-1,229,230,225,-1,225,230,226,-1,231,230,232,-1,232,230,222,-1,232,222,233,-1,233,222,220,-1,233,220,234,-1,234,220,235,-1,234,235,231,-1,231,235,230,-1,236,237,238,-1,238,237,226,-1,238,226,239,-1,239,226,230,-1,239,230,240,-1,240,230,241,-1,240,241,236,-1,236,241,237,-1,242,241,243,-1,243,241,230,-1,243,230,244,-1,244,230,235,-1,244,235,245,-1,245,235,246,-1,245,246,242,-1,242,246,241,-1,247,248,249,-1,249,248,237,-1,249,237,250,-1,250,237,241,-1,250,241,251,-1,251,241,252,-1,251,252,247,-1,247,252,248,-1,253,252,254,-1,254,252,241,-1,254,241,255,-1,255,241,246,-1,255,246,256,-1,256,246,257,-1,256,257,253,-1,253,257,252,-1,258,259,260,-1,260,259,248,-1,260,248,261,-1,261,248,252,-1,261,252,262,-1,262,252,263,-1,262,263,258,-1,258,263,259,-1,264,263,265,-1,265,263,252,-1,265,252,266,-1,266,252,257,-1,266,257,267,-1,267,257,268,-1,267,268,264,-1,264,268,263,-1,269,270,271,-1,271,270,259,-1,271,259,272,-1,272,259,263,-1,272,263,273,-1,273,263,274,-1,273,274,269,-1,269,274,270,-1,275,274,276,-1,276,274,263,-1,276,263,277,-1,277,263,268,-1,277,268,278,-1,278,268,279,-1,278,279,275,-1,275,279,274,-1,280,281,282,-1,282,281,270,-1,282,270,283,-1,283,270,274,-1,283,274,284,-1,284,274,285,-1,284,285,280,-1,280,285,281,-1,286,285,287,-1,287,285,274,-1,287,274,288,-1,288,274,279,-1,288,279,289,-1,289,279,290,-1,289,290,286,-1,291,292,293,-1,294,295,285,-1,292,291,296,-1,296,291,297,-1,296,297,298,-1,285,295,281,-1,281,295,299,-1,281,299,300,-1,301,302,290,-1,286,290,285,-1,285,290,302,-1,285,302,303,-1,297,281,298,-1,298,281,300,-1,298,300,293,-1,293,300,294,-1,293,294,291,-1,291,294,285,-1,291,285,304,-1,304,285,303,-1,290,305,301,-1,301,305,306,-1,301,306,304,-1,304,306,307,-1,304,307,291,-1,291,307,308,-1,291,308,305,-1,305,308,309,-1,305,309,306,-1,310,311,312,-1,312,311,297,-1,312,297,313,-1,313,297,291,-1,313,291,314,-1,314,291,315,-1,314,315,310,-1,310,315,311,-1,316,315,317,-1,317,315,291,-1,317,291,318,-1,318,291,305,-1,318,305,319,-1,319,305,320,-1,319,320,316,-1,316,320,315,-1,321,322,323,-1,323,322,311,-1,323,311,324,-1,324,311,315,-1,324,315,325,-1,325,315,326,-1,325,326,321,-1,321,326,322,-1,327,326,328,-1,328,326,315,-1,328,315,329,-1,329,315,320,-1,329,320,330,-1,330,320,331,-1,330,331,327,-1,327,331,326,-1,332,333,334,-1,334,333,322,-1,334,322,335,-1,335,322,326,-1,335,326,336,-1,336,326,337,-1,336,337,332,-1,332,337,333,-1,338,337,339,-1,339,337,326,-1,339,326,340,-1,340,326,331,-1,340,331,341,-1,341,331,342,-1,341,342,338,-1,338,342,337,-1,343,344,345,-1,345,344,333,-1,345,333,346,-1,346,333,337,-1,346,337,347,-1,347,337,348,-1,347,348,343,-1,343,348,344,-1,349,350,351,-1,350,349,352,-1,352,349,348,-1,352,348,353,-1,353,348,337,-1,353,337,351,-1,351,337,342,-1,351,342,349,-1,354,355,356,-1,356,355,344,-1,356,344,357,-1,357,344,348,-1,357,348,358,-1,358,348,359,-1,358,359,354,-1,354,359,355,-1,360,359,361,-1,361,359,348,-1,361,348,362,-1,362,348,349,-1,362,349,363,-1,363,349,364,-1,363,364,360,-1,360,364,359,-1,365,366,367,-1,367,366,355,-1,367,355,368,-1,368,355,359,-1,368,359,369,-1,369,359,370,-1,369,370,365,-1,365,370,366,-1,371,370,372,-1,372,370,359,-1,372,359,373,-1,373,359,364,-1,373,364,374,-1,374,364,375,-1,374,375,371,-1,371,375,370,-1,376,377,378,-1,378,377,366,-1,378,366,379,-1,379,366,370,-1,379,370,380,-1,380,370,381,-1,380,381,376,-1,376,381,377,-1,382,381,383,-1,383,381,370,-1,383,370,384,-1,384,370,375,-1,384,375,385,-1,385,375,386,-1,385,386,382,-1,382,386,381,-1,387,388,389,-1,389,388,377,-1,389,377,390,-1,390,377,381,-1,390,381,391,-1,391,381,392,-1,391,392,387,-1,387,392,388,-1,393,392,394,-1,394,392,381,-1,394,381,395,-1,395,381,386,-1,395,386,396,-1,396,386,397,-1,396,397,393,-1,393,397,392,-1,219,217,220,-1,220,217,216,-1,220,216,235,-1,235,216,215,-1,235,215,246,-1,246,215,214,-1,246,214,257,-1,257,214,213,-1,257,213,268,-1,268,213,212,-1,268,212,279,-1,279,212,211,-1,279,211,290,-1,290,211,210,-1,290,210,305,-1,305,210,208,-1,305,208,320,-1,320,208,207,-1,320,207,331,-1,331,207,206,-1,331,206,342,-1,342,206,205,-1,342,205,349,-1,349,205,204,-1,349,204,364,-1,364,204,203,-1,364,203,375,-1,375,203,201,-1,375,201,386,-1,386,201,200,-1,386,200,397,-1,223,224,199,-1,199,224,226,-1,199,226,237,-1,237,248,199,-1,199,248,259,-1,199,259,270,-1,270,281,199,-1,199,281,297,-1,199,297,198,-1,198,297,311,-1,198,311,322,-1,322,333,198,-1,198,333,344,-1,198,344,355,-1,355,366,198,-1,198,366,377,-1,198,377,388,-1,398,399,400,-1,400,399,401,-1,398,402,228,-1,229,403,404,-1,405,399,404,-1,404,399,398,-1,404,398,229,-1,229,398,228,-1,406,407,404,-1,404,407,405,-1,406,408,225,-1,227,409,400,-1,401,407,400,-1,400,407,406,-1,400,406,227,-1,227,406,225,-1,232,410,231,-1,231,410,411,-1,412,231,413,-1,413,231,411,-1,413,411,414,-1,414,411,415,-1,234,416,233,-1,233,416,417,-1,418,233,419,-1,419,233,417,-1,419,417,420,-1,420,417,421,-1,34,405,39,-1,39,405,407,-1,36,399,34,-1,34,399,405,-1,401,38,407,-1,407,38,39,-1,38,401,36,-1,36,401,399,-1,114,415,118,-1,118,415,420,-1,115,414,114,-1,114,414,415,-1,421,116,420,-1,420,116,118,-1,116,421,115,-1,115,421,414,-1,410,418,411,-1,411,418,419,-1,232,422,423,-1,422,232,424,-1,424,232,233,-1,424,233,425,-1,425,233,418,-1,425,418,423,-1,423,418,410,-1,423,410,232,-1,416,412,417,-1,417,412,413,-1,426,416,234,-1,416,426,412,-1,412,426,427,-1,412,427,231,-1,231,427,428,-1,231,428,234,-1,234,428,429,-1,234,429,426,-1,408,406,403,-1,403,406,404,-1,229,430,431,-1,430,229,432,-1,432,229,225,-1,432,225,433,-1,433,225,408,-1,433,408,431,-1,431,408,403,-1,431,403,229,-1,402,398,409,-1,409,398,400,-1,227,434,435,-1,434,227,436,-1,436,227,228,-1,436,228,437,-1,437,228,402,-1,437,402,435,-1,435,402,409,-1,435,409,227,-1,
        ]
    }
}
Shape{
    appearance Appearance {
        material  Material 	{
            diffuseColor 0.9686274509803922 0.8784313725490196 0.6
            specularColor 0.6784313725490196 0.615686274509804 0.4196078431372549
            ambientIntensity 0.8737
            transparency 0.0
            shininess 0.5
        }
    }
    geometry IndexedFaceSet {
        ccw TRUE
        solid FALSE
        coord DEF co Coordinate {
            point [
                -7.7955 0.5787 0.3937, -7.6262 0.5787 0.3937, -7.7955 0.4213 0.3937, -7.6262 0.4213 0.3937, -7.7955 0.4213 1.8386, -7.7452 0.4213 2.7973, -7.7955 0.5787 1.8386, -7.7452 0.5787 2.7973, -7.2049 0.5787 1.8386, -7.2552 0.5787 2.7973, -7.2049 0.4213 1.8386, -7.2552 0.4213 2.7973, -7.2049 0.4213 0.3937, -7.3742 0.4213 0.3937, -7.2049 0.5787 0.3937, -7.3742 0.5787 0.3937, -7.6446 0.5787 1.079, -7.6013 0.5787 1.021, -7.5364 0.5787 0.9885, -7.464 0.5787 0.9885, -7.3991 0.5787 1.021, -7.6708 0.5787 2.8132, -7.6004 0.5787 2.6749, -7.6574 0.5787 1.1504, -7.6262 0.5787 -1.1339, -7.3742 0.5787 -1.1339, -7.5792 0.5787 2.5747, -7.5832 0.5787 2.6262, -7.3911 0.5787 -1.1968, -7.4372 0.5787 -1.243, -7.4212 0.5787 2.5747, -7.343 0.5787 1.1504, -7.3557 0.5787 1.079, -7.6093 0.5787 -1.1968, -7.5632 0.5787 -1.243, -7.5002 0.5787 -1.2598, -7.7407 0.5787 2.8138, -7.7296 0.5787 2.8267, -7.6817 0.5787 2.8263, -7.6971 0.5787 2.8336, -7.7141 0.5787 2.8338, -7.4172 0.5787 2.6262, -7.4 0.5787 2.6749, -7.3296 0.5787 2.8132, -7.2597 0.5787 2.8138, -7.2863 0.5787 2.8338, -7.2708 0.5787 2.8267, -7.3033 0.5787 2.8336, -7.3187 0.5787 2.8263, -7.3557 0.4213 1.079, -7.3991 0.4213 1.021, -7.464 0.4213 0.9885, -7.5364 0.4213 0.9885, -7.6013 0.4213 1.021, -7.343 0.4213 1.1504, -7.3742 0.4213 -1.1339, -7.6262 0.4213 -1.1339, -7.6093 0.4213 -1.1968, -7.4212 0.4213 2.5747, -7.4172 0.4213 2.6262, -7.4 0.4213 2.6749, -7.3033 0.4213 2.8336, -7.3187 0.4213 2.8263, -7.3296 0.4213 2.8132, -7.5792 0.4213 2.5747, -7.6574 0.4213 1.1504, -7.6446 0.4213 1.079, -7.4372 0.4213 -1.243, -7.3911 0.4213 -1.1968, -7.5002 0.4213 -1.2598, -7.5632 0.4213 -1.243, -7.5832 0.4213 2.6262, -7.6004 0.4213 2.6749, -7.6708 0.4213 2.8132, -7.6817 0.4213 2.8263, -7.2597 0.4213 2.8138, -7.2708 0.4213 2.8267, -7.2863 0.4213 2.8338, -7.7296 0.4213 2.8267, -7.7407 0.4213 2.8138, -7.7141 0.4213 2.8338, -7.6971 0.4213 2.8336, -7.3742 -0.5787 0.3937, -7.3742 -0.4213 0.3937, -7.2049 -0.5787 0.3937, -7.2049 -0.4213 0.3937, -7.2552 -0.4213 2.7973, -7.2552 -0.5787 2.7973, -7.2049 -0.4213 1.8386, -7.2049 -0.5787 1.8386, -7.7452 -0.5787 2.7973, -7.7452 -0.4213 2.7973, -7.7955 -0.5787 1.8386, -7.7955 -0.4213 1.8386, -7.6262 -0.4213 0.3937, -7.6262 -0.5787 0.3937, -7.7955 -0.4213 0.3937, -7.7955 -0.5787 0.3937, -7.3557 -0.5787 1.079, -7.3991 -0.5787 1.021, -7.343 -0.5787 1.1504, -7.3742 -0.5787 -1.1339, -7.6013 -0.5787 1.021, -7.5364 -0.5787 0.9885, -7.464 -0.5787 0.9885, -7.4212 -0.5787 2.5747, -7.4172 -0.5787 2.6262, -7.4 -0.5787 2.6749, -7.5792 -0.5787 2.5747, -7.6574 -0.5787 1.1504, -7.6446 -0.5787 1.079, -7.6262 -0.5787 -1.1339, -7.6093 -0.5787 -1.1968, -7.5632 -0.5787 -1.243, -7.3033 -0.5787 2.8336, -7.3187 -0.5787 2.8263, -7.3296 -0.5787 2.8132, -7.5002 -0.5787 -1.2598, -7.4372 -0.5787 -1.243, -7.3911 -0.5787 -1.1968, -7.5832 -0.5787 2.6262, -7.6004 -0.5787 2.6749, -7.6708 -0.5787 2.8132, -7.6817 -0.5787 2.8263, -7.2597 -0.5787 2.8138, -7.2708 -0.5787 2.8267, -7.2863 -0.5787 2.8338, -7.7296 -0.5787 2.8267, -7.7407 -0.5787 2.8138, -7.7141 -0.5787 2.8338, -7.6971 -0.5787 2.8336, -7.5632 -0.4213 -1.243, -7.6093 -0.4213 -1.1968, -7.6262 -0.4213 -1.1339, -7.6013 -0.4213 1.021, -7.4212 -0.4213 2.5747, -7.343 -0.4213 1.1504, -7.3557 -0.4213 1.079, -7.5364 -0.4213 0.9885, -7.464 -0.4213 0.9885, -7.3991 -0.4213 1.021, -7.3742 -0.4213 -1.1339, -7.3911 -0.4213 -1.1968, -7.4372 -0.4213 -1.243, -7.5832 -0.4213 2.6262, -7.5792 -0.4213 2.5747, -7.6574 -0.4213 1.1504, -7.6446 -0.4213 1.079, -7.4172 -0.4213 2.6262, -7.4 -0.4213 2.6749, -7.3296 -0.4213 2.8132, -7.3187 -0.4213 2.8263, -7.5002 -0.4213 -1.2598, -7.6708 -0.4213 2.8132, -7.6004 -0.4213 2.6749, -7.7407 -0.4213 2.8138, -7.7296 -0.4213 2.8267, -7.2708 -0.4213 2.8267, -7.2597 -0.4213 2.8138, -7.2863 -0.4213 2.8338, -7.3033 -0.4213 2.8336, -7.6817 -0.4213 2.8263, -7.6971 -0.4213 2.8336, -7.7141 -0.4213 2.8338
            ]
        }
        coordIndex [
            0,1,2,-1,2,1,3,-1,4,5,6,-1,6,5,7,-1,8,9,10,-1,10,9,11,-1,12,13,14,-1,14,13,15,-1,15,16,17,-1,17,18,15,-1,15,18,19,-1,15,19,14,-1,14,19,20,-1,21,22,7,-1,23,16,1,-1,1,16,15,-1,1,15,24,-1,24,15,25,-1,1,0,23,-1,23,0,6,-1,23,6,26,-1,26,6,7,-1,26,7,27,-1,27,7,22,-1,25,28,29,-1,30,8,31,-1,31,8,14,-1,31,14,32,-1,32,14,20,-1,33,24,34,-1,34,24,25,-1,34,25,35,-1,35,25,29,-1,7,36,37,-1,38,21,39,-1,39,21,7,-1,39,7,40,-1,40,7,37,-1,30,41,8,-1,8,41,42,-1,8,42,9,-1,9,42,43,-1,9,43,44,-1,45,46,47,-1,47,46,44,-1,47,44,48,-1,48,44,43,-1,3,49,50,-1,50,51,3,-1,3,51,52,-1,3,52,2,-1,2,52,53,-1,54,49,13,-1,13,49,3,-1,13,3,55,-1,55,3,56,-1,55,56,57,-1,13,12,54,-1,54,12,10,-1,54,10,58,-1,58,10,11,-1,58,11,59,-1,59,11,60,-1,61,62,11,-1,11,62,63,-1,11,63,60,-1,64,4,65,-1,65,4,2,-1,65,2,66,-1,66,2,53,-1,67,68,69,-1,69,68,55,-1,69,55,70,-1,70,55,57,-1,64,71,4,-1,4,71,72,-1,4,72,5,-1,5,72,73,-1,5,73,74,-1,75,76,11,-1,11,76,77,-1,11,77,61,-1,78,79,80,-1,80,79,5,-1,80,5,81,-1,81,5,74,-1,25,15,55,-1,55,15,13,-1,25,55,68,-1,25,68,28,-1,28,68,67,-1,28,67,29,-1,29,67,69,-1,29,69,35,-1,35,69,70,-1,35,70,34,-1,34,70,57,-1,34,57,33,-1,33,57,56,-1,33,56,24,-1,1,24,3,-1,3,24,56,-1,7,5,79,-1,7,79,36,-1,36,79,78,-1,36,78,37,-1,37,78,80,-1,37,80,40,-1,40,80,81,-1,40,81,39,-1,39,81,74,-1,39,74,38,-1,38,74,73,-1,38,73,21,-1,22,21,72,-1,72,21,73,-1,22,72,71,-1,22,71,27,-1,27,71,64,-1,27,64,26,-1,23,26,65,-1,65,26,64,-1,23,65,16,-1,16,65,66,-1,16,66,17,-1,17,66,53,-1,17,53,18,-1,18,53,52,-1,18,52,19,-1,19,52,51,-1,19,51,20,-1,20,51,50,-1,20,50,32,-1,32,50,49,-1,32,49,31,-1,31,49,54,-1,30,31,58,-1,58,31,54,-1,30,58,59,-1,30,59,41,-1,41,59,60,-1,41,60,42,-1,43,42,63,-1,63,42,60,-1,43,63,62,-1,43,62,48,-1,48,62,61,-1,48,61,47,-1,47,61,77,-1,47,77,45,-1,45,77,76,-1,45,76,46,-1,46,76,75,-1,46,75,44,-1,44,75,11,-1,44,11,9,-1,82,83,84,-1,84,83,85,-1,86,87,88,-1,88,87,89,-1,90,91,92,-1,92,91,93,-1,94,95,96,-1,96,95,97,-1,95,98,99,-1,100,98,82,-1,82,98,95,-1,82,95,101,-1,102,97,103,-1,103,97,95,-1,103,95,104,-1,104,95,99,-1,82,84,100,-1,100,84,89,-1,100,89,105,-1,105,89,87,-1,105,87,106,-1,106,87,107,-1,108,92,109,-1,109,92,97,-1,109,97,110,-1,110,97,102,-1,95,111,101,-1,101,111,112,-1,101,112,113,-1,114,115,87,-1,87,115,116,-1,87,116,107,-1,113,117,101,-1,101,117,118,-1,101,118,119,-1,108,120,92,-1,92,120,121,-1,92,121,90,-1,90,121,122,-1,90,122,123,-1,124,125,87,-1,87,125,126,-1,87,126,114,-1,127,128,129,-1,129,128,90,-1,129,90,130,-1,130,90,123,-1,131,132,133,-1,94,96,134,-1,135,88,136,-1,136,88,85,-1,136,85,137,-1,137,85,83,-1,134,138,94,-1,94,138,139,-1,94,139,140,-1,141,142,143,-1,144,145,93,-1,93,145,146,-1,93,146,96,-1,96,146,147,-1,96,147,134,-1,135,148,88,-1,88,148,149,-1,88,149,86,-1,86,149,150,-1,86,150,151,-1,140,137,94,-1,94,137,83,-1,94,83,133,-1,133,83,141,-1,133,141,131,-1,131,141,143,-1,131,143,152,-1,91,153,93,-1,93,153,154,-1,93,154,144,-1,91,155,156,-1,157,158,159,-1,159,158,86,-1,159,86,160,-1,160,86,151,-1,161,153,162,-1,162,153,91,-1,162,91,163,-1,163,91,156,-1,82,101,83,-1,83,101,141,-1,87,86,158,-1,87,158,124,-1,124,158,157,-1,124,157,125,-1,125,157,159,-1,125,159,126,-1,126,159,160,-1,126,160,114,-1,114,160,151,-1,114,151,115,-1,115,151,150,-1,115,150,116,-1,107,116,149,-1,149,116,150,-1,107,149,148,-1,107,148,106,-1,106,148,135,-1,106,135,105,-1,100,105,136,-1,136,105,135,-1,100,136,98,-1,98,136,137,-1,98,137,99,-1,99,137,140,-1,99,140,104,-1,104,140,139,-1,104,139,103,-1,103,139,138,-1,103,138,102,-1,102,138,134,-1,102,134,110,-1,110,134,147,-1,110,147,109,-1,109,147,146,-1,108,109,145,-1,145,109,146,-1,108,145,144,-1,108,144,120,-1,120,144,154,-1,120,154,121,-1,122,121,153,-1,153,121,154,-1,122,153,161,-1,122,161,123,-1,123,161,162,-1,123,162,130,-1,130,162,163,-1,130,163,129,-1,129,163,156,-1,129,156,127,-1,127,156,155,-1,127,155,128,-1,128,155,91,-1,128,91,90,-1,111,95,133,-1,133,95,94,-1,111,133,132,-1,111,132,112,-1,112,132,131,-1,112,131,113,-1,113,131,152,-1,113,152,117,-1,117,152,143,-1,117,143,118,-1,118,143,142,-1,118,142,119,-1,119,142,141,-1,119,141,101,-1,
        ]
    }
}
Shape{
    appearance Appearance {
        material  Material 	{
            diffuseColor 0.2235294117647059 0.2235294117647059 0.2235294117647059
            specularColor 0.11372549019607843 0.11372549019607843 0.11372549019607843
            ambientIntensity 0.2235
            transparency 0.0
            shininess 0.5
        }
    }
    geometry IndexedFaceSet {
        ccw TRUE
        solid FALSE
        coord DEF co Coordinate {
            point [
                -6.7955 0.3425 0.1969, -6.7955 0.3425 2.9528, -6.2049 0.3425 0.1969, -6.6577 0.3425 2.9528, -6.2049 0.3425 2.9528, -6.3427 0.3425 2.9528, -6.3427 0.3425 3.2087, -6.6577 0.3425 3.2087, -6.2049 0.6575 0.1969, -6.2049 0.6575 2.9528, -6.7955 0.6575 0.1969, -6.3427 0.6575 2.9528, -6.7955 0.6575 2.9528, -6.6577 0.6575 2.9528, -6.6577 0.6575 3.2087, -6.3427 0.6575 3.2087, 3.3423 -0.3425 2.9528, 3.3423 -0.3425 3.2087, 3.3423 -0.6575 2.9528, 3.3423 -0.6575 3.2087, 3.2045 -0.3425 2.9528, 3.2045 -0.3425 0.1969, 3.7951 -0.3425 0.1969, 3.7951 -0.3425 2.9528, 3.6573 -0.3425 2.9528, 3.6573 -0.3425 3.2087, 3.6573 -0.6575 2.9528, 3.6573 -0.6575 3.2087, 3.7951 -0.6575 2.9528, 3.7951 -0.6575 0.1969, 3.2045 -0.6575 0.1969, 3.2045 -0.6575 2.9528, 4.2045 0.3425 0.1969, 4.2045 0.3425 2.9528, 4.7951 0.3425 0.1969, 4.3423 0.3425 2.9528, 4.7951 0.3425 2.9528, 4.6573 0.3425 2.9528, 4.6573 0.3425 3.2087, 4.3423 0.3425 3.2087, 4.7951 0.6575 0.1969, 4.7951 0.6575 2.9528, 4.2045 0.6575 0.1969, 4.6573 0.6575 2.9528, 4.2045 0.6575 2.9528, 4.3423 0.6575 2.9528, 4.3423 0.6575 3.2087, 4.6573 0.6575 3.2087, 4.3423 -0.3425 2.9528, 4.3423 -0.3425 3.2087, 4.3423 -0.6575 2.9528, 4.3423 -0.6575 3.2087, 4.2045 -0.3425 2.9528, 4.2045 -0.3425 0.1969, 4.7951 -0.3425 0.1969, 4.7951 -0.3425 2.9528, 4.6573 -0.3425 2.9528, 4.6573 -0.3425 3.2087, 4.6573 -0.6575 2.9528, 4.6573 -0.6575 3.2087, 4.7951 -0.6575 2.9528, 4.7951 -0.6575 0.1969, 4.2045 -0.6575 0.1969, 4.2045 -0.6575 2.9528, 5.2045 0.3425 0.1969, 5.2045 0.3425 2.9528, 5.7951 0.3425 0.1969, 5.3423 0.3425 2.9528, 5.7951 0.3425 2.9528, 5.6573 0.3425 2.9528, 5.6573 0.3425 3.2087, 5.3423 0.3425 3.2087, 5.7951 0.6575 0.1969, 5.7951 0.6575 2.9528, 5.2045 0.6575 0.1969, 5.6573 0.6575 2.9528, 5.2045 0.6575 2.9528, 5.3423 0.6575 2.9528, 5.3423 0.6575 3.2087, 5.6573 0.6575 3.2087, 1.3423 -0.3425 2.9528, 1.3423 -0.3425 3.2087, 1.3423 -0.6575 2.9528, 1.3423 -0.6575 3.2087, 1.2045 -0.3425 2.9528, 1.2045 -0.3425 0.1969, 1.7951 -0.3425 0.1969, 1.7951 -0.3425 2.9528, 1.6573 -0.3425 2.9528, 1.6573 -0.3425 3.2087, 1.6573 -0.6575 2.9528, 1.6573 -0.6575 3.2087, 1.7951 -0.6575 2.9528, 1.7951 -0.6575 0.1969, 1.2045 -0.6575 0.1969, 1.2045 -0.6575 2.9528, 2.2045 0.3425 0.1969, 2.2045 0.3425 2.9528, 2.7951 0.3425 0.1969, 2.3423 0.3425 2.9528, 2.7951 0.3425 2.9528, 2.6573 0.3425 2.9528, 2.6573 0.3425 3.2087, 2.3423 0.3425 3.2087, 2.7951 0.6575 0.1969, 2.7951 0.6575 2.9528, 2.2045 0.6575 0.1969, 2.6573 0.6575 2.9528, 2.2045 0.6575 2.9528, 2.3423 0.6575 2.9528, 2.3423 0.6575 3.2087, 2.6573 0.6575 3.2087, 2.3423 -0.3425 2.9528, 2.3423 -0.3425 3.2087, 2.3423 -0.6575 2.9528, 2.3423 -0.6575 3.2087, 2.2045 -0.3425 2.9528, 2.2045 -0.3425 0.1969, 2.7951 -0.3425 0.1969, 2.7951 -0.3425 2.9528, 2.6573 -0.3425 2.9528, 2.6573 -0.3425 3.2087, 2.6573 -0.6575 2.9528, 2.6573 -0.6575 3.2087, 2.7951 -0.6575 2.9528, 2.7951 -0.6575 0.1969, 2.2045 -0.6575 0.1969, 2.2045 -0.6575 2.9528, 3.2045 0.3425 0.1969, 3.2045 0.3425 2.9528, 3.7951 0.3425 0.1969, 3.3423 0.3425 2.9528, 3.7951 0.3425 2.9528, 3.6573 0.3425 2.9528, 3.6573 0.3425 3.2087, 3.3423 0.3425 3.2087, 3.7951 0.6575 0.1969, 3.7951 0.6575 2.9528, 3.2045 0.6575 0.1969, 3.6573 0.6575 2.9528, 3.2045 0.6575 2.9528, 3.3423 0.6575 2.9528, 3.3423 0.6575 3.2087, 3.6573 0.6575 3.2087, 7.3423 -0.3425 2.9528, 7.3423 -0.3425 3.2087, 7.3423 -0.6575 2.9528, 7.3423 -0.6575 3.2087, 7.2045 -0.3425 2.9528, 7.2045 -0.3425 0.1969, 7.7951 -0.3425 0.1969, 7.7951 -0.3425 2.9528, 7.6573 -0.3425 2.9528, 7.6573 -0.3425 3.2087, 7.6573 -0.6575 2.9528, 7.6573 -0.6575 3.2087, 7.7951 -0.6575 2.9528, 7.7951 -0.6575 0.1969, 7.2045 -0.6575 0.1969, 7.2045 -0.6575 2.9528, 5.3423 -0.3425 2.9528, 5.3423 -0.3425 3.2087, 5.3423 -0.6575 2.9528, 5.3423 -0.6575 3.2087, 5.2045 -0.3425 2.9528, 5.2045 -0.3425 0.1969, 5.7951 -0.3425 0.1969, 5.7951 -0.3425 2.9528, 5.6573 -0.3425 2.9528, 5.6573 -0.3425 3.2087, 5.6573 -0.6575 2.9528, 5.6573 -0.6575 3.2087, 5.7951 -0.6575 2.9528, 5.7951 -0.6575 0.1969, 5.2045 -0.6575 0.1969, 5.2045 -0.6575 2.9528, 6.2045 0.3425 0.1969, 6.2045 0.3425 2.9528, 6.7951 0.3425 0.1969, 6.3423 0.3425 2.9528, 6.7951 0.3425 2.9528, 6.6573 0.3425 2.9528, 6.6573 0.3425 3.2087, 6.3423 0.3425 3.2087, 6.7951 0.6575 0.1969, 6.7951 0.6575 2.9528, 6.2045 0.6575 0.1969, 6.6573 0.6575 2.9528, 6.2045 0.6575 2.9528, 6.3423 0.6575 2.9528, 6.3423 0.6575 3.2087, 6.6573 0.6575 3.2087, 6.3423 -0.3425 2.9528, 6.3423 -0.3425 3.2087, 6.3423 -0.6575 2.9528, 6.3423 -0.6575 3.2087, 6.2045 -0.3425 2.9528, 6.2045 -0.3425 0.1969, 6.7951 -0.3425 0.1969, 6.7951 -0.3425 2.9528, 6.6573 -0.3425 2.9528, 6.6573 -0.3425 3.2087, 6.6573 -0.6575 2.9528, 6.6573 -0.6575 3.2087, 6.7951 -0.6575 2.9528, 6.7951 -0.6575 0.1969, 6.2045 -0.6575 0.1969, 6.2045 -0.6575 2.9528, 7.2045 0.3425 0.1969, 7.2045 0.3425 2.9528, 7.7951 0.3425 0.1969, 7.3423 0.3425 2.9528, 7.7951 0.3425 2.9528, 7.6573 0.3425 2.9528, 7.6573 0.3425 3.2087, 7.3423 0.3425 3.2087, 7.7951 0.6575 0.1969, 7.7951 0.6575 2.9528, 7.2045 0.6575 0.1969, 7.6573 0.6575 2.9528, 7.2045 0.6575 2.9528, 7.3423 0.6575 2.9528, 7.3423 0.6575 3.2087, 7.6573 0.6575 3.2087, -4.6577 -0.3425 2.9528, -4.6577 -0.3425 3.2087, -4.6577 -0.6575 2.9528, -4.6577 -0.6575 3.2087, -4.7955 -0.3425 2.9528, -4.7955 -0.3425 0.1969, -4.2049 -0.3425 0.1969, -4.2049 -0.3425 2.9528, -4.3427 -0.3425 2.9528, -4.3427 -0.3425 3.2087, -4.3427 -0.6575 2.9528, -4.3427 -0.6575 3.2087, -4.2049 -0.6575 2.9528, -4.2049 -0.6575 0.1969, -4.7955 -0.6575 0.1969, -4.7955 -0.6575 2.9528, -3.7955 0.3425 0.1969, -3.7955 0.3425 2.9528, -3.2049 0.3425 0.1969, -3.6577 0.3425 2.9528, -3.2049 0.3425 2.9528, -3.3427 0.3425 2.9528, -3.3427 0.3425 3.2087, -3.6577 0.3425 3.2087, -3.2049 0.6575 0.1969, -3.2049 0.6575 2.9528, -3.7955 0.6575 0.1969, -3.3427 0.6575 2.9528, -3.7955 0.6575 2.9528, -3.6577 0.6575 2.9528, -3.6577 0.6575 3.2087, -3.3427 0.6575 3.2087, -3.6577 -0.3425 2.9528, -3.6577 -0.3425 3.2087, -3.6577 -0.6575 2.9528, -3.6577 -0.6575 3.2087, -3.7955 -0.3425 2.9528, -3.7955 -0.3425 0.1969, -3.2049 -0.3425 0.1969, -3.2049 -0.3425 2.9528, -3.3427 -0.3425 2.9528, -3.3427 -0.3425 3.2087, -3.3427 -0.6575 2.9528, -3.3427 -0.6575 3.2087, -3.2049 -0.6575 2.9528, -3.2049 -0.6575 0.1969, -3.7955 -0.6575 0.1969, -3.7955 -0.6575 2.9528, -2.7955 0.3425 0.1969, -2.7955 0.3425 2.9528, -2.2049 0.3425 0.1969, -2.6577 0.3425 2.9528, -2.2049 0.3425 2.9528, -2.3427 0.3425 2.9528, -2.3427 0.3425 3.2087, -2.6577 0.3425 3.2087, -2.2049 0.6575 0.1969, -2.2049 0.6575 2.9528, -2.7955 0.6575 0.1969, -2.3427 0.6575 2.9528, -2.7955 0.6575 2.9528, -2.6577 0.6575 2.9528, -2.6577 0.6575 3.2087, -2.3427 0.6575 3.2087, -6.6577 -0.3425 2.9528, -6.6577 -0.3425 3.2087, -6.6577 -0.6575 2.9528, -6.6577 -0.6575 3.2087, -6.7955 -0.3425 2.9528, -6.7955 -0.3425 0.1969, -6.2049 -0.3425 0.1969, -6.2049 -0.3425 2.9528, -6.3427 -0.3425 2.9528, -6.3427 -0.3425 3.2087, -6.3427 -0.6575 2.9528, -6.3427 -0.6575 3.2087, -6.2049 -0.6575 2.9528, -6.2049 -0.6575 0.1969, -6.7955 -0.6575 0.1969, -6.7955 -0.6575 2.9528, -5.7955 0.3425 0.1969, -5.7955 0.3425 2.9528, -5.2049 0.3425 0.1969, -5.6577 0.3425 2.9528, -5.2049 0.3425 2.9528, -5.3427 0.3425 2.9528, -5.3427 0.3425 3.2087, -5.6577 0.3425 3.2087, -5.2049 0.6575 0.1969, -5.2049 0.6575 2.9528, -5.7955 0.6575 0.1969, -5.3427 0.6575 2.9528, -5.7955 0.6575 2.9528, -5.6577 0.6575 2.9528, -5.6577 0.6575 3.2087, -5.3427 0.6575 3.2087, -5.6577 -0.3425 2.9528, -5.6577 -0.3425 3.2087, -5.6577 -0.6575 2.9528, -5.6577 -0.6575 3.2087, -5.7955 -0.3425 2.9528, -5.7955 -0.3425 0.1969, -5.2049 -0.3425 0.1969, -5.2049 -0.3425 2.9528, -5.3427 -0.3425 2.9528, -5.3427 -0.3425 3.2087, -5.3427 -0.6575 2.9528, -5.3427 -0.6575 3.2087, -5.2049 -0.6575 2.9528, -5.2049 -0.6575 0.1969, -5.7955 -0.6575 0.1969, -5.7955 -0.6575 2.9528, -4.7955 0.3425 0.1969, -4.7955 0.3425 2.9528, -4.2049 0.3425 0.1969, -4.6577 0.3425 2.9528, -4.2049 0.3425 2.9528, -4.3427 0.3425 2.9528, -4.3427 0.3425 3.2087, -4.6577 0.3425 3.2087, -4.2049 0.6575 0.1969, -4.2049 0.6575 2.9528, -4.7955 0.6575 0.1969, -4.3427 0.6575 2.9528, -4.7955 0.6575 2.9528, -4.6577 0.6575 2.9528, -4.6577 0.6575 3.2087, -4.3427 0.6575 3.2087, -0.6577 -0.3425 2.9528, -0.6577 -0.3425 3.2087, -0.6577 -0.6575 2.9528, -0.6577 -0.6575 3.2087, -0.7955 -0.3425 2.9528, -0.7955 -0.3425 0.1969, -0.2049 -0.3425 0.1969, -0.2049 -0.3425 2.9528, -0.3427 -0.3425 2.9528, -0.3427 -0.3425 3.2087, -0.3427 -0.6575 2.9528, -0.3427 -0.6575 3.2087, -0.2049 -0.6575 2.9528, -0.2049 -0.6575 0.1969, -0.7955 -0.6575 0.1969, -0.7955 -0.6575 2.9528, 0.2045 0.3425 0.1969, 0.2045 0.3425 2.9528, 0.7951 0.3425 0.1969, 0.3423 0.3425 2.9528, 0.7951 0.3425 2.9528, 0.6573 0.3425 2.9528, 0.6573 0.3425 3.2087, 0.3423 0.3425 3.2087, 0.7951 0.6575 0.1969, 0.7951 0.6575 2.9528, 0.2045 0.6575 0.1969, 0.6573 0.6575 2.9528, 0.2045 0.6575 2.9528, 0.3423 0.6575 2.9528, 0.3423 0.6575 3.2087, 0.6573 0.6575 3.2087, 0.3423 -0.3425 2.9528, 0.3423 -0.3425 3.2087, 0.3423 -0.6575 2.9528, 0.3423 -0.6575 3.2087, 0.2045 -0.3425 2.9528, 0.2045 -0.3425 0.1969, 0.7951 -0.3425 0.1969, 0.7951 -0.3425 2.9528, 0.6573 -0.3425 2.9528, 0.6573 -0.3425 3.2087, 0.6573 -0.6575 2.9528, 0.6573 -0.6575 3.2087, 0.7951 -0.6575 2.9528, 0.7951 -0.6575 0.1969, 0.2045 -0.6575 0.1969, 0.2045 -0.6575 2.9528, 1.2045 0.3425 0.1969, 1.2045 0.3425 2.9528, 1.7951 0.3425 0.1969, 1.3423 0.3425 2.9528, 1.7951 0.3425 2.9528, 1.6573 0.3425 2.9528, 1.6573 0.3425 3.2087, 1.3423 0.3425 3.2087, 1.7951 0.6575 0.1969, 1.7951 0.6575 2.9528, 1.2045 0.6575 0.1969, 1.6573 0.6575 2.9528, 1.2045 0.6575 2.9528, 1.3423 0.6575 2.9528, 1.3423 0.6575 3.2087, 1.6573 0.6575 3.2087, -2.6577 -0.3425 2.9528, -2.6577 -0.3425 3.2087, -2.6577 -0.6575 2.9528, -2.6577 -0.6575 3.2087, -2.7955 -0.3425 2.9528, -2.7955 -0.3425 0.1969, -2.2049 -0.3425 0.1969, -2.2049 -0.3425 2.9528, -2.3427 -0.3425 2.9528, -2.3427 -0.3425 3.2087, -2.3427 -0.6575 2.9528, -2.3427 -0.6575 3.2087, -2.2049 -0.6575 2.9528, -2.2049 -0.6575 0.1969, -2.7955 -0.6575 0.1969, -2.7955 -0.6575 2.9528, -1.7955 0.3425 0.1969, -1.7955 0.3425 2.9528, -1.2049 0.3425 0.1969, -1.6577 0.3425 2.9528, -1.2049 0.3425 2.9528, -1.3427 0.3425 2.9528, -1.3427 0.3425 3.2087, -1.6577 0.3425 3.2087, -1.2049 0.6575 0.1969, -1.2049 0.6575 2.9528, -1.7955 0.6575 0.1969, -1.3427 0.6575 2.9528, -1.7955 0.6575 2.9528, -1.6577 0.6575 2.9528, -1.6577 0.6575 3.2087, -1.3427 0.6575 3.2087, -1.6577 -0.3425 2.9528, -1.6577 -0.3425 3.2087, -1.6577 -0.6575 2.9528, -1.6577 -0.6575 3.2087, -1.7955 -0.3425 2.9528, -1.7955 -0.3425 0.1969, -1.2049 -0.3425 0.1969, -1.2049 -0.3425 2.9528, -1.3427 -0.3425 2.9528, -1.3427 -0.3425 3.2087, -1.3427 -0.6575 2.9528, -1.3427 -0.6575 3.2087, -1.2049 -0.6575 2.9528, -1.2049 -0.6575 0.1969, -1.7955 -0.6575 0.1969, -1.7955 -0.6575 2.9528, -0.7955 0.3425 0.1969, -0.7955 0.3425 2.9528, -0.2049 0.3425 0.1969, -0.6577 0.3425 2.9528, -0.2049 0.3425 2.9528, -0.3427 0.3425 2.9528, -0.3427 0.3425 3.2087, -0.6577 0.3425 3.2087, -0.2049 0.6575 0.1969, -0.2049 0.6575 2.9528, -0.7955 0.6575 0.1969, -0.3427 0.6575 2.9528, -0.7955 0.6575 2.9528, -0.6577 0.6575 2.9528, -0.6577 0.6575 3.2087, -0.3427 0.6575 3.2087, -6.2049 -0.2047 3.3465, -6.2049 -0.7953 3.3465, -6.7955 -0.2047 3.3465, -6.7955 -0.7953 3.3465, -6.7955 0.2047 3.3465, -6.7955 0.7953 3.3465, -6.2049 0.2047 3.3465, -6.2049 0.7953 3.3465, -5.2049 -0.2047 3.3465, -5.2049 -0.7953 3.3465, -5.7955 -0.2047 3.3465, -5.7955 -0.7953 3.3465, -5.7955 0.2047 3.3465, -5.7955 0.7953 3.3465, -5.2049 0.2047 3.3465, -5.2049 0.7953 3.3465, -4.2049 -0.2047 3.3465, -4.2049 -0.7953 3.3465, -4.7955 -0.2047 3.3465, -4.7955 -0.7953 3.3465, -4.7955 0.2047 3.3465, -4.7955 0.7953 3.3465, -4.2049 0.2047 3.3465, -4.2049 0.7953 3.3465, -3.2049 -0.2047 3.3465, -3.2049 -0.7953 3.3465, -3.7955 -0.2047 3.3465, -3.7955 -0.7953 3.3465, -3.7955 0.2047 3.3465, -3.7955 0.7953 3.3465, -3.2049 0.2047 3.3465, -3.2049 0.7953 3.3465, -2.2049 -0.2047 3.3465, -2.2049 -0.7953 3.3465, -2.7955 -0.2047 3.3465, -2.7955 -0.7953 3.3465, -2.7955 0.2047 3.3465, -2.7955 0.7953 3.3465, -2.2049 0.2047 3.3465, -2.2049 0.7953 3.3465, -1.2049 -0.2047 3.3465, -1.2049 -0.7953 3.3465, -1.7955 -0.2047 3.3465, -1.7955 -0.7953 3.3465, -1.7955 0.2047 3.3465, -1.7955 0.7953 3.3465, -1.2049 0.2047 3.3465, -1.2049 0.7953 3.3465, -0.2049 -0.2047 3.3465, -0.2049 -0.7953 3.3465, -0.7955 -0.2047 3.3465, -0.7955 -0.7953 3.3465, -0.7955 0.2047 3.3465, -0.7955 0.7953 3.3465, -0.2049 0.2047 3.3465, -0.2049 0.7953 3.3465, 0.7951 -0.2047 3.3465, 0.7951 -0.7953 3.3465, 0.2045 -0.2047 3.3465, 0.2045 -0.7953 3.3465, 0.2045 0.2047 3.3465, 0.2045 0.7953 3.3465, 0.7951 0.2047 3.3465, 0.7951 0.7953 3.3465, 1.7951 -0.2047 3.3465, 1.7951 -0.7953 3.3465, 1.2045 -0.2047 3.3465, 1.2045 -0.7953 3.3465, 1.2045 0.2047 3.3465, 1.2045 0.7953 3.3465, 1.7951 0.2047 3.3465, 1.7951 0.7953 3.3465, 2.7951 -0.2047 3.3465, 2.7951 -0.7953 3.3465, 2.2045 -0.2047 3.3465, 2.2045 -0.7953 3.3465, 2.2045 0.2047 3.3465, 2.2045 0.7953 3.3465, 2.7951 0.2047 3.3465, 2.7951 0.7953 3.3465, 3.7951 -0.2047 3.3465, 3.7951 -0.7953 3.3465, 3.2045 -0.2047 3.3465, 3.2045 -0.7953 3.3465, 3.2045 0.2047 3.3465, 3.2045 0.7953 3.3465, 3.7951 0.2047 3.3465, 3.7951 0.7953 3.3465, 4.7951 -0.2047 3.3465, 4.7951 -0.7953 3.3465, 4.2045 -0.2047 3.3465, 4.2045 -0.7953 3.3465, 4.2045 0.2047 3.3465, 4.2045 0.7953 3.3465, 4.7951 0.2047 3.3465, 4.7951 0.7953 3.3465, 5.7951 -0.2047 3.3465, 5.7951 -0.7953 3.3465, 5.2045 -0.2047 3.3465, 5.2045 -0.7953 3.3465, 5.2045 0.2047 3.3465, 5.2045 0.7953 3.3465, 5.7951 0.2047 3.3465, 5.7951 0.7953 3.3465, 6.7951 -0.2047 3.3465, 6.7951 -0.7953 3.3465, 6.2045 -0.2047 3.3465, 6.2045 -0.7953 3.3465, 6.2045 0.2047 3.3465, 6.2045 0.7953 3.3465, 6.7951 0.2047 3.3465, 6.7951 0.7953 3.3465, 7.7951 -0.2047 3.3465, 7.7951 -0.7953 3.3465, 7.2045 -0.2047 3.3465, 7.2045 -0.7953 3.3465, 7.2045 0.2047 3.3465, 7.2045 0.7953 3.3465, 7.7951 0.2047 3.3465, 7.7951 0.7953 3.3465, -0.7955 0.4213 0.3937, -0.7955 0.4213 1.8386, -0.7955 0.5787 0.3937, -0.7955 0.5787 1.8386, -0.2049 0.5787 1.8386, -0.2049 0.4213 1.8386, -0.2049 0.4213 0.3937, -0.2049 0.5787 0.3937, -1.2049 -0.4213 0.3937, -1.2049 -0.4213 1.8386, -1.2049 -0.5787 0.3937, -1.2049 -0.5787 1.8386, -1.7955 -0.5787 0.3937, -1.7955 -0.5787 1.8386, -1.7955 -0.4213 0.3937, -1.7955 -0.4213 1.8386, -1.7955 0.4213 0.3937, -1.7955 0.4213 1.8386, -1.7955 0.5787 0.3937, -1.7955 0.5787 1.8386, -1.2049 0.5787 1.8386, -1.2049 0.4213 1.8386, -1.2049 0.4213 0.3937, -1.2049 0.5787 0.3937, -2.2049 -0.4213 0.3937, -2.2049 -0.4213 1.8386, -2.2049 -0.5787 0.3937, -2.2049 -0.5787 1.8386, -2.7955 -0.5787 0.3937, -2.7955 -0.5787 1.8386, -2.7955 -0.4213 0.3937, -2.7955 -0.4213 1.8386, 1.2045 0.4213 0.3937, 1.2045 0.4213 1.8386, 1.2045 0.5787 0.3937, 1.2045 0.5787 1.8386, 1.7951 0.5787 1.8386, 1.7951 0.4213 1.8386, 1.7951 0.4213 0.3937, 1.7951 0.5787 0.3937, 0.7951 -0.4213 0.3937, 0.7951 -0.4213 1.8386, 0.7951 -0.5787 0.3937, 0.7951 -0.5787 1.8386, 0.2045 -0.5787 0.3937, 0.2045 -0.5787 1.8386, 0.2045 -0.4213 0.3937, 0.2045 -0.4213 1.8386, 0.2045 0.4213 0.3937, 0.2045 0.4213 1.8386, 0.2045 0.5787 0.3937, 0.2045 0.5787 1.8386, 0.7951 0.5787 1.8386, 0.7951 0.4213 1.8386, 0.7951 0.4213 0.3937, 0.7951 0.5787 0.3937, -0.2049 -0.4213 0.3937, -0.2049 -0.4213 1.8386, -0.2049 -0.5787 0.3937, -0.2049 -0.5787 1.8386, -0.7955 -0.5787 0.3937, -0.7955 -0.5787 1.8386, -0.7955 -0.4213 0.3937, -0.7955 -0.4213 1.8386, -4.7955 0.4213 0.3937, -4.7955 0.4213 1.8386, -4.7955 0.5787 0.3937, -4.7955 0.5787 1.8386, -4.2049 0.5787 1.8386, -4.2049 0.4213 1.8386, -4.2049 0.4213 0.3937, -4.2049 0.5787 0.3937, -5.2049 -0.4213 0.3937, -5.2049 -0.4213 1.8386, -5.2049 -0.5787 0.3937, -5.2049 -0.5787 1.8386, -5.7955 -0.5787 0.3937, -5.7955 -0.5787 1.8386, -5.7955 -0.4213 0.3937, -5.7955 -0.4213 1.8386, -5.7955 0.4213 0.3937, -5.7955 0.4213 1.8386, -5.7955 0.5787 0.3937, -5.7955 0.5787 1.8386, -5.2049 0.5787 1.8386, -5.2049 0.4213 1.8386, -5.2049 0.4213 0.3937, -5.2049 0.5787 0.3937, -6.2049 -0.4213 0.3937, -6.2049 -0.4213 1.8386, -6.2049 -0.5787 0.3937, -6.2049 -0.5787 1.8386, -6.7955 -0.5787 0.3937, -6.7955 -0.5787 1.8386, -6.7955 -0.4213 0.3937, -6.7955 -0.4213 1.8386, -2.7955 0.4213 0.3937, -2.7955 0.4213 1.8386, -2.7955 0.5787 0.3937, -2.7955 0.5787 1.8386, -2.2049 0.5787 1.8386, -2.2049 0.4213 1.8386, -2.2049 0.4213 0.3937, -2.2049 0.5787 0.3937, -3.2049 -0.4213 0.3937, -3.2049 -0.4213 1.8386, -3.2049 -0.5787 0.3937, -3.2049 -0.5787 1.8386, -3.7955 -0.5787 0.3937, -3.7955 -0.5787 1.8386, -3.7955 -0.4213 0.3937, -3.7955 -0.4213 1.8386, -3.7955 0.4213 0.3937, -3.7955 0.4213 1.8386, -3.7955 0.5787 0.3937, -3.7955 0.5787 1.8386, -3.2049 0.5787 1.8386, -3.2049 0.4213 1.8386, -3.2049 0.4213 0.3937, -3.2049 0.5787 0.3937, -4.2049 -0.4213 0.3937, -4.2049 -0.4213 1.8386, -4.2049 -0.5787 0.3937, -4.2049 -0.5787 1.8386, -4.7955 -0.5787 0.3937, -4.7955 -0.5787 1.8386, -4.7955 -0.4213 0.3937, -4.7955 -0.4213 1.8386, 7.2045 0.4213 0.3937, 7.2045 0.4213 1.8386, 7.2045 0.5787 0.3937, 7.2045 0.5787 1.8386, 7.7951 0.5787 1.8386, 7.7951 0.4213 1.8386, 7.7951 0.4213 0.3937, 7.7951 0.5787 0.3937, 6.7951 -0.4213 0.3937, 6.7951 -0.4213 1.8386, 6.7951 -0.5787 0.3937, 6.7951 -0.5787 1.8386, 6.2045 -0.5787 0.3937, 6.2045 -0.5787 1.8386, 6.2045 -0.4213 0.3937, 6.2045 -0.4213 1.8386, 6.2045 0.4213 0.3937, 6.2045 0.4213 1.8386, 6.2045 0.5787 0.3937, 6.2045 0.5787 1.8386, 6.7951 0.5787 1.8386, 6.7951 0.4213 1.8386, 6.7951 0.4213 0.3937, 6.7951 0.5787 0.3937, 5.7951 -0.4213 0.3937, 5.7951 -0.4213 1.8386, 5.7951 -0.5787 0.3937, 5.7951 -0.5787 1.8386, 5.2045 -0.5787 0.3937, 5.2045 -0.5787 1.8386, 5.2045 -0.4213 0.3937, 5.2045 -0.4213 1.8386, 7.7951 -0.4213 0.3937, 7.7951 -0.4213 1.8386, 7.7951 -0.5787 0.3937, 7.7951 -0.5787 1.8386, 7.2045 -0.5787 0.3937, 7.2045 -0.5787 1.8386, 7.2045 -0.4213 0.3937, 7.2045 -0.4213 1.8386, 3.2045 0.4213 0.3937, 3.2045 0.4213 1.8386, 3.2045 0.5787 0.3937, 3.2045 0.5787 1.8386, 3.7951 0.5787 1.8386, 3.7951 0.4213 1.8386, 3.7951 0.4213 0.3937, 3.7951 0.5787 0.3937, 2.7951 -0.4213 0.3937, 2.7951 -0.4213 1.8386, 2.7951 -0.5787 0.3937, 2.7951 -0.5787 1.8386, 2.2045 -0.5787 0.3937, 2.2045 -0.5787 1.8386, 2.2045 -0.4213 0.3937, 2.2045 -0.4213 1.8386, 2.2045 0.4213 0.3937, 2.2045 0.4213 1.8386, 2.2045 0.5787 0.3937, 2.2045 0.5787 1.8386, 2.7951 0.5787 1.8386, 2.7951 0.4213 1.8386, 2.7951 0.4213 0.3937, 2.7951 0.5787 0.3937, 1.7951 -0.4213 0.3937, 1.7951 -0.4213 1.8386, 1.7951 -0.5787 0.3937, 1.7951 -0.5787 1.8386, 1.2045 -0.5787 0.3937, 1.2045 -0.5787 1.8386, 1.2045 -0.4213 0.3937, 1.2045 -0.4213 1.8386, 5.2045 0.4213 0.3937, 5.2045 0.4213 1.8386, 5.2045 0.5787 0.3937, 5.2045 0.5787 1.8386, 5.7951 0.5787 1.8386, 5.7951 0.4213 1.8386, 5.7951 0.4213 0.3937, 5.7951 0.5787 0.3937, 4.7951 -0.4213 0.3937, 4.7951 -0.4213 1.8386, 4.7951 -0.5787 0.3937, 4.7951 -0.5787 1.8386, 4.2045 -0.5787 0.3937, 4.2045 -0.5787 1.8386, 4.2045 -0.4213 0.3937, 4.2045 -0.4213 1.8386, 4.2045 0.4213 0.3937, 4.2045 0.4213 1.8386, 4.2045 0.5787 0.3937, 4.2045 0.5787 1.8386, 4.7951 0.5787 1.8386, 4.7951 0.4213 1.8386, 4.7951 0.4213 0.3937, 4.7951 0.5787 0.3937, 3.7951 -0.4213 0.3937, 3.7951 -0.4213 1.8386, 3.7951 -0.5787 0.3937, 3.7951 -0.5787 1.8386, 3.2045 -0.5787 0.3937, 3.2045 -0.5787 1.8386, 3.2045 -0.4213 0.3937, 3.2045 -0.4213 1.8386, -6.7955 0.4213 0.3937, -6.7955 0.4213 1.8386, -6.7955 0.5787 0.3937, -6.7955 0.5787 1.8386, -6.2049 0.5787 1.8386, -6.2049 0.4213 1.8386, -6.2049 0.4213 0.3937, -6.2049 0.5787 0.3937
            ]
        }
        coordIndex [
            0,1,2,-1,2,1,3,-1,4,2,5,-1,5,2,3,-1,5,3,6,-1,6,3,7,-1,8,9,10,-1,10,9,11,-1,12,10,13,-1,13,10,11,-1,13,11,14,-1,14,11,15,-1,16,17,18,-1,18,17,19,-1,16,20,21,-1,22,23,24,-1,25,17,24,-1,24,17,16,-1,24,16,22,-1,22,16,21,-1,26,27,24,-1,24,27,25,-1,26,28,29,-1,30,31,18,-1,19,27,18,-1,18,27,26,-1,18,26,30,-1,30,26,29,-1,32,33,34,-1,34,33,35,-1,36,34,37,-1,37,34,35,-1,37,35,38,-1,38,35,39,-1,40,41,42,-1,42,41,43,-1,44,42,45,-1,45,42,43,-1,45,43,46,-1,46,43,47,-1,48,49,50,-1,50,49,51,-1,48,52,53,-1,54,55,56,-1,57,49,56,-1,56,49,48,-1,56,48,54,-1,54,48,53,-1,58,59,56,-1,56,59,57,-1,58,60,61,-1,62,63,50,-1,51,59,50,-1,50,59,58,-1,50,58,62,-1,62,58,61,-1,64,65,66,-1,66,65,67,-1,68,66,69,-1,69,66,67,-1,69,67,70,-1,70,67,71,-1,72,73,74,-1,74,73,75,-1,76,74,77,-1,77,74,75,-1,77,75,78,-1,78,75,79,-1,80,81,82,-1,82,81,83,-1,80,84,85,-1,86,87,88,-1,89,81,88,-1,88,81,80,-1,88,80,86,-1,86,80,85,-1,90,91,88,-1,88,91,89,-1,90,92,93,-1,94,95,82,-1,83,91,82,-1,82,91,90,-1,82,90,94,-1,94,90,93,-1,96,97,98,-1,98,97,99,-1,100,98,101,-1,101,98,99,-1,101,99,102,-1,102,99,103,-1,104,105,106,-1,106,105,107,-1,108,106,109,-1,109,106,107,-1,109,107,110,-1,110,107,111,-1,112,113,114,-1,114,113,115,-1,112,116,117,-1,118,119,120,-1,121,113,120,-1,120,113,112,-1,120,112,118,-1,118,112,117,-1,122,123,120,-1,120,123,121,-1,122,124,125,-1,126,127,114,-1,115,123,114,-1,114,123,122,-1,114,122,126,-1,126,122,125,-1,128,129,130,-1,130,129,131,-1,132,130,133,-1,133,130,131,-1,133,131,134,-1,134,131,135,-1,136,137,138,-1,138,137,139,-1,140,138,141,-1,141,138,139,-1,141,139,142,-1,142,139,143,-1,144,145,146,-1,146,145,147,-1,144,148,149,-1,150,151,152,-1,153,145,152,-1,152,145,144,-1,152,144,150,-1,150,144,149,-1,154,155,152,-1,152,155,153,-1,154,156,157,-1,158,159,146,-1,147,155,146,-1,146,155,154,-1,146,154,158,-1,158,154,157,-1,160,161,162,-1,162,161,163,-1,160,164,165,-1,166,167,168,-1,169,161,168,-1,168,161,160,-1,168,160,166,-1,166,160,165,-1,170,171,168,-1,168,171,169,-1,170,172,173,-1,174,175,162,-1,163,171,162,-1,162,171,170,-1,162,170,174,-1,174,170,173,-1,176,177,178,-1,178,177,179,-1,180,178,181,-1,181,178,179,-1,181,179,182,-1,182,179,183,-1,184,185,186,-1,186,185,187,-1,188,186,189,-1,189,186,187,-1,189,187,190,-1,190,187,191,-1,192,193,194,-1,194,193,195,-1,192,196,197,-1,198,199,200,-1,201,193,200,-1,200,193,192,-1,200,192,198,-1,198,192,197,-1,202,203,200,-1,200,203,201,-1,202,204,205,-1,206,207,194,-1,195,203,194,-1,194,203,202,-1,194,202,206,-1,206,202,205,-1,208,209,210,-1,210,209,211,-1,212,210,213,-1,213,210,211,-1,213,211,214,-1,214,211,215,-1,216,217,218,-1,218,217,219,-1,220,218,221,-1,221,218,219,-1,221,219,222,-1,222,219,223,-1,224,225,226,-1,226,225,227,-1,224,228,229,-1,230,231,232,-1,233,225,232,-1,232,225,224,-1,232,224,230,-1,230,224,229,-1,234,235,232,-1,232,235,233,-1,234,236,237,-1,238,239,226,-1,227,235,226,-1,226,235,234,-1,226,234,238,-1,238,234,237,-1,240,241,242,-1,242,241,243,-1,244,242,245,-1,245,242,243,-1,245,243,246,-1,246,243,247,-1,248,249,250,-1,250,249,251,-1,252,250,253,-1,253,250,251,-1,253,251,254,-1,254,251,255,-1,256,257,258,-1,258,257,259,-1,256,260,261,-1,262,263,264,-1,265,257,264,-1,264,257,256,-1,264,256,262,-1,262,256,261,-1,266,267,264,-1,264,267,265,-1,266,268,269,-1,270,271,258,-1,259,267,258,-1,258,267,266,-1,258,266,270,-1,270,266,269,-1,272,273,274,-1,274,273,275,-1,276,274,277,-1,277,274,275,-1,277,275,278,-1,278,275,279,-1,280,281,282,-1,282,281,283,-1,284,282,285,-1,285,282,283,-1,285,283,286,-1,286,283,287,-1,288,289,290,-1,290,289,291,-1,288,292,293,-1,294,295,296,-1,297,289,296,-1,296,289,288,-1,296,288,294,-1,294,288,293,-1,298,299,296,-1,296,299,297,-1,298,300,301,-1,302,303,290,-1,291,299,290,-1,290,299,298,-1,290,298,302,-1,302,298,301,-1,304,305,306,-1,306,305,307,-1,308,306,309,-1,309,306,307,-1,309,307,310,-1,310,307,311,-1,312,313,314,-1,314,313,315,-1,316,314,317,-1,317,314,315,-1,317,315,318,-1,318,315,319,-1,320,321,322,-1,322,321,323,-1,320,324,325,-1,326,327,328,-1,329,321,328,-1,328,321,320,-1,328,320,326,-1,326,320,325,-1,330,331,328,-1,328,331,329,-1,330,332,333,-1,334,335,322,-1,323,331,322,-1,322,331,330,-1,322,330,334,-1,334,330,333,-1,336,337,338,-1,338,337,339,-1,340,338,341,-1,341,338,339,-1,341,339,342,-1,342,339,343,-1,344,345,346,-1,346,345,347,-1,348,346,349,-1,349,346,347,-1,349,347,350,-1,350,347,351,-1,352,353,354,-1,354,353,355,-1,352,356,357,-1,358,359,360,-1,361,353,360,-1,360,353,352,-1,360,352,358,-1,358,352,357,-1,362,363,360,-1,360,363,361,-1,362,364,365,-1,366,367,354,-1,355,363,354,-1,354,363,362,-1,354,362,366,-1,366,362,365,-1,368,369,370,-1,370,369,371,-1,372,370,373,-1,373,370,371,-1,373,371,374,-1,374,371,375,-1,376,377,378,-1,378,377,379,-1,380,378,381,-1,381,378,379,-1,381,379,382,-1,382,379,383,-1,384,385,386,-1,386,385,387,-1,384,388,389,-1,390,391,392,-1,393,385,392,-1,392,385,384,-1,392,384,390,-1,390,384,389,-1,394,395,392,-1,392,395,393,-1,394,396,397,-1,398,399,386,-1,387,395,386,-1,386,395,394,-1,386,394,398,-1,398,394,397,-1,400,401,402,-1,402,401,403,-1,404,402,405,-1,405,402,403,-1,405,403,406,-1,406,403,407,-1,408,409,410,-1,410,409,411,-1,412,410,413,-1,413,410,411,-1,413,411,414,-1,414,411,415,-1,416,417,418,-1,418,417,419,-1,416,420,421,-1,422,423,424,-1,425,417,424,-1,424,417,416,-1,424,416,422,-1,422,416,421,-1,426,427,424,-1,424,427,425,-1,426,428,429,-1,430,431,418,-1,419,427,418,-1,418,427,426,-1,418,426,430,-1,430,426,429,-1,432,433,434,-1,434,433,435,-1,436,434,437,-1,437,434,435,-1,437,435,438,-1,438,435,439,-1,440,441,442,-1,442,441,443,-1,444,442,445,-1,445,442,443,-1,445,443,446,-1,446,443,447,-1,448,449,450,-1,450,449,451,-1,448,452,453,-1,454,455,456,-1,457,449,456,-1,456,449,448,-1,456,448,454,-1,454,448,453,-1,458,459,456,-1,456,459,457,-1,458,460,461,-1,462,463,450,-1,451,459,450,-1,450,459,458,-1,450,458,462,-1,462,458,461,-1,464,465,466,-1,466,465,467,-1,468,466,469,-1,469,466,467,-1,469,467,470,-1,470,467,471,-1,472,473,474,-1,474,473,475,-1,476,474,477,-1,477,474,475,-1,477,475,478,-1,478,475,479,-1,480,297,481,-1,481,297,299,-1,482,289,480,-1,480,289,297,-1,291,483,299,-1,299,483,481,-1,483,291,482,-1,482,291,289,-1,484,7,485,-1,485,7,14,-1,486,6,484,-1,484,6,7,-1,15,487,14,-1,14,487,485,-1,487,15,486,-1,486,15,6,-1,488,329,489,-1,489,329,331,-1,490,321,488,-1,488,321,329,-1,323,491,331,-1,331,491,489,-1,491,323,490,-1,490,323,321,-1,492,311,493,-1,493,311,318,-1,494,310,492,-1,492,310,311,-1,319,495,318,-1,318,495,493,-1,495,319,494,-1,494,319,310,-1,496,233,497,-1,497,233,235,-1,498,225,496,-1,496,225,233,-1,227,499,235,-1,235,499,497,-1,499,227,498,-1,498,227,225,-1,500,343,501,-1,501,343,350,-1,502,342,500,-1,500,342,343,-1,351,503,350,-1,350,503,501,-1,503,351,502,-1,502,351,342,-1,504,265,505,-1,505,265,267,-1,506,257,504,-1,504,257,265,-1,259,507,267,-1,267,507,505,-1,507,259,506,-1,506,259,257,-1,508,247,509,-1,509,247,254,-1,510,246,508,-1,508,246,247,-1,255,511,254,-1,254,511,509,-1,511,255,510,-1,510,255,246,-1,512,425,513,-1,513,425,427,-1,514,417,512,-1,512,417,425,-1,419,515,427,-1,427,515,513,-1,515,419,514,-1,514,419,417,-1,516,279,517,-1,517,279,286,-1,518,278,516,-1,516,278,279,-1,287,519,286,-1,286,519,517,-1,519,287,518,-1,518,287,278,-1,520,457,521,-1,521,457,459,-1,522,449,520,-1,520,449,457,-1,451,523,459,-1,459,523,521,-1,523,451,522,-1,522,451,449,-1,524,439,525,-1,525,439,446,-1,526,438,524,-1,524,438,439,-1,447,527,446,-1,446,527,525,-1,527,447,526,-1,526,447,438,-1,528,361,529,-1,529,361,363,-1,530,353,528,-1,528,353,361,-1,355,531,363,-1,363,531,529,-1,531,355,530,-1,530,355,353,-1,532,471,533,-1,533,471,478,-1,534,470,532,-1,532,470,471,-1,479,535,478,-1,478,535,533,-1,535,479,534,-1,534,479,470,-1,536,393,537,-1,537,393,395,-1,538,385,536,-1,536,385,393,-1,387,539,395,-1,395,539,537,-1,539,387,538,-1,538,387,385,-1,540,375,541,-1,541,375,382,-1,542,374,540,-1,540,374,375,-1,383,543,382,-1,382,543,541,-1,543,383,542,-1,542,383,374,-1,544,89,545,-1,545,89,91,-1,546,81,544,-1,544,81,89,-1,83,547,91,-1,91,547,545,-1,547,83,546,-1,546,83,81,-1,548,407,549,-1,549,407,414,-1,550,406,548,-1,548,406,407,-1,415,551,414,-1,414,551,549,-1,551,415,550,-1,550,415,406,-1,552,121,553,-1,553,121,123,-1,554,113,552,-1,552,113,121,-1,115,555,123,-1,123,555,553,-1,555,115,554,-1,554,115,113,-1,556,103,557,-1,557,103,110,-1,558,102,556,-1,556,102,103,-1,111,559,110,-1,110,559,557,-1,559,111,558,-1,558,111,102,-1,560,25,561,-1,561,25,27,-1,562,17,560,-1,560,17,25,-1,19,563,27,-1,27,563,561,-1,563,19,562,-1,562,19,17,-1,564,135,565,-1,565,135,142,-1,566,134,564,-1,564,134,135,-1,143,567,142,-1,142,567,565,-1,567,143,566,-1,566,143,134,-1,568,57,569,-1,569,57,59,-1,570,49,568,-1,568,49,57,-1,51,571,59,-1,59,571,569,-1,571,51,570,-1,570,51,49,-1,572,39,573,-1,573,39,46,-1,574,38,572,-1,572,38,39,-1,47,575,46,-1,46,575,573,-1,575,47,574,-1,574,47,38,-1,576,169,577,-1,577,169,171,-1,578,161,576,-1,576,161,169,-1,163,579,171,-1,171,579,577,-1,579,163,578,-1,578,163,161,-1,580,71,581,-1,581,71,78,-1,582,70,580,-1,580,70,71,-1,79,583,78,-1,78,583,581,-1,583,79,582,-1,582,79,70,-1,584,201,585,-1,585,201,203,-1,586,193,584,-1,584,193,201,-1,195,587,203,-1,203,587,585,-1,587,195,586,-1,586,195,193,-1,588,183,589,-1,589,183,190,-1,590,182,588,-1,588,182,183,-1,191,591,190,-1,190,591,589,-1,591,191,590,-1,590,191,182,-1,592,153,593,-1,593,153,155,-1,594,145,592,-1,592,145,153,-1,147,595,155,-1,155,595,593,-1,595,147,594,-1,594,147,145,-1,596,215,597,-1,597,215,222,-1,598,214,596,-1,596,214,215,-1,223,599,222,-1,222,599,597,-1,599,223,598,-1,598,223,214,-1,465,476,467,-1,467,476,477,-1,464,600,601,-1,600,464,602,-1,602,464,474,-1,602,474,603,-1,603,474,476,-1,603,476,601,-1,601,476,465,-1,601,465,464,-1,473,468,475,-1,475,468,469,-1,604,473,472,-1,473,604,468,-1,468,604,605,-1,468,605,466,-1,466,605,606,-1,466,606,472,-1,472,606,607,-1,472,607,604,-1,460,458,455,-1,455,458,456,-1,454,608,609,-1,608,454,610,-1,610,454,461,-1,610,461,611,-1,611,461,460,-1,611,460,609,-1,609,460,455,-1,609,455,454,-1,452,448,463,-1,463,448,450,-1,462,612,613,-1,612,462,614,-1,614,462,453,-1,614,453,615,-1,615,453,452,-1,615,452,613,-1,613,452,463,-1,613,463,462,-1,433,444,435,-1,435,444,445,-1,432,616,617,-1,616,432,618,-1,618,432,442,-1,618,442,619,-1,619,442,444,-1,619,444,617,-1,617,444,433,-1,617,433,432,-1,441,436,443,-1,443,436,437,-1,620,441,440,-1,441,620,436,-1,436,620,621,-1,436,621,434,-1,434,621,622,-1,434,622,440,-1,440,622,623,-1,440,623,620,-1,428,426,423,-1,423,426,424,-1,422,624,625,-1,624,422,626,-1,626,422,429,-1,626,429,627,-1,627,429,428,-1,627,428,625,-1,625,428,423,-1,625,423,422,-1,420,416,431,-1,431,416,418,-1,430,628,629,-1,628,430,630,-1,630,430,421,-1,630,421,631,-1,631,421,420,-1,631,420,629,-1,629,420,431,-1,629,431,430,-1,401,412,403,-1,403,412,413,-1,400,632,633,-1,632,400,634,-1,634,400,410,-1,634,410,635,-1,635,410,412,-1,635,412,633,-1,633,412,401,-1,633,401,400,-1,409,404,411,-1,411,404,405,-1,636,409,408,-1,409,636,404,-1,404,636,637,-1,404,637,402,-1,402,637,638,-1,402,638,408,-1,408,638,639,-1,408,639,636,-1,396,394,391,-1,391,394,392,-1,390,640,641,-1,640,390,642,-1,642,390,397,-1,642,397,643,-1,643,397,396,-1,643,396,641,-1,641,396,391,-1,641,391,390,-1,388,384,399,-1,399,384,386,-1,398,644,645,-1,644,398,646,-1,646,398,389,-1,646,389,647,-1,647,389,388,-1,647,388,645,-1,645,388,399,-1,645,399,398,-1,369,380,371,-1,371,380,381,-1,368,648,649,-1,648,368,650,-1,650,368,378,-1,650,378,651,-1,651,378,380,-1,651,380,649,-1,649,380,369,-1,649,369,368,-1,377,372,379,-1,379,372,373,-1,652,377,376,-1,377,652,372,-1,372,652,653,-1,372,653,370,-1,370,653,654,-1,370,654,376,-1,376,654,655,-1,376,655,652,-1,364,362,359,-1,359,362,360,-1,358,656,657,-1,656,358,658,-1,658,358,365,-1,658,365,659,-1,659,365,364,-1,659,364,657,-1,657,364,359,-1,657,359,358,-1,356,352,367,-1,367,352,354,-1,366,660,661,-1,660,366,662,-1,662,366,357,-1,662,357,663,-1,663,357,356,-1,663,356,661,-1,661,356,367,-1,661,367,366,-1,337,348,339,-1,339,348,349,-1,336,664,665,-1,664,336,666,-1,666,336,346,-1,666,346,667,-1,667,346,348,-1,667,348,665,-1,665,348,337,-1,665,337,336,-1,345,340,347,-1,347,340,341,-1,668,345,344,-1,345,668,340,-1,340,668,669,-1,340,669,338,-1,338,669,670,-1,338,670,344,-1,344,670,671,-1,344,671,668,-1,332,330,327,-1,327,330,328,-1,326,672,673,-1,672,326,674,-1,674,326,333,-1,674,333,675,-1,675,333,332,-1,675,332,673,-1,673,332,327,-1,673,327,326,-1,324,320,335,-1,335,320,322,-1,334,676,677,-1,676,334,678,-1,678,334,325,-1,678,325,679,-1,679,325,324,-1,679,324,677,-1,677,324,335,-1,677,335,334,-1,305,316,307,-1,307,316,317,-1,304,680,681,-1,680,304,682,-1,682,304,314,-1,682,314,683,-1,683,314,316,-1,683,316,681,-1,681,316,305,-1,681,305,304,-1,313,308,315,-1,315,308,309,-1,684,313,312,-1,313,684,308,-1,308,684,685,-1,308,685,306,-1,306,685,686,-1,306,686,312,-1,312,686,687,-1,312,687,684,-1,300,298,295,-1,295,298,296,-1,294,688,689,-1,688,294,690,-1,690,294,301,-1,690,301,691,-1,691,301,300,-1,691,300,689,-1,689,300,295,-1,689,295,294,-1,292,288,303,-1,303,288,290,-1,302,692,693,-1,692,302,694,-1,694,302,293,-1,694,293,695,-1,695,293,292,-1,695,292,693,-1,693,292,303,-1,693,303,302,-1,273,284,275,-1,275,284,285,-1,272,696,697,-1,696,272,698,-1,698,272,282,-1,698,282,699,-1,699,282,284,-1,699,284,697,-1,697,284,273,-1,697,273,272,-1,281,276,283,-1,283,276,277,-1,700,281,280,-1,281,700,276,-1,276,700,701,-1,276,701,274,-1,274,701,702,-1,274,702,280,-1,280,702,703,-1,280,703,700,-1,268,266,263,-1,263,266,264,-1,262,704,705,-1,704,262,706,-1,706,262,269,-1,706,269,707,-1,707,269,268,-1,707,268,705,-1,705,268,263,-1,705,263,262,-1,260,256,271,-1,271,256,258,-1,270,708,709,-1,708,270,710,-1,710,270,261,-1,710,261,711,-1,711,261,260,-1,711,260,709,-1,709,260,271,-1,709,271,270,-1,241,252,243,-1,243,252,253,-1,240,712,713,-1,712,240,714,-1,714,240,250,-1,714,250,715,-1,715,250,252,-1,715,252,713,-1,713,252,241,-1,713,241,240,-1,249,244,251,-1,251,244,245,-1,716,249,248,-1,249,716,244,-1,244,716,717,-1,244,717,242,-1,242,717,718,-1,242,718,248,-1,248,718,719,-1,248,719,716,-1,236,234,231,-1,231,234,232,-1,230,720,721,-1,720,230,722,-1,722,230,237,-1,722,237,723,-1,723,237,236,-1,723,236,721,-1,721,236,231,-1,721,231,230,-1,228,224,239,-1,239,224,226,-1,238,724,725,-1,724,238,726,-1,726,238,229,-1,726,229,727,-1,727,229,228,-1,727,228,725,-1,725,228,239,-1,725,239,238,-1,209,220,211,-1,211,220,221,-1,208,728,729,-1,728,208,730,-1,730,208,218,-1,730,218,731,-1,731,218,220,-1,731,220,729,-1,729,220,209,-1,729,209,208,-1,217,212,219,-1,219,212,213,-1,732,217,216,-1,217,732,212,-1,212,732,733,-1,212,733,210,-1,210,733,734,-1,210,734,216,-1,216,734,735,-1,216,735,732,-1,204,202,199,-1,199,202,200,-1,198,736,737,-1,736,198,738,-1,738,198,205,-1,738,205,739,-1,739,205,204,-1,739,204,737,-1,737,204,199,-1,737,199,198,-1,196,192,207,-1,207,192,194,-1,206,740,741,-1,740,206,742,-1,742,206,197,-1,742,197,743,-1,743,197,196,-1,743,196,741,-1,741,196,207,-1,741,207,206,-1,177,188,179,-1,179,188,189,-1,176,744,745,-1,744,176,746,-1,746,176,186,-1,746,186,747,-1,747,186,188,-1,747,188,745,-1,745,188,177,-1,745,177,176,-1,185,180,187,-1,187,180,181,-1,748,185,184,-1,185,748,180,-1,180,748,749,-1,180,749,178,-1,178,749,750,-1,178,750,184,-1,184,750,751,-1,184,751,748,-1,172,170,167,-1,167,170,168,-1,166,752,753,-1,752,166,754,-1,754,166,173,-1,754,173,755,-1,755,173,172,-1,755,172,753,-1,753,172,167,-1,753,167,166,-1,164,160,175,-1,175,160,162,-1,174,756,757,-1,756,174,758,-1,758,174,165,-1,758,165,759,-1,759,165,164,-1,759,164,757,-1,757,164,175,-1,757,175,174,-1,156,154,151,-1,151,154,152,-1,150,760,761,-1,760,150,762,-1,762,150,157,-1,762,157,763,-1,763,157,156,-1,763,156,761,-1,761,156,151,-1,761,151,150,-1,148,144,159,-1,159,144,146,-1,158,764,765,-1,764,158,766,-1,766,158,149,-1,766,149,767,-1,767,149,148,-1,767,148,765,-1,765,148,159,-1,765,159,158,-1,129,140,131,-1,131,140,141,-1,128,768,769,-1,768,128,770,-1,770,128,138,-1,770,138,771,-1,771,138,140,-1,771,140,769,-1,769,140,129,-1,769,129,128,-1,137,132,139,-1,139,132,133,-1,772,137,136,-1,137,772,132,-1,132,772,773,-1,132,773,130,-1,130,773,774,-1,130,774,136,-1,136,774,775,-1,136,775,772,-1,124,122,119,-1,119,122,120,-1,118,776,777,-1,776,118,778,-1,778,118,125,-1,778,125,779,-1,779,125,124,-1,779,124,777,-1,777,124,119,-1,777,119,118,-1,116,112,127,-1,127,112,114,-1,126,780,781,-1,780,126,782,-1,782,126,117,-1,782,117,783,-1,783,117,116,-1,783,116,781,-1,781,116,127,-1,781,127,126,-1,97,108,99,-1,99,108,109,-1,96,784,785,-1,784,96,786,-1,786,96,106,-1,786,106,787,-1,787,106,108,-1,787,108,785,-1,785,108,97,-1,785,97,96,-1,105,100,107,-1,107,100,101,-1,788,105,104,-1,105,788,100,-1,100,788,789,-1,100,789,98,-1,98,789,790,-1,98,790,104,-1,104,790,791,-1,104,791,788,-1,92,90,87,-1,87,90,88,-1,86,792,793,-1,792,86,794,-1,794,86,93,-1,794,93,795,-1,795,93,92,-1,795,92,793,-1,793,92,87,-1,793,87,86,-1,84,80,95,-1,95,80,82,-1,94,796,797,-1,796,94,798,-1,798,94,85,-1,798,85,799,-1,799,85,84,-1,799,84,797,-1,797,84,95,-1,797,95,94,-1,65,76,67,-1,67,76,77,-1,64,800,801,-1,800,64,802,-1,802,64,74,-1,802,74,803,-1,803,74,76,-1,803,76,801,-1,801,76,65,-1,801,65,64,-1,73,68,75,-1,75,68,69,-1,804,73,72,-1,73,804,68,-1,68,804,805,-1,68,805,66,-1,66,805,806,-1,66,806,72,-1,72,806,807,-1,72,807,804,-1,60,58,55,-1,55,58,56,-1,54,808,809,-1,808,54,810,-1,810,54,61,-1,810,61,811,-1,811,61,60,-1,811,60,809,-1,809,60,55,-1,809,55,54,-1,52,48,63,-1,63,48,50,-1,62,812,813,-1,812,62,814,-1,814,62,53,-1,814,53,815,-1,815,53,52,-1,815,52,813,-1,813,52,63,-1,813,63,62,-1,33,44,35,-1,35,44,45,-1,32,816,817,-1,816,32,818,-1,818,32,42,-1,818,42,819,-1,819,42,44,-1,819,44,817,-1,817,44,33,-1,817,33,32,-1,41,36,43,-1,43,36,37,-1,820,41,40,-1,41,820,36,-1,36,820,821,-1,36,821,34,-1,34,821,822,-1,34,822,40,-1,40,822,823,-1,40,823,820,-1,28,26,23,-1,23,26,24,-1,22,824,825,-1,824,22,826,-1,826,22,29,-1,826,29,827,-1,827,29,28,-1,827,28,825,-1,825,28,23,-1,825,23,22,-1,20,16,31,-1,31,16,18,-1,30,828,829,-1,828,30,830,-1,830,30,21,-1,830,21,831,-1,831,21,20,-1,831,20,829,-1,829,20,31,-1,829,31,30,-1,1,12,3,-1,3,12,13,-1,0,832,833,-1,832,0,834,-1,834,0,10,-1,834,10,835,-1,835,10,12,-1,835,12,833,-1,833,12,1,-1,833,1,0,-1,9,4,11,-1,11,4,5,-1,836,9,8,-1,9,836,4,-1,4,836,837,-1,4,837,2,-1,2,837,838,-1,2,838,8,-1,8,838,839,-1,8,839,836,-1,
        ]
    }
}
Shape{
    appearance Appearance {
        material  Material 	{
            diffuseColor 0.9686274509803922 0.8784313725490196 0.6
            specularColor 0.6784313725490196 0.615686274509804 0.4196078431372549
            ambientIntensity 0.8737
            transparency 0.0
            shininess 0.5
        }
    }
    geometry IndexedFaceSet {
        ccw TRUE
        solid FALSE
        coord DEF co Coordinate {
            point [
                -6.3742 -0.5787 0.3937, -6.3742 -0.4213 0.3937, -6.2049 -0.5787 0.3937, -6.2049 -0.4213 0.3937, -6.2552 -0.4213 2.7973, -6.2552 -0.5787 2.7973, -6.2049 -0.4213 1.8386, -6.2049 -0.5787 1.8386, -6.7452 -0.5787 2.7973, -6.7452 -0.4213 2.7973, -6.7955 -0.5787 1.8386, -6.7955 -0.4213 1.8386, -6.6262 -0.4213 0.3937, -6.6262 -0.5787 0.3937, -6.7955 -0.4213 0.3937, -6.7955 -0.5787 0.3937, -6.5924 -0.5787 1.014, -6.6211 -0.5787 1.0408, -6.6423 -0.5787 1.0739, -6.6262 -0.5787 -1.1339, -6.6219 -0.5787 -1.1665, -6.6093 -0.5787 -1.1968, -6.408 -0.5787 1.014, -6.4425 -0.5787 0.9952, -6.3457 -0.5787 1.1112, -6.3581 -0.5787 1.0739, -6.3793 -0.5787 1.0408, -6.4 -0.5787 2.6749, -6.4129 -0.5787 2.6429, -6.6547 -0.5787 1.1112, -6.6574 -0.5787 1.1504, -6.5792 -0.5787 2.5747, -6.5804 -0.5787 2.6092, -6.5875 -0.5787 2.6429, -6.5893 -0.5787 -1.2229, -6.343 -0.5787 1.1504, -6.4212 -0.5787 2.5747, -6.42 -0.5787 2.6092, -6.4806 -0.5787 0.9855, -6.5198 -0.5787 0.9855, -6.5579 -0.5787 0.9952, -6.6004 -0.5787 2.6749, -6.6708 -0.5787 2.8132, -6.7436 -0.5787 2.8065, -6.7399 -0.5787 2.8151, -6.3296 -0.5787 2.8132, -6.2568 -0.5787 2.8065, -6.2605 -0.5787 2.8151, -6.6829 -0.5787 2.8272, -6.6911 -0.5787 2.8318, -6.676 -0.5787 2.8209, -6.7001 -0.5787 2.8342, -6.7095 -0.5787 2.8345, -6.5632 -0.5787 -1.243, -6.5328 -0.5787 -1.2555, -6.5002 -0.5787 -1.2598, -6.4676 -0.5787 -1.2555, -6.4372 -0.5787 -1.243, -6.4111 -0.5787 -1.2229, -6.3911 -0.5787 -1.1968, -6.2909 -0.5787 2.8345, -6.3003 -0.5787 2.8342, -6.3244 -0.5787 2.8209, -6.3093 -0.5787 2.8318, -6.3175 -0.5787 2.8272, -6.7186 -0.5787 2.8325, -6.727 -0.5787 2.8285, -6.7343 -0.5787 2.8226, -6.3785 -0.5787 -1.1665, -6.3742 -0.5787 -1.1339, -6.2661 -0.5787 2.8226, -6.2734 -0.5787 2.8285, -6.2818 -0.5787 2.8325, -6.6423 -0.4213 1.0739, -6.6211 -0.4213 1.0408, -6.3581 -0.4213 1.0739, -6.4806 -0.4213 0.9855, -6.4425 -0.4213 0.9952, -6.6093 -0.4213 -1.1968, -6.6219 -0.4213 -1.1665, -6.3742 -0.4213 -1.1339, -6.6262 -0.4213 -1.1339, -6.5875 -0.4213 2.6429, -6.5804 -0.4213 2.6092, -6.5792 -0.4213 2.5747, -6.6574 -0.4213 1.1504, -6.6547 -0.4213 1.1112, -6.408 -0.4213 1.014, -6.3793 -0.4213 1.0408, -6.3457 -0.4213 1.1112, -6.343 -0.4213 1.1504, -6.4212 -0.4213 2.5747, -6.42 -0.4213 2.6092, -6.4129 -0.4213 2.6429, -6.3911 -0.4213 -1.1968, -6.4111 -0.4213 -1.2229, -6.5893 -0.4213 -1.2229, -6.4372 -0.4213 -1.243, -6.4676 -0.4213 -1.2555, -6.5002 -0.4213 -1.2598, -6.5328 -0.4213 -1.2555, -6.5632 -0.4213 -1.243, -6.3785 -0.4213 -1.1665, -6.7436 -0.4213 2.8065, -6.6708 -0.4213 2.8132, -6.6004 -0.4213 2.6749, -6.7399 -0.4213 2.8151, -6.7343 -0.4213 2.8226, -6.727 -0.4213 2.8285, -6.5924 -0.4213 1.014, -6.5579 -0.4213 0.9952, -6.5198 -0.4213 0.9855, -6.4 -0.4213 2.6749, -6.3296 -0.4213 2.8132, -6.2568 -0.4213 2.8065, -6.2605 -0.4213 2.8151, -6.7186 -0.4213 2.8325, -6.7095 -0.4213 2.8345, -6.7001 -0.4213 2.8342, -6.6911 -0.4213 2.8318, -6.6829 -0.4213 2.8272, -6.676 -0.4213 2.8209, -6.3175 -0.4213 2.8272, -6.3093 -0.4213 2.8318, -6.3244 -0.4213 2.8209, -6.3003 -0.4213 2.8342, -6.2909 -0.4213 2.8345, -6.2818 -0.4213 2.8325, -6.2734 -0.4213 2.8285, -6.2661 -0.4213 2.8226, -5.3742 -0.5787 0.3937, -5.3742 -0.4213 0.3937, -5.2049 -0.5787 0.3937, -5.2049 -0.4213 0.3937, -5.2552 -0.4213 2.7973, -5.2552 -0.5787 2.7973, -5.2049 -0.4213 1.8386, -5.2049 -0.5787 1.8386, -5.7452 -0.5787 2.7973, -5.7452 -0.4213 2.7973, -5.7955 -0.5787 1.8386, -5.7955 -0.4213 1.8386, -5.6262 -0.4213 0.3937, -5.6262 -0.5787 0.3937, -5.7955 -0.4213 0.3937, -5.7955 -0.5787 0.3937, -5.4425 -0.5787 0.9952, -5.408 -0.5787 1.014, -5.3793 -0.5787 1.0408, -5.6262 -0.5787 -1.1339, -5.6219 -0.5787 -1.1665, -5.6093 -0.5787 -1.1968, -5.3581 -0.5787 1.0739, -5.3457 -0.5787 1.1112, -5.5893 -0.5787 -1.2229, -5.5579 -0.5787 0.9952, -5.5198 -0.5787 0.9855, -5.4806 -0.5787 0.9855, -5.5924 -0.5787 1.014, -5.6211 -0.5787 1.0408, -5.6423 -0.5787 1.0739, -5.3296 -0.5787 2.8132, -5.4 -0.5787 2.6749, -5.4129 -0.5787 2.6429, -5.7434 -0.5787 2.8074, -5.7038 -0.5787 2.8346, -5.343 -0.5787 1.1504, -5.3742 -0.5787 -1.1339, -5.4212 -0.5787 2.5747, -5.42 -0.5787 2.6092, -5.6547 -0.5787 1.1112, -5.6574 -0.5787 1.1504, -5.5792 -0.5787 2.5747, -5.5804 -0.5787 2.6092, -5.3093 -0.5787 2.8318, -5.3175 -0.5787 2.8272, -5.2605 -0.5787 2.8151, -5.5875 -0.5787 2.6429, -5.6004 -0.5787 2.6749, -5.6708 -0.5787 2.8132, -5.6767 -0.5787 2.8216, -5.2568 -0.5787 2.8065, -5.3244 -0.5787 2.8209, -5.4111 -0.5787 -1.2229, -5.3911 -0.5787 -1.1968, -5.3785 -0.5787 -1.1665, -5.6845 -0.5787 2.8283, -5.6937 -0.5787 2.8327, -5.5002 -0.5787 -1.2598, -5.5328 -0.5787 -1.2555, -5.5632 -0.5787 -1.243, -5.4676 -0.5787 -1.2555, -5.4372 -0.5787 -1.243, -5.2734 -0.5787 2.8285, -5.2818 -0.5787 2.8325, -5.2661 -0.5787 2.8226, -5.2909 -0.5787 2.8345, -5.3003 -0.5787 2.8342, -5.7141 -0.5787 2.8338, -5.7238 -0.5787 2.8304, -5.7389 -0.5787 2.8167, -5.7323 -0.5787 2.8245, -5.3581 -0.4213 1.0739, -5.4806 -0.4213 0.9855, -5.4425 -0.4213 0.9952, -5.6219 -0.4213 -1.1665, -5.6262 -0.4213 -1.1339, -5.3785 -0.4213 -1.1665, -5.6423 -0.4213 1.0739, -5.6211 -0.4213 1.0408, -5.3742 -0.4213 -1.1339, -5.5924 -0.4213 1.014, -5.5579 -0.4213 0.9952, -5.5198 -0.4213 0.9855, -5.408 -0.4213 1.014, -5.3793 -0.4213 1.0408, -5.3457 -0.4213 1.1112, -5.343 -0.4213 1.1504, -5.4212 -0.4213 2.5747, -5.42 -0.4213 2.6092, -5.4129 -0.4213 2.6429, -5.7434 -0.4213 2.8074, -5.6708 -0.4213 2.8132, -5.6004 -0.4213 2.6749, -5.5875 -0.4213 2.6429, -5.5804 -0.4213 2.6092, -5.5792 -0.4213 2.5747, -5.6574 -0.4213 1.1504, -5.6547 -0.4213 1.1112, -5.4 -0.4213 2.6749, -5.3296 -0.4213 2.8132, -5.2568 -0.4213 2.8065, -5.2605 -0.4213 2.8151, -5.3911 -0.4213 -1.1968, -5.5893 -0.4213 -1.2229, -5.6093 -0.4213 -1.1968, -5.7141 -0.4213 2.8338, -5.7038 -0.4213 2.8346, -5.6937 -0.4213 2.8327, -5.3244 -0.4213 2.8209, -5.3175 -0.4213 2.8272, -5.3093 -0.4213 2.8318, -5.4111 -0.4213 -1.2229, -5.4372 -0.4213 -1.243, -5.4676 -0.4213 -1.2555, -5.5002 -0.4213 -1.2598, -5.5328 -0.4213 -1.2555, -5.5632 -0.4213 -1.243, -5.7238 -0.4213 2.8304, -5.7389 -0.4213 2.8167, -5.7323 -0.4213 2.8245, -5.6845 -0.4213 2.8283, -5.6767 -0.4213 2.8216, -5.3003 -0.4213 2.8342, -5.2909 -0.4213 2.8345, -5.2661 -0.4213 2.8226, -5.2818 -0.4213 2.8325, -5.2734 -0.4213 2.8285, -4.3742 -0.5787 0.3937, -4.3742 -0.4213 0.3937, -4.2049 -0.5787 0.3937, -4.2049 -0.4213 0.3937, -4.2552 -0.4213 2.7973, -4.2552 -0.5787 2.7973, -4.2049 -0.4213 1.8386, -4.2049 -0.5787 1.8386, -4.7452 -0.5787 2.7973, -4.7452 -0.4213 2.7973, -4.7955 -0.5787 1.8386, -4.7955 -0.4213 1.8386, -4.6262 -0.4213 0.3937, -4.6262 -0.5787 0.3937, -4.7955 -0.4213 0.3937, -4.7955 -0.5787 0.3937, -4.4425 -0.5787 0.9952, -4.408 -0.5787 1.014, -4.3793 -0.5787 1.0408, -4.6211 -0.5787 1.0408, -4.6423 -0.5787 1.0739, -4.6262 -0.5787 -1.1339, -4.6219 -0.5787 -1.1665, -4.6093 -0.5787 -1.1968, -4.5924 -0.5787 1.014, -4.3581 -0.5787 1.0739, -4.3457 -0.5787 1.1112, -4.5893 -0.5787 -1.2229, -4.4806 -0.5787 0.9855, -4.5198 -0.5787 0.9855, -4.5579 -0.5787 0.9952, -4.3296 -0.5787 2.8132, -4.4 -0.5787 2.6749, -4.4129 -0.5787 2.6429, -4.343 -0.5787 1.1504, -4.3742 -0.5787 -1.1339, -4.4212 -0.5787 2.5747, -4.42 -0.5787 2.6092, -4.7434 -0.5787 2.8074, -4.7038 -0.5787 2.8346, -4.3093 -0.5787 2.8318, -4.3175 -0.5787 2.8272, -4.2605 -0.5787 2.8151, -4.6547 -0.5787 1.1112, -4.6574 -0.5787 1.1504, -4.5792 -0.5787 2.5747, -4.5804 -0.5787 2.6092, -4.2568 -0.5787 2.8065, -4.3244 -0.5787 2.8209, -4.5875 -0.5787 2.6429, -4.6004 -0.5787 2.6749, -4.6708 -0.5787 2.8132, -4.6767 -0.5787 2.8216, -4.4111 -0.5787 -1.2229, -4.3911 -0.5787 -1.1968, -4.3785 -0.5787 -1.1665, -4.6845 -0.5787 2.8283, -4.6937 -0.5787 2.8327, -4.5002 -0.5787 -1.2598, -4.5328 -0.5787 -1.2555, -4.5632 -0.5787 -1.243, -4.4676 -0.5787 -1.2555, -4.4372 -0.5787 -1.243, -4.2734 -0.5787 2.8285, -4.2818 -0.5787 2.8325, -4.2661 -0.5787 2.8226, -4.2909 -0.5787 2.8345, -4.3003 -0.5787 2.8342, -4.7141 -0.5787 2.8338, -4.7238 -0.5787 2.8304, -4.7389 -0.5787 2.8167, -4.7323 -0.5787 2.8245, -4.3581 -0.4213 1.0739, -4.4806 -0.4213 0.9855, -4.4425 -0.4213 0.9952, -4.6219 -0.4213 -1.1665, -4.6262 -0.4213 -1.1339, -4.3785 -0.4213 -1.1665, -4.6423 -0.4213 1.0739, -4.6211 -0.4213 1.0408, -4.3742 -0.4213 -1.1339, -4.5924 -0.4213 1.014, -4.5579 -0.4213 0.9952, -4.5198 -0.4213 0.9855, -4.408 -0.4213 1.014, -4.3793 -0.4213 1.0408, -4.3457 -0.4213 1.1112, -4.343 -0.4213 1.1504, -4.4212 -0.4213 2.5747, -4.42 -0.4213 2.6092, -4.4129 -0.4213 2.6429, -4.4 -0.4213 2.6749, -4.3296 -0.4213 2.8132, -4.2568 -0.4213 2.8065, -4.2605 -0.4213 2.8151, -4.3911 -0.4213 -1.1968, -4.5893 -0.4213 -1.2229, -4.6093 -0.4213 -1.1968, -4.7434 -0.4213 2.8074, -4.6708 -0.4213 2.8132, -4.6004 -0.4213 2.6749, -4.5875 -0.4213 2.6429, -4.5804 -0.4213 2.6092, -4.5792 -0.4213 2.5747, -4.6574 -0.4213 1.1504, -4.6547 -0.4213 1.1112, -4.3244 -0.4213 2.8209, -4.3175 -0.4213 2.8272, -4.3093 -0.4213 2.8318, -4.4111 -0.4213 -1.2229, -4.4372 -0.4213 -1.243, -4.4676 -0.4213 -1.2555, -4.5002 -0.4213 -1.2598, -4.5328 -0.4213 -1.2555, -4.5632 -0.4213 -1.243, -4.7141 -0.4213 2.8338, -4.7038 -0.4213 2.8346, -4.6937 -0.4213 2.8327, -4.3003 -0.4213 2.8342, -4.2909 -0.4213 2.8345, -4.2661 -0.4213 2.8226, -4.2818 -0.4213 2.8325, -4.2734 -0.4213 2.8285, -4.7238 -0.4213 2.8304, -4.7389 -0.4213 2.8167, -4.7323 -0.4213 2.8245, -4.6845 -0.4213 2.8283, -4.6767 -0.4213 2.8216, -3.3742 -0.5787 0.3937, -3.3742 -0.4213 0.3937, -3.2049 -0.5787 0.3937, -3.2049 -0.4213 0.3937, -3.2552 -0.4213 2.7973, -3.2552 -0.5787 2.7973, -3.2049 -0.4213 1.8386, -3.2049 -0.5787 1.8386, -3.7452 -0.5787 2.7973, -3.7452 -0.4213 2.7973, -3.7955 -0.5787 1.8386, -3.7955 -0.4213 1.8386, -3.6262 -0.4213 0.3937, -3.6262 -0.5787 0.3937, -3.7955 -0.4213 0.3937, -3.7955 -0.5787 0.3937, -3.4425 -0.5787 0.9952, -3.408 -0.5787 1.014, -3.3793 -0.5787 1.0408, -3.6211 -0.5787 1.0408, -3.6423 -0.5787 1.0739, -3.6262 -0.5787 -1.1339, -3.6219 -0.5787 -1.1665, -3.6093 -0.5787 -1.1968, -3.5924 -0.5787 1.014, -3.3581 -0.5787 1.0739, -3.3457 -0.5787 1.1112, -3.5893 -0.5787 -1.2229, -3.4806 -0.5787 0.9855, -3.5198 -0.5787 0.9855, -3.5579 -0.5787 0.9952, -3.3296 -0.5787 2.8132, -3.4 -0.5787 2.6749, -3.4129 -0.5787 2.6429, -3.343 -0.5787 1.1504, -3.3742 -0.5787 -1.1339, -3.4212 -0.5787 2.5747, -3.42 -0.5787 2.6092, -3.7434 -0.5787 2.8074, -3.7038 -0.5787 2.8346, -3.3093 -0.5787 2.8318, -3.3175 -0.5787 2.8272, -3.2605 -0.5787 2.8151, -3.6547 -0.5787 1.1112, -3.6574 -0.5787 1.1504, -3.5792 -0.5787 2.5747, -3.5804 -0.5787 2.6092, -3.2568 -0.5787 2.8065, -3.3244 -0.5787 2.8209, -3.5875 -0.5787 2.6429, -3.6004 -0.5787 2.6749, -3.6708 -0.5787 2.8132, -3.6767 -0.5787 2.8216, -3.4111 -0.5787 -1.2229, -3.3911 -0.5787 -1.1968, -3.3785 -0.5787 -1.1665, -3.6845 -0.5787 2.8283, -3.6937 -0.5787 2.8327, -3.5002 -0.5787 -1.2598, -3.5328 -0.5787 -1.2555, -3.5632 -0.5787 -1.243, -3.4676 -0.5787 -1.2555, -3.4372 -0.5787 -1.243, -3.2734 -0.5787 2.8285, -3.2818 -0.5787 2.8325, -3.2661 -0.5787 2.8226, -3.2909 -0.5787 2.8345, -3.3003 -0.5787 2.8342, -3.7141 -0.5787 2.8338, -3.7238 -0.5787 2.8304, -3.7389 -0.5787 2.8167, -3.7323 -0.5787 2.8245, -3.3581 -0.4213 1.0739, -3.4806 -0.4213 0.9855, -3.4425 -0.4213 0.9952, -3.6219 -0.4213 -1.1665, -3.6262 -0.4213 -1.1339, -3.3785 -0.4213 -1.1665, -3.6423 -0.4213 1.0739, -3.6211 -0.4213 1.0408, -3.3742 -0.4213 -1.1339, -3.5924 -0.4213 1.014, -3.5579 -0.4213 0.9952, -3.5198 -0.4213 0.9855, -3.408 -0.4213 1.014, -3.3793 -0.4213 1.0408, -3.3457 -0.4213 1.1112, -3.343 -0.4213 1.1504, -3.4212 -0.4213 2.5747, -3.42 -0.4213 2.6092, -3.4129 -0.4213 2.6429, -3.4 -0.4213 2.6749, -3.3296 -0.4213 2.8132, -3.2568 -0.4213 2.8065, -3.2605 -0.4213 2.8151, -3.3911 -0.4213 -1.1968, -3.5893 -0.4213 -1.2229, -3.6093 -0.4213 -1.1968, -3.7434 -0.4213 2.8074, -3.6708 -0.4213 2.8132, -3.6004 -0.4213 2.6749, -3.5875 -0.4213 2.6429, -3.5804 -0.4213 2.6092, -3.5792 -0.4213 2.5747, -3.6574 -0.4213 1.1504, -3.6547 -0.4213 1.1112, -3.3244 -0.4213 2.8209, -3.3175 -0.4213 2.8272, -3.3093 -0.4213 2.8318, -3.4111 -0.4213 -1.2229, -3.4372 -0.4213 -1.243, -3.4676 -0.4213 -1.2555, -3.5002 -0.4213 -1.2598, -3.5328 -0.4213 -1.2555, -3.5632 -0.4213 -1.243, -3.7141 -0.4213 2.8338, -3.7038 -0.4213 2.8346, -3.6937 -0.4213 2.8327, -3.3003 -0.4213 2.8342, -3.2909 -0.4213 2.8345, -3.2661 -0.4213 2.8226, -3.2818 -0.4213 2.8325, -3.2734 -0.4213 2.8285, -3.7238 -0.4213 2.8304, -3.7389 -0.4213 2.8167, -3.7323 -0.4213 2.8245, -3.6845 -0.4213 2.8283, -3.6767 -0.4213 2.8216, -2.3742 -0.5787 0.3937, -2.3742 -0.4213 0.3937, -2.2049 -0.5787 0.3937, -2.2049 -0.4213 0.3937, -2.2552 -0.4213 2.7973, -2.2552 -0.5787 2.7973, -2.2049 -0.4213 1.8386, -2.2049 -0.5787 1.8386, -2.7452 -0.5787 2.7973, -2.7452 -0.4213 2.7973, -2.7955 -0.5787 1.8386, -2.7955 -0.4213 1.8386, -2.6262 -0.4213 0.3937, -2.6262 -0.5787 0.3937, -2.7955 -0.4213 0.3937, -2.7955 -0.5787 0.3937, -2.7389 -0.5787 2.8167, -2.7434 -0.5787 2.8074, -2.4425 -0.5787 0.9952, -2.408 -0.5787 1.014, -2.3793 -0.5787 1.0408, -2.6262 -0.5787 -1.1339, -2.6219 -0.5787 -1.1665, -2.6093 -0.5787 -1.1968, -2.3581 -0.5787 1.0739, -2.3457 -0.5787 1.1112, -2.5893 -0.5787 -1.2229, -2.5579 -0.5787 0.9952, -2.5198 -0.5787 0.9855, -2.4806 -0.5787 0.9855, -2.5924 -0.5787 1.014, -2.6211 -0.5787 1.0408, -2.6423 -0.5787 1.0739, -2.3244 -0.5787 2.8209, -2.3296 -0.5787 2.8132, -2.4 -0.5787 2.6749, -2.4129 -0.5787 2.6429, -2.343 -0.5787 1.1504, -2.3742 -0.5787 -1.1339, -2.4212 -0.5787 2.5747, -2.42 -0.5787 2.6092, -2.5875 -0.5787 2.6429, -2.6004 -0.5787 2.6749, -2.6547 -0.5787 1.1112, -2.6574 -0.5787 1.1504, -2.5792 -0.5787 2.5747, -2.5804 -0.5787 2.6092, -2.3003 -0.5787 2.8342, -2.3093 -0.5787 2.8318, -2.3175 -0.5787 2.8272, -2.5002 -0.5787 -1.2598, -2.5328 -0.5787 -1.2555, -2.5632 -0.5787 -1.243, -2.4676 -0.5787 -1.2555, -2.4372 -0.5787 -1.243, -2.4111 -0.5787 -1.2229, -2.3911 -0.5787 -1.1968, -2.3785 -0.5787 -1.1665, -2.2568 -0.5787 2.8065, -2.2605 -0.5787 2.8151, -2.2661 -0.5787 2.8226, -2.2734 -0.5787 2.8285, -2.2818 -0.5787 2.8325, -2.2909 -0.5787 2.8345, -2.6708 -0.5787 2.8132, -2.6767 -0.5787 2.8216, -2.6845 -0.5787 2.8283, -2.6937 -0.5787 2.8327, -2.7038 -0.5787 2.8346, -2.7141 -0.5787 2.8338, -2.7238 -0.5787 2.8304, -2.7323 -0.5787 2.8245, -2.3581 -0.4213 1.0739, -2.6423 -0.4213 1.0739, -2.6211 -0.4213 1.0408, -2.4806 -0.4213 0.9855, -2.4425 -0.4213 0.9952, -2.6219 -0.4213 -1.1665, -2.6262 -0.4213 -1.1339, -2.3785 -0.4213 -1.1665, -2.3742 -0.4213 -1.1339, -2.5924 -0.4213 1.014, -2.5579 -0.4213 0.9952, -2.5198 -0.4213 0.9855, -2.408 -0.4213 1.014, -2.3793 -0.4213 1.0408, -2.3457 -0.4213 1.1112, -2.343 -0.4213 1.1504, -2.4212 -0.4213 2.5747, -2.42 -0.4213 2.6092, -2.4129 -0.4213 2.6429, -2.6708 -0.4213 2.8132, -2.6004 -0.4213 2.6749, -2.5875 -0.4213 2.6429, -2.4 -0.4213 2.6749, -2.3296 -0.4213 2.8132, -2.3244 -0.4213 2.8209, -2.3911 -0.4213 -1.1968, -2.5893 -0.4213 -1.2229, -2.6093 -0.4213 -1.1968, -2.4111 -0.4213 -1.2229, -2.4372 -0.4213 -1.243, -2.4676 -0.4213 -1.2555, -2.5002 -0.4213 -1.2598, -2.5328 -0.4213 -1.2555, -2.5632 -0.4213 -1.243, -2.7038 -0.4213 2.8346, -2.6937 -0.4213 2.8327, -2.5804 -0.4213 2.6092, -2.5792 -0.4213 2.5747, -2.6574 -0.4213 1.1504, -2.6547 -0.4213 1.1112, -2.3175 -0.4213 2.8272, -2.3093 -0.4213 2.8318, -2.3003 -0.4213 2.8342, -2.2909 -0.4213 2.8345, -2.2818 -0.4213 2.8325, -2.2734 -0.4213 2.8285, -2.2661 -0.4213 2.8226, -2.2605 -0.4213 2.8151, -2.2568 -0.4213 2.8065, -2.6845 -0.4213 2.8283, -2.6767 -0.4213 2.8216, -2.7323 -0.4213 2.8245, -2.7389 -0.4213 2.8167, -2.7434 -0.4213 2.8074, -2.7238 -0.4213 2.8304, -2.7141 -0.4213 2.8338, -1.3742 -0.5787 0.3937, -1.3742 -0.4213 0.3937, -1.2049 -0.5787 0.3937, -1.2049 -0.4213 0.3937, -1.2552 -0.4213 2.7973, -1.2552 -0.5787 2.7973, -1.2049 -0.4213 1.8386, -1.2049 -0.5787 1.8386, -1.7452 -0.5787 2.7973, -1.7452 -0.4213 2.7973, -1.7955 -0.5787 1.8386, -1.7955 -0.4213 1.8386, -1.6262 -0.4213 0.3937, -1.6262 -0.5787 0.3937, -1.7955 -0.4213 0.3937, -1.7955 -0.5787 0.3937, -1.7389 -0.5787 2.8167, -1.7434 -0.5787 2.8074, -1.408 -0.5787 1.014, -1.4425 -0.5787 0.9952, -1.6262 -0.5787 -1.1339, -1.6219 -0.5787 -1.1665, -1.6093 -0.5787 -1.1968, -1.5579 -0.5787 0.9952, -1.5198 -0.5787 0.9855, -1.4806 -0.5787 0.9855, -1.3457 -0.5787 1.1112, -1.3581 -0.5787 1.0739, -1.3793 -0.5787 1.0408, -1.5924 -0.5787 1.014, -1.6211 -0.5787 1.0408, -1.6423 -0.5787 1.0739, -1.4 -0.5787 2.6749, -1.4129 -0.5787 2.6429, -1.5893 -0.5787 -1.2229, -1.343 -0.5787 1.1504, -1.4212 -0.5787 2.5747, -1.42 -0.5787 2.6092, -1.5875 -0.5787 2.6429, -1.6004 -0.5787 2.6749, -1.3175 -0.5787 2.8272, -1.3244 -0.5787 2.8209, -1.3296 -0.5787 2.8132, -1.6547 -0.5787 1.1112, -1.6574 -0.5787 1.1504, -1.5792 -0.5787 2.5747, -1.5804 -0.5787 2.6092, -1.5632 -0.5787 -1.243, -1.5328 -0.5787 -1.2555, -1.5002 -0.5787 -1.2598, -1.4676 -0.5787 -1.2555, -1.4372 -0.5787 -1.243, -1.4111 -0.5787 -1.2229, -1.3911 -0.5787 -1.1968, -1.3785 -0.5787 -1.1665, -1.3742 -0.5787 -1.1339, -1.2568 -0.5787 2.8065, -1.2605 -0.5787 2.8151, -1.3003 -0.5787 2.8342, -1.2661 -0.5787 2.8226, -1.2909 -0.5787 2.8345, -1.2734 -0.5787 2.8285, -1.2818 -0.5787 2.8325, -1.3093 -0.5787 2.8318, -1.6708 -0.5787 2.8132, -1.6767 -0.5787 2.8216, -1.6845 -0.5787 2.8283, -1.6937 -0.5787 2.8327, -1.7038 -0.5787 2.8346, -1.7141 -0.5787 2.8338, -1.7238 -0.5787 2.8304, -1.7323 -0.5787 2.8245, -1.3581 -0.4213 1.0739, -1.6423 -0.4213 1.0739, -1.6211 -0.4213 1.0408, -1.4806 -0.4213 0.9855, -1.4425 -0.4213 0.9952, -1.408 -0.4213 1.014, -1.3793 -0.4213 1.0408, -1.3785 -0.4213 -1.1665, -1.3911 -0.4213 -1.1968, -1.6262 -0.4213 -1.1339, -1.5924 -0.4213 1.014, -1.5579 -0.4213 0.9952, -1.5198 -0.4213 0.9855, -1.4129 -0.4213 2.6429, -1.4 -0.4213 2.6749, -1.3742 -0.4213 -1.1339, -1.4111 -0.4213 -1.2229, -1.4372 -0.4213 -1.243, -1.6219 -0.4213 -1.1665, -1.3457 -0.4213 1.1112, -1.343 -0.4213 1.1504, -1.4212 -0.4213 2.5747, -1.42 -0.4213 2.6092, -1.4676 -0.4213 -1.2555, -1.5002 -0.4213 -1.2598, -1.5893 -0.4213 -1.2229, -1.5328 -0.4213 -1.2555, -1.5632 -0.4213 -1.243, -1.6093 -0.4213 -1.1968, -1.6708 -0.4213 2.8132, -1.6004 -0.4213 2.6749, -1.5875 -0.4213 2.6429, -1.3296 -0.4213 2.8132, -1.3244 -0.4213 2.8209, -1.3175 -0.4213 2.8272, -1.7038 -0.4213 2.8346, -1.6937 -0.4213 2.8327, -1.5804 -0.4213 2.6092, -1.5792 -0.4213 2.5747, -1.6574 -0.4213 1.1504, -1.6547 -0.4213 1.1112, -1.3093 -0.4213 2.8318, -1.3003 -0.4213 2.8342, -1.2568 -0.4213 2.8065, -1.2818 -0.4213 2.8325, -1.2734 -0.4213 2.8285, -1.2909 -0.4213 2.8345, -1.2661 -0.4213 2.8226, -1.2605 -0.4213 2.8151, -1.6845 -0.4213 2.8283, -1.6767 -0.4213 2.8216, -1.7323 -0.4213 2.8245, -1.7389 -0.4213 2.8167, -1.7434 -0.4213 2.8074, -1.7238 -0.4213 2.8304, -1.7141 -0.4213 2.8338, -0.3742 -0.5787 0.3937, -0.3742 -0.4213 0.3937, -0.2049 -0.5787 0.3937, -0.2049 -0.4213 0.3937, -0.2552 -0.4213 2.7973, -0.2552 -0.5787 2.7973, -0.2049 -0.4213 1.8386, -0.2049 -0.5787 1.8386, -0.7452 -0.5787 2.7973, -0.7452 -0.4213 2.7973, -0.7955 -0.5787 1.8386, -0.7955 -0.4213 1.8386, -0.6262 -0.4213 0.3937, -0.6262 -0.5787 0.3937, -0.7955 -0.4213 0.3937, -0.7955 -0.5787 0.3937, -0.6262 -0.5787 -1.1339, -0.6219 -0.5787 -1.1665, -0.6093 -0.5787 -1.1968, -0.4425 -0.5787 0.9952, -0.408 -0.5787 1.014, -0.3793 -0.5787 1.0408, -0.5924 -0.5787 1.014, -0.6211 -0.5787 1.0408, -0.6423 -0.5787 1.0739, -0.3581 -0.5787 1.0739, -0.3457 -0.5787 1.1112, -0.5893 -0.5787 -1.2229, -0.4806 -0.5787 0.9855, -0.5198 -0.5787 0.9855, -0.5579 -0.5787 0.9952, -0.3244 -0.5787 2.8209, -0.3296 -0.5787 2.8132, -0.4 -0.5787 2.6749, -0.4129 -0.5787 2.6429, -0.5875 -0.5787 2.6429, -0.6004 -0.5787 2.6749, -0.343 -0.5787 1.1504, -0.3742 -0.5787 -1.1339, -0.4212 -0.5787 2.5747, -0.42 -0.5787 2.6092, -0.6547 -0.5787 1.1112, -0.6574 -0.5787 1.1504, -0.5792 -0.5787 2.5747, -0.5804 -0.5787 2.6092, -0.6708 -0.5787 2.8132, -0.6767 -0.5787 2.8216, -0.6845 -0.5787 2.8283, -0.5002 -0.5787 -1.2598, -0.5328 -0.5787 -1.2555, -0.5632 -0.5787 -1.243, -0.4676 -0.5787 -1.2555, -0.4372 -0.5787 -1.243, -0.4111 -0.5787 -1.2229, -0.3003 -0.5787 2.8342, -0.3093 -0.5787 2.8318, -0.3175 -0.5787 2.8272, -0.3911 -0.5787 -1.1968, -0.3785 -0.5787 -1.1665, -0.2568 -0.5787 2.8065, -0.2605 -0.5787 2.8151, -0.2661 -0.5787 2.8226, -0.2734 -0.5787 2.8285, -0.2818 -0.5787 2.8325, -0.2909 -0.5787 2.8345, -0.6937 -0.5787 2.8327, -0.7389 -0.5787 2.8167, -0.7434 -0.5787 2.8074, -0.7038 -0.5787 2.8346, -0.7141 -0.5787 2.8338, -0.7323 -0.5787 2.8245, -0.7238 -0.5787 2.8304, -0.6423 -0.4213 1.0739, -0.6211 -0.4213 1.0408, -0.3581 -0.4213 1.0739, -0.4806 -0.4213 0.9855, -0.4425 -0.4213 0.9952, -0.408 -0.4213 1.014, -0.3793 -0.4213 1.0408, -0.6262 -0.4213 -1.1339, -0.3742 -0.4213 -1.1339, -0.3785 -0.4213 -1.1665, -0.5924 -0.4213 1.014, -0.5579 -0.4213 0.9952, -0.5198 -0.4213 0.9855, -0.3457 -0.4213 1.1112, -0.343 -0.4213 1.1504, -0.4212 -0.4213 2.5747, -0.42 -0.4213 2.6092, -0.4129 -0.4213 2.6429, -0.3911 -0.4213 -1.1968, -0.4111 -0.4213 -1.2229, -0.4372 -0.4213 -1.243, -0.4676 -0.4213 -1.2555, -0.6093 -0.4213 -1.1968, -0.6219 -0.4213 -1.1665, -0.6004 -0.4213 2.6749, -0.5875 -0.4213 2.6429, -0.4 -0.4213 2.6749, -0.3296 -0.4213 2.8132, -0.3244 -0.4213 2.8209, -0.5002 -0.4213 -1.2598, -0.5328 -0.4213 -1.2555, -0.5893 -0.4213 -1.2229, -0.5632 -0.4213 -1.243, -0.5804 -0.4213 2.6092, -0.5792 -0.4213 2.5747, -0.6574 -0.4213 1.1504, -0.6547 -0.4213 1.1112, -0.6845 -0.4213 2.8283, -0.6767 -0.4213 2.8216, -0.6708 -0.4213 2.8132, -0.3175 -0.4213 2.8272, -0.3093 -0.4213 2.8318, -0.3003 -0.4213 2.8342, -0.2909 -0.4213 2.8345, -0.2818 -0.4213 2.8325, -0.2734 -0.4213 2.8285, -0.2661 -0.4213 2.8226, -0.2605 -0.4213 2.8151, -0.2568 -0.4213 2.8065, -0.7434 -0.4213 2.8074, -0.7389 -0.4213 2.8167, -0.6937 -0.4213 2.8327, -0.7038 -0.4213 2.8346, -0.7141 -0.4213 2.8338, -0.7323 -0.4213 2.8245, -0.7238 -0.4213 2.8304, 0.6258 -0.5787 0.3937, 0.6258 -0.4213 0.3937, 0.7951 -0.5787 0.3937, 0.7951 -0.4213 0.3937, 0.7448 -0.4213 2.7973, 0.7448 -0.5787 2.7973, 0.7951 -0.4213 1.8386, 0.7951 -0.5787 1.8386, 0.2548 -0.5787 2.7973, 0.2548 -0.4213 2.7973, 0.2045 -0.5787 1.8386, 0.2045 -0.4213 1.8386, 0.3738 -0.4213 0.3937, 0.3738 -0.5787 0.3937, 0.2045 -0.4213 0.3937, 0.2045 -0.5787 0.3937, 0.592 -0.5787 1.014, 0.5575 -0.5787 0.9952, 0.3738 -0.5787 -1.1339, 0.3781 -0.5787 -1.1665, 0.3907 -0.5787 -1.1968, 0.4076 -0.5787 1.014, 0.3789 -0.5787 1.0408, 0.3577 -0.5787 1.0739, 0.6543 -0.5787 1.1112, 0.6419 -0.5787 1.0739, 0.6207 -0.5787 1.0408, 0.5194 -0.5787 0.9855, 0.4802 -0.5787 0.9855, 0.4421 -0.5787 0.9952, 0.6756 -0.5787 2.8209, 0.6704 -0.5787 2.8132, 0.6 -0.5787 2.6749, 0.5871 -0.5787 2.6429, 0.4107 -0.5787 -1.2229, 0.657 -0.5787 1.1504, 0.5788 -0.5787 2.5747, 0.58 -0.5787 2.6092, 0.4125 -0.5787 2.6429, 0.3996 -0.5787 2.6749, 0.3292 -0.5787 2.8132, 0.3453 -0.5787 1.1112, 0.3426 -0.5787 1.1504, 0.4208 -0.5787 2.5747, 0.4196 -0.5787 2.6092, 0.4368 -0.5787 -1.243, 0.4672 -0.5787 -1.2555, 0.4998 -0.5787 -1.2598, 0.5324 -0.5787 -1.2555, 0.5628 -0.5787 -1.243, 0.5889 -0.5787 -1.2229, 0.6089 -0.5787 -1.1968, 0.6215 -0.5787 -1.1665, 0.6258 -0.5787 -1.1339, 0.6997 -0.5787 2.8342, 0.6907 -0.5787 2.8318, 0.6825 -0.5787 2.8272, 0.3233 -0.5787 2.8216, 0.3155 -0.5787 2.8283, 0.2566 -0.5787 2.8074, 0.2611 -0.5787 2.8167, 0.7432 -0.5787 2.8065, 0.7395 -0.5787 2.8151, 0.7339 -0.5787 2.8226, 0.7266 -0.5787 2.8285, 0.7182 -0.5787 2.8325, 0.7091 -0.5787 2.8345, 0.3063 -0.5787 2.8327, 0.2962 -0.5787 2.8346, 0.2677 -0.5787 2.8245, 0.2859 -0.5787 2.8338, 0.2762 -0.5787 2.8304, 0.3577 -0.4213 1.0739, 0.3789 -0.4213 1.0408, 0.6419 -0.4213 1.0739, 0.5194 -0.4213 0.9855, 0.5575 -0.4213 0.9952, 0.592 -0.4213 1.014, 0.6207 -0.4213 1.0408, 0.4076 -0.4213 1.014, 0.4421 -0.4213 0.9952, 0.4802 -0.4213 0.9855, 0.3738 -0.4213 -1.1339, 0.6258 -0.4213 -1.1339, 0.6215 -0.4213 -1.1665, 0.6089 -0.4213 -1.1968, 0.5889 -0.4213 -1.2229, 0.5628 -0.4213 -1.243, 0.6543 -0.4213 1.1112, 0.657 -0.4213 1.1504, 0.5788 -0.4213 2.5747, 0.58 -0.4213 2.6092, 0.5871 -0.4213 2.6429, 0.5324 -0.4213 -1.2555, 0.3907 -0.4213 -1.1968, 0.3781 -0.4213 -1.1665, 0.3233 -0.4213 2.8216, 0.3292 -0.4213 2.8132, 0.3996 -0.4213 2.6749, 0.4125 -0.4213 2.6429, 0.6 -0.4213 2.6749, 0.6704 -0.4213 2.8132, 0.6756 -0.4213 2.8209, 0.4998 -0.4213 -1.2598, 0.4672 -0.4213 -1.2555, 0.4107 -0.4213 -1.2229, 0.4368 -0.4213 -1.243, 0.4196 -0.4213 2.6092, 0.4208 -0.4213 2.5747, 0.3426 -0.4213 1.1504, 0.3453 -0.4213 1.1112, 0.6825 -0.4213 2.8272, 0.6907 -0.4213 2.8318, 0.6997 -0.4213 2.8342, 0.7091 -0.4213 2.8345, 0.7182 -0.4213 2.8325, 0.7266 -0.4213 2.8285, 0.7339 -0.4213 2.8226, 0.7395 -0.4213 2.8151, 0.7432 -0.4213 2.8065, 0.3155 -0.4213 2.8283, 0.2566 -0.4213 2.8074, 0.2611 -0.4213 2.8167, 0.2762 -0.4213 2.8304, 0.2859 -0.4213 2.8338, 0.2677 -0.4213 2.8245, 0.2962 -0.4213 2.8346, 0.3063 -0.4213 2.8327, 1.6258 -0.5787 0.3937, 1.6258 -0.4213 0.3937, 1.7951 -0.5787 0.3937, 1.7951 -0.4213 0.3937, 1.7448 -0.4213 2.7973, 1.7448 -0.5787 2.7973, 1.7951 -0.4213 1.8386, 1.7951 -0.5787 1.8386, 1.2548 -0.5787 2.7973, 1.2548 -0.4213 2.7973, 1.2045 -0.5787 1.8386, 1.2045 -0.4213 1.8386, 1.3738 -0.4213 0.3937, 1.3738 -0.5787 0.3937, 1.2045 -0.4213 0.3937, 1.2045 -0.5787 0.3937, 1.3738 -0.5787 -1.1339, 1.3781 -0.5787 -1.1665, 1.3907 -0.5787 -1.1968, 1.5575 -0.5787 0.9952, 1.592 -0.5787 1.014, 1.6207 -0.5787 1.0408, 1.6419 -0.5787 1.0739, 1.6543 -0.5787 1.1112, 1.4107 -0.5787 -1.2229, 1.4421 -0.5787 0.9952, 1.4802 -0.5787 0.9855, 1.5194 -0.5787 0.9855, 1.4076 -0.5787 1.014, 1.3789 -0.5787 1.0408, 1.3577 -0.5787 1.0739, 1.6756 -0.5787 2.8209, 1.6704 -0.5787 2.8132, 1.6 -0.5787 2.6749, 1.5871 -0.5787 2.6429, 1.657 -0.5787 1.1504, 1.6258 -0.5787 -1.1339, 1.5788 -0.5787 2.5747, 1.58 -0.5787 2.6092, 1.3453 -0.5787 1.1112, 1.3426 -0.5787 1.1504, 1.4208 -0.5787 2.5747, 1.4196 -0.5787 2.6092, 1.4125 -0.5787 2.6429, 1.3996 -0.5787 2.6749, 1.3292 -0.5787 2.8132, 1.2566 -0.5787 2.8074, 1.2611 -0.5787 2.8167, 1.6997 -0.5787 2.8342, 1.6907 -0.5787 2.8318, 1.6825 -0.5787 2.8272, 1.3233 -0.5787 2.8216, 1.3155 -0.5787 2.8283, 1.3063 -0.5787 2.8327, 1.4998 -0.5787 -1.2598, 1.4672 -0.5787 -1.2555, 1.4368 -0.5787 -1.243, 1.5324 -0.5787 -1.2555, 1.5628 -0.5787 -1.243, 1.5889 -0.5787 -1.2229, 1.6089 -0.5787 -1.1968, 1.6215 -0.5787 -1.1665, 1.7432 -0.5787 2.8065, 1.7395 -0.5787 2.8151, 1.7339 -0.5787 2.8226, 1.7266 -0.5787 2.8285, 1.7182 -0.5787 2.8325, 1.7091 -0.5787 2.8345, 1.2962 -0.5787 2.8346, 1.2859 -0.5787 2.8338, 1.2677 -0.5787 2.8245, 1.2762 -0.5787 2.8304, 1.6419 -0.4213 1.0739, 1.5194 -0.4213 0.9855, 1.5575 -0.4213 0.9952, 1.3781 -0.4213 -1.1665, 1.3738 -0.4213 -1.1339, 1.6215 -0.4213 -1.1665, 1.3577 -0.4213 1.0739, 1.3789 -0.4213 1.0408, 1.6258 -0.4213 -1.1339, 1.592 -0.4213 1.014, 1.6207 -0.4213 1.0408, 1.4076 -0.4213 1.014, 1.4421 -0.4213 0.9952, 1.4802 -0.4213 0.9855, 1.3233 -0.4213 2.8216, 1.3292 -0.4213 2.8132, 1.2611 -0.4213 2.8167, 1.3996 -0.4213 2.6749, 1.4125 -0.4213 2.6429, 1.6543 -0.4213 1.1112, 1.657 -0.4213 1.1504, 1.5788 -0.4213 2.5747, 1.58 -0.4213 2.6092, 1.5871 -0.4213 2.6429, 1.4196 -0.4213 2.6092, 1.4208 -0.4213 2.5747, 1.3426 -0.4213 1.1504, 1.3453 -0.4213 1.1112, 1.6 -0.4213 2.6749, 1.6704 -0.4213 2.8132, 1.6756 -0.4213 2.8209, 1.6089 -0.4213 -1.1968, 1.4107 -0.4213 -1.2229, 1.3907 -0.4213 -1.1968, 1.5889 -0.4213 -1.2229, 1.5628 -0.4213 -1.243, 1.5324 -0.4213 -1.2555, 1.4998 -0.4213 -1.2598, 1.4672 -0.4213 -1.2555, 1.4368 -0.4213 -1.243, 1.2566 -0.4213 2.8074, 1.6825 -0.4213 2.8272, 1.6907 -0.4213 2.8318, 1.6997 -0.4213 2.8342, 1.7091 -0.4213 2.8345, 1.7182 -0.4213 2.8325, 1.7266 -0.4213 2.8285, 1.7339 -0.4213 2.8226, 1.7395 -0.4213 2.8151, 1.7432 -0.4213 2.8065, 1.2962 -0.4213 2.8346, 1.3063 -0.4213 2.8327, 1.3155 -0.4213 2.8283, 1.2859 -0.4213 2.8338, 1.2677 -0.4213 2.8245, 1.2762 -0.4213 2.8304, 2.6258 -0.5787 0.3937, 2.6258 -0.4213 0.3937, 2.7951 -0.5787 0.3937, 2.7951 -0.4213 0.3937, 2.7448 -0.4213 2.7973, 2.7448 -0.5787 2.7973, 2.7951 -0.4213 1.8386, 2.7951 -0.5787 1.8386, 2.2548 -0.5787 2.7973, 2.2548 -0.4213 2.7973, 2.2045 -0.5787 1.8386, 2.2045 -0.4213 1.8386, 2.3738 -0.4213 0.3937, 2.3738 -0.5787 0.3937, 2.2045 -0.4213 0.3937, 2.2045 -0.5787 0.3937, 2.2611 -0.5787 2.8167, 2.2566 -0.5787 2.8074, 2.5575 -0.5787 0.9952, 2.592 -0.5787 1.014, 2.6207 -0.5787 1.0408, 2.3738 -0.5787 -1.1339, 2.3781 -0.5787 -1.1665, 2.3907 -0.5787 -1.1968, 2.6419 -0.5787 1.0739, 2.6543 -0.5787 1.1112, 2.4107 -0.5787 -1.2229, 2.4421 -0.5787 0.9952, 2.4802 -0.5787 0.9855, 2.5194 -0.5787 0.9855, 2.4076 -0.5787 1.014, 2.3789 -0.5787 1.0408, 2.3577 -0.5787 1.0739, 2.6756 -0.5787 2.8209, 2.6704 -0.5787 2.8132, 2.6 -0.5787 2.6749, 2.5871 -0.5787 2.6429, 2.657 -0.5787 1.1504, 2.6258 -0.5787 -1.1339, 2.5788 -0.5787 2.5747, 2.58 -0.5787 2.6092, 2.4125 -0.5787 2.6429, 2.3996 -0.5787 2.6749, 2.3453 -0.5787 1.1112, 2.3426 -0.5787 1.1504, 2.4208 -0.5787 2.5747, 2.4196 -0.5787 2.6092, 2.6997 -0.5787 2.8342, 2.6907 -0.5787 2.8318, 2.6825 -0.5787 2.8272, 2.4998 -0.5787 -1.2598, 2.4672 -0.5787 -1.2555, 2.4368 -0.5787 -1.243, 2.5324 -0.5787 -1.2555, 2.5628 -0.5787 -1.243, 2.5889 -0.5787 -1.2229, 2.6089 -0.5787 -1.1968, 2.6215 -0.5787 -1.1665, 2.7432 -0.5787 2.8065, 2.7395 -0.5787 2.8151, 2.7339 -0.5787 2.8226, 2.7266 -0.5787 2.8285, 2.7182 -0.5787 2.8325, 2.7091 -0.5787 2.8345, 2.3292 -0.5787 2.8132, 2.3233 -0.5787 2.8216, 2.3155 -0.5787 2.8283, 2.3063 -0.5787 2.8327, 2.2962 -0.5787 2.8346, 2.2859 -0.5787 2.8338, 2.2762 -0.5787 2.8304, 2.2677 -0.5787 2.8245, 2.6419 -0.4213 1.0739, 2.3577 -0.4213 1.0739, 2.3789 -0.4213 1.0408, 2.5194 -0.4213 0.9855, 2.5575 -0.4213 0.9952, 2.3781 -0.4213 -1.1665, 2.3738 -0.4213 -1.1339, 2.6215 -0.4213 -1.1665, 2.6258 -0.4213 -1.1339, 2.4076 -0.4213 1.014, 2.4421 -0.4213 0.9952, 2.4802 -0.4213 0.9855, 2.592 -0.4213 1.014, 2.6207 -0.4213 1.0408, 2.6543 -0.4213 1.1112, 2.657 -0.4213 1.1504, 2.5788 -0.4213 2.5747, 2.58 -0.4213 2.6092, 2.5871 -0.4213 2.6429, 2.3292 -0.4213 2.8132, 2.3996 -0.4213 2.6749, 2.4125 -0.4213 2.6429, 2.6 -0.4213 2.6749, 2.6704 -0.4213 2.8132, 2.6756 -0.4213 2.8209, 2.6089 -0.4213 -1.1968, 2.4107 -0.4213 -1.2229, 2.3907 -0.4213 -1.1968, 2.5889 -0.4213 -1.2229, 2.5628 -0.4213 -1.243, 2.5324 -0.4213 -1.2555, 2.4998 -0.4213 -1.2598, 2.4672 -0.4213 -1.2555, 2.4368 -0.4213 -1.243, 2.2962 -0.4213 2.8346, 2.3063 -0.4213 2.8327, 2.4196 -0.4213 2.6092, 2.4208 -0.4213 2.5747, 2.3426 -0.4213 1.1504, 2.3453 -0.4213 1.1112, 2.6825 -0.4213 2.8272, 2.6907 -0.4213 2.8318, 2.6997 -0.4213 2.8342, 2.7091 -0.4213 2.8345, 2.7182 -0.4213 2.8325, 2.7266 -0.4213 2.8285, 2.7339 -0.4213 2.8226, 2.7395 -0.4213 2.8151, 2.7432 -0.4213 2.8065, 2.3155 -0.4213 2.8283, 2.3233 -0.4213 2.8216, 2.2677 -0.4213 2.8245, 2.2611 -0.4213 2.8167, 2.2566 -0.4213 2.8074, 2.2762 -0.4213 2.8304, 2.2859 -0.4213 2.8338, 3.6258 -0.5787 0.3937, 3.6258 -0.4213 0.3937, 3.7951 -0.5787 0.3937, 3.7951 -0.4213 0.3937, 3.7448 -0.4213 2.7973, 3.7448 -0.5787 2.7973, 3.7951 -0.4213 1.8386, 3.7951 -0.5787 1.8386, 3.2548 -0.5787 2.7973, 3.2548 -0.4213 2.7973, 3.2045 -0.5787 1.8386, 3.2045 -0.4213 1.8386, 3.3738 -0.4213 0.3937, 3.3738 -0.5787 0.3937, 3.2045 -0.4213 0.3937, 3.2045 -0.5787 0.3937, 3.5575 -0.5787 0.9952, 3.592 -0.5787 1.014, 3.6207 -0.5787 1.0408, 3.3738 -0.5787 -1.1339, 3.3781 -0.5787 -1.1665, 3.3907 -0.5787 -1.1968, 3.6419 -0.5787 1.0739, 3.6543 -0.5787 1.1112, 3.4107 -0.5787 -1.2229, 3.4421 -0.5787 0.9952, 3.4802 -0.5787 0.9855, 3.5194 -0.5787 0.9855, 3.4076 -0.5787 1.014, 3.3789 -0.5787 1.0408, 3.3577 -0.5787 1.0739, 3.6704 -0.5787 2.8132, 3.6 -0.5787 2.6749, 3.5871 -0.5787 2.6429, 3.2566 -0.5787 2.8074, 3.2962 -0.5787 2.8346, 3.657 -0.5787 1.1504, 3.6258 -0.5787 -1.1339, 3.5788 -0.5787 2.5747, 3.58 -0.5787 2.6092, 3.3453 -0.5787 1.1112, 3.3426 -0.5787 1.1504, 3.4208 -0.5787 2.5747, 3.4196 -0.5787 2.6092, 3.6907 -0.5787 2.8318, 3.6825 -0.5787 2.8272, 3.7395 -0.5787 2.8151, 3.4125 -0.5787 2.6429, 3.3996 -0.5787 2.6749, 3.3292 -0.5787 2.8132, 3.3233 -0.5787 2.8216, 3.7432 -0.5787 2.8065, 3.6756 -0.5787 2.8209, 3.5889 -0.5787 -1.2229, 3.6089 -0.5787 -1.1968, 3.6215 -0.5787 -1.1665, 3.3155 -0.5787 2.8283, 3.3063 -0.5787 2.8327, 3.4998 -0.5787 -1.2598, 3.4672 -0.5787 -1.2555, 3.4368 -0.5787 -1.243, 3.5324 -0.5787 -1.2555, 3.5628 -0.5787 -1.243, 3.7266 -0.5787 2.8285, 3.7182 -0.5787 2.8325, 3.7339 -0.5787 2.8226, 3.7091 -0.5787 2.8345, 3.6997 -0.5787 2.8342, 3.2859 -0.5787 2.8338, 3.2762 -0.5787 2.8304, 3.2611 -0.5787 2.8167, 3.2677 -0.5787 2.8245, 3.6419 -0.4213 1.0739, 3.5194 -0.4213 0.9855, 3.5575 -0.4213 0.9952, 3.3781 -0.4213 -1.1665, 3.3738 -0.4213 -1.1339, 3.6215 -0.4213 -1.1665, 3.3577 -0.4213 1.0739, 3.3789 -0.4213 1.0408, 3.6258 -0.4213 -1.1339, 3.4076 -0.4213 1.014, 3.4421 -0.4213 0.9952, 3.4802 -0.4213 0.9855, 3.592 -0.4213 1.014, 3.6207 -0.4213 1.0408, 3.6543 -0.4213 1.1112, 3.657 -0.4213 1.1504, 3.5788 -0.4213 2.5747, 3.58 -0.4213 2.6092, 3.5871 -0.4213 2.6429, 3.2566 -0.4213 2.8074, 3.3292 -0.4213 2.8132, 3.3996 -0.4213 2.6749, 3.4125 -0.4213 2.6429, 3.4196 -0.4213 2.6092, 3.4208 -0.4213 2.5747, 3.3426 -0.4213 1.1504, 3.3453 -0.4213 1.1112, 3.6 -0.4213 2.6749, 3.6704 -0.4213 2.8132, 3.7432 -0.4213 2.8065, 3.7395 -0.4213 2.8151, 3.6089 -0.4213 -1.1968, 3.4107 -0.4213 -1.2229, 3.3907 -0.4213 -1.1968, 3.2859 -0.4213 2.8338, 3.2962 -0.4213 2.8346, 3.3063 -0.4213 2.8327, 3.6756 -0.4213 2.8209, 3.6825 -0.4213 2.8272, 3.6907 -0.4213 2.8318, 3.5889 -0.4213 -1.2229, 3.5628 -0.4213 -1.243, 3.5324 -0.4213 -1.2555, 3.4998 -0.4213 -1.2598, 3.4672 -0.4213 -1.2555, 3.4368 -0.4213 -1.243, 3.2762 -0.4213 2.8304, 3.2611 -0.4213 2.8167, 3.2677 -0.4213 2.8245, 3.3155 -0.4213 2.8283, 3.3233 -0.4213 2.8216, 3.6997 -0.4213 2.8342, 3.7091 -0.4213 2.8345, 3.7339 -0.4213 2.8226, 3.7182 -0.4213 2.8325, 3.7266 -0.4213 2.8285, 4.6258 -0.5787 0.3937, 4.6258 -0.4213 0.3937, 4.7951 -0.5787 0.3937, 4.7951 -0.4213 0.3937, 4.7448 -0.4213 2.7973, 4.7448 -0.5787 2.7973, 4.7951 -0.4213 1.8386, 4.7951 -0.5787 1.8386, 4.2548 -0.5787 2.7973, 4.2548 -0.4213 2.7973, 4.2045 -0.5787 1.8386, 4.2045 -0.4213 1.8386, 4.3738 -0.4213 0.3937, 4.3738 -0.5787 0.3937, 4.2045 -0.4213 0.3937, 4.2045 -0.5787 0.3937, 4.5575 -0.5787 0.9952, 4.592 -0.5787 1.014, 4.6207 -0.5787 1.0408, 4.3738 -0.5787 -1.1339, 4.3781 -0.5787 -1.1665, 4.3907 -0.5787 -1.1968, 4.6419 -0.5787 1.0739, 4.6543 -0.5787 1.1112, 4.4107 -0.5787 -1.2229, 4.4421 -0.5787 0.9952, 4.4802 -0.5787 0.9855, 4.5194 -0.5787 0.9855, 4.4076 -0.5787 1.014, 4.3789 -0.5787 1.0408, 4.3577 -0.5787 1.0739, 4.6704 -0.5787 2.8132, 4.6 -0.5787 2.6749, 4.5871 -0.5787 2.6429, 4.2566 -0.5787 2.8074, 4.2962 -0.5787 2.8346, 4.657 -0.5787 1.1504, 4.6258 -0.5787 -1.1339, 4.5788 -0.5787 2.5747, 4.58 -0.5787 2.6092, 4.3453 -0.5787 1.1112, 4.3426 -0.5787 1.1504, 4.4208 -0.5787 2.5747, 4.4196 -0.5787 2.6092, 4.6907 -0.5787 2.8318, 4.6825 -0.5787 2.8272, 4.7395 -0.5787 2.8151, 4.4125 -0.5787 2.6429, 4.3996 -0.5787 2.6749, 4.3292 -0.5787 2.8132, 4.3233 -0.5787 2.8216, 4.7432 -0.5787 2.8065, 4.6756 -0.5787 2.8209, 4.5889 -0.5787 -1.2229, 4.6089 -0.5787 -1.1968, 4.6215 -0.5787 -1.1665, 4.3155 -0.5787 2.8283, 4.3063 -0.5787 2.8327, 4.4998 -0.5787 -1.2598, 4.4672 -0.5787 -1.2555, 4.4368 -0.5787 -1.243, 4.5324 -0.5787 -1.2555, 4.5628 -0.5787 -1.243, 4.7266 -0.5787 2.8285, 4.7182 -0.5787 2.8325, 4.7339 -0.5787 2.8226, 4.7091 -0.5787 2.8345, 4.6997 -0.5787 2.8342, 4.2859 -0.5787 2.8338, 4.2762 -0.5787 2.8304, 4.2611 -0.5787 2.8167, 4.2677 -0.5787 2.8245, 4.6419 -0.4213 1.0739, 4.5194 -0.4213 0.9855, 4.5575 -0.4213 0.9952, 4.3781 -0.4213 -1.1665, 4.3738 -0.4213 -1.1339, 4.6215 -0.4213 -1.1665, 4.3577 -0.4213 1.0739, 4.3789 -0.4213 1.0408, 4.6258 -0.4213 -1.1339, 4.4076 -0.4213 1.014, 4.4421 -0.4213 0.9952, 4.4802 -0.4213 0.9855, 4.592 -0.4213 1.014, 4.6207 -0.4213 1.0408, 4.6543 -0.4213 1.1112, 4.657 -0.4213 1.1504, 4.5788 -0.4213 2.5747, 4.58 -0.4213 2.6092, 4.5871 -0.4213 2.6429, 4.2566 -0.4213 2.8074, 4.3292 -0.4213 2.8132, 4.3996 -0.4213 2.6749, 4.4125 -0.4213 2.6429, 4.4196 -0.4213 2.6092, 4.4208 -0.4213 2.5747, 4.3426 -0.4213 1.1504, 4.3453 -0.4213 1.1112, 4.6 -0.4213 2.6749, 4.6704 -0.4213 2.8132, 4.7432 -0.4213 2.8065, 4.7395 -0.4213 2.8151, 4.6089 -0.4213 -1.1968, 4.4107 -0.4213 -1.2229, 4.3907 -0.4213 -1.1968, 4.2859 -0.4213 2.8338, 4.2962 -0.4213 2.8346, 4.3063 -0.4213 2.8327, 4.6756 -0.4213 2.8209, 4.6825 -0.4213 2.8272, 4.6907 -0.4213 2.8318, 4.5889 -0.4213 -1.2229, 4.5628 -0.4213 -1.243, 4.5324 -0.4213 -1.2555, 4.4998 -0.4213 -1.2598, 4.4672 -0.4213 -1.2555, 4.4368 -0.4213 -1.243, 4.2762 -0.4213 2.8304, 4.2611 -0.4213 2.8167, 4.2677 -0.4213 2.8245, 4.3155 -0.4213 2.8283, 4.3233 -0.4213 2.8216, 4.6997 -0.4213 2.8342, 4.7091 -0.4213 2.8345, 4.7339 -0.4213 2.8226, 4.7182 -0.4213 2.8325, 4.7266 -0.4213 2.8285, 5.6258 -0.5787 0.3937, 5.6258 -0.4213 0.3937, 5.7951 -0.5787 0.3937, 5.7951 -0.4213 0.3937, 5.7448 -0.4213 2.7973, 5.7448 -0.5787 2.7973, 5.7951 -0.4213 1.8386, 5.7951 -0.5787 1.8386, 5.2548 -0.5787 2.7973, 5.2548 -0.4213 2.7973, 5.2045 -0.5787 1.8386, 5.2045 -0.4213 1.8386, 5.3738 -0.4213 0.3937, 5.3738 -0.5787 0.3937, 5.2045 -0.4213 0.3937, 5.2045 -0.5787 0.3937, 5.5575 -0.5787 0.9952, 5.592 -0.5787 1.014, 5.6207 -0.5787 1.0408, 5.3738 -0.5787 -1.1339, 5.3781 -0.5787 -1.1665, 5.3907 -0.5787 -1.1968, 5.6419 -0.5787 1.0739, 5.6543 -0.5787 1.1112, 5.4107 -0.5787 -1.2229, 5.4421 -0.5787 0.9952, 5.4802 -0.5787 0.9855, 5.5194 -0.5787 0.9855, 5.4076 -0.5787 1.014, 5.3789 -0.5787 1.0408, 5.3577 -0.5787 1.0739, 5.6704 -0.5787 2.8132, 5.6 -0.5787 2.6749, 5.5871 -0.5787 2.6429, 5.2566 -0.5787 2.8074, 5.2962 -0.5787 2.8346, 5.657 -0.5787 1.1504, 5.6258 -0.5787 -1.1339, 5.5788 -0.5787 2.5747, 5.58 -0.5787 2.6092, 5.3453 -0.5787 1.1112, 5.3426 -0.5787 1.1504, 5.4208 -0.5787 2.5747, 5.4196 -0.5787 2.6092, 5.6907 -0.5787 2.8318, 5.6825 -0.5787 2.8272, 5.7395 -0.5787 2.8151, 5.4125 -0.5787 2.6429, 5.3996 -0.5787 2.6749, 5.3292 -0.5787 2.8132, 5.3233 -0.5787 2.8216, 5.7432 -0.5787 2.8065, 5.6756 -0.5787 2.8209, 5.5889 -0.5787 -1.2229, 5.6089 -0.5787 -1.1968, 5.6215 -0.5787 -1.1665, 5.3155 -0.5787 2.8283, 5.3063 -0.5787 2.8327, 5.4998 -0.5787 -1.2598, 5.4672 -0.5787 -1.2555, 5.4368 -0.5787 -1.243, 5.5324 -0.5787 -1.2555, 5.5628 -0.5787 -1.243, 5.7266 -0.5787 2.8285, 5.7182 -0.5787 2.8325, 5.7339 -0.5787 2.8226, 5.7091 -0.5787 2.8345, 5.6997 -0.5787 2.8342, 5.2859 -0.5787 2.8338, 5.2762 -0.5787 2.8304, 5.2611 -0.5787 2.8167, 5.2677 -0.5787 2.8245, 5.6419 -0.4213 1.0739, 5.5194 -0.4213 0.9855, 5.5575 -0.4213 0.9952, 5.3781 -0.4213 -1.1665, 5.3738 -0.4213 -1.1339, 5.6215 -0.4213 -1.1665, 5.3577 -0.4213 1.0739, 5.3789 -0.4213 1.0408, 5.6258 -0.4213 -1.1339, 5.4076 -0.4213 1.014, 5.4421 -0.4213 0.9952, 5.4802 -0.4213 0.9855, 5.592 -0.4213 1.014, 5.6207 -0.4213 1.0408, 5.6543 -0.4213 1.1112, 5.657 -0.4213 1.1504, 5.5788 -0.4213 2.5747, 5.58 -0.4213 2.6092, 5.5871 -0.4213 2.6429, 5.2566 -0.4213 2.8074, 5.3292 -0.4213 2.8132, 5.3996 -0.4213 2.6749, 5.4125 -0.4213 2.6429, 5.4196 -0.4213 2.6092, 5.4208 -0.4213 2.5747, 5.3426 -0.4213 1.1504, 5.3453 -0.4213 1.1112, 5.6 -0.4213 2.6749, 5.6704 -0.4213 2.8132, 5.7432 -0.4213 2.8065, 5.7395 -0.4213 2.8151, 5.6089 -0.4213 -1.1968, 5.4107 -0.4213 -1.2229, 5.3907 -0.4213 -1.1968, 5.2859 -0.4213 2.8338, 5.2962 -0.4213 2.8346, 5.3063 -0.4213 2.8327, 5.6756 -0.4213 2.8209, 5.6825 -0.4213 2.8272, 5.6907 -0.4213 2.8318, 5.5889 -0.4213 -1.2229, 5.5628 -0.4213 -1.243, 5.5324 -0.4213 -1.2555, 5.4998 -0.4213 -1.2598, 5.4672 -0.4213 -1.2555, 5.4368 -0.4213 -1.243, 5.2762 -0.4213 2.8304, 5.2611 -0.4213 2.8167, 5.2677 -0.4213 2.8245, 5.3155 -0.4213 2.8283, 5.3233 -0.4213 2.8216, 5.6997 -0.4213 2.8342, 5.7091 -0.4213 2.8345, 5.7339 -0.4213 2.8226, 5.7182 -0.4213 2.8325, 5.7266 -0.4213 2.8285, 6.6258 -0.5787 0.3937, 6.6258 -0.4213 0.3937, 6.7951 -0.5787 0.3937, 6.7951 -0.4213 0.3937, 6.7448 -0.4213 2.7973, 6.7448 -0.5787 2.7973, 6.7951 -0.4213 1.8386, 6.7951 -0.5787 1.8386, 6.2548 -0.5787 2.7973, 6.2548 -0.4213 2.7973, 6.2045 -0.5787 1.8386, 6.2045 -0.4213 1.8386, 6.3738 -0.4213 0.3937, 6.3738 -0.5787 0.3937, 6.2045 -0.4213 0.3937, 6.2045 -0.5787 0.3937, 6.4076 -0.5787 1.014, 6.3789 -0.5787 1.0408, 6.3577 -0.5787 1.0739, 6.3738 -0.5787 -1.1339, 6.3781 -0.5787 -1.1665, 6.3907 -0.5787 -1.1968, 6.592 -0.5787 1.014, 6.5575 -0.5787 0.9952, 6.6543 -0.5787 1.1112, 6.6419 -0.5787 1.0739, 6.6207 -0.5787 1.0408, 6.6 -0.5787 2.6749, 6.5871 -0.5787 2.6429, 6.3453 -0.5787 1.1112, 6.3426 -0.5787 1.1504, 6.4208 -0.5787 2.5747, 6.4196 -0.5787 2.6092, 6.4125 -0.5787 2.6429, 6.4107 -0.5787 -1.2229, 6.657 -0.5787 1.1504, 6.5788 -0.5787 2.5747, 6.58 -0.5787 2.6092, 6.5194 -0.5787 0.9855, 6.4802 -0.5787 0.9855, 6.4421 -0.5787 0.9952, 6.3996 -0.5787 2.6749, 6.3292 -0.5787 2.8132, 6.2564 -0.5787 2.8065, 6.2601 -0.5787 2.8151, 6.6704 -0.5787 2.8132, 6.7432 -0.5787 2.8065, 6.7395 -0.5787 2.8151, 6.3171 -0.5787 2.8272, 6.3089 -0.5787 2.8318, 6.324 -0.5787 2.8209, 6.2999 -0.5787 2.8342, 6.2905 -0.5787 2.8345, 6.4368 -0.5787 -1.243, 6.4672 -0.5787 -1.2555, 6.4998 -0.5787 -1.2598, 6.5324 -0.5787 -1.2555, 6.5628 -0.5787 -1.243, 6.5889 -0.5787 -1.2229, 6.6089 -0.5787 -1.1968, 6.7091 -0.5787 2.8345, 6.6997 -0.5787 2.8342, 6.6756 -0.5787 2.8209, 6.6907 -0.5787 2.8318, 6.6825 -0.5787 2.8272, 6.2814 -0.5787 2.8325, 6.273 -0.5787 2.8285, 6.2657 -0.5787 2.8226, 6.6215 -0.5787 -1.1665, 6.6258 -0.5787 -1.1339, 6.7339 -0.5787 2.8226, 6.7266 -0.5787 2.8285, 6.7182 -0.5787 2.8325, 6.3577 -0.4213 1.0739, 6.3789 -0.4213 1.0408, 6.6419 -0.4213 1.0739, 6.5194 -0.4213 0.9855, 6.5575 -0.4213 0.9952, 6.3907 -0.4213 -1.1968, 6.3781 -0.4213 -1.1665, 6.6258 -0.4213 -1.1339, 6.3738 -0.4213 -1.1339, 6.4125 -0.4213 2.6429, 6.4196 -0.4213 2.6092, 6.4208 -0.4213 2.5747, 6.3426 -0.4213 1.1504, 6.3453 -0.4213 1.1112, 6.592 -0.4213 1.014, 6.6207 -0.4213 1.0408, 6.6543 -0.4213 1.1112, 6.657 -0.4213 1.1504, 6.5788 -0.4213 2.5747, 6.58 -0.4213 2.6092, 6.5871 -0.4213 2.6429, 6.6089 -0.4213 -1.1968, 6.5889 -0.4213 -1.2229, 6.4107 -0.4213 -1.2229, 6.5628 -0.4213 -1.243, 6.5324 -0.4213 -1.2555, 6.4998 -0.4213 -1.2598, 6.4672 -0.4213 -1.2555, 6.4368 -0.4213 -1.243, 6.6215 -0.4213 -1.1665, 6.2564 -0.4213 2.8065, 6.3292 -0.4213 2.8132, 6.3996 -0.4213 2.6749, 6.2601 -0.4213 2.8151, 6.2657 -0.4213 2.8226, 6.273 -0.4213 2.8285, 6.4076 -0.4213 1.014, 6.4421 -0.4213 0.9952, 6.4802 -0.4213 0.9855, 6.6 -0.4213 2.6749, 6.6704 -0.4213 2.8132, 6.7432 -0.4213 2.8065, 6.7395 -0.4213 2.8151, 6.2814 -0.4213 2.8325, 6.2905 -0.4213 2.8345, 6.2999 -0.4213 2.8342, 6.3089 -0.4213 2.8318, 6.3171 -0.4213 2.8272, 6.324 -0.4213 2.8209, 6.6825 -0.4213 2.8272, 6.6907 -0.4213 2.8318, 6.6756 -0.4213 2.8209, 6.6997 -0.4213 2.8342, 6.7091 -0.4213 2.8345, 6.7182 -0.4213 2.8325, 6.7266 -0.4213 2.8285, 6.7339 -0.4213 2.8226, 7.6258 -0.5787 0.3937, 7.6258 -0.4213 0.3937, 7.7951 -0.5787 0.3937, 7.7951 -0.4213 0.3937, 7.7448 -0.4213 2.7973, 7.7448 -0.5787 2.7973, 7.7951 -0.4213 1.8386, 7.7951 -0.5787 1.8386, 7.2548 -0.5787 2.7973, 7.2548 -0.4213 2.7973, 7.2045 -0.5787 1.8386, 7.2045 -0.4213 1.8386, 7.3738 -0.4213 0.3937, 7.3738 -0.5787 0.3937, 7.2045 -0.4213 0.3937, 7.2045 -0.5787 0.3937, 7.4076 -0.5787 1.014, 7.3789 -0.5787 1.0408, 7.3577 -0.5787 1.0739, 7.3738 -0.5787 -1.1339, 7.3781 -0.5787 -1.1665, 7.3907 -0.5787 -1.1968, 7.592 -0.5787 1.014, 7.5575 -0.5787 0.9952, 7.6543 -0.5787 1.1112, 7.6419 -0.5787 1.0739, 7.6207 -0.5787 1.0408, 7.6 -0.5787 2.6749, 7.5871 -0.5787 2.6429, 7.3453 -0.5787 1.1112, 7.3426 -0.5787 1.1504, 7.4208 -0.5787 2.5747, 7.4196 -0.5787 2.6092, 7.4125 -0.5787 2.6429, 7.4107 -0.5787 -1.2229, 7.657 -0.5787 1.1504, 7.5788 -0.5787 2.5747, 7.58 -0.5787 2.6092, 7.5194 -0.5787 0.9855, 7.4802 -0.5787 0.9855, 7.4421 -0.5787 0.9952, 7.3996 -0.5787 2.6749, 7.3292 -0.5787 2.8132, 7.2564 -0.5787 2.8065, 7.2601 -0.5787 2.8151, 7.6704 -0.5787 2.8132, 7.7432 -0.5787 2.8065, 7.7395 -0.5787 2.8151, 7.3171 -0.5787 2.8272, 7.3089 -0.5787 2.8318, 7.324 -0.5787 2.8209, 7.2999 -0.5787 2.8342, 7.2905 -0.5787 2.8345, 7.4368 -0.5787 -1.243, 7.4672 -0.5787 -1.2555, 7.4998 -0.5787 -1.2598, 7.5324 -0.5787 -1.2555, 7.5628 -0.5787 -1.243, 7.5889 -0.5787 -1.2229, 7.6089 -0.5787 -1.1968, 7.7091 -0.5787 2.8345, 7.6997 -0.5787 2.8342, 7.6756 -0.5787 2.8209, 7.6907 -0.5787 2.8318, 7.6825 -0.5787 2.8272, 7.2814 -0.5787 2.8325, 7.273 -0.5787 2.8285, 7.2657 -0.5787 2.8226, 7.6215 -0.5787 -1.1665, 7.6258 -0.5787 -1.1339, 7.7339 -0.5787 2.8226, 7.7266 -0.5787 2.8285, 7.7182 -0.5787 2.8325, 7.3577 -0.4213 1.0739, 7.3789 -0.4213 1.0408, 7.6419 -0.4213 1.0739, 7.5194 -0.4213 0.9855, 7.5575 -0.4213 0.9952, 7.3907 -0.4213 -1.1968, 7.3781 -0.4213 -1.1665, 7.6258 -0.4213 -1.1339, 7.3738 -0.4213 -1.1339, 7.4125 -0.4213 2.6429, 7.4196 -0.4213 2.6092, 7.4208 -0.4213 2.5747, 7.3426 -0.4213 1.1504, 7.3453 -0.4213 1.1112, 7.592 -0.4213 1.014, 7.6207 -0.4213 1.0408, 7.6543 -0.4213 1.1112, 7.657 -0.4213 1.1504, 7.5788 -0.4213 2.5747, 7.58 -0.4213 2.6092, 7.5871 -0.4213 2.6429, 7.6089 -0.4213 -1.1968, 7.5889 -0.4213 -1.2229, 7.4107 -0.4213 -1.2229, 7.5628 -0.4213 -1.243, 7.5324 -0.4213 -1.2555, 7.4998 -0.4213 -1.2598, 7.4672 -0.4213 -1.2555, 7.4368 -0.4213 -1.243, 7.6215 -0.4213 -1.1665, 7.2564 -0.4213 2.8065, 7.3292 -0.4213 2.8132, 7.3996 -0.4213 2.6749, 7.2601 -0.4213 2.8151, 7.2657 -0.4213 2.8226, 7.273 -0.4213 2.8285, 7.4076 -0.4213 1.014, 7.4421 -0.4213 0.9952, 7.4802 -0.4213 0.9855, 7.6 -0.4213 2.6749, 7.6704 -0.4213 2.8132, 7.7432 -0.4213 2.8065, 7.7395 -0.4213 2.8151, 7.2814 -0.4213 2.8325, 7.2905 -0.4213 2.8345, 7.2999 -0.4213 2.8342, 7.3089 -0.4213 2.8318, 7.3171 -0.4213 2.8272, 7.324 -0.4213 2.8209, 7.6825 -0.4213 2.8272, 7.6907 -0.4213 2.8318, 7.6756 -0.4213 2.8209, 7.6997 -0.4213 2.8342, 7.7091 -0.4213 2.8345, 7.7182 -0.4213 2.8325, 7.7266 -0.4213 2.8285, 7.7339 -0.4213 2.8226, -6.7955 0.5787 0.3937, -6.6262 0.5787 0.3937, -6.7955 0.4213 0.3937, -6.6262 0.4213 0.3937, -6.7955 0.4213 1.8386, -6.7452 0.4213 2.7973, -6.7955 0.5787 1.8386, -6.7452 0.5787 2.7973, -6.2049 0.5787 1.8386, -6.2552 0.5787 2.7973, -6.2049 0.4213 1.8386, -6.2552 0.4213 2.7973, -6.2049 0.4213 0.3937, -6.3742 0.4213 0.3937, -6.2049 0.5787 0.3937, -6.3742 0.5787 0.3937, -6.3742 0.5787 -1.1339, -6.3785 0.5787 -1.1665, -6.3911 0.5787 -1.1968, -6.408 0.5787 1.014, -6.3793 0.5787 1.0408, -6.3581 0.5787 1.0739, -6.5924 0.5787 1.014, -6.5579 0.5787 0.9952, -6.6547 0.5787 1.1112, -6.6423 0.5787 1.0739, -6.6211 0.5787 1.0408, -6.5198 0.5787 0.9855, -6.4806 0.5787 0.9855, -6.4425 0.5787 0.9952, -6.3457 0.5787 1.1112, -6.343 0.5787 1.1504, -6.4212 0.5787 2.5747, -6.42 0.5787 2.6092, -6.4129 0.5787 2.6429, -6.4111 0.5787 -1.2229, -6.6574 0.5787 1.1504, -6.5792 0.5787 2.5747, -6.5804 0.5787 2.6092, -6.5875 0.5787 2.6429, -6.4 0.5787 2.6749, -6.3296 0.5787 2.8132, -6.2568 0.5787 2.8065, -6.2605 0.5787 2.8151, -6.7436 0.5787 2.8065, -6.6708 0.5787 2.8132, -6.6004 0.5787 2.6749, -6.7399 0.5787 2.8151, -6.7343 0.5787 2.8226, -6.727 0.5787 2.8285, -6.3175 0.5787 2.8272, -6.3093 0.5787 2.8318, -6.3244 0.5787 2.8209, -6.3003 0.5787 2.8342, -6.2909 0.5787 2.8345, -6.4372 0.5787 -1.243, -6.4676 0.5787 -1.2555, -6.5002 0.5787 -1.2598, -6.5328 0.5787 -1.2555, -6.5632 0.5787 -1.243, -6.5893 0.5787 -1.2229, -6.6093 0.5787 -1.1968, -6.7186 0.5787 2.8325, -6.7095 0.5787 2.8345, -6.7001 0.5787 2.8342, -6.6911 0.5787 2.8318, -6.6829 0.5787 2.8272, -6.676 0.5787 2.8209, -6.2818 0.5787 2.8325, -6.2734 0.5787 2.8285, -6.2661 0.5787 2.8226, -6.6219 0.5787 -1.1665, -6.6262 0.5787 -1.1339, -6.6262 0.4213 -1.1339, -6.6219 0.4213 -1.1665, -6.6093 0.4213 -1.1968, -6.5924 0.4213 1.014, -6.6211 0.4213 1.0408, -6.6423 0.4213 1.0739, -6.408 0.4213 1.014, -6.4425 0.4213 0.9952, -6.4 0.4213 2.6749, -6.4129 0.4213 2.6429, -6.3457 0.4213 1.1112, -6.3581 0.4213 1.0739, -6.3793 0.4213 1.0408, -6.6547 0.4213 1.1112, -6.6574 0.4213 1.1504, -6.5792 0.4213 2.5747, -6.5804 0.4213 2.6092, -6.5875 0.4213 2.6429, -6.5893 0.4213 -1.2229, -6.343 0.4213 1.1504, -6.4212 0.4213 2.5747, -6.42 0.4213 2.6092, -6.4806 0.4213 0.9855, -6.5198 0.4213 0.9855, -6.5579 0.4213 0.9952, -6.6004 0.4213 2.6749, -6.6708 0.4213 2.8132, -6.7436 0.4213 2.8065, -6.7399 0.4213 2.8151, -6.3296 0.4213 2.8132, -6.2568 0.4213 2.8065, -6.2605 0.4213 2.8151, -6.6829 0.4213 2.8272, -6.6911 0.4213 2.8318, -6.676 0.4213 2.8209, -6.7001 0.4213 2.8342, -6.7095 0.4213 2.8345, -6.3911 0.4213 -1.1968, -6.3785 0.4213 -1.1665, -6.3742 0.4213 -1.1339, -6.2909 0.4213 2.8345, -6.3003 0.4213 2.8342, -6.3244 0.4213 2.8209, -6.3093 0.4213 2.8318, -6.3175 0.4213 2.8272, -6.7186 0.4213 2.8325, -6.727 0.4213 2.8285, -6.7343 0.4213 2.8226, -6.4111 0.4213 -1.2229, -6.5632 0.4213 -1.243, -6.5328 0.4213 -1.2555, -6.5002 0.4213 -1.2598, -6.4676 0.4213 -1.2555, -6.4372 0.4213 -1.243, -6.2661 0.4213 2.8226, -6.2734 0.4213 2.8285, -6.2818 0.4213 2.8325, -5.7955 0.5787 0.3937, -5.6262 0.5787 0.3937, -5.7955 0.4213 0.3937, -5.6262 0.4213 0.3937, -5.7955 0.4213 1.8386, -5.7452 0.4213 2.7973, -5.7955 0.5787 1.8386, -5.7452 0.5787 2.7973, -5.2049 0.5787 1.8386, -5.2552 0.5787 2.7973, -5.2049 0.4213 1.8386, -5.2552 0.4213 2.7973, -5.2049 0.4213 0.3937, -5.3742 0.4213 0.3937, -5.2049 0.5787 0.3937, -5.3742 0.5787 0.3937, -5.3742 0.5787 -1.1339, -5.3785 0.5787 -1.1665, -5.3911 0.5787 -1.1968, -5.5924 0.5787 1.014, -5.5579 0.5787 0.9952, -5.408 0.5787 1.014, -5.3793 0.5787 1.0408, -5.3581 0.5787 1.0739, -5.6547 0.5787 1.1112, -5.4111 0.5787 -1.2229, -5.6423 0.5787 1.0739, -5.6211 0.5787 1.0408, -5.3457 0.5787 1.1112, -5.343 0.5787 1.1504, -5.4212 0.5787 2.5747, -5.42 0.5787 2.6092, -5.2605 0.5787 2.8151, -5.2568 0.5787 2.8065, -5.3296 0.5787 2.8132, -5.4 0.5787 2.6749, -5.4129 0.5787 2.6429, -5.6574 0.5787 1.1504, -5.6262 0.5787 -1.1339, -5.7434 0.5787 2.8074, -5.6708 0.5787 2.8132, -5.6004 0.5787 2.6749, -5.5875 0.5787 2.6429, -5.5792 0.5787 2.5747, -5.5804 0.5787 2.6092, -5.5198 0.5787 0.9855, -5.4806 0.5787 0.9855, -5.4425 0.5787 0.9952, -5.7141 0.5787 2.8338, -5.7038 0.5787 2.8346, -5.6937 0.5787 2.8327, -5.3244 0.5787 2.8209, -5.3175 0.5787 2.8272, -5.3093 0.5787 2.8318, -5.5893 0.5787 -1.2229, -5.6093 0.5787 -1.1968, -5.6219 0.5787 -1.1665, -5.7238 0.5787 2.8304, -5.7389 0.5787 2.8167, -5.7323 0.5787 2.8245, -5.6845 0.5787 2.8283, -5.6767 0.5787 2.8216, -5.3003 0.5787 2.8342, -5.2909 0.5787 2.8345, -5.2661 0.5787 2.8226, -5.2818 0.5787 2.8325, -5.2734 0.5787 2.8285, -5.5002 0.5787 -1.2598, -5.4676 0.5787 -1.2555, -5.4372 0.5787 -1.243, -5.5328 0.5787 -1.2555, -5.5632 0.5787 -1.243, -5.4212 0.4213 2.5747, -5.343 0.4213 1.1504, -5.6262 0.4213 -1.1339, -5.6219 0.4213 -1.1665, -5.6093 0.4213 -1.1968, -5.408 0.4213 1.014, -5.4425 0.4213 0.9952, -5.5924 0.4213 1.014, -5.6211 0.4213 1.0408, -5.6423 0.4213 1.0739, -5.3457 0.4213 1.1112, -5.3581 0.4213 1.0739, -5.3793 0.4213 1.0408, -5.6547 0.4213 1.1112, -5.6574 0.4213 1.1504, -5.5792 0.4213 2.5747, -5.5804 0.4213 2.6092, -5.4 0.4213 2.6749, -5.3296 0.4213 2.8132, -5.5893 0.4213 -1.2229, -5.3093 0.4213 2.8318, -5.3175 0.4213 2.8272, -5.2605 0.4213 2.8151, -5.4129 0.4213 2.6429, -5.42 0.4213 2.6092, -5.6937 0.4213 2.8327, -5.7038 0.4213 2.8346, -5.7434 0.4213 2.8074, -5.3911 0.4213 -1.1968, -5.3785 0.4213 -1.1665, -5.3742 0.4213 -1.1339, -5.2568 0.4213 2.8065, -5.3244 0.4213 2.8209, -5.4806 0.4213 0.9855, -5.5198 0.4213 0.9855, -5.5579 0.4213 0.9952, -5.6845 0.4213 2.8283, -5.5875 0.4213 2.6429, -5.6004 0.4213 2.6749, -5.6708 0.4213 2.8132, -5.6767 0.4213 2.8216, -5.7141 0.4213 2.8338, -5.7238 0.4213 2.8304, -5.7389 0.4213 2.8167, -5.7323 0.4213 2.8245, -5.2734 0.4213 2.8285, -5.2818 0.4213 2.8325, -5.2661 0.4213 2.8226, -5.2909 0.4213 2.8345, -5.3003 0.4213 2.8342, -5.4111 0.4213 -1.2229, -5.5632 0.4213 -1.243, -5.5328 0.4213 -1.2555, -5.5002 0.4213 -1.2598, -5.4676 0.4213 -1.2555, -5.4372 0.4213 -1.243, -4.7955 0.5787 0.3937, -4.6262 0.5787 0.3937, -4.7955 0.4213 0.3937, -4.6262 0.4213 0.3937, -4.7955 0.4213 1.8386, -4.7452 0.4213 2.7973, -4.7955 0.5787 1.8386, -4.7452 0.5787 2.7973, -4.2049 0.5787 1.8386, -4.2552 0.5787 2.7973, -4.2049 0.4213 1.8386, -4.2552 0.4213 2.7973, -4.2049 0.4213 0.3937, -4.3742 0.4213 0.3937, -4.2049 0.5787 0.3937, -4.3742 0.5787 0.3937, -4.3793 0.5787 1.0408, -4.3581 0.5787 1.0739, -4.408 0.5787 1.014, -4.3742 0.5787 -1.1339, -4.3785 0.5787 -1.1665, -4.3911 0.5787 -1.1968, -4.5924 0.5787 1.014, -4.5579 0.5787 0.9952, -4.6547 0.5787 1.1112, -4.4111 0.5787 -1.2229, -4.6423 0.5787 1.0739, -4.6211 0.5787 1.0408, -4.6004 0.5787 2.6749, -4.5875 0.5787 2.6429, -4.3457 0.5787 1.1112, -4.343 0.5787 1.1504, -4.4212 0.5787 2.5747, -4.42 0.5787 2.6092, -4.6574 0.5787 1.1504, -4.6262 0.5787 -1.1339, -4.5792 0.5787 2.5747, -4.5804 0.5787 2.6092, -4.2605 0.5787 2.8151, -4.2568 0.5787 2.8065, -4.3296 0.5787 2.8132, -4.4 0.5787 2.6749, -4.4129 0.5787 2.6429, -4.6708 0.5787 2.8132, -4.7434 0.5787 2.8074, -4.7389 0.5787 2.8167, -4.5198 0.5787 0.9855, -4.4806 0.5787 0.9855, -4.4425 0.5787 0.9952, -4.5893 0.5787 -1.2229, -4.6093 0.5787 -1.1968, -4.6219 0.5787 -1.1665, -4.7141 0.5787 2.8338, -4.7038 0.5787 2.8346, -4.6937 0.5787 2.8327, -4.6767 0.5787 2.8216, -4.6845 0.5787 2.8283, -4.3244 0.5787 2.8209, -4.3175 0.5787 2.8272, -4.3093 0.5787 2.8318, -4.7323 0.5787 2.8245, -4.7238 0.5787 2.8304, -4.5002 0.5787 -1.2598, -4.4676 0.5787 -1.2555, -4.4372 0.5787 -1.243, -4.5328 0.5787 -1.2555, -4.5632 0.5787 -1.243, -4.3003 0.5787 2.8342, -4.2909 0.5787 2.8345, -4.2661 0.5787 2.8226, -4.2818 0.5787 2.8325, -4.2734 0.5787 2.8285, -4.4212 0.4213 2.5747, -4.343 0.4213 1.1504, -4.6262 0.4213 -1.1339, -4.6219 0.4213 -1.1665, -4.6093 0.4213 -1.1968, -4.408 0.4213 1.014, -4.4425 0.4213 0.9952, -4.5924 0.4213 1.014, -4.6211 0.4213 1.0408, -4.6423 0.4213 1.0739, -4.7434 0.4213 2.8074, -4.6767 0.4213 2.8216, -4.3457 0.4213 1.1112, -4.3581 0.4213 1.0739, -4.3793 0.4213 1.0408, -4.6547 0.4213 1.1112, -4.6574 0.4213 1.1504, -4.5792 0.4213 2.5747, -4.5804 0.4213 2.6092, -4.4 0.4213 2.6749, -4.3296 0.4213 2.8132, -4.5875 0.4213 2.6429, -4.6004 0.4213 2.6749, -4.6708 0.4213 2.8132, -4.5893 0.4213 -1.2229, -4.3093 0.4213 2.8318, -4.3175 0.4213 2.8272, -4.2605 0.4213 2.8151, -4.4129 0.4213 2.6429, -4.42 0.4213 2.6092, -4.6937 0.4213 2.8327, -4.7038 0.4213 2.8346, -4.7389 0.4213 2.8167, -4.3911 0.4213 -1.1968, -4.3785 0.4213 -1.1665, -4.3742 0.4213 -1.1339, -4.2568 0.4213 2.8065, -4.3244 0.4213 2.8209, -4.4806 0.4213 0.9855, -4.5198 0.4213 0.9855, -4.5579 0.4213 0.9952, -4.6845 0.4213 2.8283, -4.7141 0.4213 2.8338, -4.7238 0.4213 2.8304, -4.7323 0.4213 2.8245, -4.2734 0.4213 2.8285, -4.2818 0.4213 2.8325, -4.2661 0.4213 2.8226, -4.2909 0.4213 2.8345, -4.3003 0.4213 2.8342, -4.4111 0.4213 -1.2229, -4.5632 0.4213 -1.243, -4.5328 0.4213 -1.2555, -4.5002 0.4213 -1.2598, -4.4676 0.4213 -1.2555, -4.4372 0.4213 -1.243, -3.7955 0.5787 0.3937, -3.6262 0.5787 0.3937, -3.7955 0.4213 0.3937, -3.6262 0.4213 0.3937, -3.7955 0.4213 1.8386, -3.7452 0.4213 2.7973, -3.7955 0.5787 1.8386, -3.7452 0.5787 2.7973, -3.2049 0.5787 1.8386, -3.2552 0.5787 2.7973, -3.2049 0.4213 1.8386, -3.2552 0.4213 2.7973, -3.2049 0.4213 0.3937, -3.3742 0.4213 0.3937, -3.2049 0.5787 0.3937, -3.3742 0.5787 0.3937, -3.3793 0.5787 1.0408, -3.3581 0.5787 1.0739, -3.408 0.5787 1.014, -3.3742 0.5787 -1.1339, -3.3785 0.5787 -1.1665, -3.3911 0.5787 -1.1968, -3.5924 0.5787 1.014, -3.5579 0.5787 0.9952, -3.6547 0.5787 1.1112, -3.4111 0.5787 -1.2229, -3.6423 0.5787 1.0739, -3.6211 0.5787 1.0408, -3.6004 0.5787 2.6749, -3.5875 0.5787 2.6429, -3.3457 0.5787 1.1112, -3.343 0.5787 1.1504, -3.4212 0.5787 2.5747, -3.42 0.5787 2.6092, -3.6574 0.5787 1.1504, -3.6262 0.5787 -1.1339, -3.5792 0.5787 2.5747, -3.5804 0.5787 2.6092, -3.2605 0.5787 2.8151, -3.2568 0.5787 2.8065, -3.3296 0.5787 2.8132, -3.4 0.5787 2.6749, -3.4129 0.5787 2.6429, -3.6708 0.5787 2.8132, -3.7434 0.5787 2.8074, -3.7389 0.5787 2.8167, -3.5198 0.5787 0.9855, -3.4806 0.5787 0.9855, -3.4425 0.5787 0.9952, -3.5893 0.5787 -1.2229, -3.6093 0.5787 -1.1968, -3.6219 0.5787 -1.1665, -3.7141 0.5787 2.8338, -3.7038 0.5787 2.8346, -3.6937 0.5787 2.8327, -3.6767 0.5787 2.8216, -3.6845 0.5787 2.8283, -3.3244 0.5787 2.8209, -3.3175 0.5787 2.8272, -3.3093 0.5787 2.8318, -3.7323 0.5787 2.8245, -3.7238 0.5787 2.8304, -3.5002 0.5787 -1.2598, -3.4676 0.5787 -1.2555, -3.4372 0.5787 -1.243, -3.5328 0.5787 -1.2555, -3.5632 0.5787 -1.243, -3.3003 0.5787 2.8342, -3.2909 0.5787 2.8345, -3.2661 0.5787 2.8226, -3.2818 0.5787 2.8325, -3.2734 0.5787 2.8285, -3.4212 0.4213 2.5747, -3.343 0.4213 1.1504, -3.6262 0.4213 -1.1339, -3.6219 0.4213 -1.1665, -3.6093 0.4213 -1.1968, -3.408 0.4213 1.014, -3.4425 0.4213 0.9952, -3.5924 0.4213 1.014, -3.6211 0.4213 1.0408, -3.6423 0.4213 1.0739, -3.7434 0.4213 2.8074, -3.6767 0.4213 2.8216, -3.3457 0.4213 1.1112, -3.3581 0.4213 1.0739, -3.3793 0.4213 1.0408, -3.6547 0.4213 1.1112, -3.6574 0.4213 1.1504, -3.5792 0.4213 2.5747, -3.5804 0.4213 2.6092, -3.4 0.4213 2.6749, -3.3296 0.4213 2.8132, -3.5875 0.4213 2.6429, -3.6004 0.4213 2.6749, -3.6708 0.4213 2.8132, -3.5893 0.4213 -1.2229, -3.3093 0.4213 2.8318, -3.3175 0.4213 2.8272, -3.2605 0.4213 2.8151, -3.4129 0.4213 2.6429, -3.42 0.4213 2.6092, -3.6937 0.4213 2.8327, -3.7038 0.4213 2.8346, -3.7389 0.4213 2.8167, -3.3911 0.4213 -1.1968, -3.3785 0.4213 -1.1665, -3.3742 0.4213 -1.1339, -3.2568 0.4213 2.8065, -3.3244 0.4213 2.8209, -3.4806 0.4213 0.9855, -3.5198 0.4213 0.9855, -3.5579 0.4213 0.9952, -3.6845 0.4213 2.8283, -3.7141 0.4213 2.8338, -3.7238 0.4213 2.8304, -3.7323 0.4213 2.8245, -3.2734 0.4213 2.8285, -3.2818 0.4213 2.8325, -3.2661 0.4213 2.8226, -3.2909 0.4213 2.8345, -3.3003 0.4213 2.8342, -3.4111 0.4213 -1.2229, -3.5632 0.4213 -1.243, -3.5328 0.4213 -1.2555, -3.5002 0.4213 -1.2598, -3.4676 0.4213 -1.2555, -3.4372 0.4213 -1.243, -2.7955 0.5787 0.3937, -2.6262 0.5787 0.3937, -2.7955 0.4213 0.3937, -2.6262 0.4213 0.3937, -2.7955 0.4213 1.8386, -2.7452 0.4213 2.7973, -2.7955 0.5787 1.8386, -2.7452 0.5787 2.7973, -2.2049 0.5787 1.8386, -2.2552 0.5787 2.7973, -2.2049 0.4213 1.8386, -2.2552 0.4213 2.7973, -2.2049 0.4213 0.3937, -2.3742 0.4213 0.3937, -2.2049 0.5787 0.3937, -2.3742 0.5787 0.3937, -2.5579 0.5787 0.9952, -2.5924 0.5787 1.014, -2.6211 0.5787 1.0408, -2.3742 0.5787 -1.1339, -2.3785 0.5787 -1.1665, -2.3911 0.5787 -1.1968, -2.6423 0.5787 1.0739, -2.6547 0.5787 1.1112, -2.4111 0.5787 -1.2229, -2.4425 0.5787 0.9952, -2.4806 0.5787 0.9855, -2.5198 0.5787 0.9855, -2.408 0.5787 1.014, -2.3793 0.5787 1.0408, -2.3581 0.5787 1.0739, -2.6708 0.5787 2.8132, -2.6004 0.5787 2.6749, -2.5875 0.5787 2.6429, -2.6574 0.5787 1.1504, -2.6262 0.5787 -1.1339, -2.7038 0.5787 2.8346, -2.6937 0.5787 2.8327, -2.5792 0.5787 2.5747, -2.5804 0.5787 2.6092, -2.4129 0.5787 2.6429, -2.4 0.5787 2.6749, -2.3296 0.5787 2.8132, -2.2568 0.5787 2.8065, -2.6845 0.5787 2.8283, -2.6767 0.5787 2.8216, -2.3457 0.5787 1.1112, -2.343 0.5787 1.1504, -2.4212 0.5787 2.5747, -2.42 0.5787 2.6092, -2.7323 0.5787 2.8245, -2.7389 0.5787 2.8167, -2.7434 0.5787 2.8074, -2.5002 0.5787 -1.2598, -2.4676 0.5787 -1.2555, -2.4372 0.5787 -1.243, -2.5328 0.5787 -1.2555, -2.5632 0.5787 -1.243, -2.5893 0.5787 -1.2229, -2.6093 0.5787 -1.1968, -2.6219 0.5787 -1.1665, -2.7238 0.5787 2.8304, -2.7141 0.5787 2.8338, -2.2818 0.5787 2.8325, -2.2734 0.5787 2.8285, -2.2661 0.5787 2.8226, -2.2605 0.5787 2.8151, -2.3093 0.5787 2.8318, -2.3003 0.5787 2.8342, -2.3175 0.5787 2.8272, -2.3244 0.5787 2.8209, -2.2909 0.5787 2.8345, -2.7389 0.4213 2.8167, -2.7434 0.4213 2.8074, -2.408 0.4213 1.014, -2.4425 0.4213 0.9952, -2.6262 0.4213 -1.1339, -2.6219 0.4213 -1.1665, -2.6093 0.4213 -1.1968, -2.3457 0.4213 1.1112, -2.3581 0.4213 1.0739, -2.3793 0.4213 1.0408, -2.5579 0.4213 0.9952, -2.5198 0.4213 0.9855, -2.4806 0.4213 0.9855, -2.5924 0.4213 1.014, -2.6211 0.4213 1.0408, -2.6423 0.4213 1.0739, -2.4 0.4213 2.6749, -2.4129 0.4213 2.6429, -2.5893 0.4213 -1.2229, -2.343 0.4213 1.1504, -2.4212 0.4213 2.5747, -2.42 0.4213 2.6092, -2.5875 0.4213 2.6429, -2.6004 0.4213 2.6749, -2.3911 0.4213 -1.1968, -2.3785 0.4213 -1.1665, -2.3742 0.4213 -1.1339, -2.2568 0.4213 2.8065, -2.3244 0.4213 2.8209, -2.3296 0.4213 2.8132, -2.6547 0.4213 1.1112, -2.6574 0.4213 1.1504, -2.5792 0.4213 2.5747, -2.5804 0.4213 2.6092, -2.2605 0.4213 2.8151, -2.2661 0.4213 2.8226, -2.2734 0.4213 2.8285, -2.4111 0.4213 -1.2229, -2.5632 0.4213 -1.243, -2.5328 0.4213 -1.2555, -2.5002 0.4213 -1.2598, -2.4676 0.4213 -1.2555, -2.4372 0.4213 -1.243, -2.3003 0.4213 2.8342, -2.3175 0.4213 2.8272, -2.3093 0.4213 2.8318, -2.6708 0.4213 2.8132, -2.6767 0.4213 2.8216, -2.6845 0.4213 2.8283, -2.2818 0.4213 2.8325, -2.2909 0.4213 2.8345, -2.6937 0.4213 2.8327, -2.7038 0.4213 2.8346, -2.7141 0.4213 2.8338, -2.7238 0.4213 2.8304, -2.7323 0.4213 2.8245, -1.7955 0.5787 0.3937, -1.6262 0.5787 0.3937, -1.7955 0.4213 0.3937, -1.6262 0.4213 0.3937, -1.7955 0.4213 1.8386, -1.7452 0.4213 2.7973, -1.7955 0.5787 1.8386, -1.7452 0.5787 2.7973, -1.2049 0.5787 1.8386, -1.2552 0.5787 2.7973, -1.2049 0.4213 1.8386, -1.2552 0.4213 2.7973, -1.2049 0.4213 0.3937, -1.3742 0.4213 0.3937, -1.2049 0.5787 0.3937, -1.3742 0.5787 0.3937, -1.3742 0.5787 -1.1339, -1.3785 0.5787 -1.1665, -1.3911 0.5787 -1.1968, -1.5579 0.5787 0.9952, -1.5924 0.5787 1.014, -1.6211 0.5787 1.0408, -1.408 0.5787 1.014, -1.3793 0.5787 1.0408, -1.3581 0.5787 1.0739, -1.6423 0.5787 1.0739, -1.6547 0.5787 1.1112, -1.4111 0.5787 -1.2229, -1.5198 0.5787 0.9855, -1.4806 0.5787 0.9855, -1.4425 0.5787 0.9952, -1.6708 0.5787 2.8132, -1.6004 0.5787 2.6749, -1.5875 0.5787 2.6429, -1.6574 0.5787 1.1504, -1.6262 0.5787 -1.1339, -1.7038 0.5787 2.8346, -1.6937 0.5787 2.8327, -1.5792 0.5787 2.5747, -1.5804 0.5787 2.6092, -1.3457 0.5787 1.1112, -1.343 0.5787 1.1504, -1.4212 0.5787 2.5747, -1.42 0.5787 2.6092, -1.4129 0.5787 2.6429, -1.6845 0.5787 2.8283, -1.6767 0.5787 2.8216, -1.7323 0.5787 2.8245, -1.7389 0.5787 2.8167, -1.7434 0.5787 2.8074, -1.4 0.5787 2.6749, -1.3296 0.5787 2.8132, -1.2568 0.5787 2.8065, -1.3244 0.5787 2.8209, -1.5002 0.5787 -1.2598, -1.4676 0.5787 -1.2555, -1.4372 0.5787 -1.243, -1.5328 0.5787 -1.2555, -1.5632 0.5787 -1.243, -1.5893 0.5787 -1.2229, -1.6093 0.5787 -1.1968, -1.6219 0.5787 -1.1665, -1.7238 0.5787 2.8304, -1.7141 0.5787 2.8338, -1.3175 0.5787 2.8272, -1.3093 0.5787 2.8318, -1.3003 0.5787 2.8342, -1.2818 0.5787 2.8325, -1.2734 0.5787 2.8285, -1.2909 0.5787 2.8345, -1.2661 0.5787 2.8226, -1.2605 0.5787 2.8151, -1.7389 0.4213 2.8167, -1.7434 0.4213 2.8074, -1.408 0.4213 1.014, -1.4425 0.4213 0.9952, -1.6262 0.4213 -1.1339, -1.6219 0.4213 -1.1665, -1.6093 0.4213 -1.1968, -1.5579 0.4213 0.9952, -1.5198 0.4213 0.9855, -1.4806 0.4213 0.9855, -1.3457 0.4213 1.1112, -1.3581 0.4213 1.0739, -1.3793 0.4213 1.0408, -1.5924 0.4213 1.014, -1.6211 0.4213 1.0408, -1.6423 0.4213 1.0739, -1.4 0.4213 2.6749, -1.4129 0.4213 2.6429, -1.5893 0.4213 -1.2229, -1.343 0.4213 1.1504, -1.4212 0.4213 2.5747, -1.42 0.4213 2.6092, -1.5875 0.4213 2.6429, -1.6004 0.4213 2.6749, -1.3175 0.4213 2.8272, -1.3244 0.4213 2.8209, -1.3296 0.4213 2.8132, -1.5632 0.4213 -1.243, -1.3785 0.4213 -1.1665, -1.3742 0.4213 -1.1339, -1.6547 0.4213 1.1112, -1.6574 0.4213 1.1504, -1.5792 0.4213 2.5747, -1.5804 0.4213 2.6092, -1.2568 0.4213 2.8065, -1.2605 0.4213 2.8151, -1.3003 0.4213 2.8342, -1.2661 0.4213 2.8226, -1.2909 0.4213 2.8345, -1.2734 0.4213 2.8285, -1.2818 0.4213 2.8325, -1.3093 0.4213 2.8318, -1.6708 0.4213 2.8132, -1.6767 0.4213 2.8216, -1.6845 0.4213 2.8283, -1.4372 0.4213 -1.243, -1.4111 0.4213 -1.2229, -1.4676 0.4213 -1.2555, -1.5002 0.4213 -1.2598, -1.5328 0.4213 -1.2555, -1.3911 0.4213 -1.1968, -1.6937 0.4213 2.8327, -1.7038 0.4213 2.8346, -1.7141 0.4213 2.8338, -1.7238 0.4213 2.8304, -1.7323 0.4213 2.8245, -0.7955 0.5787 0.3937, -0.6262 0.5787 0.3937, -0.7955 0.4213 0.3937, -0.6262 0.4213 0.3937, -0.7955 0.4213 1.8386, -0.7452 0.4213 2.7973, -0.7955 0.5787 1.8386, -0.7452 0.5787 2.7973, -0.2049 0.5787 1.8386, -0.2552 0.5787 2.7973, -0.2049 0.4213 1.8386, -0.2552 0.4213 2.7973, -0.2049 0.4213 0.3937, -0.3742 0.4213 0.3937, -0.2049 0.5787 0.3937, -0.3742 0.5787 0.3937, -0.5924 0.5787 1.014, -0.5579 0.5787 0.9952, -0.3742 0.5787 -1.1339, -0.3785 0.5787 -1.1665, -0.3911 0.5787 -1.1968, -0.6547 0.5787 1.1112, -0.6423 0.5787 1.0739, -0.6211 0.5787 1.0408, -0.4425 0.5787 0.9952, -0.4806 0.5787 0.9855, -0.5198 0.5787 0.9855, -0.408 0.5787 1.014, -0.3793 0.5787 1.0408, -0.3581 0.5787 1.0739, -0.6004 0.5787 2.6749, -0.5875 0.5787 2.6429, -0.4111 0.5787 -1.2229, -0.6574 0.5787 1.1504, -0.5792 0.5787 2.5747, -0.5804 0.5787 2.6092, -0.5893 0.5787 -1.2229, -0.6093 0.5787 -1.1968, -0.6845 0.5787 2.8283, -0.6767 0.5787 2.8216, -0.6708 0.5787 2.8132, -0.3457 0.5787 1.1112, -0.343 0.5787 1.1504, -0.4212 0.5787 2.5747, -0.42 0.5787 2.6092, -0.4129 0.5787 2.6429, -0.6219 0.5787 -1.1665, -0.6262 0.5787 -1.1339, -0.7434 0.5787 2.8074, -0.7389 0.5787 2.8167, -0.6937 0.5787 2.8327, -0.7038 0.5787 2.8346, -0.5002 0.5787 -1.2598, -0.4676 0.5787 -1.2555, -0.4372 0.5787 -1.243, -0.5328 0.5787 -1.2555, -0.5632 0.5787 -1.243, -0.7141 0.5787 2.8338, -0.7323 0.5787 2.8245, -0.7238 0.5787 2.8304, -0.4 0.5787 2.6749, -0.3296 0.5787 2.8132, -0.2568 0.5787 2.8065, -0.3244 0.5787 2.8209, -0.3175 0.5787 2.8272, -0.2661 0.5787 2.8226, -0.3003 0.5787 2.8342, -0.2734 0.5787 2.8285, -0.2909 0.5787 2.8345, -0.2818 0.5787 2.8325, -0.3093 0.5787 2.8318, -0.2605 0.5787 2.8151, -0.4425 0.4213 0.9952, -0.408 0.4213 1.014, -0.3793 0.4213 1.0408, -0.6262 0.4213 -1.1339, -0.6219 0.4213 -1.1665, -0.6093 0.4213 -1.1968, -0.3581 0.4213 1.0739, -0.3457 0.4213 1.1112, -0.5893 0.4213 -1.2229, -0.5579 0.4213 0.9952, -0.5198 0.4213 0.9855, -0.4806 0.4213 0.9855, -0.5924 0.4213 1.014, -0.6211 0.4213 1.0408, -0.6423 0.4213 1.0739, -0.3244 0.4213 2.8209, -0.3296 0.4213 2.8132, -0.4 0.4213 2.6749, -0.4129 0.4213 2.6429, -0.343 0.4213 1.1504, -0.4212 0.4213 2.5747, -0.42 0.4213 2.6092, -0.5875 0.4213 2.6429, -0.6004 0.4213 2.6749, -0.3742 0.4213 -1.1339, -0.5632 0.4213 -1.243, -0.6547 0.4213 1.1112, -0.6574 0.4213 1.1504, -0.5792 0.4213 2.5747, -0.5804 0.4213 2.6092, -0.2568 0.4213 2.8065, -0.2605 0.4213 2.8151, -0.2661 0.4213 2.8226, -0.2734 0.4213 2.8285, -0.2818 0.4213 2.8325, -0.2909 0.4213 2.8345, -0.3003 0.4213 2.8342, -0.3093 0.4213 2.8318, -0.3175 0.4213 2.8272, -0.6708 0.4213 2.8132, -0.6767 0.4213 2.8216, -0.6845 0.4213 2.8283, -0.3911 0.4213 -1.1968, -0.5002 0.4213 -1.2598, -0.4111 0.4213 -1.2229, -0.4676 0.4213 -1.2555, -0.4372 0.4213 -1.243, -0.5328 0.4213 -1.2555, -0.3785 0.4213 -1.1665, -0.6937 0.4213 2.8327, -0.7389 0.4213 2.8167, -0.7434 0.4213 2.8074, -0.7038 0.4213 2.8346, -0.7141 0.4213 2.8338, -0.7323 0.4213 2.8245, -0.7238 0.4213 2.8304, 0.2045 0.5787 0.3937, 0.3738 0.5787 0.3937, 0.2045 0.4213 0.3937, 0.3738 0.4213 0.3937, 0.2045 0.4213 1.8386, 0.2548 0.4213 2.7973, 0.2045 0.5787 1.8386, 0.2548 0.5787 2.7973, 0.7951 0.5787 1.8386, 0.7448 0.5787 2.7973, 0.7951 0.4213 1.8386, 0.7448 0.4213 2.7973, 0.7951 0.4213 0.3937, 0.6258 0.4213 0.3937, 0.7951 0.5787 0.3937, 0.6258 0.5787 0.3937, 0.4076 0.5787 1.014, 0.4421 0.5787 0.9952, 0.6258 0.5787 -1.1339, 0.6215 0.5787 -1.1665, 0.6089 0.5787 -1.1968, 0.3453 0.5787 1.1112, 0.3577 0.5787 1.0739, 0.3789 0.5787 1.0408, 0.5575 0.5787 0.9952, 0.5194 0.5787 0.9855, 0.4802 0.5787 0.9855, 0.592 0.5787 1.014, 0.6207 0.5787 1.0408, 0.6419 0.5787 1.0739, 0.3996 0.5787 2.6749, 0.4125 0.5787 2.6429, 0.5889 0.5787 -1.2229, 0.3426 0.5787 1.1504, 0.4208 0.5787 2.5747, 0.4196 0.5787 2.6092, 0.4107 0.5787 -1.2229, 0.3907 0.5787 -1.1968, 0.3155 0.5787 2.8283, 0.3233 0.5787 2.8216, 0.3292 0.5787 2.8132, 0.3781 0.5787 -1.1665, 0.3738 0.5787 -1.1339, 0.6543 0.5787 1.1112, 0.657 0.5787 1.1504, 0.5788 0.5787 2.5747, 0.58 0.5787 2.6092, 0.5871 0.5787 2.6429, 0.2566 0.5787 2.8074, 0.2962 0.5787 2.8346, 0.3063 0.5787 2.8327, 0.4998 0.5787 -1.2598, 0.5324 0.5787 -1.2555, 0.5628 0.5787 -1.243, 0.4672 0.5787 -1.2555, 0.4368 0.5787 -1.243, 0.2611 0.5787 2.8167, 0.2677 0.5787 2.8245, 0.2859 0.5787 2.8338, 0.2762 0.5787 2.8304, 0.6 0.5787 2.6749, 0.6704 0.5787 2.8132, 0.7432 0.5787 2.8065, 0.6756 0.5787 2.8209, 0.6825 0.5787 2.8272, 0.7339 0.5787 2.8226, 0.6997 0.5787 2.8342, 0.7266 0.5787 2.8285, 0.7091 0.5787 2.8345, 0.7182 0.5787 2.8325, 0.6907 0.5787 2.8318, 0.7395 0.5787 2.8151, 0.5575 0.4213 0.9952, 0.592 0.4213 1.014, 0.6207 0.4213 1.0408, 0.3738 0.4213 -1.1339, 0.3781 0.4213 -1.1665, 0.3907 0.4213 -1.1968, 0.6419 0.4213 1.0739, 0.6543 0.4213 1.1112, 0.4107 0.4213 -1.2229, 0.4421 0.4213 0.9952, 0.4802 0.4213 0.9855, 0.5194 0.4213 0.9855, 0.4076 0.4213 1.014, 0.3789 0.4213 1.0408, 0.3577 0.4213 1.0739, 0.6756 0.4213 2.8209, 0.6704 0.4213 2.8132, 0.6 0.4213 2.6749, 0.5871 0.4213 2.6429, 0.657 0.4213 1.1504, 0.5788 0.4213 2.5747, 0.58 0.4213 2.6092, 0.4125 0.4213 2.6429, 0.3996 0.4213 2.6749, 0.6258 0.4213 -1.1339, 0.4368 0.4213 -1.243, 0.3453 0.4213 1.1112, 0.3426 0.4213 1.1504, 0.4208 0.4213 2.5747, 0.4196 0.4213 2.6092, 0.6997 0.4213 2.8342, 0.6907 0.4213 2.8318, 0.6825 0.4213 2.8272, 0.3292 0.4213 2.8132, 0.3233 0.4213 2.8216, 0.3155 0.4213 2.8283, 0.6089 0.4213 -1.1968, 0.4998 0.4213 -1.2598, 0.5889 0.4213 -1.2229, 0.5324 0.4213 -1.2555, 0.5628 0.4213 -1.243, 0.7432 0.4213 2.8065, 0.7395 0.4213 2.8151, 0.7339 0.4213 2.8226, 0.7266 0.4213 2.8285, 0.7182 0.4213 2.8325, 0.7091 0.4213 2.8345, 0.4672 0.4213 -1.2555, 0.6215 0.4213 -1.1665, 0.3063 0.4213 2.8327, 0.2962 0.4213 2.8346, 0.2566 0.4213 2.8074, 0.2611 0.4213 2.8167, 0.2677 0.4213 2.8245, 0.2859 0.4213 2.8338, 0.2762 0.4213 2.8304, 1.2045 0.5787 0.3937, 1.3738 0.5787 0.3937, 1.2045 0.4213 0.3937, 1.3738 0.4213 0.3937, 1.2045 0.4213 1.8386, 1.2548 0.4213 2.7973, 1.2045 0.5787 1.8386, 1.2548 0.5787 2.7973, 1.7951 0.5787 1.8386, 1.7448 0.5787 2.7973, 1.7951 0.4213 1.8386, 1.7448 0.4213 2.7973, 1.7951 0.4213 0.3937, 1.6258 0.4213 0.3937, 1.7951 0.5787 0.3937, 1.6258 0.5787 0.3937, 1.4076 0.5787 1.014, 1.4421 0.5787 0.9952, 1.6258 0.5787 -1.1339, 1.6215 0.5787 -1.1665, 1.6089 0.5787 -1.1968, 1.3453 0.5787 1.1112, 1.3577 0.5787 1.0739, 1.3789 0.5787 1.0408, 1.5575 0.5787 0.9952, 1.5194 0.5787 0.9855, 1.4802 0.5787 0.9855, 1.592 0.5787 1.014, 1.6207 0.5787 1.0408, 1.6419 0.5787 1.0739, 1.3233 0.5787 2.8216, 1.3292 0.5787 2.8132, 1.2611 0.5787 2.8167, 1.3996 0.5787 2.6749, 1.4125 0.5787 2.6429, 1.5889 0.5787 -1.2229, 1.3426 0.5787 1.1504, 1.4208 0.5787 2.5747, 1.4196 0.5787 2.6092, 1.2566 0.5787 2.8074, 1.5871 0.5787 2.6429, 1.6 0.5787 2.6749, 1.6704 0.5787 2.8132, 1.7432 0.5787 2.8065, 1.6543 0.5787 1.1112, 1.657 0.5787 1.1504, 1.5788 0.5787 2.5747, 1.58 0.5787 2.6092, 1.5628 0.5787 -1.243, 1.5324 0.5787 -1.2555, 1.4998 0.5787 -1.2598, 1.4672 0.5787 -1.2555, 1.4368 0.5787 -1.243, 1.4107 0.5787 -1.2229, 1.3907 0.5787 -1.1968, 1.3781 0.5787 -1.1665, 1.3738 0.5787 -1.1339, 1.2962 0.5787 2.8346, 1.3063 0.5787 2.8327, 1.3155 0.5787 2.8283, 1.2859 0.5787 2.8338, 1.2677 0.5787 2.8245, 1.2762 0.5787 2.8304, 1.7182 0.5787 2.8325, 1.7266 0.5787 2.8285, 1.7339 0.5787 2.8226, 1.7395 0.5787 2.8151, 1.6907 0.5787 2.8318, 1.6997 0.5787 2.8342, 1.6825 0.5787 2.8272, 1.6756 0.5787 2.8209, 1.7091 0.5787 2.8345, 1.3738 0.4213 -1.1339, 1.3781 0.4213 -1.1665, 1.3907 0.4213 -1.1968, 1.5575 0.4213 0.9952, 1.592 0.4213 1.014, 1.6207 0.4213 1.0408, 1.4076 0.4213 1.014, 1.3789 0.4213 1.0408, 1.3577 0.4213 1.0739, 1.6419 0.4213 1.0739, 1.6543 0.4213 1.1112, 1.4107 0.4213 -1.2229, 1.5194 0.4213 0.9855, 1.4802 0.4213 0.9855, 1.4421 0.4213 0.9952, 1.6 0.4213 2.6749, 1.5871 0.4213 2.6429, 1.657 0.4213 1.1504, 1.5788 0.4213 2.5747, 1.58 0.4213 2.6092, 1.6258 0.4213 -1.1339, 1.4368 0.4213 -1.243, 1.6215 0.4213 -1.1665, 1.3453 0.4213 1.1112, 1.3426 0.4213 1.1504, 1.4208 0.4213 2.5747, 1.4196 0.4213 2.6092, 1.4125 0.4213 2.6429, 1.7432 0.4213 2.8065, 1.6756 0.4213 2.8209, 1.6704 0.4213 2.8132, 1.3996 0.4213 2.6749, 1.3292 0.4213 2.8132, 1.2566 0.4213 2.8074, 1.2611 0.4213 2.8167, 1.7395 0.4213 2.8151, 1.7339 0.4213 2.8226, 1.7266 0.4213 2.8285, 1.4672 0.4213 -1.2555, 1.4998 0.4213 -1.2598, 1.5889 0.4213 -1.2229, 1.5324 0.4213 -1.2555, 1.5628 0.4213 -1.243, 1.6089 0.4213 -1.1968, 1.6997 0.4213 2.8342, 1.6825 0.4213 2.8272, 1.6907 0.4213 2.8318, 1.3233 0.4213 2.8216, 1.3155 0.4213 2.8283, 1.3063 0.4213 2.8327, 1.7182 0.4213 2.8325, 1.7091 0.4213 2.8345, 1.2962 0.4213 2.8346, 1.2859 0.4213 2.8338, 1.2677 0.4213 2.8245, 1.2762 0.4213 2.8304, 2.2045 0.5787 0.3937, 2.3738 0.5787 0.3937, 2.2045 0.4213 0.3937, 2.3738 0.4213 0.3937, 2.2045 0.4213 1.8386, 2.2548 0.4213 2.7973, 2.2045 0.5787 1.8386, 2.2548 0.5787 2.7973, 2.7951 0.5787 1.8386, 2.7448 0.5787 2.7973, 2.7951 0.4213 1.8386, 2.7448 0.4213 2.7973, 2.7951 0.4213 0.3937, 2.6258 0.4213 0.3937, 2.7951 0.5787 0.3937, 2.6258 0.5787 0.3937, 2.4421 0.5787 0.9952, 2.4076 0.5787 1.014, 2.3789 0.5787 1.0408, 2.6258 0.5787 -1.1339, 2.6215 0.5787 -1.1665, 2.6089 0.5787 -1.1968, 2.3577 0.5787 1.0739, 2.3453 0.5787 1.1112, 2.5889 0.5787 -1.2229, 2.5575 0.5787 0.9952, 2.5194 0.5787 0.9855, 2.4802 0.5787 0.9855, 2.592 0.5787 1.014, 2.6207 0.5787 1.0408, 2.6419 0.5787 1.0739, 2.3292 0.5787 2.8132, 2.3996 0.5787 2.6749, 2.4125 0.5787 2.6429, 2.3426 0.5787 1.1504, 2.3738 0.5787 -1.1339, 2.2962 0.5787 2.8346, 2.3063 0.5787 2.8327, 2.4208 0.5787 2.5747, 2.4196 0.5787 2.6092, 2.5871 0.5787 2.6429, 2.6 0.5787 2.6749, 2.6704 0.5787 2.8132, 2.7432 0.5787 2.8065, 2.3155 0.5787 2.8283, 2.3233 0.5787 2.8216, 2.6543 0.5787 1.1112, 2.657 0.5787 1.1504, 2.5788 0.5787 2.5747, 2.58 0.5787 2.6092, 2.2677 0.5787 2.8245, 2.2611 0.5787 2.8167, 2.2566 0.5787 2.8074, 2.4998 0.5787 -1.2598, 2.5324 0.5787 -1.2555, 2.5628 0.5787 -1.243, 2.4672 0.5787 -1.2555, 2.4368 0.5787 -1.243, 2.4107 0.5787 -1.2229, 2.3907 0.5787 -1.1968, 2.3781 0.5787 -1.1665, 2.2762 0.5787 2.8304, 2.2859 0.5787 2.8338, 2.7182 0.5787 2.8325, 2.7266 0.5787 2.8285, 2.7339 0.5787 2.8226, 2.7395 0.5787 2.8151, 2.6907 0.5787 2.8318, 2.6997 0.5787 2.8342, 2.6825 0.5787 2.8272, 2.6756 0.5787 2.8209, 2.7091 0.5787 2.8345, 2.2611 0.4213 2.8167, 2.2566 0.4213 2.8074, 2.592 0.4213 1.014, 2.5575 0.4213 0.9952, 2.3738 0.4213 -1.1339, 2.3781 0.4213 -1.1665, 2.3907 0.4213 -1.1968, 2.6543 0.4213 1.1112, 2.6419 0.4213 1.0739, 2.6207 0.4213 1.0408, 2.4421 0.4213 0.9952, 2.4802 0.4213 0.9855, 2.5194 0.4213 0.9855, 2.4076 0.4213 1.014, 2.3789 0.4213 1.0408, 2.3577 0.4213 1.0739, 2.6 0.4213 2.6749, 2.5871 0.4213 2.6429, 2.4107 0.4213 -1.2229, 2.657 0.4213 1.1504, 2.5788 0.4213 2.5747, 2.58 0.4213 2.6092, 2.4125 0.4213 2.6429, 2.3996 0.4213 2.6749, 2.6089 0.4213 -1.1968, 2.6215 0.4213 -1.1665, 2.6258 0.4213 -1.1339, 2.7432 0.4213 2.8065, 2.6756 0.4213 2.8209, 2.6704 0.4213 2.8132, 2.3453 0.4213 1.1112, 2.3426 0.4213 1.1504, 2.4208 0.4213 2.5747, 2.4196 0.4213 2.6092, 2.7395 0.4213 2.8151, 2.7339 0.4213 2.8226, 2.7266 0.4213 2.8285, 2.5889 0.4213 -1.2229, 2.4368 0.4213 -1.243, 2.4672 0.4213 -1.2555, 2.4998 0.4213 -1.2598, 2.5324 0.4213 -1.2555, 2.5628 0.4213 -1.243, 2.6997 0.4213 2.8342, 2.6825 0.4213 2.8272, 2.6907 0.4213 2.8318, 2.3292 0.4213 2.8132, 2.3233 0.4213 2.8216, 2.3155 0.4213 2.8283, 2.7182 0.4213 2.8325, 2.7091 0.4213 2.8345, 2.3063 0.4213 2.8327, 2.2962 0.4213 2.8346, 2.2859 0.4213 2.8338, 2.2762 0.4213 2.8304, 2.2677 0.4213 2.8245, 3.2045 0.5787 0.3937, 3.3738 0.5787 0.3937, 3.2045 0.4213 0.3937, 3.3738 0.4213 0.3937, 3.2045 0.4213 1.8386, 3.2548 0.4213 2.7973, 3.2045 0.5787 1.8386, 3.2548 0.5787 2.7973, 3.7951 0.5787 1.8386, 3.7448 0.5787 2.7973, 3.7951 0.4213 1.8386, 3.7448 0.4213 2.7973, 3.7951 0.4213 0.3937, 3.6258 0.4213 0.3937, 3.7951 0.5787 0.3937, 3.6258 0.5787 0.3937, 3.6258 0.5787 -1.1339, 3.6215 0.5787 -1.1665, 3.6089 0.5787 -1.1968, 3.4076 0.5787 1.014, 3.4421 0.5787 0.9952, 3.592 0.5787 1.014, 3.6207 0.5787 1.0408, 3.6419 0.5787 1.0739, 3.3453 0.5787 1.1112, 3.5889 0.5787 -1.2229, 3.3577 0.5787 1.0739, 3.3789 0.5787 1.0408, 3.6543 0.5787 1.1112, 3.657 0.5787 1.1504, 3.5788 0.5787 2.5747, 3.58 0.5787 2.6092, 3.7395 0.5787 2.8151, 3.7432 0.5787 2.8065, 3.6704 0.5787 2.8132, 3.6 0.5787 2.6749, 3.5871 0.5787 2.6429, 3.3426 0.5787 1.1504, 3.3738 0.5787 -1.1339, 3.2566 0.5787 2.8074, 3.3292 0.5787 2.8132, 3.3996 0.5787 2.6749, 3.4125 0.5787 2.6429, 3.4208 0.5787 2.5747, 3.4196 0.5787 2.6092, 3.4802 0.5787 0.9855, 3.5194 0.5787 0.9855, 3.5575 0.5787 0.9952, 3.2859 0.5787 2.8338, 3.2962 0.5787 2.8346, 3.3063 0.5787 2.8327, 3.6756 0.5787 2.8209, 3.6825 0.5787 2.8272, 3.6907 0.5787 2.8318, 3.4107 0.5787 -1.2229, 3.3907 0.5787 -1.1968, 3.3781 0.5787 -1.1665, 3.2762 0.5787 2.8304, 3.2611 0.5787 2.8167, 3.2677 0.5787 2.8245, 3.3155 0.5787 2.8283, 3.3233 0.5787 2.8216, 3.6997 0.5787 2.8342, 3.7091 0.5787 2.8345, 3.7339 0.5787 2.8226, 3.7182 0.5787 2.8325, 3.7266 0.5787 2.8285, 3.4998 0.5787 -1.2598, 3.5324 0.5787 -1.2555, 3.5628 0.5787 -1.243, 3.4672 0.5787 -1.2555, 3.4368 0.5787 -1.243, 3.5788 0.4213 2.5747, 3.657 0.4213 1.1504, 3.3738 0.4213 -1.1339, 3.3781 0.4213 -1.1665, 3.3907 0.4213 -1.1968, 3.592 0.4213 1.014, 3.5575 0.4213 0.9952, 3.4076 0.4213 1.014, 3.3789 0.4213 1.0408, 3.3577 0.4213 1.0739, 3.6543 0.4213 1.1112, 3.6419 0.4213 1.0739, 3.6207 0.4213 1.0408, 3.3453 0.4213 1.1112, 3.3426 0.4213 1.1504, 3.4208 0.4213 2.5747, 3.4196 0.4213 2.6092, 3.6 0.4213 2.6749, 3.6704 0.4213 2.8132, 3.4107 0.4213 -1.2229, 3.6907 0.4213 2.8318, 3.6825 0.4213 2.8272, 3.7395 0.4213 2.8151, 3.5871 0.4213 2.6429, 3.58 0.4213 2.6092, 3.3063 0.4213 2.8327, 3.2962 0.4213 2.8346, 3.2566 0.4213 2.8074, 3.6089 0.4213 -1.1968, 3.6215 0.4213 -1.1665, 3.6258 0.4213 -1.1339, 3.7432 0.4213 2.8065, 3.6756 0.4213 2.8209, 3.5194 0.4213 0.9855, 3.4802 0.4213 0.9855, 3.4421 0.4213 0.9952, 3.3155 0.4213 2.8283, 3.4125 0.4213 2.6429, 3.3996 0.4213 2.6749, 3.3292 0.4213 2.8132, 3.3233 0.4213 2.8216, 3.2859 0.4213 2.8338, 3.2762 0.4213 2.8304, 3.2611 0.4213 2.8167, 3.2677 0.4213 2.8245, 3.7266 0.4213 2.8285, 3.7182 0.4213 2.8325, 3.7339 0.4213 2.8226, 3.7091 0.4213 2.8345, 3.6997 0.4213 2.8342, 3.5889 0.4213 -1.2229, 3.4368 0.4213 -1.243, 3.4672 0.4213 -1.2555, 3.4998 0.4213 -1.2598, 3.5324 0.4213 -1.2555, 3.5628 0.4213 -1.243, 4.2045 0.5787 0.3937, 4.3738 0.5787 0.3937, 4.2045 0.4213 0.3937, 4.3738 0.4213 0.3937, 4.2045 0.4213 1.8386, 4.2548 0.4213 2.7973, 4.2045 0.5787 1.8386, 4.2548 0.5787 2.7973, 4.7951 0.5787 1.8386, 4.7448 0.5787 2.7973, 4.7951 0.4213 1.8386, 4.7448 0.4213 2.7973, 4.7951 0.4213 0.3937, 4.6258 0.4213 0.3937, 4.7951 0.5787 0.3937, 4.6258 0.5787 0.3937, 4.6258 0.5787 -1.1339, 4.6215 0.5787 -1.1665, 4.6089 0.5787 -1.1968, 4.4076 0.5787 1.014, 4.4421 0.5787 0.9952, 4.592 0.5787 1.014, 4.6207 0.5787 1.0408, 4.6419 0.5787 1.0739, 4.3453 0.5787 1.1112, 4.5889 0.5787 -1.2229, 4.3577 0.5787 1.0739, 4.3789 0.5787 1.0408, 4.6543 0.5787 1.1112, 4.657 0.5787 1.1504, 4.5788 0.5787 2.5747, 4.58 0.5787 2.6092, 4.7395 0.5787 2.8151, 4.7432 0.5787 2.8065, 4.6704 0.5787 2.8132, 4.6 0.5787 2.6749, 4.5871 0.5787 2.6429, 4.3426 0.5787 1.1504, 4.3738 0.5787 -1.1339, 4.2566 0.5787 2.8074, 4.3292 0.5787 2.8132, 4.3996 0.5787 2.6749, 4.4125 0.5787 2.6429, 4.4208 0.5787 2.5747, 4.4196 0.5787 2.6092, 4.4802 0.5787 0.9855, 4.5194 0.5787 0.9855, 4.5575 0.5787 0.9952, 4.2859 0.5787 2.8338, 4.2962 0.5787 2.8346, 4.3063 0.5787 2.8327, 4.6756 0.5787 2.8209, 4.6825 0.5787 2.8272, 4.6907 0.5787 2.8318, 4.4107 0.5787 -1.2229, 4.3907 0.5787 -1.1968, 4.3781 0.5787 -1.1665, 4.2762 0.5787 2.8304, 4.2611 0.5787 2.8167, 4.2677 0.5787 2.8245, 4.3155 0.5787 2.8283, 4.3233 0.5787 2.8216, 4.6997 0.5787 2.8342, 4.7091 0.5787 2.8345, 4.7339 0.5787 2.8226, 4.7182 0.5787 2.8325, 4.7266 0.5787 2.8285, 4.4998 0.5787 -1.2598, 4.5324 0.5787 -1.2555, 4.5628 0.5787 -1.243, 4.4672 0.5787 -1.2555, 4.4368 0.5787 -1.243, 4.5788 0.4213 2.5747, 4.657 0.4213 1.1504, 4.3738 0.4213 -1.1339, 4.3781 0.4213 -1.1665, 4.3907 0.4213 -1.1968, 4.592 0.4213 1.014, 4.5575 0.4213 0.9952, 4.4076 0.4213 1.014, 4.3789 0.4213 1.0408, 4.3577 0.4213 1.0739, 4.6543 0.4213 1.1112, 4.6419 0.4213 1.0739, 4.6207 0.4213 1.0408, 4.3453 0.4213 1.1112, 4.3426 0.4213 1.1504, 4.4208 0.4213 2.5747, 4.4196 0.4213 2.6092, 4.6 0.4213 2.6749, 4.6704 0.4213 2.8132, 4.4107 0.4213 -1.2229, 4.6907 0.4213 2.8318, 4.6825 0.4213 2.8272, 4.7395 0.4213 2.8151, 4.5871 0.4213 2.6429, 4.58 0.4213 2.6092, 4.3063 0.4213 2.8327, 4.2962 0.4213 2.8346, 4.2566 0.4213 2.8074, 4.6089 0.4213 -1.1968, 4.6215 0.4213 -1.1665, 4.6258 0.4213 -1.1339, 4.7432 0.4213 2.8065, 4.6756 0.4213 2.8209, 4.5194 0.4213 0.9855, 4.4802 0.4213 0.9855, 4.4421 0.4213 0.9952, 4.3155 0.4213 2.8283, 4.4125 0.4213 2.6429, 4.3996 0.4213 2.6749, 4.3292 0.4213 2.8132, 4.3233 0.4213 2.8216, 4.2859 0.4213 2.8338, 4.2762 0.4213 2.8304, 4.2611 0.4213 2.8167, 4.2677 0.4213 2.8245, 4.7266 0.4213 2.8285, 4.7182 0.4213 2.8325, 4.7339 0.4213 2.8226, 4.7091 0.4213 2.8345, 4.6997 0.4213 2.8342, 4.5889 0.4213 -1.2229, 4.4368 0.4213 -1.243, 4.4672 0.4213 -1.2555, 4.4998 0.4213 -1.2598, 4.5324 0.4213 -1.2555, 4.5628 0.4213 -1.243, 5.2045 0.5787 0.3937, 5.3738 0.5787 0.3937, 5.2045 0.4213 0.3937, 5.3738 0.4213 0.3937, 5.2045 0.4213 1.8386, 5.2548 0.4213 2.7973, 5.2045 0.5787 1.8386, 5.2548 0.5787 2.7973, 5.7951 0.5787 1.8386, 5.7448 0.5787 2.7973, 5.7951 0.4213 1.8386, 5.7448 0.4213 2.7973, 5.7951 0.4213 0.3937, 5.6258 0.4213 0.3937, 5.7951 0.5787 0.3937, 5.6258 0.5787 0.3937, 5.6258 0.5787 -1.1339, 5.6215 0.5787 -1.1665, 5.6089 0.5787 -1.1968, 5.4076 0.5787 1.014, 5.4421 0.5787 0.9952, 5.592 0.5787 1.014, 5.6207 0.5787 1.0408, 5.6419 0.5787 1.0739, 5.3453 0.5787 1.1112, 5.5889 0.5787 -1.2229, 5.3577 0.5787 1.0739, 5.3789 0.5787 1.0408, 5.6543 0.5787 1.1112, 5.657 0.5787 1.1504, 5.5788 0.5787 2.5747, 5.58 0.5787 2.6092, 5.7395 0.5787 2.8151, 5.7432 0.5787 2.8065, 5.6704 0.5787 2.8132, 5.6 0.5787 2.6749, 5.5871 0.5787 2.6429, 5.3426 0.5787 1.1504, 5.3738 0.5787 -1.1339, 5.2566 0.5787 2.8074, 5.3292 0.5787 2.8132, 5.3996 0.5787 2.6749, 5.4125 0.5787 2.6429, 5.4208 0.5787 2.5747, 5.4196 0.5787 2.6092, 5.4802 0.5787 0.9855, 5.5194 0.5787 0.9855, 5.5575 0.5787 0.9952, 5.2859 0.5787 2.8338, 5.2962 0.5787 2.8346, 5.3063 0.5787 2.8327, 5.6756 0.5787 2.8209, 5.6825 0.5787 2.8272, 5.6907 0.5787 2.8318, 5.4107 0.5787 -1.2229, 5.3907 0.5787 -1.1968, 5.3781 0.5787 -1.1665, 5.2762 0.5787 2.8304, 5.2611 0.5787 2.8167, 5.2677 0.5787 2.8245, 5.3155 0.5787 2.8283, 5.3233 0.5787 2.8216, 5.6997 0.5787 2.8342, 5.7091 0.5787 2.8345, 5.7339 0.5787 2.8226, 5.7182 0.5787 2.8325, 5.7266 0.5787 2.8285, 5.4998 0.5787 -1.2598, 5.5324 0.5787 -1.2555, 5.5628 0.5787 -1.243, 5.4672 0.5787 -1.2555, 5.4368 0.5787 -1.243, 5.5788 0.4213 2.5747, 5.657 0.4213 1.1504, 5.3738 0.4213 -1.1339, 5.3781 0.4213 -1.1665, 5.3907 0.4213 -1.1968, 5.592 0.4213 1.014, 5.5575 0.4213 0.9952, 5.4076 0.4213 1.014, 5.3789 0.4213 1.0408, 5.3577 0.4213 1.0739, 5.6543 0.4213 1.1112, 5.6419 0.4213 1.0739, 5.6207 0.4213 1.0408, 5.3453 0.4213 1.1112, 5.3426 0.4213 1.1504, 5.4208 0.4213 2.5747, 5.4196 0.4213 2.6092, 5.6 0.4213 2.6749, 5.6704 0.4213 2.8132, 5.4107 0.4213 -1.2229, 5.6907 0.4213 2.8318, 5.6825 0.4213 2.8272, 5.7395 0.4213 2.8151, 5.5871 0.4213 2.6429, 5.58 0.4213 2.6092, 5.3063 0.4213 2.8327, 5.2962 0.4213 2.8346, 5.2566 0.4213 2.8074, 5.6089 0.4213 -1.1968, 5.6215 0.4213 -1.1665, 5.6258 0.4213 -1.1339, 5.7432 0.4213 2.8065, 5.6756 0.4213 2.8209, 5.5194 0.4213 0.9855, 5.4802 0.4213 0.9855, 5.4421 0.4213 0.9952, 5.3155 0.4213 2.8283, 5.4125 0.4213 2.6429, 5.3996 0.4213 2.6749, 5.3292 0.4213 2.8132, 5.3233 0.4213 2.8216, 5.2859 0.4213 2.8338, 5.2762 0.4213 2.8304, 5.2611 0.4213 2.8167, 5.2677 0.4213 2.8245, 5.7266 0.4213 2.8285, 5.7182 0.4213 2.8325, 5.7339 0.4213 2.8226, 5.7091 0.4213 2.8345, 5.6997 0.4213 2.8342, 5.5889 0.4213 -1.2229, 5.4368 0.4213 -1.243, 5.4672 0.4213 -1.2555, 5.4998 0.4213 -1.2598, 5.5324 0.4213 -1.2555, 5.5628 0.4213 -1.243, 6.2045 0.5787 0.3937, 6.3738 0.5787 0.3937, 6.2045 0.4213 0.3937, 6.3738 0.4213 0.3937, 6.2045 0.4213 1.8386, 6.2548 0.4213 2.7973, 6.2045 0.5787 1.8386, 6.2548 0.5787 2.7973, 6.7951 0.5787 1.8386, 6.7448 0.5787 2.7973, 6.7951 0.4213 1.8386, 6.7448 0.4213 2.7973, 6.7951 0.4213 0.3937, 6.6258 0.4213 0.3937, 6.7951 0.5787 0.3937, 6.6258 0.5787 0.3937, 6.6258 0.5787 -1.1339, 6.6215 0.5787 -1.1665, 6.6089 0.5787 -1.1968, 6.592 0.5787 1.014, 6.6207 0.5787 1.0408, 6.6419 0.5787 1.0739, 6.4076 0.5787 1.014, 6.4421 0.5787 0.9952, 6.3453 0.5787 1.1112, 6.3577 0.5787 1.0739, 6.3789 0.5787 1.0408, 6.4802 0.5787 0.9855, 6.5194 0.5787 0.9855, 6.5575 0.5787 0.9952, 6.6543 0.5787 1.1112, 6.657 0.5787 1.1504, 6.5788 0.5787 2.5747, 6.58 0.5787 2.6092, 6.5871 0.5787 2.6429, 6.5889 0.5787 -1.2229, 6.3426 0.5787 1.1504, 6.4208 0.5787 2.5747, 6.4196 0.5787 2.6092, 6.4125 0.5787 2.6429, 6.6 0.5787 2.6749, 6.6704 0.5787 2.8132, 6.7432 0.5787 2.8065, 6.7395 0.5787 2.8151, 6.2564 0.5787 2.8065, 6.3292 0.5787 2.8132, 6.3996 0.5787 2.6749, 6.2601 0.5787 2.8151, 6.2657 0.5787 2.8226, 6.273 0.5787 2.8285, 6.6825 0.5787 2.8272, 6.6907 0.5787 2.8318, 6.6756 0.5787 2.8209, 6.6997 0.5787 2.8342, 6.7091 0.5787 2.8345, 6.5628 0.5787 -1.243, 6.5324 0.5787 -1.2555, 6.4998 0.5787 -1.2598, 6.4672 0.5787 -1.2555, 6.4368 0.5787 -1.243, 6.4107 0.5787 -1.2229, 6.3907 0.5787 -1.1968, 6.2814 0.5787 2.8325, 6.2905 0.5787 2.8345, 6.2999 0.5787 2.8342, 6.3089 0.5787 2.8318, 6.3171 0.5787 2.8272, 6.324 0.5787 2.8209, 6.7182 0.5787 2.8325, 6.7266 0.5787 2.8285, 6.7339 0.5787 2.8226, 6.3781 0.5787 -1.1665, 6.3738 0.5787 -1.1339, 6.3738 0.4213 -1.1339, 6.3781 0.4213 -1.1665, 6.3907 0.4213 -1.1968, 6.4076 0.4213 1.014, 6.3789 0.4213 1.0408, 6.3577 0.4213 1.0739, 6.592 0.4213 1.014, 6.5575 0.4213 0.9952, 6.6 0.4213 2.6749, 6.5871 0.4213 2.6429, 6.6543 0.4213 1.1112, 6.6419 0.4213 1.0739, 6.6207 0.4213 1.0408, 6.3453 0.4213 1.1112, 6.3426 0.4213 1.1504, 6.4208 0.4213 2.5747, 6.4196 0.4213 2.6092, 6.4125 0.4213 2.6429, 6.4107 0.4213 -1.2229, 6.657 0.4213 1.1504, 6.5788 0.4213 2.5747, 6.58 0.4213 2.6092, 6.5194 0.4213 0.9855, 6.4802 0.4213 0.9855, 6.4421 0.4213 0.9952, 6.3996 0.4213 2.6749, 6.3292 0.4213 2.8132, 6.2564 0.4213 2.8065, 6.2601 0.4213 2.8151, 6.6704 0.4213 2.8132, 6.7432 0.4213 2.8065, 6.7395 0.4213 2.8151, 6.3171 0.4213 2.8272, 6.3089 0.4213 2.8318, 6.324 0.4213 2.8209, 6.2999 0.4213 2.8342, 6.2905 0.4213 2.8345, 6.6089 0.4213 -1.1968, 6.6215 0.4213 -1.1665, 6.6258 0.4213 -1.1339, 6.7091 0.4213 2.8345, 6.6997 0.4213 2.8342, 6.6756 0.4213 2.8209, 6.6907 0.4213 2.8318, 6.6825 0.4213 2.8272, 6.2814 0.4213 2.8325, 6.273 0.4213 2.8285, 6.2657 0.4213 2.8226, 6.5889 0.4213 -1.2229, 6.4368 0.4213 -1.243, 6.4672 0.4213 -1.2555, 6.4998 0.4213 -1.2598, 6.5324 0.4213 -1.2555, 6.5628 0.4213 -1.243, 6.7339 0.4213 2.8226, 6.7266 0.4213 2.8285, 6.7182 0.4213 2.8325, 7.2045 0.5787 0.3937, 7.3738 0.5787 0.3937, 7.2045 0.4213 0.3937, 7.3738 0.4213 0.3937, 7.2045 0.4213 1.8386, 7.2548 0.4213 2.7973, 7.2045 0.5787 1.8386, 7.2548 0.5787 2.7973, 7.7951 0.5787 1.8386, 7.7448 0.5787 2.7973, 7.7951 0.4213 1.8386, 7.7448 0.4213 2.7973, 7.7951 0.4213 0.3937, 7.6258 0.4213 0.3937, 7.7951 0.5787 0.3937, 7.6258 0.5787 0.3937, 7.6258 0.5787 -1.1339, 7.6215 0.5787 -1.1665, 7.6089 0.5787 -1.1968, 7.592 0.5787 1.014, 7.6207 0.5787 1.0408, 7.6419 0.5787 1.0739, 7.4076 0.5787 1.014, 7.4421 0.5787 0.9952, 7.3453 0.5787 1.1112, 7.3577 0.5787 1.0739, 7.3789 0.5787 1.0408, 7.4802 0.5787 0.9855, 7.5194 0.5787 0.9855, 7.5575 0.5787 0.9952, 7.6543 0.5787 1.1112, 7.657 0.5787 1.1504, 7.5788 0.5787 2.5747, 7.58 0.5787 2.6092, 7.5871 0.5787 2.6429, 7.5889 0.5787 -1.2229, 7.3426 0.5787 1.1504, 7.4208 0.5787 2.5747, 7.4196 0.5787 2.6092, 7.4125 0.5787 2.6429, 7.6 0.5787 2.6749, 7.6704 0.5787 2.8132, 7.7432 0.5787 2.8065, 7.7395 0.5787 2.8151, 7.2564 0.5787 2.8065, 7.3292 0.5787 2.8132, 7.3996 0.5787 2.6749, 7.2601 0.5787 2.8151, 7.2657 0.5787 2.8226, 7.273 0.5787 2.8285, 7.6825 0.5787 2.8272, 7.6907 0.5787 2.8318, 7.6756 0.5787 2.8209, 7.6997 0.5787 2.8342, 7.7091 0.5787 2.8345, 7.5628 0.5787 -1.243, 7.5324 0.5787 -1.2555, 7.4998 0.5787 -1.2598, 7.4672 0.5787 -1.2555, 7.4368 0.5787 -1.243, 7.4107 0.5787 -1.2229, 7.3907 0.5787 -1.1968, 7.2814 0.5787 2.8325, 7.2905 0.5787 2.8345, 7.2999 0.5787 2.8342, 7.3089 0.5787 2.8318, 7.3171 0.5787 2.8272, 7.324 0.5787 2.8209, 7.7182 0.5787 2.8325, 7.7266 0.5787 2.8285, 7.7339 0.5787 2.8226, 7.3781 0.5787 -1.1665, 7.3738 0.5787 -1.1339, 7.3738 0.4213 -1.1339, 7.3781 0.4213 -1.1665, 7.3907 0.4213 -1.1968, 7.4076 0.4213 1.014, 7.3789 0.4213 1.0408, 7.3577 0.4213 1.0739, 7.592 0.4213 1.014, 7.5575 0.4213 0.9952, 7.6 0.4213 2.6749, 7.5871 0.4213 2.6429, 7.6543 0.4213 1.1112, 7.6419 0.4213 1.0739, 7.6207 0.4213 1.0408, 7.3453 0.4213 1.1112, 7.3426 0.4213 1.1504, 7.4208 0.4213 2.5747, 7.4196 0.4213 2.6092, 7.4125 0.4213 2.6429, 7.4107 0.4213 -1.2229, 7.657 0.4213 1.1504, 7.5788 0.4213 2.5747, 7.58 0.4213 2.6092, 7.5194 0.4213 0.9855, 7.4802 0.4213 0.9855, 7.4421 0.4213 0.9952, 7.3996 0.4213 2.6749, 7.3292 0.4213 2.8132, 7.2564 0.4213 2.8065, 7.2601 0.4213 2.8151, 7.6704 0.4213 2.8132, 7.7432 0.4213 2.8065, 7.7395 0.4213 2.8151, 7.3171 0.4213 2.8272, 7.3089 0.4213 2.8318, 7.324 0.4213 2.8209, 7.2999 0.4213 2.8342, 7.2905 0.4213 2.8345, 7.6089 0.4213 -1.1968, 7.6215 0.4213 -1.1665, 7.6258 0.4213 -1.1339, 7.7091 0.4213 2.8345, 7.6997 0.4213 2.8342, 7.6756 0.4213 2.8209, 7.6907 0.4213 2.8318, 7.6825 0.4213 2.8272, 7.2814 0.4213 2.8325, 7.273 0.4213 2.8285, 7.2657 0.4213 2.8226, 7.5889 0.4213 -1.2229, 7.4368 0.4213 -1.243, 7.4672 0.4213 -1.2555, 7.4998 0.4213 -1.2598, 7.5324 0.4213 -1.2555, 7.5628 0.4213 -1.243, 7.7339 0.4213 2.8226, 7.7266 0.4213 2.8285, 7.7182 0.4213 2.8325
            ]
        }
        coordIndex [
            0,1,2,-1,2,1,3,-1,4,5,6,-1,6,5,7,-1,8,9,10,-1,10,9,11,-1,12,13,14,-1,14,13,15,-1,16,17,15,-1,15,17,18,-1,19,20,21,-1,22,23,13,-1,21,24,19,-1,19,24,25,-1,19,25,13,-1,13,25,26,-1,13,26,22,-1,5,27,28,-1,18,29,15,-1,15,29,30,-1,15,30,10,-1,10,30,31,-1,10,31,8,-1,8,31,32,-1,8,32,33,-1,21,34,24,-1,24,34,0,-1,24,0,35,-1,0,2,35,-1,35,2,7,-1,35,7,36,-1,36,7,5,-1,36,5,37,-1,37,5,28,-1,23,38,13,-1,13,38,39,-1,13,39,15,-1,15,39,40,-1,15,40,16,-1,33,41,8,-1,8,41,42,-1,8,42,43,-1,43,42,44,-1,27,5,45,-1,45,5,46,-1,45,46,47,-1,48,49,50,-1,50,49,51,-1,50,51,52,-1,53,54,34,-1,34,54,55,-1,34,55,56,-1,56,57,34,-1,34,57,58,-1,34,58,59,-1,60,61,62,-1,62,61,63,-1,62,63,64,-1,52,65,50,-1,50,65,66,-1,50,66,42,-1,42,66,67,-1,42,67,44,-1,59,68,34,-1,34,68,69,-1,34,69,0,-1,47,70,45,-1,45,70,71,-1,45,71,62,-1,62,71,72,-1,62,72,60,-1,73,74,14,-1,3,1,75,-1,76,77,12,-1,78,79,80,-1,80,79,81,-1,80,81,1,-1,1,81,12,-1,1,12,75,-1,82,83,9,-1,9,83,84,-1,9,84,11,-1,11,84,85,-1,11,85,14,-1,14,85,86,-1,14,86,73,-1,77,87,12,-1,12,87,88,-1,12,88,75,-1,75,89,3,-1,3,89,90,-1,3,90,6,-1,6,90,91,-1,6,91,4,-1,4,91,92,-1,4,92,93,-1,94,95,96,-1,96,95,97,-1,96,97,98,-1,98,99,96,-1,96,99,100,-1,96,100,101,-1,78,80,96,-1,96,80,102,-1,96,102,94,-1,103,104,9,-1,9,104,105,-1,9,105,82,-1,103,106,104,-1,104,106,107,-1,104,107,108,-1,74,109,14,-1,14,109,110,-1,14,110,12,-1,12,110,111,-1,12,111,76,-1,93,112,4,-1,4,112,113,-1,4,113,114,-1,114,113,115,-1,108,116,104,-1,104,116,117,-1,104,117,118,-1,118,119,104,-1,104,119,120,-1,104,120,121,-1,122,123,124,-1,124,123,125,-1,124,125,126,-1,126,127,124,-1,124,127,128,-1,124,128,113,-1,113,128,129,-1,113,129,115,-1,0,69,1,-1,1,69,80,-1,5,4,114,-1,5,114,46,-1,46,114,115,-1,46,115,47,-1,47,115,129,-1,47,129,70,-1,70,129,128,-1,70,128,71,-1,71,128,127,-1,71,127,72,-1,72,127,126,-1,72,126,60,-1,60,126,125,-1,60,125,61,-1,61,125,123,-1,61,123,63,-1,63,123,122,-1,63,122,64,-1,64,122,124,-1,64,124,62,-1,62,124,113,-1,62,113,45,-1,27,45,112,-1,112,45,113,-1,27,112,93,-1,27,93,28,-1,28,93,92,-1,28,92,37,-1,37,92,91,-1,37,91,36,-1,35,36,90,-1,90,36,91,-1,35,90,24,-1,24,90,89,-1,24,89,25,-1,25,89,75,-1,25,75,26,-1,26,75,88,-1,26,88,22,-1,22,88,87,-1,22,87,23,-1,23,87,77,-1,23,77,38,-1,38,77,76,-1,38,76,39,-1,39,76,111,-1,39,111,40,-1,40,111,110,-1,40,110,16,-1,16,110,109,-1,16,109,17,-1,17,109,74,-1,17,74,18,-1,18,74,73,-1,18,73,29,-1,29,73,86,-1,29,86,30,-1,30,86,85,-1,31,30,84,-1,84,30,85,-1,31,84,83,-1,31,83,32,-1,32,83,82,-1,32,82,33,-1,33,82,105,-1,33,105,41,-1,42,41,104,-1,104,41,105,-1,42,104,121,-1,42,121,50,-1,50,121,120,-1,50,120,48,-1,48,120,119,-1,48,119,49,-1,49,119,118,-1,49,118,51,-1,51,118,117,-1,51,117,52,-1,52,117,116,-1,52,116,65,-1,65,116,108,-1,65,108,66,-1,66,108,107,-1,66,107,67,-1,67,107,106,-1,67,106,44,-1,44,106,103,-1,44,103,43,-1,43,103,9,-1,43,9,8,-1,19,13,81,-1,81,13,12,-1,19,81,79,-1,19,79,20,-1,20,79,78,-1,20,78,21,-1,21,78,96,-1,21,96,34,-1,34,96,101,-1,34,101,53,-1,53,101,100,-1,53,100,54,-1,54,100,99,-1,54,99,55,-1,55,99,98,-1,55,98,56,-1,56,98,97,-1,56,97,57,-1,57,97,95,-1,57,95,58,-1,58,95,94,-1,58,94,59,-1,59,94,102,-1,59,102,68,-1,68,102,80,-1,68,80,69,-1,130,131,132,-1,132,131,133,-1,134,135,136,-1,136,135,137,-1,138,139,140,-1,140,139,141,-1,142,143,144,-1,144,143,145,-1,146,143,147,-1,147,143,148,-1,149,150,151,-1,148,143,152,-1,152,143,149,-1,152,149,153,-1,153,149,151,-1,153,151,154,-1,155,145,156,-1,156,145,143,-1,156,143,157,-1,157,143,146,-1,155,158,145,-1,145,158,159,-1,145,159,160,-1,161,162,135,-1,135,162,163,-1,164,138,165,-1,166,153,130,-1,130,153,154,-1,130,154,167,-1,130,132,166,-1,166,132,137,-1,166,137,168,-1,168,137,135,-1,168,135,169,-1,169,135,163,-1,160,170,145,-1,145,170,171,-1,145,171,140,-1,140,171,172,-1,140,172,173,-1,174,175,176,-1,173,177,140,-1,140,177,178,-1,140,178,138,-1,138,178,179,-1,138,179,180,-1,135,181,161,-1,161,181,176,-1,161,176,182,-1,182,176,175,-1,183,184,154,-1,154,184,185,-1,154,185,167,-1,180,186,138,-1,138,186,187,-1,138,187,165,-1,188,154,189,-1,189,154,190,-1,188,191,154,-1,154,191,192,-1,154,192,183,-1,193,194,195,-1,195,194,196,-1,195,196,176,-1,176,196,197,-1,176,197,174,-1,165,198,164,-1,164,198,199,-1,164,199,200,-1,200,199,201,-1,142,202,131,-1,203,204,142,-1,131,202,133,-1,205,206,207,-1,208,209,144,-1,142,131,206,-1,206,131,210,-1,206,210,207,-1,209,211,144,-1,144,211,212,-1,144,212,142,-1,142,212,213,-1,142,213,203,-1,204,214,142,-1,142,214,215,-1,142,215,202,-1,202,216,133,-1,133,216,217,-1,133,217,136,-1,136,217,218,-1,136,218,134,-1,134,218,219,-1,134,219,220,-1,221,222,139,-1,139,222,223,-1,139,223,224,-1,224,225,139,-1,139,225,226,-1,139,226,141,-1,141,226,227,-1,141,227,144,-1,144,227,228,-1,144,228,208,-1,220,229,134,-1,134,229,230,-1,134,230,231,-1,231,230,232,-1,233,234,207,-1,207,234,235,-1,207,235,205,-1,236,237,221,-1,221,237,238,-1,230,239,232,-1,232,239,240,-1,232,240,241,-1,233,242,234,-1,234,242,243,-1,234,243,244,-1,244,245,234,-1,234,245,246,-1,234,246,247,-1,236,221,248,-1,248,221,249,-1,248,249,250,-1,238,251,221,-1,221,251,252,-1,221,252,222,-1,241,253,232,-1,232,253,254,-1,232,254,255,-1,255,254,256,-1,255,256,257,-1,130,167,131,-1,131,167,210,-1,135,134,231,-1,135,231,181,-1,181,231,232,-1,181,232,176,-1,176,232,255,-1,176,255,195,-1,195,255,257,-1,195,257,193,-1,193,257,256,-1,193,256,194,-1,194,256,254,-1,194,254,196,-1,196,254,253,-1,196,253,197,-1,197,253,241,-1,197,241,174,-1,174,241,240,-1,174,240,175,-1,175,240,239,-1,175,239,182,-1,182,239,230,-1,182,230,161,-1,162,161,229,-1,229,161,230,-1,162,229,220,-1,162,220,163,-1,163,220,219,-1,163,219,169,-1,169,219,218,-1,169,218,168,-1,166,168,217,-1,217,168,218,-1,166,217,153,-1,153,217,216,-1,153,216,152,-1,152,216,202,-1,152,202,148,-1,148,202,215,-1,148,215,147,-1,147,215,214,-1,147,214,146,-1,146,214,204,-1,146,204,157,-1,157,204,203,-1,157,203,156,-1,156,203,213,-1,156,213,155,-1,155,213,212,-1,155,212,158,-1,158,212,211,-1,158,211,159,-1,159,211,209,-1,159,209,160,-1,160,209,208,-1,160,208,170,-1,170,208,228,-1,170,228,171,-1,171,228,227,-1,172,171,226,-1,226,171,227,-1,172,226,225,-1,172,225,173,-1,173,225,224,-1,173,224,177,-1,177,224,223,-1,177,223,178,-1,179,178,222,-1,222,178,223,-1,179,222,252,-1,179,252,180,-1,180,252,251,-1,180,251,186,-1,186,251,238,-1,186,238,187,-1,187,238,237,-1,187,237,165,-1,165,237,236,-1,165,236,198,-1,198,236,248,-1,198,248,199,-1,199,248,250,-1,199,250,201,-1,201,250,249,-1,201,249,200,-1,200,249,221,-1,200,221,164,-1,164,221,139,-1,164,139,138,-1,149,143,206,-1,206,143,142,-1,149,206,205,-1,149,205,150,-1,150,205,235,-1,150,235,151,-1,151,235,234,-1,151,234,154,-1,154,234,247,-1,154,247,190,-1,190,247,246,-1,190,246,189,-1,189,246,245,-1,189,245,188,-1,188,245,244,-1,188,244,191,-1,191,244,243,-1,191,243,192,-1,192,243,242,-1,192,242,183,-1,183,242,233,-1,183,233,184,-1,184,233,207,-1,184,207,185,-1,185,207,210,-1,185,210,167,-1,258,259,260,-1,260,259,261,-1,262,263,264,-1,264,263,265,-1,266,267,268,-1,268,267,269,-1,270,271,272,-1,272,271,273,-1,274,271,275,-1,275,271,276,-1,277,278,273,-1,279,280,281,-1,277,273,282,-1,276,271,283,-1,283,271,279,-1,283,279,284,-1,284,279,281,-1,284,281,285,-1,274,286,271,-1,271,286,287,-1,271,287,273,-1,273,287,288,-1,273,288,282,-1,289,290,263,-1,263,290,291,-1,292,284,258,-1,258,284,285,-1,258,285,293,-1,258,260,292,-1,292,260,265,-1,292,265,294,-1,294,265,263,-1,294,263,295,-1,295,263,291,-1,296,266,297,-1,298,299,300,-1,278,301,273,-1,273,301,302,-1,273,302,268,-1,268,302,303,-1,268,303,304,-1,263,305,289,-1,289,305,300,-1,289,300,306,-1,306,300,299,-1,304,307,268,-1,268,307,308,-1,268,308,266,-1,266,308,309,-1,266,309,310,-1,311,312,285,-1,285,312,313,-1,285,313,293,-1,310,314,266,-1,266,314,315,-1,266,315,297,-1,316,285,317,-1,317,285,318,-1,316,319,285,-1,285,319,320,-1,285,320,311,-1,321,322,323,-1,323,322,324,-1,323,324,300,-1,300,324,325,-1,300,325,298,-1,297,326,296,-1,296,326,327,-1,296,327,328,-1,328,327,329,-1,270,330,259,-1,331,332,270,-1,259,330,261,-1,333,334,335,-1,272,336,337,-1,270,259,334,-1,334,259,338,-1,334,338,335,-1,337,339,272,-1,272,339,340,-1,272,340,270,-1,270,340,341,-1,270,341,331,-1,332,342,270,-1,270,342,343,-1,270,343,330,-1,330,344,261,-1,261,344,345,-1,261,345,264,-1,264,345,346,-1,264,346,347,-1,347,348,264,-1,264,348,349,-1,264,349,262,-1,262,349,350,-1,262,350,351,-1,351,350,352,-1,353,354,335,-1,335,354,355,-1,335,355,333,-1,356,357,267,-1,267,357,358,-1,267,358,359,-1,359,360,267,-1,267,360,361,-1,267,361,269,-1,269,361,362,-1,269,362,272,-1,272,362,363,-1,272,363,336,-1,350,364,352,-1,352,364,365,-1,352,365,366,-1,353,367,354,-1,354,367,368,-1,354,368,369,-1,369,370,354,-1,354,370,371,-1,354,371,372,-1,373,374,356,-1,356,374,375,-1,366,376,352,-1,352,376,377,-1,352,377,378,-1,378,377,379,-1,378,379,380,-1,373,356,381,-1,381,356,382,-1,381,382,383,-1,375,384,356,-1,356,384,385,-1,356,385,357,-1,258,293,259,-1,259,293,338,-1,263,262,351,-1,263,351,305,-1,305,351,352,-1,305,352,300,-1,300,352,378,-1,300,378,323,-1,323,378,380,-1,323,380,321,-1,321,380,379,-1,321,379,322,-1,322,379,377,-1,322,377,324,-1,324,377,376,-1,324,376,325,-1,325,376,366,-1,325,366,298,-1,298,366,365,-1,298,365,299,-1,299,365,364,-1,299,364,306,-1,306,364,350,-1,306,350,289,-1,290,289,349,-1,349,289,350,-1,290,349,348,-1,290,348,291,-1,291,348,347,-1,291,347,295,-1,295,347,346,-1,295,346,294,-1,292,294,345,-1,345,294,346,-1,292,345,284,-1,284,345,344,-1,284,344,283,-1,283,344,330,-1,283,330,276,-1,276,330,343,-1,276,343,275,-1,275,343,342,-1,275,342,274,-1,274,342,332,-1,274,332,286,-1,286,332,331,-1,286,331,287,-1,287,331,341,-1,287,341,288,-1,288,341,340,-1,288,340,282,-1,282,340,339,-1,282,339,277,-1,277,339,337,-1,277,337,278,-1,278,337,336,-1,278,336,301,-1,301,336,363,-1,301,363,302,-1,302,363,362,-1,303,302,361,-1,361,302,362,-1,303,361,360,-1,303,360,304,-1,304,360,359,-1,304,359,307,-1,307,359,358,-1,307,358,308,-1,309,308,357,-1,357,308,358,-1,309,357,385,-1,309,385,310,-1,310,385,384,-1,310,384,314,-1,314,384,375,-1,314,375,315,-1,315,375,374,-1,315,374,297,-1,297,374,373,-1,297,373,326,-1,326,373,381,-1,326,381,327,-1,327,381,383,-1,327,383,329,-1,329,383,382,-1,329,382,328,-1,328,382,356,-1,328,356,296,-1,296,356,267,-1,296,267,266,-1,279,271,334,-1,334,271,270,-1,279,334,333,-1,279,333,280,-1,280,333,355,-1,280,355,281,-1,281,355,354,-1,281,354,285,-1,285,354,372,-1,285,372,318,-1,318,372,371,-1,318,371,317,-1,317,371,370,-1,317,370,316,-1,316,370,369,-1,316,369,319,-1,319,369,368,-1,319,368,320,-1,320,368,367,-1,320,367,311,-1,311,367,353,-1,311,353,312,-1,312,353,335,-1,312,335,313,-1,313,335,338,-1,313,338,293,-1,386,387,388,-1,388,387,389,-1,390,391,392,-1,392,391,393,-1,394,395,396,-1,396,395,397,-1,398,399,400,-1,400,399,401,-1,402,399,403,-1,403,399,404,-1,405,406,401,-1,407,408,409,-1,405,401,410,-1,404,399,411,-1,411,399,407,-1,411,407,412,-1,412,407,409,-1,412,409,413,-1,402,414,399,-1,399,414,415,-1,399,415,401,-1,401,415,416,-1,401,416,410,-1,417,418,391,-1,391,418,419,-1,420,412,386,-1,386,412,413,-1,386,413,421,-1,386,388,420,-1,420,388,393,-1,420,393,422,-1,422,393,391,-1,422,391,423,-1,423,391,419,-1,424,394,425,-1,426,427,428,-1,406,429,401,-1,401,429,430,-1,401,430,396,-1,396,430,431,-1,396,431,432,-1,391,433,417,-1,417,433,428,-1,417,428,434,-1,434,428,427,-1,432,435,396,-1,396,435,436,-1,396,436,394,-1,394,436,437,-1,394,437,438,-1,439,440,413,-1,413,440,441,-1,413,441,421,-1,438,442,394,-1,394,442,443,-1,394,443,425,-1,444,413,445,-1,445,413,446,-1,444,447,413,-1,413,447,448,-1,413,448,439,-1,449,450,451,-1,451,450,452,-1,451,452,428,-1,428,452,453,-1,428,453,426,-1,425,454,424,-1,424,454,455,-1,424,455,456,-1,456,455,457,-1,398,458,387,-1,459,460,398,-1,387,458,389,-1,461,462,463,-1,400,464,465,-1,398,387,462,-1,462,387,466,-1,462,466,463,-1,465,467,400,-1,400,467,468,-1,400,468,398,-1,398,468,469,-1,398,469,459,-1,460,470,398,-1,398,470,471,-1,398,471,458,-1,458,472,389,-1,389,472,473,-1,389,473,392,-1,392,473,474,-1,392,474,475,-1,475,476,392,-1,392,476,477,-1,392,477,390,-1,390,477,478,-1,390,478,479,-1,479,478,480,-1,481,482,463,-1,463,482,483,-1,463,483,461,-1,484,485,395,-1,395,485,486,-1,395,486,487,-1,487,488,395,-1,395,488,489,-1,395,489,397,-1,397,489,490,-1,397,490,400,-1,400,490,491,-1,400,491,464,-1,478,492,480,-1,480,492,493,-1,480,493,494,-1,481,495,482,-1,482,495,496,-1,482,496,497,-1,497,498,482,-1,482,498,499,-1,482,499,500,-1,501,502,484,-1,484,502,503,-1,494,504,480,-1,480,504,505,-1,480,505,506,-1,506,505,507,-1,506,507,508,-1,501,484,509,-1,509,484,510,-1,509,510,511,-1,503,512,484,-1,484,512,513,-1,484,513,485,-1,386,421,387,-1,387,421,466,-1,391,390,479,-1,391,479,433,-1,433,479,480,-1,433,480,428,-1,428,480,506,-1,428,506,451,-1,451,506,508,-1,451,508,449,-1,449,508,507,-1,449,507,450,-1,450,507,505,-1,450,505,452,-1,452,505,504,-1,452,504,453,-1,453,504,494,-1,453,494,426,-1,426,494,493,-1,426,493,427,-1,427,493,492,-1,427,492,434,-1,434,492,478,-1,434,478,417,-1,418,417,477,-1,477,417,478,-1,418,477,476,-1,418,476,419,-1,419,476,475,-1,419,475,423,-1,423,475,474,-1,423,474,422,-1,420,422,473,-1,473,422,474,-1,420,473,412,-1,412,473,472,-1,412,472,411,-1,411,472,458,-1,411,458,404,-1,404,458,471,-1,404,471,403,-1,403,471,470,-1,403,470,402,-1,402,470,460,-1,402,460,414,-1,414,460,459,-1,414,459,415,-1,415,459,469,-1,415,469,416,-1,416,469,468,-1,416,468,410,-1,410,468,467,-1,410,467,405,-1,405,467,465,-1,405,465,406,-1,406,465,464,-1,406,464,429,-1,429,464,491,-1,429,491,430,-1,430,491,490,-1,431,430,489,-1,489,430,490,-1,431,489,488,-1,431,488,432,-1,432,488,487,-1,432,487,435,-1,435,487,486,-1,435,486,436,-1,437,436,485,-1,485,436,486,-1,437,485,513,-1,437,513,438,-1,438,513,512,-1,438,512,442,-1,442,512,503,-1,442,503,443,-1,443,503,502,-1,443,502,425,-1,425,502,501,-1,425,501,454,-1,454,501,509,-1,454,509,455,-1,455,509,511,-1,455,511,457,-1,457,511,510,-1,457,510,456,-1,456,510,484,-1,456,484,424,-1,424,484,395,-1,424,395,394,-1,407,399,462,-1,462,399,398,-1,407,462,461,-1,407,461,408,-1,408,461,483,-1,408,483,409,-1,409,483,482,-1,409,482,413,-1,413,482,500,-1,413,500,446,-1,446,500,499,-1,446,499,445,-1,445,499,498,-1,445,498,444,-1,444,498,497,-1,444,497,447,-1,447,497,496,-1,447,496,448,-1,448,496,495,-1,448,495,439,-1,439,495,481,-1,439,481,440,-1,440,481,463,-1,440,463,441,-1,441,463,466,-1,441,466,421,-1,514,515,516,-1,516,515,517,-1,518,519,520,-1,520,519,521,-1,522,523,524,-1,524,523,525,-1,526,527,528,-1,528,527,529,-1,530,531,522,-1,532,527,533,-1,533,527,534,-1,535,536,537,-1,534,527,538,-1,538,527,535,-1,538,535,539,-1,539,535,537,-1,539,537,540,-1,541,529,542,-1,542,529,527,-1,542,527,543,-1,543,527,532,-1,541,544,529,-1,529,544,545,-1,529,545,546,-1,547,548,519,-1,519,548,549,-1,519,549,550,-1,551,539,514,-1,514,539,540,-1,514,540,552,-1,514,516,551,-1,551,516,521,-1,551,521,553,-1,553,521,519,-1,553,519,554,-1,554,519,550,-1,555,556,522,-1,546,557,529,-1,529,557,558,-1,529,558,524,-1,524,558,559,-1,524,559,522,-1,522,559,560,-1,522,560,555,-1,561,562,519,-1,519,562,563,-1,519,563,547,-1,564,540,565,-1,565,540,566,-1,564,567,540,-1,540,567,568,-1,540,568,569,-1,569,570,540,-1,540,570,571,-1,540,571,552,-1,572,573,519,-1,519,573,574,-1,519,574,575,-1,575,576,519,-1,519,576,577,-1,519,577,561,-1,556,578,522,-1,522,578,579,-1,522,579,580,-1,580,581,522,-1,522,581,582,-1,522,582,583,-1,583,584,522,-1,522,584,585,-1,522,585,530,-1,526,586,515,-1,587,588,528,-1,589,590,526,-1,515,586,517,-1,591,592,593,-1,526,515,592,-1,592,515,594,-1,592,594,593,-1,588,595,528,-1,528,595,596,-1,528,596,526,-1,526,596,597,-1,526,597,589,-1,590,598,526,-1,526,598,599,-1,526,599,586,-1,586,600,517,-1,517,600,601,-1,517,601,520,-1,520,601,602,-1,520,602,518,-1,518,602,603,-1,518,603,604,-1,605,606,523,-1,523,606,607,-1,604,608,518,-1,518,608,609,-1,518,609,610,-1,611,612,593,-1,593,612,613,-1,593,613,591,-1,611,614,612,-1,612,614,615,-1,612,615,616,-1,616,617,612,-1,612,617,618,-1,612,618,619,-1,620,621,523,-1,607,622,523,-1,523,622,623,-1,523,623,525,-1,525,623,624,-1,525,624,528,-1,528,624,625,-1,528,625,587,-1,610,626,518,-1,518,626,627,-1,518,627,628,-1,628,629,518,-1,518,629,630,-1,518,630,631,-1,631,632,518,-1,518,632,633,-1,518,633,634,-1,621,635,523,-1,523,635,636,-1,523,636,605,-1,637,523,638,-1,638,523,639,-1,637,640,523,-1,523,640,641,-1,523,641,620,-1,514,552,515,-1,515,552,594,-1,519,518,634,-1,519,634,572,-1,572,634,633,-1,572,633,573,-1,573,633,632,-1,573,632,574,-1,574,632,631,-1,574,631,575,-1,575,631,630,-1,575,630,576,-1,576,630,629,-1,576,629,577,-1,577,629,628,-1,577,628,561,-1,561,628,627,-1,561,627,562,-1,562,627,626,-1,562,626,563,-1,563,626,610,-1,563,610,547,-1,547,610,609,-1,547,609,548,-1,549,548,608,-1,608,548,609,-1,549,608,604,-1,549,604,550,-1,550,604,603,-1,550,603,554,-1,554,603,602,-1,554,602,553,-1,551,553,601,-1,601,553,602,-1,551,601,539,-1,539,601,600,-1,539,600,538,-1,538,600,586,-1,538,586,534,-1,534,586,599,-1,534,599,533,-1,533,599,598,-1,533,598,532,-1,532,598,590,-1,532,590,543,-1,543,590,589,-1,543,589,542,-1,542,589,597,-1,542,597,541,-1,541,597,596,-1,541,596,544,-1,544,596,595,-1,544,595,545,-1,545,595,588,-1,545,588,546,-1,546,588,587,-1,546,587,557,-1,557,587,625,-1,557,625,558,-1,558,625,624,-1,559,558,623,-1,623,558,624,-1,559,623,622,-1,559,622,560,-1,560,622,607,-1,560,607,555,-1,555,607,606,-1,555,606,556,-1,578,556,605,-1,605,556,606,-1,578,605,636,-1,578,636,579,-1,579,636,635,-1,579,635,580,-1,580,635,621,-1,580,621,581,-1,581,621,620,-1,581,620,582,-1,582,620,641,-1,582,641,583,-1,583,641,640,-1,583,640,584,-1,584,640,637,-1,584,637,585,-1,585,637,638,-1,585,638,530,-1,530,638,639,-1,530,639,531,-1,531,639,523,-1,531,523,522,-1,535,527,592,-1,592,527,526,-1,535,592,591,-1,535,591,536,-1,536,591,613,-1,536,613,537,-1,537,613,612,-1,537,612,540,-1,540,612,619,-1,540,619,566,-1,566,619,618,-1,566,618,565,-1,565,618,617,-1,565,617,564,-1,564,617,616,-1,564,616,567,-1,567,616,615,-1,567,615,568,-1,568,615,614,-1,568,614,569,-1,569,614,611,-1,569,611,570,-1,570,611,593,-1,570,593,571,-1,571,593,594,-1,571,594,552,-1,642,643,644,-1,644,643,645,-1,646,647,648,-1,648,647,649,-1,650,651,652,-1,652,651,653,-1,654,655,656,-1,656,655,657,-1,658,659,650,-1,660,661,655,-1,662,663,664,-1,665,657,666,-1,666,657,655,-1,666,655,667,-1,667,655,661,-1,664,668,662,-1,662,668,669,-1,662,669,655,-1,655,669,670,-1,655,670,660,-1,665,671,657,-1,657,671,672,-1,657,672,673,-1,647,674,675,-1,664,676,668,-1,668,676,642,-1,668,642,677,-1,642,644,677,-1,677,644,649,-1,677,649,678,-1,678,649,647,-1,678,647,679,-1,679,647,675,-1,680,681,650,-1,682,683,647,-1,647,683,684,-1,647,684,674,-1,673,685,657,-1,657,685,686,-1,657,686,652,-1,652,686,687,-1,652,687,650,-1,650,687,688,-1,650,688,680,-1,689,690,676,-1,676,690,691,-1,676,691,692,-1,692,693,676,-1,676,693,694,-1,676,694,695,-1,695,696,676,-1,676,696,697,-1,676,697,642,-1,698,699,700,-1,700,699,701,-1,700,701,702,-1,702,701,703,-1,702,703,704,-1,698,700,647,-1,647,700,705,-1,647,705,682,-1,681,706,650,-1,650,706,707,-1,650,707,708,-1,708,709,650,-1,650,709,710,-1,650,710,711,-1,711,712,650,-1,650,712,713,-1,650,713,658,-1,645,643,714,-1,715,716,656,-1,717,718,654,-1,654,718,719,-1,654,719,720,-1,721,722,723,-1,716,724,656,-1,656,724,725,-1,656,725,654,-1,654,725,726,-1,654,726,717,-1,727,728,646,-1,720,714,654,-1,654,714,643,-1,654,643,723,-1,723,643,729,-1,723,729,721,-1,722,730,723,-1,723,730,731,-1,723,731,732,-1,714,733,645,-1,645,733,734,-1,645,734,648,-1,648,734,735,-1,648,735,646,-1,646,735,736,-1,646,736,727,-1,737,738,739,-1,739,738,740,-1,739,740,741,-1,737,739,731,-1,731,739,742,-1,731,742,732,-1,743,744,651,-1,651,744,745,-1,728,746,646,-1,646,746,747,-1,646,747,748,-1,749,750,651,-1,745,751,651,-1,651,751,752,-1,651,752,653,-1,653,752,753,-1,653,753,656,-1,656,753,754,-1,656,754,715,-1,748,755,646,-1,646,755,756,-1,646,756,757,-1,758,759,760,-1,760,759,761,-1,760,761,756,-1,756,761,762,-1,756,762,757,-1,750,763,651,-1,651,763,764,-1,651,764,743,-1,765,651,766,-1,766,651,767,-1,765,768,651,-1,651,768,769,-1,651,769,749,-1,642,697,643,-1,643,697,729,-1,647,646,757,-1,647,757,698,-1,698,757,762,-1,698,762,699,-1,699,762,761,-1,699,761,701,-1,701,761,759,-1,701,759,703,-1,703,759,758,-1,703,758,704,-1,704,758,760,-1,704,760,702,-1,702,760,756,-1,702,756,700,-1,700,756,755,-1,700,755,705,-1,705,755,748,-1,705,748,682,-1,682,748,747,-1,682,747,683,-1,683,747,746,-1,683,746,684,-1,674,684,728,-1,728,684,746,-1,674,728,727,-1,674,727,675,-1,675,727,736,-1,675,736,679,-1,679,736,735,-1,679,735,678,-1,677,678,734,-1,734,678,735,-1,677,734,668,-1,668,734,733,-1,668,733,669,-1,669,733,714,-1,669,714,670,-1,670,714,720,-1,670,720,660,-1,660,720,719,-1,660,719,661,-1,661,719,718,-1,661,718,667,-1,667,718,717,-1,667,717,666,-1,666,717,726,-1,666,726,665,-1,665,726,725,-1,665,725,671,-1,671,725,724,-1,671,724,672,-1,672,724,716,-1,672,716,673,-1,673,716,715,-1,673,715,685,-1,685,715,754,-1,685,754,686,-1,686,754,753,-1,687,686,752,-1,752,686,753,-1,687,752,751,-1,687,751,688,-1,688,751,745,-1,688,745,680,-1,680,745,744,-1,680,744,681,-1,706,681,743,-1,743,681,744,-1,706,743,764,-1,706,764,707,-1,707,764,763,-1,707,763,708,-1,708,763,750,-1,708,750,709,-1,709,750,749,-1,709,749,710,-1,710,749,769,-1,710,769,711,-1,711,769,768,-1,711,768,712,-1,712,768,765,-1,712,765,713,-1,713,765,766,-1,713,766,658,-1,658,766,767,-1,658,767,659,-1,659,767,651,-1,659,651,650,-1,662,655,723,-1,723,655,654,-1,662,723,732,-1,662,732,663,-1,663,732,742,-1,663,742,664,-1,664,742,739,-1,664,739,676,-1,676,739,741,-1,676,741,689,-1,689,741,740,-1,689,740,690,-1,690,740,738,-1,690,738,691,-1,691,738,737,-1,691,737,692,-1,692,737,731,-1,692,731,693,-1,693,731,730,-1,693,730,694,-1,694,730,722,-1,694,722,695,-1,695,722,721,-1,695,721,696,-1,696,721,729,-1,696,729,697,-1,770,771,772,-1,772,771,773,-1,774,775,776,-1,776,775,777,-1,778,779,780,-1,780,779,781,-1,782,783,784,-1,784,783,785,-1,786,787,788,-1,789,783,790,-1,790,783,791,-1,792,793,785,-1,785,793,794,-1,791,783,795,-1,795,783,786,-1,795,786,796,-1,796,786,788,-1,796,788,797,-1,789,798,783,-1,783,798,799,-1,783,799,785,-1,785,799,800,-1,785,800,792,-1,801,802,775,-1,775,802,803,-1,775,803,804,-1,805,806,778,-1,807,796,770,-1,770,796,797,-1,770,797,808,-1,770,772,807,-1,807,772,777,-1,807,777,809,-1,809,777,775,-1,809,775,810,-1,810,775,804,-1,794,811,785,-1,785,811,812,-1,785,812,780,-1,780,812,813,-1,780,813,778,-1,778,813,814,-1,778,814,805,-1,806,815,778,-1,778,815,816,-1,778,816,817,-1,818,797,819,-1,819,797,820,-1,818,821,797,-1,797,821,822,-1,797,822,823,-1,824,825,775,-1,775,825,826,-1,775,826,801,-1,823,827,797,-1,797,827,828,-1,797,828,808,-1,829,830,775,-1,775,830,831,-1,775,831,832,-1,832,833,775,-1,775,833,834,-1,775,834,824,-1,835,836,817,-1,817,836,837,-1,817,837,778,-1,835,838,836,-1,836,838,839,-1,836,839,840,-1,840,839,841,-1,842,843,784,-1,773,771,844,-1,845,846,782,-1,782,846,847,-1,782,847,848,-1,848,844,782,-1,782,844,771,-1,782,771,849,-1,849,771,850,-1,849,850,851,-1,843,852,784,-1,784,852,853,-1,784,853,782,-1,782,853,854,-1,782,854,845,-1,844,855,773,-1,773,855,856,-1,773,856,776,-1,776,856,857,-1,776,857,774,-1,774,857,858,-1,774,858,859,-1,851,860,849,-1,849,860,861,-1,849,861,862,-1,863,864,862,-1,862,864,865,-1,862,865,849,-1,779,866,867,-1,859,868,774,-1,774,868,869,-1,774,869,870,-1,863,871,864,-1,864,871,872,-1,864,872,873,-1,873,872,874,-1,867,875,779,-1,779,875,876,-1,779,876,781,-1,781,876,877,-1,781,877,784,-1,784,877,878,-1,784,878,842,-1,879,880,779,-1,779,880,881,-1,779,881,866,-1,870,882,774,-1,774,882,883,-1,774,883,884,-1,884,885,774,-1,774,885,886,-1,774,886,887,-1,887,888,774,-1,774,888,889,-1,774,889,890,-1,779,891,879,-1,879,891,892,-1,879,892,893,-1,893,892,894,-1,894,892,895,-1,895,892,896,-1,895,896,897,-1,770,808,771,-1,771,808,850,-1,775,774,890,-1,775,890,829,-1,829,890,889,-1,829,889,830,-1,830,889,888,-1,830,888,831,-1,831,888,887,-1,831,887,832,-1,832,887,886,-1,832,886,833,-1,833,886,885,-1,833,885,834,-1,834,885,884,-1,834,884,824,-1,824,884,883,-1,824,883,825,-1,825,883,882,-1,825,882,826,-1,826,882,870,-1,826,870,801,-1,801,870,869,-1,801,869,802,-1,803,802,868,-1,868,802,869,-1,803,868,859,-1,803,859,804,-1,804,859,858,-1,804,858,810,-1,810,858,857,-1,810,857,809,-1,807,809,856,-1,856,809,857,-1,807,856,796,-1,796,856,855,-1,796,855,795,-1,795,855,844,-1,795,844,791,-1,791,844,848,-1,791,848,790,-1,790,848,847,-1,790,847,789,-1,789,847,846,-1,789,846,798,-1,798,846,845,-1,798,845,799,-1,799,845,854,-1,799,854,800,-1,800,854,853,-1,800,853,792,-1,792,853,852,-1,792,852,793,-1,793,852,843,-1,793,843,794,-1,794,843,842,-1,794,842,811,-1,811,842,878,-1,811,878,812,-1,812,878,877,-1,813,812,876,-1,876,812,877,-1,813,876,875,-1,813,875,814,-1,814,875,867,-1,814,867,805,-1,805,867,866,-1,805,866,806,-1,815,806,881,-1,881,806,866,-1,815,881,880,-1,815,880,816,-1,816,880,879,-1,816,879,817,-1,817,879,893,-1,817,893,835,-1,835,893,894,-1,835,894,838,-1,838,894,895,-1,838,895,839,-1,839,895,897,-1,839,897,841,-1,841,897,896,-1,841,896,840,-1,840,896,892,-1,840,892,836,-1,836,892,891,-1,836,891,837,-1,837,891,779,-1,837,779,778,-1,786,783,849,-1,849,783,782,-1,786,849,865,-1,786,865,787,-1,787,865,864,-1,787,864,788,-1,788,864,873,-1,788,873,797,-1,797,873,874,-1,797,874,820,-1,820,874,872,-1,820,872,819,-1,819,872,871,-1,819,871,818,-1,818,871,863,-1,818,863,821,-1,821,863,862,-1,821,862,822,-1,822,862,861,-1,822,861,823,-1,823,861,860,-1,823,860,827,-1,827,860,851,-1,827,851,828,-1,828,851,850,-1,828,850,808,-1,898,899,900,-1,900,899,901,-1,902,903,904,-1,904,903,905,-1,906,907,908,-1,908,907,909,-1,910,911,912,-1,912,911,913,-1,914,915,911,-1,916,917,918,-1,919,920,913,-1,913,920,921,-1,918,922,916,-1,916,922,923,-1,916,923,911,-1,911,923,924,-1,911,924,914,-1,915,925,911,-1,911,925,926,-1,911,926,913,-1,913,926,927,-1,913,927,919,-1,928,929,903,-1,903,929,930,-1,903,930,931,-1,918,932,922,-1,922,932,898,-1,922,898,933,-1,898,900,933,-1,933,900,905,-1,933,905,934,-1,934,905,903,-1,934,903,935,-1,935,903,931,-1,936,937,906,-1,906,937,938,-1,921,939,913,-1,913,939,940,-1,913,940,908,-1,908,940,941,-1,908,941,906,-1,906,941,942,-1,906,942,936,-1,943,944,932,-1,932,944,945,-1,932,945,946,-1,946,947,932,-1,932,947,948,-1,932,948,949,-1,949,950,932,-1,932,950,951,-1,932,951,898,-1,952,953,903,-1,903,953,954,-1,903,954,928,-1,938,955,906,-1,906,955,956,-1,906,956,957,-1,957,956,958,-1,959,960,903,-1,903,960,961,-1,903,961,962,-1,962,963,903,-1,903,963,964,-1,903,964,952,-1,956,965,958,-1,958,965,966,-1,958,966,967,-1,967,966,968,-1,967,968,969,-1,970,971,912,-1,901,899,972,-1,973,974,910,-1,910,974,975,-1,910,975,976,-1,971,977,912,-1,912,977,978,-1,912,978,910,-1,910,978,979,-1,910,979,973,-1,976,972,910,-1,910,972,899,-1,910,899,980,-1,980,899,981,-1,980,981,982,-1,982,983,980,-1,980,983,984,-1,980,984,985,-1,972,986,901,-1,901,986,987,-1,901,987,904,-1,904,987,988,-1,904,988,902,-1,902,988,989,-1,902,989,990,-1,991,992,985,-1,985,992,993,-1,985,993,980,-1,994,995,907,-1,907,995,996,-1,907,996,997,-1,990,998,902,-1,902,998,999,-1,902,999,1000,-1,991,1001,992,-1,992,1001,1002,-1,992,1002,1003,-1,1003,1002,1004,-1,997,1005,907,-1,907,1005,1006,-1,907,1006,909,-1,909,1006,1007,-1,909,1007,912,-1,912,1007,1008,-1,912,1008,970,-1,1000,1009,902,-1,902,1009,1010,-1,902,1010,1011,-1,1011,1012,902,-1,902,1012,1013,-1,902,1013,1014,-1,1014,1015,902,-1,902,1015,1016,-1,902,1016,1017,-1,994,907,1018,-1,1018,907,1019,-1,1018,1019,1020,-1,1021,1022,1023,-1,1023,1022,1024,-1,1023,1024,1020,-1,1020,1024,1025,-1,1020,1025,1018,-1,898,951,899,-1,899,951,981,-1,903,902,1017,-1,903,1017,959,-1,959,1017,1016,-1,959,1016,960,-1,960,1016,1015,-1,960,1015,961,-1,961,1015,1014,-1,961,1014,962,-1,962,1014,1013,-1,962,1013,963,-1,963,1013,1012,-1,963,1012,964,-1,964,1012,1011,-1,964,1011,952,-1,952,1011,1010,-1,952,1010,953,-1,953,1010,1009,-1,953,1009,954,-1,954,1009,1000,-1,954,1000,928,-1,928,1000,999,-1,928,999,929,-1,930,929,998,-1,998,929,999,-1,930,998,990,-1,930,990,931,-1,931,990,989,-1,931,989,935,-1,935,989,988,-1,935,988,934,-1,933,934,987,-1,987,934,988,-1,933,987,922,-1,922,987,986,-1,922,986,923,-1,923,986,972,-1,923,972,924,-1,924,972,976,-1,924,976,914,-1,914,976,975,-1,914,975,915,-1,915,975,974,-1,915,974,925,-1,925,974,973,-1,925,973,926,-1,926,973,979,-1,926,979,927,-1,927,979,978,-1,927,978,919,-1,919,978,977,-1,919,977,920,-1,920,977,971,-1,920,971,921,-1,921,971,970,-1,921,970,939,-1,939,970,1008,-1,939,1008,940,-1,940,1008,1007,-1,941,940,1006,-1,1006,940,1007,-1,941,1006,1005,-1,941,1005,942,-1,942,1005,997,-1,942,997,936,-1,936,997,996,-1,936,996,937,-1,938,937,995,-1,995,937,996,-1,938,995,994,-1,938,994,955,-1,955,994,1018,-1,955,1018,956,-1,956,1018,1025,-1,956,1025,965,-1,965,1025,1024,-1,965,1024,966,-1,966,1024,1022,-1,966,1022,968,-1,968,1022,1021,-1,968,1021,969,-1,969,1021,1023,-1,969,1023,967,-1,967,1023,1020,-1,967,1020,958,-1,958,1020,1019,-1,958,1019,957,-1,957,1019,907,-1,957,907,906,-1,916,911,980,-1,980,911,910,-1,916,980,993,-1,916,993,917,-1,917,993,992,-1,917,992,918,-1,918,992,1003,-1,918,1003,932,-1,932,1003,1004,-1,932,1004,943,-1,943,1004,1002,-1,943,1002,944,-1,944,1002,1001,-1,944,1001,945,-1,945,1001,991,-1,945,991,946,-1,946,991,985,-1,946,985,947,-1,947,985,984,-1,947,984,948,-1,948,984,983,-1,948,983,949,-1,949,983,982,-1,949,982,950,-1,950,982,981,-1,950,981,951,-1,1026,1027,1028,-1,1028,1027,1029,-1,1030,1031,1032,-1,1032,1031,1033,-1,1034,1035,1036,-1,1036,1035,1037,-1,1038,1039,1040,-1,1040,1039,1041,-1,1042,1043,1044,-1,1045,1039,1046,-1,1046,1039,1047,-1,1047,1039,1048,-1,1048,1039,1042,-1,1048,1042,1049,-1,1049,1042,1044,-1,1049,1044,1050,-1,1051,1041,1052,-1,1052,1041,1039,-1,1052,1039,1053,-1,1053,1039,1045,-1,1051,1054,1041,-1,1041,1054,1055,-1,1041,1055,1056,-1,1057,1058,1031,-1,1031,1058,1059,-1,1031,1059,1060,-1,1061,1049,1026,-1,1026,1049,1050,-1,1026,1050,1062,-1,1026,1028,1061,-1,1061,1028,1033,-1,1061,1033,1063,-1,1063,1033,1031,-1,1063,1031,1064,-1,1064,1031,1060,-1,1056,1065,1041,-1,1041,1065,1066,-1,1041,1066,1036,-1,1036,1066,1067,-1,1036,1067,1034,-1,1034,1067,1068,-1,1034,1068,1069,-1,1069,1070,1034,-1,1034,1070,1071,-1,1034,1071,1072,-1,1072,1071,1073,-1,1074,1075,1031,-1,1031,1075,1076,-1,1031,1076,1057,-1,1071,1077,1073,-1,1073,1077,1078,-1,1073,1078,1079,-1,1080,1050,1081,-1,1081,1050,1082,-1,1080,1083,1050,-1,1050,1083,1084,-1,1050,1084,1085,-1,1085,1086,1050,-1,1050,1086,1087,-1,1050,1087,1062,-1,1088,1089,1031,-1,1031,1089,1090,-1,1031,1090,1091,-1,1091,1092,1031,-1,1031,1092,1093,-1,1031,1093,1074,-1,1079,1094,1073,-1,1073,1094,1095,-1,1073,1095,1096,-1,1096,1095,1097,-1,1038,1098,1027,-1,1099,1100,1038,-1,1027,1098,1029,-1,1101,1102,1103,-1,1104,1105,1040,-1,1038,1027,1102,-1,1102,1027,1106,-1,1102,1106,1103,-1,1100,1107,1038,-1,1038,1107,1108,-1,1038,1108,1098,-1,1105,1109,1040,-1,1040,1109,1110,-1,1040,1110,1038,-1,1038,1110,1111,-1,1038,1111,1099,-1,1112,1113,1114,-1,1035,1115,1116,-1,1098,1117,1029,-1,1029,1117,1118,-1,1029,1118,1032,-1,1032,1118,1119,-1,1032,1119,1030,-1,1030,1119,1120,-1,1030,1120,1121,-1,1116,1122,1035,-1,1035,1122,1123,-1,1035,1123,1037,-1,1037,1123,1124,-1,1037,1124,1040,-1,1040,1124,1125,-1,1040,1125,1104,-1,1121,1126,1030,-1,1030,1126,1127,-1,1030,1127,1128,-1,1129,1130,1103,-1,1103,1130,1131,-1,1103,1131,1101,-1,1129,1132,1130,-1,1130,1132,1133,-1,1130,1133,1134,-1,1134,1135,1130,-1,1130,1135,1136,-1,1130,1136,1137,-1,1115,1035,1113,-1,1113,1035,1138,-1,1113,1138,1114,-1,1128,1139,1030,-1,1030,1139,1140,-1,1030,1140,1141,-1,1141,1142,1030,-1,1030,1142,1143,-1,1030,1143,1144,-1,1144,1145,1030,-1,1030,1145,1146,-1,1030,1146,1147,-1,1148,1149,1114,-1,1114,1149,1150,-1,1114,1150,1112,-1,1148,1114,1151,-1,1151,1114,1152,-1,1151,1152,1153,-1,1026,1062,1027,-1,1027,1062,1106,-1,1031,1030,1147,-1,1031,1147,1088,-1,1088,1147,1146,-1,1088,1146,1089,-1,1089,1146,1145,-1,1089,1145,1090,-1,1090,1145,1144,-1,1090,1144,1091,-1,1091,1144,1143,-1,1091,1143,1092,-1,1092,1143,1142,-1,1092,1142,1093,-1,1093,1142,1141,-1,1093,1141,1074,-1,1074,1141,1140,-1,1074,1140,1075,-1,1075,1140,1139,-1,1075,1139,1076,-1,1076,1139,1128,-1,1076,1128,1057,-1,1057,1128,1127,-1,1057,1127,1058,-1,1059,1058,1126,-1,1126,1058,1127,-1,1059,1126,1121,-1,1059,1121,1060,-1,1060,1121,1120,-1,1060,1120,1064,-1,1064,1120,1119,-1,1064,1119,1063,-1,1061,1063,1118,-1,1118,1063,1119,-1,1061,1118,1049,-1,1049,1118,1117,-1,1049,1117,1048,-1,1048,1117,1098,-1,1048,1098,1047,-1,1047,1098,1108,-1,1047,1108,1046,-1,1046,1108,1107,-1,1046,1107,1045,-1,1045,1107,1100,-1,1045,1100,1053,-1,1053,1100,1099,-1,1053,1099,1052,-1,1052,1099,1111,-1,1052,1111,1051,-1,1051,1111,1110,-1,1051,1110,1054,-1,1054,1110,1109,-1,1054,1109,1055,-1,1055,1109,1105,-1,1055,1105,1056,-1,1056,1105,1104,-1,1056,1104,1065,-1,1065,1104,1125,-1,1065,1125,1066,-1,1066,1125,1124,-1,1067,1066,1123,-1,1123,1066,1124,-1,1067,1123,1122,-1,1067,1122,1068,-1,1068,1122,1116,-1,1068,1116,1069,-1,1069,1116,1115,-1,1069,1115,1070,-1,1071,1070,1113,-1,1113,1070,1115,-1,1071,1113,1112,-1,1071,1112,1077,-1,1077,1112,1150,-1,1077,1150,1078,-1,1078,1150,1149,-1,1078,1149,1079,-1,1079,1149,1148,-1,1079,1148,1094,-1,1094,1148,1151,-1,1094,1151,1095,-1,1095,1151,1153,-1,1095,1153,1097,-1,1097,1153,1152,-1,1097,1152,1096,-1,1096,1152,1114,-1,1096,1114,1073,-1,1073,1114,1138,-1,1073,1138,1072,-1,1072,1138,1035,-1,1072,1035,1034,-1,1042,1039,1102,-1,1102,1039,1038,-1,1042,1102,1101,-1,1042,1101,1043,-1,1043,1101,1131,-1,1043,1131,1044,-1,1044,1131,1130,-1,1044,1130,1050,-1,1050,1130,1137,-1,1050,1137,1082,-1,1082,1137,1136,-1,1082,1136,1081,-1,1081,1136,1135,-1,1081,1135,1080,-1,1080,1135,1134,-1,1080,1134,1083,-1,1083,1134,1133,-1,1083,1133,1084,-1,1084,1133,1132,-1,1084,1132,1085,-1,1085,1132,1129,-1,1085,1129,1086,-1,1086,1129,1103,-1,1086,1103,1087,-1,1087,1103,1106,-1,1087,1106,1062,-1,1154,1155,1156,-1,1156,1155,1157,-1,1158,1159,1160,-1,1160,1159,1161,-1,1162,1163,1164,-1,1164,1163,1165,-1,1166,1167,1168,-1,1168,1167,1169,-1,1170,1171,1162,-1,1172,1167,1173,-1,1173,1167,1174,-1,1175,1176,1177,-1,1174,1167,1178,-1,1178,1167,1175,-1,1178,1175,1179,-1,1179,1175,1177,-1,1179,1177,1180,-1,1181,1169,1182,-1,1182,1169,1167,-1,1182,1167,1183,-1,1183,1167,1172,-1,1181,1184,1169,-1,1169,1184,1185,-1,1169,1185,1186,-1,1187,1188,1159,-1,1159,1188,1189,-1,1159,1189,1190,-1,1191,1179,1154,-1,1154,1179,1180,-1,1154,1180,1192,-1,1154,1156,1191,-1,1191,1156,1161,-1,1191,1161,1193,-1,1193,1161,1159,-1,1193,1159,1194,-1,1194,1159,1190,-1,1195,1196,1162,-1,1186,1197,1169,-1,1169,1197,1198,-1,1169,1198,1164,-1,1164,1198,1199,-1,1164,1199,1162,-1,1162,1199,1200,-1,1162,1200,1195,-1,1201,1202,1159,-1,1159,1202,1203,-1,1159,1203,1187,-1,1204,1180,1205,-1,1205,1180,1206,-1,1204,1207,1180,-1,1180,1207,1208,-1,1180,1208,1209,-1,1209,1210,1180,-1,1180,1210,1211,-1,1180,1211,1192,-1,1212,1213,1159,-1,1159,1213,1214,-1,1159,1214,1215,-1,1215,1216,1159,-1,1159,1216,1217,-1,1159,1217,1201,-1,1196,1218,1162,-1,1162,1218,1219,-1,1162,1219,1220,-1,1220,1221,1162,-1,1162,1221,1222,-1,1162,1222,1223,-1,1223,1224,1162,-1,1162,1224,1225,-1,1162,1225,1170,-1,1166,1226,1155,-1,1227,1228,1168,-1,1229,1230,1166,-1,1155,1226,1157,-1,1231,1232,1233,-1,1166,1155,1232,-1,1232,1155,1234,-1,1232,1234,1233,-1,1228,1235,1168,-1,1168,1235,1236,-1,1168,1236,1166,-1,1166,1236,1237,-1,1166,1237,1229,-1,1230,1238,1166,-1,1166,1238,1239,-1,1166,1239,1226,-1,1226,1240,1157,-1,1157,1240,1241,-1,1157,1241,1160,-1,1160,1241,1242,-1,1160,1242,1158,-1,1158,1242,1243,-1,1158,1243,1244,-1,1245,1246,1163,-1,1163,1246,1247,-1,1244,1248,1158,-1,1158,1248,1249,-1,1158,1249,1250,-1,1251,1252,1233,-1,1233,1252,1253,-1,1233,1253,1231,-1,1251,1254,1252,-1,1252,1254,1255,-1,1252,1255,1256,-1,1256,1257,1252,-1,1252,1257,1258,-1,1252,1258,1259,-1,1260,1261,1163,-1,1247,1262,1163,-1,1163,1262,1263,-1,1163,1263,1165,-1,1165,1263,1264,-1,1165,1264,1168,-1,1168,1264,1265,-1,1168,1265,1227,-1,1250,1266,1158,-1,1158,1266,1267,-1,1158,1267,1268,-1,1268,1269,1158,-1,1158,1269,1270,-1,1158,1270,1271,-1,1271,1272,1158,-1,1158,1272,1273,-1,1158,1273,1274,-1,1261,1275,1163,-1,1163,1275,1276,-1,1163,1276,1245,-1,1277,1163,1278,-1,1278,1163,1279,-1,1277,1280,1163,-1,1163,1280,1281,-1,1163,1281,1260,-1,1154,1192,1155,-1,1155,1192,1234,-1,1159,1158,1274,-1,1159,1274,1212,-1,1212,1274,1273,-1,1212,1273,1213,-1,1213,1273,1272,-1,1213,1272,1214,-1,1214,1272,1271,-1,1214,1271,1215,-1,1215,1271,1270,-1,1215,1270,1216,-1,1216,1270,1269,-1,1216,1269,1217,-1,1217,1269,1268,-1,1217,1268,1201,-1,1201,1268,1267,-1,1201,1267,1202,-1,1202,1267,1266,-1,1202,1266,1203,-1,1203,1266,1250,-1,1203,1250,1187,-1,1187,1250,1249,-1,1187,1249,1188,-1,1189,1188,1248,-1,1248,1188,1249,-1,1189,1248,1244,-1,1189,1244,1190,-1,1190,1244,1243,-1,1190,1243,1194,-1,1194,1243,1242,-1,1194,1242,1193,-1,1191,1193,1241,-1,1241,1193,1242,-1,1191,1241,1179,-1,1179,1241,1240,-1,1179,1240,1178,-1,1178,1240,1226,-1,1178,1226,1174,-1,1174,1226,1239,-1,1174,1239,1173,-1,1173,1239,1238,-1,1173,1238,1172,-1,1172,1238,1230,-1,1172,1230,1183,-1,1183,1230,1229,-1,1183,1229,1182,-1,1182,1229,1237,-1,1182,1237,1181,-1,1181,1237,1236,-1,1181,1236,1184,-1,1184,1236,1235,-1,1184,1235,1185,-1,1185,1235,1228,-1,1185,1228,1186,-1,1186,1228,1227,-1,1186,1227,1197,-1,1197,1227,1265,-1,1197,1265,1198,-1,1198,1265,1264,-1,1199,1198,1263,-1,1263,1198,1264,-1,1199,1263,1262,-1,1199,1262,1200,-1,1200,1262,1247,-1,1200,1247,1195,-1,1195,1247,1246,-1,1195,1246,1196,-1,1218,1196,1245,-1,1245,1196,1246,-1,1218,1245,1276,-1,1218,1276,1219,-1,1219,1276,1275,-1,1219,1275,1220,-1,1220,1275,1261,-1,1220,1261,1221,-1,1221,1261,1260,-1,1221,1260,1222,-1,1222,1260,1281,-1,1222,1281,1223,-1,1223,1281,1280,-1,1223,1280,1224,-1,1224,1280,1277,-1,1224,1277,1225,-1,1225,1277,1278,-1,1225,1278,1170,-1,1170,1278,1279,-1,1170,1279,1171,-1,1171,1279,1163,-1,1171,1163,1162,-1,1175,1167,1232,-1,1232,1167,1166,-1,1175,1232,1231,-1,1175,1231,1176,-1,1176,1231,1253,-1,1176,1253,1177,-1,1177,1253,1252,-1,1177,1252,1180,-1,1180,1252,1259,-1,1180,1259,1206,-1,1206,1259,1258,-1,1206,1258,1205,-1,1205,1258,1257,-1,1205,1257,1204,-1,1204,1257,1256,-1,1204,1256,1207,-1,1207,1256,1255,-1,1207,1255,1208,-1,1208,1255,1254,-1,1208,1254,1209,-1,1209,1254,1251,-1,1209,1251,1210,-1,1210,1251,1233,-1,1210,1233,1211,-1,1211,1233,1234,-1,1211,1234,1192,-1,1282,1283,1284,-1,1284,1283,1285,-1,1286,1287,1288,-1,1288,1287,1289,-1,1290,1291,1292,-1,1292,1291,1293,-1,1294,1295,1296,-1,1296,1295,1297,-1,1298,1295,1299,-1,1299,1295,1300,-1,1301,1302,1303,-1,1300,1295,1304,-1,1304,1295,1301,-1,1304,1301,1305,-1,1305,1301,1303,-1,1305,1303,1306,-1,1307,1297,1308,-1,1308,1297,1295,-1,1308,1295,1309,-1,1309,1295,1298,-1,1307,1310,1297,-1,1297,1310,1311,-1,1297,1311,1312,-1,1313,1314,1287,-1,1287,1314,1315,-1,1316,1290,1317,-1,1318,1305,1282,-1,1282,1305,1306,-1,1282,1306,1319,-1,1282,1284,1318,-1,1318,1284,1289,-1,1318,1289,1320,-1,1320,1289,1287,-1,1320,1287,1321,-1,1321,1287,1315,-1,1312,1322,1297,-1,1297,1322,1323,-1,1297,1323,1292,-1,1292,1323,1324,-1,1292,1324,1325,-1,1326,1327,1328,-1,1325,1329,1292,-1,1292,1329,1330,-1,1292,1330,1290,-1,1290,1330,1331,-1,1290,1331,1332,-1,1287,1333,1313,-1,1313,1333,1328,-1,1313,1328,1334,-1,1334,1328,1327,-1,1335,1336,1306,-1,1306,1336,1337,-1,1306,1337,1319,-1,1332,1338,1290,-1,1290,1338,1339,-1,1290,1339,1317,-1,1340,1306,1341,-1,1341,1306,1342,-1,1340,1343,1306,-1,1306,1343,1344,-1,1306,1344,1335,-1,1345,1346,1347,-1,1347,1346,1348,-1,1347,1348,1328,-1,1328,1348,1349,-1,1328,1349,1326,-1,1317,1350,1316,-1,1316,1350,1351,-1,1316,1351,1352,-1,1352,1351,1353,-1,1294,1354,1283,-1,1355,1356,1294,-1,1283,1354,1285,-1,1357,1358,1359,-1,1360,1361,1296,-1,1294,1283,1358,-1,1358,1283,1362,-1,1358,1362,1359,-1,1361,1363,1296,-1,1296,1363,1364,-1,1296,1364,1294,-1,1294,1364,1365,-1,1294,1365,1355,-1,1356,1366,1294,-1,1294,1366,1367,-1,1294,1367,1354,-1,1354,1368,1285,-1,1285,1368,1369,-1,1285,1369,1288,-1,1288,1369,1370,-1,1288,1370,1286,-1,1286,1370,1371,-1,1286,1371,1372,-1,1373,1374,1291,-1,1291,1374,1375,-1,1291,1375,1376,-1,1376,1377,1291,-1,1291,1377,1378,-1,1291,1378,1293,-1,1293,1378,1379,-1,1293,1379,1296,-1,1296,1379,1380,-1,1296,1380,1360,-1,1372,1381,1286,-1,1286,1381,1382,-1,1286,1382,1383,-1,1383,1382,1384,-1,1385,1386,1359,-1,1359,1386,1387,-1,1359,1387,1357,-1,1388,1389,1373,-1,1373,1389,1390,-1,1382,1391,1384,-1,1384,1391,1392,-1,1384,1392,1393,-1,1385,1394,1386,-1,1386,1394,1395,-1,1386,1395,1396,-1,1396,1397,1386,-1,1386,1397,1398,-1,1386,1398,1399,-1,1388,1373,1400,-1,1400,1373,1401,-1,1400,1401,1402,-1,1390,1403,1373,-1,1373,1403,1404,-1,1373,1404,1374,-1,1393,1405,1384,-1,1384,1405,1406,-1,1384,1406,1407,-1,1407,1406,1408,-1,1407,1408,1409,-1,1282,1319,1283,-1,1283,1319,1362,-1,1287,1286,1383,-1,1287,1383,1333,-1,1333,1383,1384,-1,1333,1384,1328,-1,1328,1384,1407,-1,1328,1407,1347,-1,1347,1407,1409,-1,1347,1409,1345,-1,1345,1409,1408,-1,1345,1408,1346,-1,1346,1408,1406,-1,1346,1406,1348,-1,1348,1406,1405,-1,1348,1405,1349,-1,1349,1405,1393,-1,1349,1393,1326,-1,1326,1393,1392,-1,1326,1392,1327,-1,1327,1392,1391,-1,1327,1391,1334,-1,1334,1391,1382,-1,1334,1382,1313,-1,1314,1313,1381,-1,1381,1313,1382,-1,1314,1381,1372,-1,1314,1372,1315,-1,1315,1372,1371,-1,1315,1371,1321,-1,1321,1371,1370,-1,1321,1370,1320,-1,1318,1320,1369,-1,1369,1320,1370,-1,1318,1369,1305,-1,1305,1369,1368,-1,1305,1368,1304,-1,1304,1368,1354,-1,1304,1354,1300,-1,1300,1354,1367,-1,1300,1367,1299,-1,1299,1367,1366,-1,1299,1366,1298,-1,1298,1366,1356,-1,1298,1356,1309,-1,1309,1356,1355,-1,1309,1355,1308,-1,1308,1355,1365,-1,1308,1365,1307,-1,1307,1365,1364,-1,1307,1364,1310,-1,1310,1364,1363,-1,1310,1363,1311,-1,1311,1363,1361,-1,1311,1361,1312,-1,1312,1361,1360,-1,1312,1360,1322,-1,1322,1360,1380,-1,1322,1380,1323,-1,1323,1380,1379,-1,1324,1323,1378,-1,1378,1323,1379,-1,1324,1378,1377,-1,1324,1377,1325,-1,1325,1377,1376,-1,1325,1376,1329,-1,1329,1376,1375,-1,1329,1375,1330,-1,1331,1330,1374,-1,1374,1330,1375,-1,1331,1374,1404,-1,1331,1404,1332,-1,1332,1404,1403,-1,1332,1403,1338,-1,1338,1403,1390,-1,1338,1390,1339,-1,1339,1390,1389,-1,1339,1389,1317,-1,1317,1389,1388,-1,1317,1388,1350,-1,1350,1388,1400,-1,1350,1400,1351,-1,1351,1400,1402,-1,1351,1402,1353,-1,1353,1402,1401,-1,1353,1401,1352,-1,1352,1401,1373,-1,1352,1373,1316,-1,1316,1373,1291,-1,1316,1291,1290,-1,1301,1295,1358,-1,1358,1295,1294,-1,1301,1358,1357,-1,1301,1357,1302,-1,1302,1357,1387,-1,1302,1387,1303,-1,1303,1387,1386,-1,1303,1386,1306,-1,1306,1386,1399,-1,1306,1399,1342,-1,1342,1399,1398,-1,1342,1398,1341,-1,1341,1398,1397,-1,1341,1397,1340,-1,1340,1397,1396,-1,1340,1396,1343,-1,1343,1396,1395,-1,1343,1395,1344,-1,1344,1395,1394,-1,1344,1394,1335,-1,1335,1394,1385,-1,1335,1385,1336,-1,1336,1385,1359,-1,1336,1359,1337,-1,1337,1359,1362,-1,1337,1362,1319,-1,1410,1411,1412,-1,1412,1411,1413,-1,1414,1415,1416,-1,1416,1415,1417,-1,1418,1419,1420,-1,1420,1419,1421,-1,1422,1423,1424,-1,1424,1423,1425,-1,1426,1423,1427,-1,1427,1423,1428,-1,1429,1430,1431,-1,1428,1423,1432,-1,1432,1423,1429,-1,1432,1429,1433,-1,1433,1429,1431,-1,1433,1431,1434,-1,1435,1425,1436,-1,1436,1425,1423,-1,1436,1423,1437,-1,1437,1423,1426,-1,1435,1438,1425,-1,1425,1438,1439,-1,1425,1439,1440,-1,1441,1442,1415,-1,1415,1442,1443,-1,1444,1418,1445,-1,1446,1433,1410,-1,1410,1433,1434,-1,1410,1434,1447,-1,1410,1412,1446,-1,1446,1412,1417,-1,1446,1417,1448,-1,1448,1417,1415,-1,1448,1415,1449,-1,1449,1415,1443,-1,1440,1450,1425,-1,1425,1450,1451,-1,1425,1451,1420,-1,1420,1451,1452,-1,1420,1452,1453,-1,1454,1455,1456,-1,1453,1457,1420,-1,1420,1457,1458,-1,1420,1458,1418,-1,1418,1458,1459,-1,1418,1459,1460,-1,1415,1461,1441,-1,1441,1461,1456,-1,1441,1456,1462,-1,1462,1456,1455,-1,1463,1464,1434,-1,1434,1464,1465,-1,1434,1465,1447,-1,1460,1466,1418,-1,1418,1466,1467,-1,1418,1467,1445,-1,1468,1434,1469,-1,1469,1434,1470,-1,1468,1471,1434,-1,1434,1471,1472,-1,1434,1472,1463,-1,1473,1474,1475,-1,1475,1474,1476,-1,1475,1476,1456,-1,1456,1476,1477,-1,1456,1477,1454,-1,1445,1478,1444,-1,1444,1478,1479,-1,1444,1479,1480,-1,1480,1479,1481,-1,1422,1482,1411,-1,1483,1484,1422,-1,1411,1482,1413,-1,1485,1486,1487,-1,1488,1489,1424,-1,1422,1411,1486,-1,1486,1411,1490,-1,1486,1490,1487,-1,1489,1491,1424,-1,1424,1491,1492,-1,1424,1492,1422,-1,1422,1492,1493,-1,1422,1493,1483,-1,1484,1494,1422,-1,1422,1494,1495,-1,1422,1495,1482,-1,1482,1496,1413,-1,1413,1496,1497,-1,1413,1497,1416,-1,1416,1497,1498,-1,1416,1498,1414,-1,1414,1498,1499,-1,1414,1499,1500,-1,1501,1502,1419,-1,1419,1502,1503,-1,1419,1503,1504,-1,1504,1505,1419,-1,1419,1505,1506,-1,1419,1506,1421,-1,1421,1506,1507,-1,1421,1507,1424,-1,1424,1507,1508,-1,1424,1508,1488,-1,1500,1509,1414,-1,1414,1509,1510,-1,1414,1510,1511,-1,1511,1510,1512,-1,1513,1514,1487,-1,1487,1514,1515,-1,1487,1515,1485,-1,1516,1517,1501,-1,1501,1517,1518,-1,1510,1519,1512,-1,1512,1519,1520,-1,1512,1520,1521,-1,1513,1522,1514,-1,1514,1522,1523,-1,1514,1523,1524,-1,1524,1525,1514,-1,1514,1525,1526,-1,1514,1526,1527,-1,1516,1501,1528,-1,1528,1501,1529,-1,1528,1529,1530,-1,1518,1531,1501,-1,1501,1531,1532,-1,1501,1532,1502,-1,1521,1533,1512,-1,1512,1533,1534,-1,1512,1534,1535,-1,1535,1534,1536,-1,1535,1536,1537,-1,1410,1447,1411,-1,1411,1447,1490,-1,1415,1414,1511,-1,1415,1511,1461,-1,1461,1511,1512,-1,1461,1512,1456,-1,1456,1512,1535,-1,1456,1535,1475,-1,1475,1535,1537,-1,1475,1537,1473,-1,1473,1537,1536,-1,1473,1536,1474,-1,1474,1536,1534,-1,1474,1534,1476,-1,1476,1534,1533,-1,1476,1533,1477,-1,1477,1533,1521,-1,1477,1521,1454,-1,1454,1521,1520,-1,1454,1520,1455,-1,1455,1520,1519,-1,1455,1519,1462,-1,1462,1519,1510,-1,1462,1510,1441,-1,1442,1441,1509,-1,1509,1441,1510,-1,1442,1509,1500,-1,1442,1500,1443,-1,1443,1500,1499,-1,1443,1499,1449,-1,1449,1499,1498,-1,1449,1498,1448,-1,1446,1448,1497,-1,1497,1448,1498,-1,1446,1497,1433,-1,1433,1497,1496,-1,1433,1496,1432,-1,1432,1496,1482,-1,1432,1482,1428,-1,1428,1482,1495,-1,1428,1495,1427,-1,1427,1495,1494,-1,1427,1494,1426,-1,1426,1494,1484,-1,1426,1484,1437,-1,1437,1484,1483,-1,1437,1483,1436,-1,1436,1483,1493,-1,1436,1493,1435,-1,1435,1493,1492,-1,1435,1492,1438,-1,1438,1492,1491,-1,1438,1491,1439,-1,1439,1491,1489,-1,1439,1489,1440,-1,1440,1489,1488,-1,1440,1488,1450,-1,1450,1488,1508,-1,1450,1508,1451,-1,1451,1508,1507,-1,1452,1451,1506,-1,1506,1451,1507,-1,1452,1506,1505,-1,1452,1505,1453,-1,1453,1505,1504,-1,1453,1504,1457,-1,1457,1504,1503,-1,1457,1503,1458,-1,1459,1458,1502,-1,1502,1458,1503,-1,1459,1502,1532,-1,1459,1532,1460,-1,1460,1532,1531,-1,1460,1531,1466,-1,1466,1531,1518,-1,1466,1518,1467,-1,1467,1518,1517,-1,1467,1517,1445,-1,1445,1517,1516,-1,1445,1516,1478,-1,1478,1516,1528,-1,1478,1528,1479,-1,1479,1528,1530,-1,1479,1530,1481,-1,1481,1530,1529,-1,1481,1529,1480,-1,1480,1529,1501,-1,1480,1501,1444,-1,1444,1501,1419,-1,1444,1419,1418,-1,1429,1423,1486,-1,1486,1423,1422,-1,1429,1486,1485,-1,1429,1485,1430,-1,1430,1485,1515,-1,1430,1515,1431,-1,1431,1515,1514,-1,1431,1514,1434,-1,1434,1514,1527,-1,1434,1527,1470,-1,1470,1527,1526,-1,1470,1526,1469,-1,1469,1526,1525,-1,1469,1525,1468,-1,1468,1525,1524,-1,1468,1524,1471,-1,1471,1524,1523,-1,1471,1523,1472,-1,1472,1523,1522,-1,1472,1522,1463,-1,1463,1522,1513,-1,1463,1513,1464,-1,1464,1513,1487,-1,1464,1487,1465,-1,1465,1487,1490,-1,1465,1490,1447,-1,1538,1539,1540,-1,1540,1539,1541,-1,1542,1543,1544,-1,1544,1543,1545,-1,1546,1547,1548,-1,1548,1547,1549,-1,1550,1551,1552,-1,1552,1551,1553,-1,1554,1551,1555,-1,1555,1551,1556,-1,1557,1558,1559,-1,1556,1551,1560,-1,1560,1551,1557,-1,1560,1557,1561,-1,1561,1557,1559,-1,1561,1559,1562,-1,1563,1553,1564,-1,1564,1553,1551,-1,1564,1551,1565,-1,1565,1551,1554,-1,1563,1566,1553,-1,1553,1566,1567,-1,1553,1567,1568,-1,1569,1570,1543,-1,1543,1570,1571,-1,1572,1546,1573,-1,1574,1561,1538,-1,1538,1561,1562,-1,1538,1562,1575,-1,1538,1540,1574,-1,1574,1540,1545,-1,1574,1545,1576,-1,1576,1545,1543,-1,1576,1543,1577,-1,1577,1543,1571,-1,1568,1578,1553,-1,1553,1578,1579,-1,1553,1579,1548,-1,1548,1579,1580,-1,1548,1580,1581,-1,1582,1583,1584,-1,1581,1585,1548,-1,1548,1585,1586,-1,1548,1586,1546,-1,1546,1586,1587,-1,1546,1587,1588,-1,1543,1589,1569,-1,1569,1589,1584,-1,1569,1584,1590,-1,1590,1584,1583,-1,1591,1592,1562,-1,1562,1592,1593,-1,1562,1593,1575,-1,1588,1594,1546,-1,1546,1594,1595,-1,1546,1595,1573,-1,1596,1562,1597,-1,1597,1562,1598,-1,1596,1599,1562,-1,1562,1599,1600,-1,1562,1600,1591,-1,1601,1602,1603,-1,1603,1602,1604,-1,1603,1604,1584,-1,1584,1604,1605,-1,1584,1605,1582,-1,1573,1606,1572,-1,1572,1606,1607,-1,1572,1607,1608,-1,1608,1607,1609,-1,1550,1610,1539,-1,1611,1612,1550,-1,1539,1610,1541,-1,1613,1614,1615,-1,1616,1617,1552,-1,1550,1539,1614,-1,1614,1539,1618,-1,1614,1618,1615,-1,1617,1619,1552,-1,1552,1619,1620,-1,1552,1620,1550,-1,1550,1620,1621,-1,1550,1621,1611,-1,1612,1622,1550,-1,1550,1622,1623,-1,1550,1623,1610,-1,1610,1624,1541,-1,1541,1624,1625,-1,1541,1625,1544,-1,1544,1625,1626,-1,1544,1626,1542,-1,1542,1626,1627,-1,1542,1627,1628,-1,1629,1630,1547,-1,1547,1630,1631,-1,1547,1631,1632,-1,1632,1633,1547,-1,1547,1633,1634,-1,1547,1634,1549,-1,1549,1634,1635,-1,1549,1635,1552,-1,1552,1635,1636,-1,1552,1636,1616,-1,1628,1637,1542,-1,1542,1637,1638,-1,1542,1638,1639,-1,1639,1638,1640,-1,1641,1642,1615,-1,1615,1642,1643,-1,1615,1643,1613,-1,1644,1645,1629,-1,1629,1645,1646,-1,1638,1647,1640,-1,1640,1647,1648,-1,1640,1648,1649,-1,1641,1650,1642,-1,1642,1650,1651,-1,1642,1651,1652,-1,1652,1653,1642,-1,1642,1653,1654,-1,1642,1654,1655,-1,1644,1629,1656,-1,1656,1629,1657,-1,1656,1657,1658,-1,1646,1659,1629,-1,1629,1659,1660,-1,1629,1660,1630,-1,1649,1661,1640,-1,1640,1661,1662,-1,1640,1662,1663,-1,1663,1662,1664,-1,1663,1664,1665,-1,1538,1575,1539,-1,1539,1575,1618,-1,1543,1542,1639,-1,1543,1639,1589,-1,1589,1639,1640,-1,1589,1640,1584,-1,1584,1640,1663,-1,1584,1663,1603,-1,1603,1663,1665,-1,1603,1665,1601,-1,1601,1665,1664,-1,1601,1664,1602,-1,1602,1664,1662,-1,1602,1662,1604,-1,1604,1662,1661,-1,1604,1661,1605,-1,1605,1661,1649,-1,1605,1649,1582,-1,1582,1649,1648,-1,1582,1648,1583,-1,1583,1648,1647,-1,1583,1647,1590,-1,1590,1647,1638,-1,1590,1638,1569,-1,1570,1569,1637,-1,1637,1569,1638,-1,1570,1637,1628,-1,1570,1628,1571,-1,1571,1628,1627,-1,1571,1627,1577,-1,1577,1627,1626,-1,1577,1626,1576,-1,1574,1576,1625,-1,1625,1576,1626,-1,1574,1625,1561,-1,1561,1625,1624,-1,1561,1624,1560,-1,1560,1624,1610,-1,1560,1610,1556,-1,1556,1610,1623,-1,1556,1623,1555,-1,1555,1623,1622,-1,1555,1622,1554,-1,1554,1622,1612,-1,1554,1612,1565,-1,1565,1612,1611,-1,1565,1611,1564,-1,1564,1611,1621,-1,1564,1621,1563,-1,1563,1621,1620,-1,1563,1620,1566,-1,1566,1620,1619,-1,1566,1619,1567,-1,1567,1619,1617,-1,1567,1617,1568,-1,1568,1617,1616,-1,1568,1616,1578,-1,1578,1616,1636,-1,1578,1636,1579,-1,1579,1636,1635,-1,1580,1579,1634,-1,1634,1579,1635,-1,1580,1634,1633,-1,1580,1633,1581,-1,1581,1633,1632,-1,1581,1632,1585,-1,1585,1632,1631,-1,1585,1631,1586,-1,1587,1586,1630,-1,1630,1586,1631,-1,1587,1630,1660,-1,1587,1660,1588,-1,1588,1660,1659,-1,1588,1659,1594,-1,1594,1659,1646,-1,1594,1646,1595,-1,1595,1646,1645,-1,1595,1645,1573,-1,1573,1645,1644,-1,1573,1644,1606,-1,1606,1644,1656,-1,1606,1656,1607,-1,1607,1656,1658,-1,1607,1658,1609,-1,1609,1658,1657,-1,1609,1657,1608,-1,1608,1657,1629,-1,1608,1629,1572,-1,1572,1629,1547,-1,1572,1547,1546,-1,1557,1551,1614,-1,1614,1551,1550,-1,1557,1614,1613,-1,1557,1613,1558,-1,1558,1613,1643,-1,1558,1643,1559,-1,1559,1643,1642,-1,1559,1642,1562,-1,1562,1642,1655,-1,1562,1655,1598,-1,1598,1655,1654,-1,1598,1654,1597,-1,1597,1654,1653,-1,1597,1653,1596,-1,1596,1653,1652,-1,1596,1652,1599,-1,1599,1652,1651,-1,1599,1651,1600,-1,1600,1651,1650,-1,1600,1650,1591,-1,1591,1650,1641,-1,1591,1641,1592,-1,1592,1641,1615,-1,1592,1615,1593,-1,1593,1615,1618,-1,1593,1618,1575,-1,1666,1667,1668,-1,1668,1667,1669,-1,1670,1671,1672,-1,1672,1671,1673,-1,1674,1675,1676,-1,1676,1675,1677,-1,1678,1679,1680,-1,1680,1679,1681,-1,1682,1683,1681,-1,1681,1683,1684,-1,1685,1686,1687,-1,1688,1689,1679,-1,1687,1690,1685,-1,1685,1690,1691,-1,1685,1691,1679,-1,1679,1691,1692,-1,1679,1692,1688,-1,1671,1693,1694,-1,1684,1695,1681,-1,1681,1695,1696,-1,1681,1696,1676,-1,1676,1696,1697,-1,1676,1697,1674,-1,1674,1697,1698,-1,1674,1698,1699,-1,1687,1700,1690,-1,1690,1700,1666,-1,1690,1666,1701,-1,1666,1668,1701,-1,1701,1668,1673,-1,1701,1673,1702,-1,1702,1673,1671,-1,1702,1671,1703,-1,1703,1671,1694,-1,1689,1704,1679,-1,1679,1704,1705,-1,1679,1705,1681,-1,1681,1705,1706,-1,1681,1706,1682,-1,1699,1707,1674,-1,1674,1707,1708,-1,1674,1708,1709,-1,1709,1708,1710,-1,1693,1671,1711,-1,1711,1671,1712,-1,1711,1712,1713,-1,1714,1715,1716,-1,1716,1715,1717,-1,1716,1717,1718,-1,1719,1720,1700,-1,1700,1720,1721,-1,1700,1721,1722,-1,1722,1723,1700,-1,1700,1723,1724,-1,1700,1724,1725,-1,1726,1727,1728,-1,1728,1727,1729,-1,1728,1729,1730,-1,1718,1731,1716,-1,1716,1731,1732,-1,1716,1732,1708,-1,1708,1732,1733,-1,1708,1733,1710,-1,1725,1734,1700,-1,1700,1734,1735,-1,1700,1735,1666,-1,1713,1736,1711,-1,1711,1736,1737,-1,1711,1737,1728,-1,1728,1737,1738,-1,1728,1738,1726,-1,1739,1740,1680,-1,1669,1667,1741,-1,1742,1743,1678,-1,1744,1745,1746,-1,1746,1745,1747,-1,1746,1747,1667,-1,1667,1747,1678,-1,1667,1678,1741,-1,1748,1749,1675,-1,1675,1749,1750,-1,1675,1750,1677,-1,1677,1750,1751,-1,1677,1751,1680,-1,1680,1751,1752,-1,1680,1752,1739,-1,1743,1753,1678,-1,1678,1753,1754,-1,1678,1754,1741,-1,1741,1755,1669,-1,1669,1755,1756,-1,1669,1756,1672,-1,1672,1756,1757,-1,1672,1757,1670,-1,1670,1757,1758,-1,1670,1758,1759,-1,1760,1761,1762,-1,1762,1761,1763,-1,1762,1763,1764,-1,1764,1765,1762,-1,1762,1765,1766,-1,1762,1766,1767,-1,1744,1746,1762,-1,1762,1746,1768,-1,1762,1768,1760,-1,1769,1770,1675,-1,1675,1770,1771,-1,1675,1771,1748,-1,1769,1772,1770,-1,1770,1772,1773,-1,1770,1773,1774,-1,1740,1775,1680,-1,1680,1775,1776,-1,1680,1776,1678,-1,1678,1776,1777,-1,1678,1777,1742,-1,1759,1778,1670,-1,1670,1778,1779,-1,1670,1779,1780,-1,1780,1779,1781,-1,1774,1782,1770,-1,1770,1782,1783,-1,1770,1783,1784,-1,1784,1785,1770,-1,1770,1785,1786,-1,1770,1786,1787,-1,1788,1789,1790,-1,1790,1789,1791,-1,1790,1791,1792,-1,1792,1793,1790,-1,1790,1793,1794,-1,1790,1794,1779,-1,1779,1794,1795,-1,1779,1795,1781,-1,1666,1735,1667,-1,1667,1735,1746,-1,1671,1670,1780,-1,1671,1780,1712,-1,1712,1780,1781,-1,1712,1781,1713,-1,1713,1781,1795,-1,1713,1795,1736,-1,1736,1795,1794,-1,1736,1794,1737,-1,1737,1794,1793,-1,1737,1793,1738,-1,1738,1793,1792,-1,1738,1792,1726,-1,1726,1792,1791,-1,1726,1791,1727,-1,1727,1791,1789,-1,1727,1789,1729,-1,1729,1789,1788,-1,1729,1788,1730,-1,1730,1788,1790,-1,1730,1790,1728,-1,1728,1790,1779,-1,1728,1779,1711,-1,1693,1711,1778,-1,1778,1711,1779,-1,1693,1778,1759,-1,1693,1759,1694,-1,1694,1759,1758,-1,1694,1758,1703,-1,1703,1758,1757,-1,1703,1757,1702,-1,1701,1702,1756,-1,1756,1702,1757,-1,1701,1756,1690,-1,1690,1756,1755,-1,1690,1755,1691,-1,1691,1755,1741,-1,1691,1741,1692,-1,1692,1741,1754,-1,1692,1754,1688,-1,1688,1754,1753,-1,1688,1753,1689,-1,1689,1753,1743,-1,1689,1743,1704,-1,1704,1743,1742,-1,1704,1742,1705,-1,1705,1742,1777,-1,1705,1777,1706,-1,1706,1777,1776,-1,1706,1776,1682,-1,1682,1776,1775,-1,1682,1775,1683,-1,1683,1775,1740,-1,1683,1740,1684,-1,1684,1740,1739,-1,1684,1739,1695,-1,1695,1739,1752,-1,1695,1752,1696,-1,1696,1752,1751,-1,1697,1696,1750,-1,1750,1696,1751,-1,1697,1750,1749,-1,1697,1749,1698,-1,1698,1749,1748,-1,1698,1748,1699,-1,1699,1748,1771,-1,1699,1771,1707,-1,1708,1707,1770,-1,1770,1707,1771,-1,1708,1770,1787,-1,1708,1787,1716,-1,1716,1787,1786,-1,1716,1786,1714,-1,1714,1786,1785,-1,1714,1785,1715,-1,1715,1785,1784,-1,1715,1784,1717,-1,1717,1784,1783,-1,1717,1783,1718,-1,1718,1783,1782,-1,1718,1782,1731,-1,1731,1782,1774,-1,1731,1774,1732,-1,1732,1774,1773,-1,1732,1773,1733,-1,1733,1773,1772,-1,1733,1772,1710,-1,1710,1772,1769,-1,1710,1769,1709,-1,1709,1769,1675,-1,1709,1675,1674,-1,1685,1679,1747,-1,1747,1679,1678,-1,1685,1747,1745,-1,1685,1745,1686,-1,1686,1745,1744,-1,1686,1744,1687,-1,1687,1744,1762,-1,1687,1762,1700,-1,1700,1762,1767,-1,1700,1767,1719,-1,1719,1767,1766,-1,1719,1766,1720,-1,1720,1766,1765,-1,1720,1765,1721,-1,1721,1765,1764,-1,1721,1764,1722,-1,1722,1764,1763,-1,1722,1763,1723,-1,1723,1763,1761,-1,1723,1761,1724,-1,1724,1761,1760,-1,1724,1760,1725,-1,1725,1760,1768,-1,1725,1768,1734,-1,1734,1768,1746,-1,1734,1746,1735,-1,1796,1797,1798,-1,1798,1797,1799,-1,1800,1801,1802,-1,1802,1801,1803,-1,1804,1805,1806,-1,1806,1805,1807,-1,1808,1809,1810,-1,1810,1809,1811,-1,1812,1813,1811,-1,1811,1813,1814,-1,1815,1816,1817,-1,1818,1819,1809,-1,1817,1820,1815,-1,1815,1820,1821,-1,1815,1821,1809,-1,1809,1821,1822,-1,1809,1822,1818,-1,1801,1823,1824,-1,1814,1825,1811,-1,1811,1825,1826,-1,1811,1826,1806,-1,1806,1826,1827,-1,1806,1827,1804,-1,1804,1827,1828,-1,1804,1828,1829,-1,1817,1830,1820,-1,1820,1830,1796,-1,1820,1796,1831,-1,1796,1798,1831,-1,1831,1798,1803,-1,1831,1803,1832,-1,1832,1803,1801,-1,1832,1801,1833,-1,1833,1801,1824,-1,1819,1834,1809,-1,1809,1834,1835,-1,1809,1835,1811,-1,1811,1835,1836,-1,1811,1836,1812,-1,1829,1837,1804,-1,1804,1837,1838,-1,1804,1838,1839,-1,1839,1838,1840,-1,1823,1801,1841,-1,1841,1801,1842,-1,1841,1842,1843,-1,1844,1845,1846,-1,1846,1845,1847,-1,1846,1847,1848,-1,1849,1850,1830,-1,1830,1850,1851,-1,1830,1851,1852,-1,1852,1853,1830,-1,1830,1853,1854,-1,1830,1854,1855,-1,1856,1857,1858,-1,1858,1857,1859,-1,1858,1859,1860,-1,1848,1861,1846,-1,1846,1861,1862,-1,1846,1862,1838,-1,1838,1862,1863,-1,1838,1863,1840,-1,1855,1864,1830,-1,1830,1864,1865,-1,1830,1865,1796,-1,1843,1866,1841,-1,1841,1866,1867,-1,1841,1867,1858,-1,1858,1867,1868,-1,1858,1868,1856,-1,1869,1870,1810,-1,1799,1797,1871,-1,1872,1873,1808,-1,1874,1875,1876,-1,1876,1875,1877,-1,1876,1877,1797,-1,1797,1877,1808,-1,1797,1808,1871,-1,1878,1879,1805,-1,1805,1879,1880,-1,1805,1880,1807,-1,1807,1880,1881,-1,1807,1881,1810,-1,1810,1881,1882,-1,1810,1882,1869,-1,1873,1883,1808,-1,1808,1883,1884,-1,1808,1884,1871,-1,1871,1885,1799,-1,1799,1885,1886,-1,1799,1886,1802,-1,1802,1886,1887,-1,1802,1887,1800,-1,1800,1887,1888,-1,1800,1888,1889,-1,1890,1891,1892,-1,1892,1891,1893,-1,1892,1893,1894,-1,1894,1895,1892,-1,1892,1895,1896,-1,1892,1896,1897,-1,1874,1876,1892,-1,1892,1876,1898,-1,1892,1898,1890,-1,1899,1900,1805,-1,1805,1900,1901,-1,1805,1901,1878,-1,1899,1902,1900,-1,1900,1902,1903,-1,1900,1903,1904,-1,1870,1905,1810,-1,1810,1905,1906,-1,1810,1906,1808,-1,1808,1906,1907,-1,1808,1907,1872,-1,1889,1908,1800,-1,1800,1908,1909,-1,1800,1909,1910,-1,1910,1909,1911,-1,1904,1912,1900,-1,1900,1912,1913,-1,1900,1913,1914,-1,1914,1915,1900,-1,1900,1915,1916,-1,1900,1916,1917,-1,1918,1919,1920,-1,1920,1919,1921,-1,1920,1921,1922,-1,1922,1923,1920,-1,1920,1923,1924,-1,1920,1924,1909,-1,1909,1924,1925,-1,1909,1925,1911,-1,1796,1865,1797,-1,1797,1865,1876,-1,1801,1800,1910,-1,1801,1910,1842,-1,1842,1910,1911,-1,1842,1911,1843,-1,1843,1911,1925,-1,1843,1925,1866,-1,1866,1925,1924,-1,1866,1924,1867,-1,1867,1924,1923,-1,1867,1923,1868,-1,1868,1923,1922,-1,1868,1922,1856,-1,1856,1922,1921,-1,1856,1921,1857,-1,1857,1921,1919,-1,1857,1919,1859,-1,1859,1919,1918,-1,1859,1918,1860,-1,1860,1918,1920,-1,1860,1920,1858,-1,1858,1920,1909,-1,1858,1909,1841,-1,1823,1841,1908,-1,1908,1841,1909,-1,1823,1908,1889,-1,1823,1889,1824,-1,1824,1889,1888,-1,1824,1888,1833,-1,1833,1888,1887,-1,1833,1887,1832,-1,1831,1832,1886,-1,1886,1832,1887,-1,1831,1886,1820,-1,1820,1886,1885,-1,1820,1885,1821,-1,1821,1885,1871,-1,1821,1871,1822,-1,1822,1871,1884,-1,1822,1884,1818,-1,1818,1884,1883,-1,1818,1883,1819,-1,1819,1883,1873,-1,1819,1873,1834,-1,1834,1873,1872,-1,1834,1872,1835,-1,1835,1872,1907,-1,1835,1907,1836,-1,1836,1907,1906,-1,1836,1906,1812,-1,1812,1906,1905,-1,1812,1905,1813,-1,1813,1905,1870,-1,1813,1870,1814,-1,1814,1870,1869,-1,1814,1869,1825,-1,1825,1869,1882,-1,1825,1882,1826,-1,1826,1882,1881,-1,1827,1826,1880,-1,1880,1826,1881,-1,1827,1880,1879,-1,1827,1879,1828,-1,1828,1879,1878,-1,1828,1878,1829,-1,1829,1878,1901,-1,1829,1901,1837,-1,1838,1837,1900,-1,1900,1837,1901,-1,1838,1900,1917,-1,1838,1917,1846,-1,1846,1917,1916,-1,1846,1916,1844,-1,1844,1916,1915,-1,1844,1915,1845,-1,1845,1915,1914,-1,1845,1914,1847,-1,1847,1914,1913,-1,1847,1913,1848,-1,1848,1913,1912,-1,1848,1912,1861,-1,1861,1912,1904,-1,1861,1904,1862,-1,1862,1904,1903,-1,1862,1903,1863,-1,1863,1903,1902,-1,1863,1902,1840,-1,1840,1902,1899,-1,1840,1899,1839,-1,1839,1899,1805,-1,1839,1805,1804,-1,1815,1809,1877,-1,1877,1809,1808,-1,1815,1877,1875,-1,1815,1875,1816,-1,1816,1875,1874,-1,1816,1874,1817,-1,1817,1874,1892,-1,1817,1892,1830,-1,1830,1892,1897,-1,1830,1897,1849,-1,1849,1897,1896,-1,1849,1896,1850,-1,1850,1896,1895,-1,1850,1895,1851,-1,1851,1895,1894,-1,1851,1894,1852,-1,1852,1894,1893,-1,1852,1893,1853,-1,1853,1893,1891,-1,1853,1891,1854,-1,1854,1891,1890,-1,1854,1890,1855,-1,1855,1890,1898,-1,1855,1898,1864,-1,1864,1898,1876,-1,1864,1876,1865,-1,1926,1927,1928,-1,1928,1927,1929,-1,1930,1931,1932,-1,1932,1931,1933,-1,1934,1935,1936,-1,1936,1935,1937,-1,1938,1939,1940,-1,1940,1939,1941,-1,1942,1943,1944,-1,1945,1946,1940,-1,1940,1946,1947,-1,1948,1949,1941,-1,1944,1950,1942,-1,1942,1950,1951,-1,1942,1951,1941,-1,1941,1951,1952,-1,1941,1952,1948,-1,1949,1953,1941,-1,1941,1953,1954,-1,1941,1954,1940,-1,1940,1954,1955,-1,1940,1955,1945,-1,1947,1956,1940,-1,1940,1956,1957,-1,1940,1957,1934,-1,1934,1957,1958,-1,1934,1958,1935,-1,1935,1958,1959,-1,1935,1959,1960,-1,1944,1961,1950,-1,1950,1961,1927,-1,1950,1927,1962,-1,1927,1926,1962,-1,1962,1926,1932,-1,1962,1932,1963,-1,1963,1932,1933,-1,1963,1933,1964,-1,1964,1933,1965,-1,1960,1966,1935,-1,1935,1966,1967,-1,1935,1967,1968,-1,1968,1967,1969,-1,1970,1971,1933,-1,1933,1971,1972,-1,1933,1972,1965,-1,1970,1973,1971,-1,1971,1973,1974,-1,1971,1974,1975,-1,1976,1977,1978,-1,1978,1977,1979,-1,1978,1979,1980,-1,1981,1982,1961,-1,1961,1982,1983,-1,1961,1983,1984,-1,1984,1985,1961,-1,1961,1985,1986,-1,1961,1986,1987,-1,1975,1988,1971,-1,1971,1988,1989,-1,1971,1989,1990,-1,1990,1991,1971,-1,1971,1991,1992,-1,1971,1992,1993,-1,1980,1994,1978,-1,1978,1994,1995,-1,1978,1995,1967,-1,1967,1995,1996,-1,1967,1996,1969,-1,1987,1997,1961,-1,1961,1997,1998,-1,1961,1998,1927,-1,1999,2000,2001,-1,2002,2003,1928,-1,1928,2003,2004,-1,2005,2006,1929,-1,1937,2007,2008,-1,2001,2009,1999,-1,1999,2009,2010,-1,1999,2010,1929,-1,1929,2010,2011,-1,1929,2011,2005,-1,2004,2012,1928,-1,1928,2012,2013,-1,1928,2013,1930,-1,1930,2013,2014,-1,1930,2014,1931,-1,1931,2014,2015,-1,1931,2015,2016,-1,2001,2017,2009,-1,2009,2017,1939,-1,2009,1939,2018,-1,1939,1938,2018,-1,2018,1938,1936,-1,2018,1936,2019,-1,2019,1936,1937,-1,2019,1937,2020,-1,2020,1937,2008,-1,2006,2021,1929,-1,1929,2021,2022,-1,1929,2022,1928,-1,1928,2022,2023,-1,1928,2023,2002,-1,2016,2024,1931,-1,1931,2024,2025,-1,1931,2025,2026,-1,2026,2025,2027,-1,2007,1937,2028,-1,2028,1937,2029,-1,2028,2029,2030,-1,2031,2032,2033,-1,2033,2032,2034,-1,2033,2034,2035,-1,2036,2037,2017,-1,2017,2037,2038,-1,2017,2038,1939,-1,2039,2040,2041,-1,2041,2040,2042,-1,2041,2042,2043,-1,2035,2044,2033,-1,2033,2044,2045,-1,2033,2045,2025,-1,2025,2045,2046,-1,2025,2046,2027,-1,2036,2017,2047,-1,2047,2017,2048,-1,2047,2048,2049,-1,2049,2050,2047,-1,2047,2050,2051,-1,2047,2051,2052,-1,2030,2053,2028,-1,2028,2053,2054,-1,2028,2054,2041,-1,2041,2054,2055,-1,2041,2055,2039,-1,1942,1941,2038,-1,2038,1941,1939,-1,1942,2038,2037,-1,1942,2037,1943,-1,1943,2037,2036,-1,1943,2036,1944,-1,1944,2036,2047,-1,1944,2047,1961,-1,1961,2047,2052,-1,1961,2052,1981,-1,1981,2052,2051,-1,1981,2051,1982,-1,1982,2051,2050,-1,1982,2050,1983,-1,1983,2050,2049,-1,1983,2049,1984,-1,1984,2049,2048,-1,1984,2048,1985,-1,1985,2048,2017,-1,1985,2017,1986,-1,1986,2017,2001,-1,1986,2001,1987,-1,1987,2001,2000,-1,1987,2000,1997,-1,1997,2000,1999,-1,1997,1999,1998,-1,1927,1998,1929,-1,1929,1998,1999,-1,1933,1931,2026,-1,1933,2026,1970,-1,1970,2026,2027,-1,1970,2027,1973,-1,1973,2027,2046,-1,1973,2046,1974,-1,1974,2046,2045,-1,1974,2045,1975,-1,1975,2045,2044,-1,1975,2044,1988,-1,1988,2044,2035,-1,1988,2035,1989,-1,1989,2035,2034,-1,1989,2034,1990,-1,1990,2034,2032,-1,1990,2032,1991,-1,1991,2032,2031,-1,1991,2031,1992,-1,1992,2031,2033,-1,1992,2033,1993,-1,1993,2033,2025,-1,1993,2025,1971,-1,1972,1971,2024,-1,2024,1971,2025,-1,1972,2024,2016,-1,1972,2016,1965,-1,1965,2016,2015,-1,1965,2015,1964,-1,1964,2015,2014,-1,1964,2014,1963,-1,1962,1963,2013,-1,2013,1963,2014,-1,1962,2013,1950,-1,1950,2013,2012,-1,1950,2012,1951,-1,1951,2012,2004,-1,1951,2004,1952,-1,1952,2004,2003,-1,1952,2003,1948,-1,1948,2003,2002,-1,1948,2002,1949,-1,1949,2002,2023,-1,1949,2023,1953,-1,1953,2023,2022,-1,1953,2022,1954,-1,1954,2022,2021,-1,1954,2021,1955,-1,1955,2021,2006,-1,1955,2006,1945,-1,1945,2006,2005,-1,1945,2005,1946,-1,1946,2005,2011,-1,1946,2011,1947,-1,1947,2011,2010,-1,1947,2010,1956,-1,1956,2010,2009,-1,1956,2009,1957,-1,1957,2009,2018,-1,1958,1957,2019,-1,2019,1957,2018,-1,1958,2019,2020,-1,1958,2020,1959,-1,1959,2020,2008,-1,1959,2008,1960,-1,1960,2008,2007,-1,1960,2007,1966,-1,1967,1966,2028,-1,2028,1966,2007,-1,1967,2028,2041,-1,1967,2041,1978,-1,1978,2041,2043,-1,1978,2043,1976,-1,1976,2043,2042,-1,1976,2042,1977,-1,1977,2042,2040,-1,1977,2040,1979,-1,1979,2040,2039,-1,1979,2039,1980,-1,1980,2039,2055,-1,1980,2055,1994,-1,1994,2055,2054,-1,1994,2054,1995,-1,1995,2054,2053,-1,1995,2053,1996,-1,1996,2053,2030,-1,1996,2030,1969,-1,1969,2030,2029,-1,1969,2029,1968,-1,1968,2029,1937,-1,1968,1937,1935,-1,2056,2057,2058,-1,2058,2057,2059,-1,2060,2061,2062,-1,2062,2061,2063,-1,2064,2065,2066,-1,2066,2065,2067,-1,2068,2069,2070,-1,2070,2069,2071,-1,2072,2073,2074,-1,2075,2076,2071,-1,2077,2078,2070,-1,2070,2078,2079,-1,2080,2074,2081,-1,2074,2080,2072,-1,2072,2080,2082,-1,2072,2082,2071,-1,2071,2082,2083,-1,2071,2083,2075,-1,2079,2084,2070,-1,2070,2084,2085,-1,2070,2085,2064,-1,2064,2085,2086,-1,2064,2086,2087,-1,2088,2089,2090,-1,2090,2089,2065,-1,2090,2065,2091,-1,2091,2065,2064,-1,2091,2064,2092,-1,2092,2064,2087,-1,2093,2080,2057,-1,2057,2080,2081,-1,2057,2081,2094,-1,2095,2096,2063,-1,2063,2096,2097,-1,2063,2097,2098,-1,2057,2056,2093,-1,2093,2056,2062,-1,2093,2062,2099,-1,2099,2062,2063,-1,2099,2063,2100,-1,2100,2063,2098,-1,2076,2101,2071,-1,2071,2101,2102,-1,2071,2102,2070,-1,2070,2102,2103,-1,2070,2103,2077,-1,2104,2105,2095,-1,2095,2105,2106,-1,2090,2107,2088,-1,2088,2107,2108,-1,2088,2108,2109,-1,2110,2111,2081,-1,2081,2111,2112,-1,2081,2112,2094,-1,2104,2095,2113,-1,2113,2095,2114,-1,2113,2114,2115,-1,2106,2116,2095,-1,2095,2116,2117,-1,2095,2117,2096,-1,2109,2118,2088,-1,2088,2118,2119,-1,2088,2119,2120,-1,2120,2119,2121,-1,2120,2121,2122,-1,2123,2081,2124,-1,2124,2081,2125,-1,2123,2126,2081,-1,2081,2126,2127,-1,2081,2127,2110,-1,2128,2129,2066,-1,2130,2131,2132,-1,2133,2134,2059,-1,2135,2136,2058,-1,2058,2136,2137,-1,2132,2138,2130,-1,2130,2138,2139,-1,2130,2139,2059,-1,2059,2139,2140,-1,2059,2140,2133,-1,2137,2141,2058,-1,2058,2141,2142,-1,2058,2142,2060,-1,2060,2142,2143,-1,2060,2143,2144,-1,2145,2066,2146,-1,2146,2066,2067,-1,2132,2147,2138,-1,2138,2147,2069,-1,2138,2069,2129,-1,2129,2069,2068,-1,2129,2068,2066,-1,2148,2149,2150,-1,2145,2151,2066,-1,2066,2151,2152,-1,2066,2152,2128,-1,2153,2154,2155,-1,2156,2157,2147,-1,2147,2157,2158,-1,2147,2158,2069,-1,2067,2159,2146,-1,2146,2159,2150,-1,2146,2150,2160,-1,2160,2150,2149,-1,2134,2161,2059,-1,2059,2161,2162,-1,2059,2162,2058,-1,2058,2162,2163,-1,2058,2163,2135,-1,2153,2155,2164,-1,2144,2165,2060,-1,2060,2165,2166,-1,2060,2166,2061,-1,2061,2166,2167,-1,2061,2167,2155,-1,2155,2167,2168,-1,2155,2168,2164,-1,2154,2169,2155,-1,2155,2169,2170,-1,2155,2170,2171,-1,2171,2170,2172,-1,2173,2174,2175,-1,2175,2174,2176,-1,2175,2176,2150,-1,2150,2176,2177,-1,2150,2177,2148,-1,2156,2147,2178,-1,2178,2147,2179,-1,2178,2179,2180,-1,2180,2181,2178,-1,2178,2181,2182,-1,2178,2182,2183,-1,2072,2071,2158,-1,2158,2071,2069,-1,2072,2158,2157,-1,2072,2157,2073,-1,2073,2157,2156,-1,2073,2156,2074,-1,2074,2156,2178,-1,2074,2178,2081,-1,2081,2178,2183,-1,2081,2183,2125,-1,2125,2183,2182,-1,2125,2182,2124,-1,2124,2182,2181,-1,2124,2181,2123,-1,2123,2181,2180,-1,2123,2180,2126,-1,2126,2180,2179,-1,2126,2179,2127,-1,2127,2179,2147,-1,2127,2147,2110,-1,2110,2147,2132,-1,2110,2132,2111,-1,2111,2132,2131,-1,2111,2131,2112,-1,2112,2131,2130,-1,2112,2130,2094,-1,2057,2094,2059,-1,2059,2094,2130,-1,2063,2061,2155,-1,2063,2155,2095,-1,2095,2155,2171,-1,2095,2171,2114,-1,2114,2171,2172,-1,2114,2172,2115,-1,2115,2172,2170,-1,2115,2170,2113,-1,2113,2170,2169,-1,2113,2169,2104,-1,2104,2169,2154,-1,2104,2154,2105,-1,2105,2154,2153,-1,2105,2153,2106,-1,2106,2153,2164,-1,2106,2164,2116,-1,2116,2164,2168,-1,2116,2168,2117,-1,2117,2168,2167,-1,2117,2167,2096,-1,2097,2096,2166,-1,2166,2096,2167,-1,2097,2166,2165,-1,2097,2165,2098,-1,2098,2165,2144,-1,2098,2144,2100,-1,2100,2144,2143,-1,2100,2143,2099,-1,2093,2099,2142,-1,2142,2099,2143,-1,2093,2142,2080,-1,2080,2142,2141,-1,2080,2141,2082,-1,2082,2141,2137,-1,2082,2137,2083,-1,2083,2137,2136,-1,2083,2136,2075,-1,2075,2136,2135,-1,2075,2135,2076,-1,2076,2135,2163,-1,2076,2163,2101,-1,2101,2163,2162,-1,2101,2162,2102,-1,2102,2162,2161,-1,2102,2161,2103,-1,2103,2161,2134,-1,2103,2134,2077,-1,2077,2134,2133,-1,2077,2133,2078,-1,2078,2133,2140,-1,2078,2140,2079,-1,2079,2140,2139,-1,2079,2139,2084,-1,2084,2139,2138,-1,2084,2138,2085,-1,2085,2138,2129,-1,2086,2085,2128,-1,2128,2085,2129,-1,2086,2128,2152,-1,2086,2152,2087,-1,2087,2152,2151,-1,2087,2151,2092,-1,2092,2151,2145,-1,2092,2145,2091,-1,2090,2091,2146,-1,2146,2091,2145,-1,2090,2146,2160,-1,2090,2160,2107,-1,2107,2160,2149,-1,2107,2149,2108,-1,2108,2149,2148,-1,2108,2148,2109,-1,2109,2148,2177,-1,2109,2177,2118,-1,2118,2177,2176,-1,2118,2176,2119,-1,2119,2176,2174,-1,2119,2174,2121,-1,2121,2174,2173,-1,2121,2173,2122,-1,2122,2173,2175,-1,2122,2175,2120,-1,2120,2175,2150,-1,2120,2150,2088,-1,2088,2150,2159,-1,2088,2159,2089,-1,2089,2159,2067,-1,2089,2067,2065,-1,2184,2185,2186,-1,2186,2185,2187,-1,2188,2189,2190,-1,2190,2189,2191,-1,2192,2193,2194,-1,2194,2193,2195,-1,2196,2197,2198,-1,2198,2197,2199,-1,2200,2201,2198,-1,2200,2198,2202,-1,2203,2204,2205,-1,2206,2207,2199,-1,2208,2205,2209,-1,2205,2208,2203,-1,2203,2208,2210,-1,2203,2210,2199,-1,2199,2210,2211,-1,2199,2211,2206,-1,2191,2212,2213,-1,2201,2214,2198,-1,2198,2214,2215,-1,2198,2215,2192,-1,2192,2215,2216,-1,2192,2216,2217,-1,2218,2208,2185,-1,2185,2208,2209,-1,2185,2209,2219,-1,2185,2184,2218,-1,2218,2184,2190,-1,2218,2190,2220,-1,2220,2190,2191,-1,2220,2191,2221,-1,2221,2191,2213,-1,2222,2223,2224,-1,2224,2223,2193,-1,2224,2193,2225,-1,2225,2193,2192,-1,2225,2192,2226,-1,2226,2192,2217,-1,2212,2191,2227,-1,2227,2191,2228,-1,2227,2228,2229,-1,2207,2230,2199,-1,2199,2230,2231,-1,2199,2231,2198,-1,2198,2231,2232,-1,2198,2232,2202,-1,2233,2234,2209,-1,2209,2234,2235,-1,2209,2235,2219,-1,2236,2237,2227,-1,2227,2237,2238,-1,2227,2238,2239,-1,2239,2238,2240,-1,2224,2241,2222,-1,2222,2241,2242,-1,2222,2242,2243,-1,2229,2244,2227,-1,2227,2244,2245,-1,2227,2245,2236,-1,2246,2209,2247,-1,2247,2209,2248,-1,2246,2249,2209,-1,2209,2249,2250,-1,2209,2250,2233,-1,2243,2251,2222,-1,2222,2251,2252,-1,2222,2252,2253,-1,2253,2252,2254,-1,2253,2254,2255,-1,2256,2257,2194,-1,2258,2259,2260,-1,2261,2262,2187,-1,2263,2264,2186,-1,2186,2264,2265,-1,2266,2189,2267,-1,2260,2268,2258,-1,2258,2268,2269,-1,2258,2269,2187,-1,2187,2269,2270,-1,2187,2270,2261,-1,2265,2271,2186,-1,2186,2271,2272,-1,2186,2272,2188,-1,2188,2272,2273,-1,2188,2273,2274,-1,2275,2194,2276,-1,2276,2194,2195,-1,2274,2277,2188,-1,2188,2277,2278,-1,2188,2278,2189,-1,2189,2278,2279,-1,2189,2279,2267,-1,2260,2280,2268,-1,2268,2280,2197,-1,2268,2197,2257,-1,2257,2197,2196,-1,2257,2196,2194,-1,2281,2282,2283,-1,2275,2284,2194,-1,2194,2284,2285,-1,2194,2285,2256,-1,2286,2287,2288,-1,2289,2290,2280,-1,2280,2290,2291,-1,2280,2291,2197,-1,2195,2292,2276,-1,2276,2292,2283,-1,2276,2283,2293,-1,2293,2283,2282,-1,2262,2294,2187,-1,2187,2294,2295,-1,2187,2295,2186,-1,2186,2295,2296,-1,2186,2296,2263,-1,2266,2267,2288,-1,2288,2267,2297,-1,2288,2297,2286,-1,2287,2298,2288,-1,2288,2298,2299,-1,2288,2299,2300,-1,2301,2302,2303,-1,2303,2302,2304,-1,2303,2304,2283,-1,2283,2304,2305,-1,2283,2305,2281,-1,2289,2280,2306,-1,2306,2280,2307,-1,2306,2307,2308,-1,2308,2309,2306,-1,2306,2309,2310,-1,2306,2310,2311,-1,2203,2199,2291,-1,2291,2199,2197,-1,2203,2291,2290,-1,2203,2290,2204,-1,2204,2290,2289,-1,2204,2289,2205,-1,2205,2289,2306,-1,2205,2306,2209,-1,2209,2306,2311,-1,2209,2311,2248,-1,2248,2311,2310,-1,2248,2310,2247,-1,2247,2310,2309,-1,2247,2309,2246,-1,2246,2309,2308,-1,2246,2308,2249,-1,2249,2308,2307,-1,2249,2307,2250,-1,2250,2307,2280,-1,2250,2280,2233,-1,2233,2280,2260,-1,2233,2260,2234,-1,2234,2260,2259,-1,2234,2259,2235,-1,2235,2259,2258,-1,2235,2258,2219,-1,2185,2219,2187,-1,2187,2219,2258,-1,2191,2189,2266,-1,2191,2266,2228,-1,2228,2266,2288,-1,2228,2288,2229,-1,2229,2288,2300,-1,2229,2300,2244,-1,2244,2300,2299,-1,2244,2299,2245,-1,2245,2299,2298,-1,2245,2298,2236,-1,2236,2298,2287,-1,2236,2287,2237,-1,2237,2287,2286,-1,2237,2286,2238,-1,2238,2286,2297,-1,2238,2297,2240,-1,2240,2297,2267,-1,2240,2267,2239,-1,2239,2267,2279,-1,2239,2279,2227,-1,2212,2227,2278,-1,2278,2227,2279,-1,2212,2278,2277,-1,2212,2277,2213,-1,2213,2277,2274,-1,2213,2274,2221,-1,2221,2274,2273,-1,2221,2273,2220,-1,2218,2220,2272,-1,2272,2220,2273,-1,2218,2272,2208,-1,2208,2272,2271,-1,2208,2271,2210,-1,2210,2271,2265,-1,2210,2265,2211,-1,2211,2265,2264,-1,2211,2264,2206,-1,2206,2264,2263,-1,2206,2263,2207,-1,2207,2263,2296,-1,2207,2296,2230,-1,2230,2296,2295,-1,2230,2295,2231,-1,2231,2295,2294,-1,2231,2294,2232,-1,2232,2294,2262,-1,2232,2262,2202,-1,2202,2262,2261,-1,2202,2261,2200,-1,2200,2261,2270,-1,2200,2270,2201,-1,2201,2270,2269,-1,2201,2269,2214,-1,2214,2269,2268,-1,2214,2268,2215,-1,2215,2268,2257,-1,2216,2215,2256,-1,2256,2215,2257,-1,2216,2256,2285,-1,2216,2285,2217,-1,2217,2285,2284,-1,2217,2284,2226,-1,2226,2284,2275,-1,2226,2275,2225,-1,2224,2225,2276,-1,2276,2225,2275,-1,2224,2276,2293,-1,2224,2293,2241,-1,2241,2293,2282,-1,2241,2282,2242,-1,2242,2282,2281,-1,2242,2281,2243,-1,2243,2281,2305,-1,2243,2305,2251,-1,2251,2305,2304,-1,2251,2304,2252,-1,2252,2304,2302,-1,2252,2302,2254,-1,2254,2302,2301,-1,2254,2301,2255,-1,2255,2301,2303,-1,2255,2303,2253,-1,2253,2303,2283,-1,2253,2283,2222,-1,2222,2283,2292,-1,2222,2292,2223,-1,2223,2292,2195,-1,2223,2195,2193,-1,2312,2313,2314,-1,2314,2313,2315,-1,2316,2317,2318,-1,2318,2317,2319,-1,2320,2321,2322,-1,2322,2321,2323,-1,2324,2325,2326,-1,2326,2325,2327,-1,2328,2329,2326,-1,2328,2326,2330,-1,2331,2332,2333,-1,2334,2335,2327,-1,2336,2333,2337,-1,2333,2336,2331,-1,2331,2336,2338,-1,2331,2338,2327,-1,2327,2338,2339,-1,2327,2339,2334,-1,2319,2340,2341,-1,2329,2342,2326,-1,2326,2342,2343,-1,2326,2343,2320,-1,2320,2343,2344,-1,2320,2344,2345,-1,2346,2336,2313,-1,2313,2336,2337,-1,2313,2337,2347,-1,2313,2312,2346,-1,2346,2312,2318,-1,2346,2318,2348,-1,2348,2318,2319,-1,2348,2319,2349,-1,2349,2319,2341,-1,2350,2351,2352,-1,2352,2351,2321,-1,2352,2321,2353,-1,2353,2321,2320,-1,2353,2320,2354,-1,2354,2320,2345,-1,2340,2319,2355,-1,2355,2319,2356,-1,2355,2356,2357,-1,2335,2358,2327,-1,2327,2358,2359,-1,2327,2359,2326,-1,2326,2359,2360,-1,2326,2360,2330,-1,2361,2362,2337,-1,2337,2362,2363,-1,2337,2363,2347,-1,2364,2365,2355,-1,2355,2365,2366,-1,2355,2366,2367,-1,2367,2366,2368,-1,2352,2369,2350,-1,2350,2369,2370,-1,2350,2370,2371,-1,2357,2372,2355,-1,2355,2372,2373,-1,2355,2373,2364,-1,2374,2337,2375,-1,2375,2337,2376,-1,2374,2377,2337,-1,2337,2377,2378,-1,2337,2378,2361,-1,2371,2379,2350,-1,2350,2379,2380,-1,2350,2380,2381,-1,2381,2380,2382,-1,2381,2382,2383,-1,2384,2385,2322,-1,2386,2387,2388,-1,2389,2390,2315,-1,2391,2392,2314,-1,2314,2392,2393,-1,2394,2317,2395,-1,2388,2396,2386,-1,2386,2396,2397,-1,2386,2397,2315,-1,2315,2397,2398,-1,2315,2398,2389,-1,2393,2399,2314,-1,2314,2399,2400,-1,2314,2400,2316,-1,2316,2400,2401,-1,2316,2401,2402,-1,2403,2322,2404,-1,2404,2322,2323,-1,2402,2405,2316,-1,2316,2405,2406,-1,2316,2406,2317,-1,2317,2406,2407,-1,2317,2407,2395,-1,2388,2408,2396,-1,2396,2408,2325,-1,2396,2325,2385,-1,2385,2325,2324,-1,2385,2324,2322,-1,2409,2410,2411,-1,2403,2412,2322,-1,2322,2412,2413,-1,2322,2413,2384,-1,2414,2415,2416,-1,2417,2418,2408,-1,2408,2418,2419,-1,2408,2419,2325,-1,2323,2420,2404,-1,2404,2420,2411,-1,2404,2411,2421,-1,2421,2411,2410,-1,2390,2422,2315,-1,2315,2422,2423,-1,2315,2423,2314,-1,2314,2423,2424,-1,2314,2424,2391,-1,2394,2395,2416,-1,2416,2395,2425,-1,2416,2425,2414,-1,2415,2426,2416,-1,2416,2426,2427,-1,2416,2427,2428,-1,2429,2430,2431,-1,2431,2430,2432,-1,2431,2432,2411,-1,2411,2432,2433,-1,2411,2433,2409,-1,2417,2408,2434,-1,2434,2408,2435,-1,2434,2435,2436,-1,2436,2437,2434,-1,2434,2437,2438,-1,2434,2438,2439,-1,2331,2327,2419,-1,2419,2327,2325,-1,2331,2419,2418,-1,2331,2418,2332,-1,2332,2418,2417,-1,2332,2417,2333,-1,2333,2417,2434,-1,2333,2434,2337,-1,2337,2434,2439,-1,2337,2439,2376,-1,2376,2439,2438,-1,2376,2438,2375,-1,2375,2438,2437,-1,2375,2437,2374,-1,2374,2437,2436,-1,2374,2436,2377,-1,2377,2436,2435,-1,2377,2435,2378,-1,2378,2435,2408,-1,2378,2408,2361,-1,2361,2408,2388,-1,2361,2388,2362,-1,2362,2388,2387,-1,2362,2387,2363,-1,2363,2387,2386,-1,2363,2386,2347,-1,2313,2347,2315,-1,2315,2347,2386,-1,2319,2317,2394,-1,2319,2394,2356,-1,2356,2394,2416,-1,2356,2416,2357,-1,2357,2416,2428,-1,2357,2428,2372,-1,2372,2428,2427,-1,2372,2427,2373,-1,2373,2427,2426,-1,2373,2426,2364,-1,2364,2426,2415,-1,2364,2415,2365,-1,2365,2415,2414,-1,2365,2414,2366,-1,2366,2414,2425,-1,2366,2425,2368,-1,2368,2425,2395,-1,2368,2395,2367,-1,2367,2395,2407,-1,2367,2407,2355,-1,2340,2355,2406,-1,2406,2355,2407,-1,2340,2406,2405,-1,2340,2405,2341,-1,2341,2405,2402,-1,2341,2402,2349,-1,2349,2402,2401,-1,2349,2401,2348,-1,2346,2348,2400,-1,2400,2348,2401,-1,2346,2400,2336,-1,2336,2400,2399,-1,2336,2399,2338,-1,2338,2399,2393,-1,2338,2393,2339,-1,2339,2393,2392,-1,2339,2392,2334,-1,2334,2392,2391,-1,2334,2391,2335,-1,2335,2391,2424,-1,2335,2424,2358,-1,2358,2424,2423,-1,2358,2423,2359,-1,2359,2423,2422,-1,2359,2422,2360,-1,2360,2422,2390,-1,2360,2390,2330,-1,2330,2390,2389,-1,2330,2389,2328,-1,2328,2389,2398,-1,2328,2398,2329,-1,2329,2398,2397,-1,2329,2397,2342,-1,2342,2397,2396,-1,2342,2396,2343,-1,2343,2396,2385,-1,2344,2343,2384,-1,2384,2343,2385,-1,2344,2384,2413,-1,2344,2413,2345,-1,2345,2413,2412,-1,2345,2412,2354,-1,2354,2412,2403,-1,2354,2403,2353,-1,2352,2353,2404,-1,2404,2353,2403,-1,2352,2404,2421,-1,2352,2421,2369,-1,2369,2421,2410,-1,2369,2410,2370,-1,2370,2410,2409,-1,2370,2409,2371,-1,2371,2409,2433,-1,2371,2433,2379,-1,2379,2433,2432,-1,2379,2432,2380,-1,2380,2432,2430,-1,2380,2430,2382,-1,2382,2430,2429,-1,2382,2429,2383,-1,2383,2429,2431,-1,2383,2431,2381,-1,2381,2431,2411,-1,2381,2411,2350,-1,2350,2411,2420,-1,2350,2420,2351,-1,2351,2420,2323,-1,2351,2323,2321,-1,2440,2441,2442,-1,2442,2441,2443,-1,2444,2445,2446,-1,2446,2445,2447,-1,2448,2449,2450,-1,2450,2449,2451,-1,2452,2453,2454,-1,2454,2453,2455,-1,2456,2455,2457,-1,2457,2455,2458,-1,2459,2460,2461,-1,2458,2455,2462,-1,2462,2455,2459,-1,2462,2459,2463,-1,2463,2459,2461,-1,2463,2461,2464,-1,2465,2454,2466,-1,2466,2454,2455,-1,2466,2455,2467,-1,2467,2455,2456,-1,2465,2468,2454,-1,2454,2468,2469,-1,2454,2469,2470,-1,2471,2472,2447,-1,2447,2472,2473,-1,2474,2463,2441,-1,2441,2463,2464,-1,2441,2464,2475,-1,2476,2477,2447,-1,2441,2440,2474,-1,2474,2440,2446,-1,2474,2446,2478,-1,2478,2446,2447,-1,2478,2447,2479,-1,2479,2447,2473,-1,2480,2481,2449,-1,2449,2481,2482,-1,2449,2482,2483,-1,2477,2484,2447,-1,2447,2484,2485,-1,2447,2485,2471,-1,2470,2486,2454,-1,2454,2486,2487,-1,2454,2487,2448,-1,2448,2487,2488,-1,2448,2488,2449,-1,2449,2488,2489,-1,2449,2489,2480,-1,2490,2447,2491,-1,2491,2447,2492,-1,2493,2464,2494,-1,2494,2464,2495,-1,2493,2496,2464,-1,2464,2496,2497,-1,2464,2497,2498,-1,2498,2499,2464,-1,2464,2499,2500,-1,2464,2500,2475,-1,2490,2501,2447,-1,2447,2501,2502,-1,2447,2502,2476,-1,2503,2504,2482,-1,2504,2505,2482,-1,2482,2505,2506,-1,2482,2506,2483,-1,2507,2508,2509,-1,2509,2508,2510,-1,2510,2508,2482,-1,2482,2508,2511,-1,2482,2511,2503,-1,2512,2513,2445,-1,2514,2515,2443,-1,2516,2517,2518,-1,2518,2519,2516,-1,2516,2519,2520,-1,2516,2520,2443,-1,2443,2520,2521,-1,2443,2521,2514,-1,2522,2442,2523,-1,2523,2442,2443,-1,2523,2443,2524,-1,2524,2443,2515,-1,2522,2525,2442,-1,2442,2525,2526,-1,2442,2526,2527,-1,2451,2528,2529,-1,2518,2530,2519,-1,2519,2530,2453,-1,2519,2453,2531,-1,2453,2452,2531,-1,2531,2452,2450,-1,2531,2450,2532,-1,2532,2450,2451,-1,2532,2451,2533,-1,2533,2451,2529,-1,2534,2535,2445,-1,2536,2537,2530,-1,2530,2537,2538,-1,2530,2538,2453,-1,2539,2540,2451,-1,2451,2540,2541,-1,2451,2541,2528,-1,2527,2542,2442,-1,2442,2542,2543,-1,2442,2543,2444,-1,2444,2543,2544,-1,2444,2544,2445,-1,2445,2544,2545,-1,2445,2545,2534,-1,2539,2546,2540,-1,2540,2546,2547,-1,2540,2547,2548,-1,2536,2530,2549,-1,2549,2530,2550,-1,2549,2550,2551,-1,2551,2552,2549,-1,2549,2552,2553,-1,2549,2553,2554,-1,2540,2555,2556,-1,2556,2555,2557,-1,2535,2558,2445,-1,2445,2558,2559,-1,2445,2559,2560,-1,2548,2561,2540,-1,2540,2561,2562,-1,2540,2562,2555,-1,2560,2563,2445,-1,2445,2563,2564,-1,2445,2564,2565,-1,2565,2566,2445,-1,2445,2566,2567,-1,2445,2567,2512,-1,2459,2455,2538,-1,2538,2455,2453,-1,2459,2538,2537,-1,2459,2537,2460,-1,2460,2537,2536,-1,2460,2536,2461,-1,2461,2536,2549,-1,2461,2549,2464,-1,2464,2549,2554,-1,2464,2554,2495,-1,2495,2554,2553,-1,2495,2553,2494,-1,2494,2553,2552,-1,2494,2552,2493,-1,2493,2552,2551,-1,2493,2551,2496,-1,2496,2551,2550,-1,2496,2550,2497,-1,2497,2550,2530,-1,2497,2530,2498,-1,2498,2530,2518,-1,2498,2518,2499,-1,2499,2518,2517,-1,2499,2517,2500,-1,2500,2517,2516,-1,2500,2516,2475,-1,2441,2475,2443,-1,2443,2475,2516,-1,2447,2445,2513,-1,2447,2513,2492,-1,2492,2513,2512,-1,2492,2512,2491,-1,2491,2512,2567,-1,2491,2567,2490,-1,2490,2567,2566,-1,2490,2566,2501,-1,2501,2566,2565,-1,2501,2565,2502,-1,2502,2565,2564,-1,2502,2564,2476,-1,2476,2564,2563,-1,2476,2563,2477,-1,2477,2563,2560,-1,2477,2560,2484,-1,2484,2560,2559,-1,2484,2559,2485,-1,2485,2559,2558,-1,2485,2558,2471,-1,2472,2471,2535,-1,2535,2471,2558,-1,2472,2535,2534,-1,2472,2534,2473,-1,2473,2534,2545,-1,2473,2545,2479,-1,2479,2545,2544,-1,2479,2544,2478,-1,2474,2478,2543,-1,2543,2478,2544,-1,2474,2543,2463,-1,2463,2543,2542,-1,2463,2542,2462,-1,2462,2542,2527,-1,2462,2527,2458,-1,2458,2527,2526,-1,2458,2526,2457,-1,2457,2526,2525,-1,2457,2525,2456,-1,2456,2525,2522,-1,2456,2522,2467,-1,2467,2522,2523,-1,2467,2523,2466,-1,2466,2523,2524,-1,2466,2524,2465,-1,2465,2524,2515,-1,2465,2515,2468,-1,2468,2515,2514,-1,2468,2514,2469,-1,2469,2514,2521,-1,2469,2521,2470,-1,2470,2521,2520,-1,2470,2520,2486,-1,2486,2520,2519,-1,2486,2519,2487,-1,2487,2519,2531,-1,2488,2487,2532,-1,2532,2487,2531,-1,2488,2532,2533,-1,2488,2533,2489,-1,2489,2533,2529,-1,2489,2529,2480,-1,2480,2529,2528,-1,2480,2528,2481,-1,2482,2481,2541,-1,2541,2481,2528,-1,2482,2541,2540,-1,2482,2540,2510,-1,2510,2540,2556,-1,2510,2556,2509,-1,2509,2556,2557,-1,2509,2557,2507,-1,2507,2557,2555,-1,2507,2555,2508,-1,2508,2555,2562,-1,2508,2562,2511,-1,2511,2562,2561,-1,2511,2561,2503,-1,2503,2561,2548,-1,2503,2548,2504,-1,2504,2548,2547,-1,2504,2547,2505,-1,2505,2547,2546,-1,2505,2546,2506,-1,2506,2546,2539,-1,2506,2539,2483,-1,2483,2539,2451,-1,2483,2451,2449,-1,2568,2569,2570,-1,2570,2569,2571,-1,2572,2573,2574,-1,2574,2573,2575,-1,2576,2577,2578,-1,2578,2577,2579,-1,2580,2581,2582,-1,2582,2581,2583,-1,2584,2585,2586,-1,2587,2583,2588,-1,2588,2583,2589,-1,2590,2591,2582,-1,2582,2591,2592,-1,2589,2583,2593,-1,2593,2583,2584,-1,2593,2584,2594,-1,2594,2584,2586,-1,2594,2586,2595,-1,2587,2596,2583,-1,2583,2596,2597,-1,2583,2597,2582,-1,2582,2597,2598,-1,2582,2598,2590,-1,2599,2600,2575,-1,2575,2600,2601,-1,2602,2594,2569,-1,2569,2594,2595,-1,2569,2595,2603,-1,2604,2605,2575,-1,2569,2568,2602,-1,2602,2568,2574,-1,2602,2574,2606,-1,2606,2574,2575,-1,2606,2575,2607,-1,2607,2575,2601,-1,2592,2608,2582,-1,2582,2608,2609,-1,2582,2609,2576,-1,2576,2609,2610,-1,2576,2610,2577,-1,2577,2610,2611,-1,2577,2611,2612,-1,2605,2613,2575,-1,2575,2613,2614,-1,2575,2614,2599,-1,2615,2575,2616,-1,2616,2575,2617,-1,2612,2618,2577,-1,2577,2618,2619,-1,2577,2619,2620,-1,2620,2619,2621,-1,2622,2595,2623,-1,2623,2595,2624,-1,2622,2625,2595,-1,2595,2625,2626,-1,2595,2626,2627,-1,2627,2628,2595,-1,2595,2628,2629,-1,2595,2629,2603,-1,2615,2630,2575,-1,2575,2630,2631,-1,2575,2631,2604,-1,2621,2632,2620,-1,2620,2632,2633,-1,2620,2633,2634,-1,2635,2636,2637,-1,2637,2636,2638,-1,2637,2638,2634,-1,2634,2638,2639,-1,2634,2639,2620,-1,2640,2641,2573,-1,2642,2643,2571,-1,2644,2645,2646,-1,2647,2570,2648,-1,2648,2570,2571,-1,2648,2571,2649,-1,2649,2571,2643,-1,2646,2650,2644,-1,2644,2650,2651,-1,2644,2651,2571,-1,2571,2651,2652,-1,2571,2652,2642,-1,2647,2653,2570,-1,2570,2653,2654,-1,2570,2654,2655,-1,2579,2656,2657,-1,2646,2658,2650,-1,2650,2658,2581,-1,2650,2581,2659,-1,2581,2580,2659,-1,2659,2580,2578,-1,2659,2578,2660,-1,2660,2578,2579,-1,2660,2579,2661,-1,2661,2579,2657,-1,2662,2663,2573,-1,2664,2665,2579,-1,2579,2665,2666,-1,2579,2666,2656,-1,2667,2668,2658,-1,2658,2668,2669,-1,2658,2669,2581,-1,2655,2670,2570,-1,2570,2670,2671,-1,2570,2671,2572,-1,2572,2671,2672,-1,2572,2672,2573,-1,2573,2672,2673,-1,2573,2673,2662,-1,2674,2675,2676,-1,2676,2675,2677,-1,2676,2677,2678,-1,2678,2677,2679,-1,2678,2679,2680,-1,2674,2676,2579,-1,2579,2676,2681,-1,2579,2681,2664,-1,2663,2682,2573,-1,2573,2682,2683,-1,2573,2683,2684,-1,2685,2686,2687,-1,2687,2686,2688,-1,2667,2689,2668,-1,2668,2689,2688,-1,2668,2688,2690,-1,2690,2688,2686,-1,2684,2691,2573,-1,2573,2691,2692,-1,2573,2692,2693,-1,2693,2694,2573,-1,2573,2694,2695,-1,2573,2695,2640,-1,2584,2583,2669,-1,2669,2583,2581,-1,2584,2669,2668,-1,2584,2668,2585,-1,2585,2668,2690,-1,2585,2690,2586,-1,2586,2690,2686,-1,2586,2686,2595,-1,2595,2686,2685,-1,2595,2685,2624,-1,2624,2685,2687,-1,2624,2687,2623,-1,2623,2687,2688,-1,2623,2688,2622,-1,2622,2688,2689,-1,2622,2689,2625,-1,2625,2689,2667,-1,2625,2667,2626,-1,2626,2667,2658,-1,2626,2658,2627,-1,2627,2658,2646,-1,2627,2646,2628,-1,2628,2646,2645,-1,2628,2645,2629,-1,2629,2645,2644,-1,2629,2644,2603,-1,2569,2603,2571,-1,2571,2603,2644,-1,2575,2573,2641,-1,2575,2641,2617,-1,2617,2641,2640,-1,2617,2640,2616,-1,2616,2640,2695,-1,2616,2695,2615,-1,2615,2695,2694,-1,2615,2694,2630,-1,2630,2694,2693,-1,2630,2693,2631,-1,2631,2693,2692,-1,2631,2692,2604,-1,2604,2692,2691,-1,2604,2691,2605,-1,2605,2691,2684,-1,2605,2684,2613,-1,2613,2684,2683,-1,2613,2683,2614,-1,2614,2683,2682,-1,2614,2682,2599,-1,2600,2599,2663,-1,2663,2599,2682,-1,2600,2663,2662,-1,2600,2662,2601,-1,2601,2662,2673,-1,2601,2673,2607,-1,2607,2673,2672,-1,2607,2672,2606,-1,2602,2606,2671,-1,2671,2606,2672,-1,2602,2671,2594,-1,2594,2671,2670,-1,2594,2670,2593,-1,2593,2670,2655,-1,2593,2655,2589,-1,2589,2655,2654,-1,2589,2654,2588,-1,2588,2654,2653,-1,2588,2653,2587,-1,2587,2653,2647,-1,2587,2647,2596,-1,2596,2647,2648,-1,2596,2648,2597,-1,2597,2648,2649,-1,2597,2649,2598,-1,2598,2649,2643,-1,2598,2643,2590,-1,2590,2643,2642,-1,2590,2642,2591,-1,2591,2642,2652,-1,2591,2652,2592,-1,2592,2652,2651,-1,2592,2651,2608,-1,2608,2651,2650,-1,2608,2650,2609,-1,2609,2650,2659,-1,2610,2609,2660,-1,2660,2609,2659,-1,2610,2660,2661,-1,2610,2661,2611,-1,2611,2661,2657,-1,2611,2657,2612,-1,2612,2657,2656,-1,2612,2656,2618,-1,2619,2618,2666,-1,2666,2618,2656,-1,2619,2666,2665,-1,2619,2665,2621,-1,2621,2665,2664,-1,2621,2664,2632,-1,2632,2664,2681,-1,2632,2681,2633,-1,2633,2681,2676,-1,2633,2676,2634,-1,2634,2676,2678,-1,2634,2678,2637,-1,2637,2678,2680,-1,2637,2680,2635,-1,2635,2680,2679,-1,2635,2679,2636,-1,2636,2679,2677,-1,2636,2677,2638,-1,2638,2677,2675,-1,2638,2675,2639,-1,2639,2675,2674,-1,2639,2674,2620,-1,2620,2674,2579,-1,2620,2579,2577,-1,2696,2697,2698,-1,2698,2697,2699,-1,2700,2701,2702,-1,2702,2701,2703,-1,2704,2705,2706,-1,2706,2705,2707,-1,2708,2709,2710,-1,2710,2709,2711,-1,2712,2713,2711,-1,2714,2715,2716,-1,2716,2717,2714,-1,2714,2717,2718,-1,2714,2718,2711,-1,2711,2718,2719,-1,2711,2719,2712,-1,2720,2710,2721,-1,2721,2710,2711,-1,2721,2711,2722,-1,2722,2711,2713,-1,2720,2723,2710,-1,2710,2723,2724,-1,2710,2724,2725,-1,2703,2726,2727,-1,2716,2728,2717,-1,2717,2728,2697,-1,2717,2697,2729,-1,2697,2696,2729,-1,2729,2696,2702,-1,2729,2702,2730,-1,2730,2702,2703,-1,2730,2703,2731,-1,2731,2703,2727,-1,2732,2733,2728,-1,2734,2735,2703,-1,2703,2735,2736,-1,2703,2736,2726,-1,2725,2737,2710,-1,2710,2737,2738,-1,2710,2738,2704,-1,2704,2738,2739,-1,2704,2739,2705,-1,2705,2739,2740,-1,2705,2740,2741,-1,2733,2742,2728,-1,2728,2742,2743,-1,2728,2743,2697,-1,2703,2744,2734,-1,2734,2744,2745,-1,2734,2745,2746,-1,2746,2745,2747,-1,2748,2728,2749,-1,2749,2728,2750,-1,2748,2751,2728,-1,2728,2751,2752,-1,2728,2752,2732,-1,2747,2745,2753,-1,2753,2745,2754,-1,2753,2754,2755,-1,2741,2756,2705,-1,2705,2756,2757,-1,2705,2757,2758,-1,2758,2757,2759,-1,2758,2759,2760,-1,2761,2762,2763,-1,2763,2762,2764,-1,2763,2764,2765,-1,2760,2766,2758,-1,2758,2766,2762,-1,2758,2762,2767,-1,2767,2762,2761,-1,2768,2699,2769,-1,2769,2699,2770,-1,2771,2772,2773,-1,2770,2699,2774,-1,2774,2699,2771,-1,2774,2771,2775,-1,2775,2771,2773,-1,2775,2773,2776,-1,2777,2698,2778,-1,2778,2698,2699,-1,2778,2699,2779,-1,2779,2699,2768,-1,2777,2780,2698,-1,2698,2780,2781,-1,2698,2781,2782,-1,2783,2784,2707,-1,2707,2784,2785,-1,2707,2785,2786,-1,2709,2708,2787,-1,2787,2708,2706,-1,2787,2706,2788,-1,2788,2706,2707,-1,2788,2707,2789,-1,2789,2707,2786,-1,2790,2791,2701,-1,2787,2775,2709,-1,2709,2775,2776,-1,2709,2776,2792,-1,2792,2776,2793,-1,2782,2794,2698,-1,2698,2794,2795,-1,2698,2795,2700,-1,2700,2795,2796,-1,2700,2796,2701,-1,2701,2796,2797,-1,2701,2797,2790,-1,2798,2799,2707,-1,2707,2799,2800,-1,2707,2800,2801,-1,2801,2802,2707,-1,2707,2802,2803,-1,2707,2803,2804,-1,2804,2805,2707,-1,2707,2805,2806,-1,2707,2806,2783,-1,2791,2807,2701,-1,2701,2807,2808,-1,2701,2808,2809,-1,2810,2811,2812,-1,2812,2811,2813,-1,2812,2813,2814,-1,2793,2815,2792,-1,2792,2815,2811,-1,2792,2811,2816,-1,2816,2811,2810,-1,2817,2818,2809,-1,2809,2818,2819,-1,2809,2819,2701,-1,2817,2820,2818,-1,2818,2820,2821,-1,2818,2821,2822,-1,2822,2821,2823,-1,2714,2711,2792,-1,2792,2711,2709,-1,2714,2792,2816,-1,2714,2816,2715,-1,2715,2816,2810,-1,2715,2810,2716,-1,2716,2810,2812,-1,2716,2812,2728,-1,2728,2812,2814,-1,2728,2814,2750,-1,2750,2814,2813,-1,2750,2813,2749,-1,2749,2813,2811,-1,2749,2811,2748,-1,2748,2811,2815,-1,2748,2815,2751,-1,2751,2815,2793,-1,2751,2793,2752,-1,2752,2793,2776,-1,2752,2776,2732,-1,2732,2776,2773,-1,2732,2773,2733,-1,2733,2773,2772,-1,2733,2772,2742,-1,2742,2772,2771,-1,2742,2771,2743,-1,2697,2743,2699,-1,2699,2743,2771,-1,2703,2701,2819,-1,2703,2819,2744,-1,2744,2819,2818,-1,2744,2818,2745,-1,2745,2818,2822,-1,2745,2822,2754,-1,2754,2822,2823,-1,2754,2823,2755,-1,2755,2823,2821,-1,2755,2821,2753,-1,2753,2821,2820,-1,2753,2820,2747,-1,2747,2820,2817,-1,2747,2817,2746,-1,2746,2817,2809,-1,2746,2809,2734,-1,2734,2809,2808,-1,2734,2808,2735,-1,2735,2808,2807,-1,2735,2807,2736,-1,2726,2736,2791,-1,2791,2736,2807,-1,2726,2791,2790,-1,2726,2790,2727,-1,2727,2790,2797,-1,2727,2797,2731,-1,2731,2797,2796,-1,2731,2796,2730,-1,2729,2730,2795,-1,2795,2730,2796,-1,2729,2795,2717,-1,2717,2795,2794,-1,2717,2794,2718,-1,2718,2794,2782,-1,2718,2782,2719,-1,2719,2782,2781,-1,2719,2781,2712,-1,2712,2781,2780,-1,2712,2780,2713,-1,2713,2780,2777,-1,2713,2777,2722,-1,2722,2777,2778,-1,2722,2778,2721,-1,2721,2778,2779,-1,2721,2779,2720,-1,2720,2779,2768,-1,2720,2768,2723,-1,2723,2768,2769,-1,2723,2769,2724,-1,2724,2769,2770,-1,2724,2770,2725,-1,2725,2770,2774,-1,2725,2774,2737,-1,2737,2774,2775,-1,2737,2775,2738,-1,2738,2775,2787,-1,2739,2738,2788,-1,2788,2738,2787,-1,2739,2788,2789,-1,2739,2789,2740,-1,2740,2789,2786,-1,2740,2786,2741,-1,2741,2786,2785,-1,2741,2785,2756,-1,2757,2756,2784,-1,2784,2756,2785,-1,2757,2784,2783,-1,2757,2783,2759,-1,2759,2783,2806,-1,2759,2806,2760,-1,2760,2806,2805,-1,2760,2805,2766,-1,2766,2805,2804,-1,2766,2804,2762,-1,2762,2804,2803,-1,2762,2803,2764,-1,2764,2803,2802,-1,2764,2802,2765,-1,2765,2802,2801,-1,2765,2801,2763,-1,2763,2801,2800,-1,2763,2800,2761,-1,2761,2800,2799,-1,2761,2799,2767,-1,2767,2799,2798,-1,2767,2798,2758,-1,2758,2798,2707,-1,2758,2707,2705,-1,2824,2825,2826,-1,2826,2825,2827,-1,2828,2829,2830,-1,2830,2829,2831,-1,2832,2833,2834,-1,2834,2833,2835,-1,2836,2837,2838,-1,2838,2837,2839,-1,2840,2841,2839,-1,2842,2843,2844,-1,2844,2845,2842,-1,2842,2845,2846,-1,2842,2846,2839,-1,2839,2846,2847,-1,2839,2847,2840,-1,2848,2838,2849,-1,2849,2838,2839,-1,2849,2839,2850,-1,2850,2839,2841,-1,2848,2851,2838,-1,2838,2851,2852,-1,2838,2852,2853,-1,2831,2854,2855,-1,2844,2856,2845,-1,2845,2856,2825,-1,2845,2825,2857,-1,2825,2824,2857,-1,2857,2824,2830,-1,2857,2830,2858,-1,2858,2830,2831,-1,2858,2831,2859,-1,2859,2831,2855,-1,2860,2861,2856,-1,2862,2863,2831,-1,2831,2863,2864,-1,2831,2864,2854,-1,2861,2865,2856,-1,2856,2865,2866,-1,2856,2866,2825,-1,2853,2867,2838,-1,2838,2867,2868,-1,2838,2868,2832,-1,2832,2868,2869,-1,2832,2869,2833,-1,2833,2869,2870,-1,2833,2870,2871,-1,2872,2873,2831,-1,2831,2873,2874,-1,2831,2874,2862,-1,2875,2856,2876,-1,2876,2856,2877,-1,2875,2878,2856,-1,2856,2878,2879,-1,2856,2879,2860,-1,2872,2880,2873,-1,2873,2880,2881,-1,2873,2881,2882,-1,2882,2881,2883,-1,2871,2884,2833,-1,2833,2884,2885,-1,2833,2885,2886,-1,2886,2885,2887,-1,2886,2887,2888,-1,2889,2890,2891,-1,2891,2890,2892,-1,2891,2892,2893,-1,2888,2894,2886,-1,2886,2894,2890,-1,2886,2890,2895,-1,2895,2890,2889,-1,2896,2827,2897,-1,2897,2827,2898,-1,2899,2900,2901,-1,2898,2827,2902,-1,2902,2827,2899,-1,2902,2899,2903,-1,2903,2899,2901,-1,2903,2901,2904,-1,2905,2826,2906,-1,2906,2826,2827,-1,2906,2827,2907,-1,2907,2827,2896,-1,2905,2908,2826,-1,2826,2908,2909,-1,2826,2909,2910,-1,2911,2912,2835,-1,2835,2912,2913,-1,2835,2913,2914,-1,2837,2836,2915,-1,2915,2836,2834,-1,2915,2834,2916,-1,2916,2834,2835,-1,2916,2835,2917,-1,2917,2835,2914,-1,2918,2919,2829,-1,2915,2903,2837,-1,2837,2903,2904,-1,2837,2904,2920,-1,2920,2904,2921,-1,2910,2922,2826,-1,2826,2922,2923,-1,2826,2923,2828,-1,2828,2923,2924,-1,2828,2924,2829,-1,2829,2924,2925,-1,2829,2925,2918,-1,2926,2927,2835,-1,2835,2927,2928,-1,2835,2928,2911,-1,2919,2929,2829,-1,2829,2929,2930,-1,2829,2930,2931,-1,2932,2933,2934,-1,2934,2933,2935,-1,2934,2935,2936,-1,2937,2938,2835,-1,2835,2938,2939,-1,2835,2939,2940,-1,2940,2941,2835,-1,2835,2941,2942,-1,2835,2942,2926,-1,2921,2943,2920,-1,2920,2943,2933,-1,2920,2933,2944,-1,2944,2933,2932,-1,2931,2945,2829,-1,2829,2945,2946,-1,2829,2946,2947,-1,2947,2946,2948,-1,2948,2946,2949,-1,2949,2946,2950,-1,2949,2950,2951,-1,2842,2839,2920,-1,2920,2839,2837,-1,2842,2920,2944,-1,2842,2944,2843,-1,2843,2944,2932,-1,2843,2932,2844,-1,2844,2932,2934,-1,2844,2934,2856,-1,2856,2934,2936,-1,2856,2936,2877,-1,2877,2936,2935,-1,2877,2935,2876,-1,2876,2935,2933,-1,2876,2933,2875,-1,2875,2933,2943,-1,2875,2943,2878,-1,2878,2943,2921,-1,2878,2921,2879,-1,2879,2921,2904,-1,2879,2904,2860,-1,2860,2904,2901,-1,2860,2901,2861,-1,2861,2901,2900,-1,2861,2900,2865,-1,2865,2900,2899,-1,2865,2899,2866,-1,2825,2866,2827,-1,2827,2866,2899,-1,2831,2829,2947,-1,2831,2947,2872,-1,2872,2947,2948,-1,2872,2948,2880,-1,2880,2948,2949,-1,2880,2949,2881,-1,2881,2949,2951,-1,2881,2951,2883,-1,2883,2951,2950,-1,2883,2950,2882,-1,2882,2950,2946,-1,2882,2946,2873,-1,2873,2946,2945,-1,2873,2945,2874,-1,2874,2945,2931,-1,2874,2931,2862,-1,2862,2931,2930,-1,2862,2930,2863,-1,2863,2930,2929,-1,2863,2929,2864,-1,2854,2864,2919,-1,2919,2864,2929,-1,2854,2919,2918,-1,2854,2918,2855,-1,2855,2918,2925,-1,2855,2925,2859,-1,2859,2925,2924,-1,2859,2924,2858,-1,2857,2858,2923,-1,2923,2858,2924,-1,2857,2923,2845,-1,2845,2923,2922,-1,2845,2922,2846,-1,2846,2922,2910,-1,2846,2910,2847,-1,2847,2910,2909,-1,2847,2909,2840,-1,2840,2909,2908,-1,2840,2908,2841,-1,2841,2908,2905,-1,2841,2905,2850,-1,2850,2905,2906,-1,2850,2906,2849,-1,2849,2906,2907,-1,2849,2907,2848,-1,2848,2907,2896,-1,2848,2896,2851,-1,2851,2896,2897,-1,2851,2897,2852,-1,2852,2897,2898,-1,2852,2898,2853,-1,2853,2898,2902,-1,2853,2902,2867,-1,2867,2902,2903,-1,2867,2903,2868,-1,2868,2903,2915,-1,2869,2868,2916,-1,2916,2868,2915,-1,2869,2916,2917,-1,2869,2917,2870,-1,2870,2917,2914,-1,2870,2914,2871,-1,2871,2914,2913,-1,2871,2913,2884,-1,2885,2884,2912,-1,2912,2884,2913,-1,2885,2912,2911,-1,2885,2911,2887,-1,2887,2911,2928,-1,2887,2928,2888,-1,2888,2928,2927,-1,2888,2927,2894,-1,2894,2927,2926,-1,2894,2926,2890,-1,2890,2926,2942,-1,2890,2942,2892,-1,2892,2942,2941,-1,2892,2941,2893,-1,2893,2941,2940,-1,2893,2940,2891,-1,2891,2940,2939,-1,2891,2939,2889,-1,2889,2939,2938,-1,2889,2938,2895,-1,2895,2938,2937,-1,2895,2937,2886,-1,2886,2937,2835,-1,2886,2835,2833,-1,2952,2953,2954,-1,2954,2953,2955,-1,2956,2957,2958,-1,2958,2957,2959,-1,2960,2961,2962,-1,2962,2961,2963,-1,2964,2965,2966,-1,2966,2965,2967,-1,2968,2969,2967,-1,2970,2971,2972,-1,2972,2973,2970,-1,2970,2973,2974,-1,2970,2974,2967,-1,2967,2974,2975,-1,2967,2975,2968,-1,2976,2966,2977,-1,2977,2966,2967,-1,2977,2967,2978,-1,2978,2967,2969,-1,2976,2979,2966,-1,2966,2979,2980,-1,2966,2980,2981,-1,2982,2983,2984,-1,2959,2985,2986,-1,2972,2987,2973,-1,2973,2987,2953,-1,2973,2953,2988,-1,2953,2952,2988,-1,2988,2952,2958,-1,2988,2958,2989,-1,2989,2958,2959,-1,2989,2959,2990,-1,2990,2959,2986,-1,2985,2959,2983,-1,2983,2959,2991,-1,2983,2991,2984,-1,2992,2993,2961,-1,2961,2993,2994,-1,2961,2994,2995,-1,2981,2996,2966,-1,2966,2996,2997,-1,2966,2997,2960,-1,2960,2997,2998,-1,2960,2998,2961,-1,2961,2998,2999,-1,2961,2999,2992,-1,3000,3001,2987,-1,2987,3001,3002,-1,2987,3002,3003,-1,3003,3004,2987,-1,2987,3004,3005,-1,2987,3005,3006,-1,3006,3007,2987,-1,2987,3007,3008,-1,2987,3008,2953,-1,3009,3010,2984,-1,2984,3010,3011,-1,2984,3011,2982,-1,3009,2984,3012,-1,3012,2984,3013,-1,3012,3013,3014,-1,3015,3016,2994,-1,3016,3017,2994,-1,2994,3017,3018,-1,2994,3018,2995,-1,3019,3020,3021,-1,3021,3020,3022,-1,3022,3020,2994,-1,2994,3020,3023,-1,2994,3023,3015,-1,3024,3025,3026,-1,3027,2955,3028,-1,3028,2955,3029,-1,3030,3031,2954,-1,2954,3031,3032,-1,3029,2955,3033,-1,3033,2955,3024,-1,3033,3024,3034,-1,3034,3024,3026,-1,3034,3026,3035,-1,3027,3036,2955,-1,2955,3036,3037,-1,2955,3037,2954,-1,2954,3037,3038,-1,2954,3038,3030,-1,2963,3039,3040,-1,2965,2964,3041,-1,3041,2964,2962,-1,3041,2962,3042,-1,3042,2962,2963,-1,3042,2963,3043,-1,3043,2963,3040,-1,3041,3034,2965,-1,2965,3034,3035,-1,2965,3035,3044,-1,3044,3035,3045,-1,3044,3045,3046,-1,3032,3047,2954,-1,2954,3047,3048,-1,2954,3048,2956,-1,2956,3048,3049,-1,2956,3049,2957,-1,2957,3049,3050,-1,2957,3050,3051,-1,3052,3053,2963,-1,2963,3053,3054,-1,2963,3054,3039,-1,3051,3055,2957,-1,2957,3055,3056,-1,2957,3056,3057,-1,3057,3056,3058,-1,3052,3059,3053,-1,3053,3059,3060,-1,3053,3060,3061,-1,3062,3063,3064,-1,3064,3063,3065,-1,3064,3065,3066,-1,3062,3064,3045,-1,3045,3064,3067,-1,3045,3067,3046,-1,3053,3068,3069,-1,3069,3068,3070,-1,3056,3071,3058,-1,3058,3071,3072,-1,3058,3072,3073,-1,3061,3074,3053,-1,3053,3074,3075,-1,3053,3075,3068,-1,3073,3076,3058,-1,3058,3076,3077,-1,3058,3077,3078,-1,3078,3077,3079,-1,2970,2967,3044,-1,3044,2967,2965,-1,2970,3044,3046,-1,2970,3046,2971,-1,2971,3046,3067,-1,2971,3067,2972,-1,2972,3067,3064,-1,2972,3064,2987,-1,2987,3064,3066,-1,2987,3066,3000,-1,3000,3066,3065,-1,3000,3065,3001,-1,3001,3065,3063,-1,3001,3063,3002,-1,3002,3063,3062,-1,3002,3062,3003,-1,3003,3062,3045,-1,3003,3045,3004,-1,3004,3045,3035,-1,3004,3035,3005,-1,3005,3035,3026,-1,3005,3026,3006,-1,3006,3026,3025,-1,3006,3025,3007,-1,3007,3025,3024,-1,3007,3024,3008,-1,2953,3008,2955,-1,2955,3008,3024,-1,2959,2957,3057,-1,2959,3057,2991,-1,2991,3057,3058,-1,2991,3058,2984,-1,2984,3058,3078,-1,2984,3078,3013,-1,3013,3078,3079,-1,3013,3079,3014,-1,3014,3079,3077,-1,3014,3077,3012,-1,3012,3077,3076,-1,3012,3076,3009,-1,3009,3076,3073,-1,3009,3073,3010,-1,3010,3073,3072,-1,3010,3072,3011,-1,3011,3072,3071,-1,3011,3071,2982,-1,2982,3071,3056,-1,2982,3056,2983,-1,2985,2983,3055,-1,3055,2983,3056,-1,2985,3055,3051,-1,2985,3051,2986,-1,2986,3051,3050,-1,2986,3050,2990,-1,2990,3050,3049,-1,2990,3049,2989,-1,2988,2989,3048,-1,3048,2989,3049,-1,2988,3048,2973,-1,2973,3048,3047,-1,2973,3047,2974,-1,2974,3047,3032,-1,2974,3032,2975,-1,2975,3032,3031,-1,2975,3031,2968,-1,2968,3031,3030,-1,2968,3030,2969,-1,2969,3030,3038,-1,2969,3038,2978,-1,2978,3038,3037,-1,2978,3037,2977,-1,2977,3037,3036,-1,2977,3036,2976,-1,2976,3036,3027,-1,2976,3027,2979,-1,2979,3027,3028,-1,2979,3028,2980,-1,2980,3028,3029,-1,2980,3029,2981,-1,2981,3029,3033,-1,2981,3033,2996,-1,2996,3033,3034,-1,2996,3034,2997,-1,2997,3034,3041,-1,2998,2997,3042,-1,3042,2997,3041,-1,2998,3042,3043,-1,2998,3043,2999,-1,2999,3043,3040,-1,2999,3040,2992,-1,2992,3040,3039,-1,2992,3039,2993,-1,2994,2993,3054,-1,3054,2993,3039,-1,2994,3054,3053,-1,2994,3053,3022,-1,3022,3053,3069,-1,3022,3069,3021,-1,3021,3069,3070,-1,3021,3070,3019,-1,3019,3070,3068,-1,3019,3068,3020,-1,3020,3068,3075,-1,3020,3075,3023,-1,3023,3075,3074,-1,3023,3074,3015,-1,3015,3074,3061,-1,3015,3061,3016,-1,3016,3061,3060,-1,3016,3060,3017,-1,3017,3060,3059,-1,3017,3059,3018,-1,3018,3059,3052,-1,3018,3052,2995,-1,2995,3052,2963,-1,2995,2963,2961,-1,3080,3081,3082,-1,3082,3081,3083,-1,3084,3085,3086,-1,3086,3085,3087,-1,3088,3089,3090,-1,3090,3089,3091,-1,3092,3093,3094,-1,3094,3093,3095,-1,3096,3095,3097,-1,3097,3095,3098,-1,3099,3100,3101,-1,3098,3095,3102,-1,3102,3095,3099,-1,3102,3099,3103,-1,3103,3099,3101,-1,3103,3101,3104,-1,3105,3094,3106,-1,3106,3094,3095,-1,3106,3095,3107,-1,3107,3095,3096,-1,3105,3108,3094,-1,3094,3108,3109,-1,3094,3109,3110,-1,3111,3112,3087,-1,3087,3112,3113,-1,3114,3103,3081,-1,3081,3103,3104,-1,3081,3104,3115,-1,3116,3117,3087,-1,3081,3080,3114,-1,3114,3080,3086,-1,3114,3086,3118,-1,3118,3086,3087,-1,3118,3087,3119,-1,3119,3087,3113,-1,3120,3121,3089,-1,3089,3121,3122,-1,3089,3122,3123,-1,3117,3124,3087,-1,3087,3124,3125,-1,3087,3125,3111,-1,3110,3126,3094,-1,3094,3126,3127,-1,3094,3127,3088,-1,3088,3127,3128,-1,3088,3128,3089,-1,3089,3128,3129,-1,3089,3129,3120,-1,3130,3087,3131,-1,3131,3087,3132,-1,3133,3104,3134,-1,3134,3104,3135,-1,3133,3136,3104,-1,3104,3136,3137,-1,3104,3137,3138,-1,3138,3139,3104,-1,3104,3139,3140,-1,3104,3140,3115,-1,3130,3141,3087,-1,3087,3141,3142,-1,3087,3142,3116,-1,3143,3144,3122,-1,3144,3145,3122,-1,3122,3145,3146,-1,3122,3146,3123,-1,3147,3148,3149,-1,3149,3148,3150,-1,3150,3148,3122,-1,3122,3148,3151,-1,3122,3151,3143,-1,3152,3153,3085,-1,3154,3155,3083,-1,3156,3157,3158,-1,3158,3159,3156,-1,3156,3159,3160,-1,3156,3160,3083,-1,3083,3160,3161,-1,3083,3161,3154,-1,3162,3082,3163,-1,3163,3082,3083,-1,3163,3083,3164,-1,3164,3083,3155,-1,3162,3165,3082,-1,3082,3165,3166,-1,3082,3166,3167,-1,3091,3168,3169,-1,3158,3170,3159,-1,3159,3170,3093,-1,3159,3093,3171,-1,3093,3092,3171,-1,3171,3092,3090,-1,3171,3090,3172,-1,3172,3090,3091,-1,3172,3091,3173,-1,3173,3091,3169,-1,3174,3175,3085,-1,3176,3177,3170,-1,3170,3177,3178,-1,3170,3178,3093,-1,3179,3180,3091,-1,3091,3180,3181,-1,3091,3181,3168,-1,3167,3182,3082,-1,3082,3182,3183,-1,3082,3183,3084,-1,3084,3183,3184,-1,3084,3184,3085,-1,3085,3184,3185,-1,3085,3185,3174,-1,3179,3186,3180,-1,3180,3186,3187,-1,3180,3187,3188,-1,3176,3170,3189,-1,3189,3170,3190,-1,3189,3190,3191,-1,3191,3192,3189,-1,3189,3192,3193,-1,3189,3193,3194,-1,3180,3195,3196,-1,3196,3195,3197,-1,3175,3198,3085,-1,3085,3198,3199,-1,3085,3199,3200,-1,3188,3201,3180,-1,3180,3201,3202,-1,3180,3202,3195,-1,3200,3203,3085,-1,3085,3203,3204,-1,3085,3204,3205,-1,3205,3206,3085,-1,3085,3206,3207,-1,3085,3207,3152,-1,3099,3095,3178,-1,3178,3095,3093,-1,3099,3178,3177,-1,3099,3177,3100,-1,3100,3177,3176,-1,3100,3176,3101,-1,3101,3176,3189,-1,3101,3189,3104,-1,3104,3189,3194,-1,3104,3194,3135,-1,3135,3194,3193,-1,3135,3193,3134,-1,3134,3193,3192,-1,3134,3192,3133,-1,3133,3192,3191,-1,3133,3191,3136,-1,3136,3191,3190,-1,3136,3190,3137,-1,3137,3190,3170,-1,3137,3170,3138,-1,3138,3170,3158,-1,3138,3158,3139,-1,3139,3158,3157,-1,3139,3157,3140,-1,3140,3157,3156,-1,3140,3156,3115,-1,3081,3115,3083,-1,3083,3115,3156,-1,3087,3085,3153,-1,3087,3153,3132,-1,3132,3153,3152,-1,3132,3152,3131,-1,3131,3152,3207,-1,3131,3207,3130,-1,3130,3207,3206,-1,3130,3206,3141,-1,3141,3206,3205,-1,3141,3205,3142,-1,3142,3205,3204,-1,3142,3204,3116,-1,3116,3204,3203,-1,3116,3203,3117,-1,3117,3203,3200,-1,3117,3200,3124,-1,3124,3200,3199,-1,3124,3199,3125,-1,3125,3199,3198,-1,3125,3198,3111,-1,3112,3111,3175,-1,3175,3111,3198,-1,3112,3175,3174,-1,3112,3174,3113,-1,3113,3174,3185,-1,3113,3185,3119,-1,3119,3185,3184,-1,3119,3184,3118,-1,3114,3118,3183,-1,3183,3118,3184,-1,3114,3183,3103,-1,3103,3183,3182,-1,3103,3182,3102,-1,3102,3182,3167,-1,3102,3167,3098,-1,3098,3167,3166,-1,3098,3166,3097,-1,3097,3166,3165,-1,3097,3165,3096,-1,3096,3165,3162,-1,3096,3162,3107,-1,3107,3162,3163,-1,3107,3163,3106,-1,3106,3163,3164,-1,3106,3164,3105,-1,3105,3164,3155,-1,3105,3155,3108,-1,3108,3155,3154,-1,3108,3154,3109,-1,3109,3154,3161,-1,3109,3161,3110,-1,3110,3161,3160,-1,3110,3160,3126,-1,3126,3160,3159,-1,3126,3159,3127,-1,3127,3159,3171,-1,3128,3127,3172,-1,3172,3127,3171,-1,3128,3172,3173,-1,3128,3173,3129,-1,3129,3173,3169,-1,3129,3169,3120,-1,3120,3169,3168,-1,3120,3168,3121,-1,3122,3121,3181,-1,3181,3121,3168,-1,3122,3181,3180,-1,3122,3180,3150,-1,3150,3180,3196,-1,3150,3196,3149,-1,3149,3196,3197,-1,3149,3197,3147,-1,3147,3197,3195,-1,3147,3195,3148,-1,3148,3195,3202,-1,3148,3202,3151,-1,3151,3202,3201,-1,3151,3201,3143,-1,3143,3201,3188,-1,3143,3188,3144,-1,3144,3188,3187,-1,3144,3187,3145,-1,3145,3187,3186,-1,3145,3186,3146,-1,3146,3186,3179,-1,3146,3179,3123,-1,3123,3179,3091,-1,3123,3091,3089,-1,3208,3209,3210,-1,3210,3209,3211,-1,3212,3213,3214,-1,3214,3213,3215,-1,3216,3217,3218,-1,3218,3217,3219,-1,3220,3221,3222,-1,3222,3221,3223,-1,3224,3225,3226,-1,3227,3228,3223,-1,3229,3230,3222,-1,3222,3230,3231,-1,3232,3226,3233,-1,3226,3232,3224,-1,3224,3232,3234,-1,3224,3234,3223,-1,3223,3234,3235,-1,3223,3235,3227,-1,3231,3236,3222,-1,3222,3236,3237,-1,3222,3237,3216,-1,3216,3237,3238,-1,3216,3238,3239,-1,3240,3241,3242,-1,3242,3241,3217,-1,3242,3217,3243,-1,3243,3217,3216,-1,3243,3216,3244,-1,3244,3216,3239,-1,3245,3232,3209,-1,3209,3232,3233,-1,3209,3233,3246,-1,3247,3248,3215,-1,3215,3248,3249,-1,3215,3249,3250,-1,3209,3208,3245,-1,3245,3208,3214,-1,3245,3214,3251,-1,3251,3214,3215,-1,3251,3215,3252,-1,3252,3215,3250,-1,3228,3253,3223,-1,3223,3253,3254,-1,3223,3254,3222,-1,3222,3254,3255,-1,3222,3255,3229,-1,3256,3257,3247,-1,3247,3257,3258,-1,3242,3259,3240,-1,3240,3259,3260,-1,3240,3260,3261,-1,3262,3263,3233,-1,3233,3263,3264,-1,3233,3264,3246,-1,3256,3247,3265,-1,3265,3247,3266,-1,3265,3266,3267,-1,3258,3268,3247,-1,3247,3268,3269,-1,3247,3269,3248,-1,3261,3270,3240,-1,3240,3270,3271,-1,3240,3271,3272,-1,3272,3271,3273,-1,3272,3273,3274,-1,3275,3233,3276,-1,3276,3233,3277,-1,3275,3278,3233,-1,3233,3278,3279,-1,3233,3279,3262,-1,3280,3281,3218,-1,3282,3283,3284,-1,3285,3286,3211,-1,3287,3288,3210,-1,3210,3288,3289,-1,3284,3290,3282,-1,3282,3290,3291,-1,3282,3291,3211,-1,3211,3291,3292,-1,3211,3292,3285,-1,3289,3293,3210,-1,3210,3293,3294,-1,3210,3294,3212,-1,3212,3294,3295,-1,3212,3295,3296,-1,3297,3218,3298,-1,3298,3218,3219,-1,3284,3299,3290,-1,3290,3299,3221,-1,3290,3221,3281,-1,3281,3221,3220,-1,3281,3220,3218,-1,3300,3301,3302,-1,3297,3303,3218,-1,3218,3303,3304,-1,3218,3304,3280,-1,3305,3306,3307,-1,3308,3309,3299,-1,3299,3309,3310,-1,3299,3310,3221,-1,3219,3311,3298,-1,3298,3311,3302,-1,3298,3302,3312,-1,3312,3302,3301,-1,3286,3313,3211,-1,3211,3313,3314,-1,3211,3314,3210,-1,3210,3314,3315,-1,3210,3315,3287,-1,3305,3307,3316,-1,3296,3317,3212,-1,3212,3317,3318,-1,3212,3318,3213,-1,3213,3318,3319,-1,3213,3319,3307,-1,3307,3319,3320,-1,3307,3320,3316,-1,3306,3321,3307,-1,3307,3321,3322,-1,3307,3322,3323,-1,3323,3322,3324,-1,3325,3326,3327,-1,3327,3326,3328,-1,3327,3328,3302,-1,3302,3328,3329,-1,3302,3329,3300,-1,3308,3299,3330,-1,3330,3299,3331,-1,3330,3331,3332,-1,3332,3333,3330,-1,3330,3333,3334,-1,3330,3334,3335,-1,3224,3223,3310,-1,3310,3223,3221,-1,3224,3310,3309,-1,3224,3309,3225,-1,3225,3309,3308,-1,3225,3308,3226,-1,3226,3308,3330,-1,3226,3330,3233,-1,3233,3330,3335,-1,3233,3335,3277,-1,3277,3335,3334,-1,3277,3334,3276,-1,3276,3334,3333,-1,3276,3333,3275,-1,3275,3333,3332,-1,3275,3332,3278,-1,3278,3332,3331,-1,3278,3331,3279,-1,3279,3331,3299,-1,3279,3299,3262,-1,3262,3299,3284,-1,3262,3284,3263,-1,3263,3284,3283,-1,3263,3283,3264,-1,3264,3283,3282,-1,3264,3282,3246,-1,3209,3246,3211,-1,3211,3246,3282,-1,3215,3213,3307,-1,3215,3307,3247,-1,3247,3307,3323,-1,3247,3323,3266,-1,3266,3323,3324,-1,3266,3324,3267,-1,3267,3324,3322,-1,3267,3322,3265,-1,3265,3322,3321,-1,3265,3321,3256,-1,3256,3321,3306,-1,3256,3306,3257,-1,3257,3306,3305,-1,3257,3305,3258,-1,3258,3305,3316,-1,3258,3316,3268,-1,3268,3316,3320,-1,3268,3320,3269,-1,3269,3320,3319,-1,3269,3319,3248,-1,3249,3248,3318,-1,3318,3248,3319,-1,3249,3318,3317,-1,3249,3317,3250,-1,3250,3317,3296,-1,3250,3296,3252,-1,3252,3296,3295,-1,3252,3295,3251,-1,3245,3251,3294,-1,3294,3251,3295,-1,3245,3294,3232,-1,3232,3294,3293,-1,3232,3293,3234,-1,3234,3293,3289,-1,3234,3289,3235,-1,3235,3289,3288,-1,3235,3288,3227,-1,3227,3288,3287,-1,3227,3287,3228,-1,3228,3287,3315,-1,3228,3315,3253,-1,3253,3315,3314,-1,3253,3314,3254,-1,3254,3314,3313,-1,3254,3313,3255,-1,3255,3313,3286,-1,3255,3286,3229,-1,3229,3286,3285,-1,3229,3285,3230,-1,3230,3285,3292,-1,3230,3292,3231,-1,3231,3292,3291,-1,3231,3291,3236,-1,3236,3291,3290,-1,3236,3290,3237,-1,3237,3290,3281,-1,3238,3237,3280,-1,3280,3237,3281,-1,3238,3280,3304,-1,3238,3304,3239,-1,3239,3304,3303,-1,3239,3303,3244,-1,3244,3303,3297,-1,3244,3297,3243,-1,3242,3243,3298,-1,3298,3243,3297,-1,3242,3298,3312,-1,3242,3312,3259,-1,3259,3312,3301,-1,3259,3301,3260,-1,3260,3301,3300,-1,3260,3300,3261,-1,3261,3300,3329,-1,3261,3329,3270,-1,3270,3329,3328,-1,3270,3328,3271,-1,3271,3328,3326,-1,3271,3326,3273,-1,3273,3326,3325,-1,3273,3325,3274,-1,3274,3325,3327,-1,3274,3327,3272,-1,3272,3327,3302,-1,3272,3302,3240,-1,3240,3302,3311,-1,3240,3311,3241,-1,3241,3311,3219,-1,3241,3219,3217,-1,3336,3337,3338,-1,3338,3337,3339,-1,3340,3341,3342,-1,3342,3341,3343,-1,3344,3345,3346,-1,3346,3345,3347,-1,3348,3349,3350,-1,3350,3349,3351,-1,3352,3353,3354,-1,3355,3356,3351,-1,3357,3358,3350,-1,3350,3358,3359,-1,3360,3354,3361,-1,3354,3360,3352,-1,3352,3360,3362,-1,3352,3362,3351,-1,3351,3362,3363,-1,3351,3363,3355,-1,3359,3364,3350,-1,3350,3364,3365,-1,3350,3365,3344,-1,3344,3365,3366,-1,3344,3366,3367,-1,3368,3369,3370,-1,3370,3369,3345,-1,3370,3345,3371,-1,3371,3345,3344,-1,3371,3344,3372,-1,3372,3344,3367,-1,3373,3360,3337,-1,3337,3360,3361,-1,3337,3361,3374,-1,3375,3376,3343,-1,3343,3376,3377,-1,3343,3377,3378,-1,3337,3336,3373,-1,3373,3336,3342,-1,3373,3342,3379,-1,3379,3342,3343,-1,3379,3343,3380,-1,3380,3343,3378,-1,3356,3381,3351,-1,3351,3381,3382,-1,3351,3382,3350,-1,3350,3382,3383,-1,3350,3383,3357,-1,3384,3385,3375,-1,3375,3385,3386,-1,3370,3387,3368,-1,3368,3387,3388,-1,3368,3388,3389,-1,3390,3391,3361,-1,3361,3391,3392,-1,3361,3392,3374,-1,3384,3375,3393,-1,3393,3375,3394,-1,3393,3394,3395,-1,3386,3396,3375,-1,3375,3396,3397,-1,3375,3397,3376,-1,3389,3398,3368,-1,3368,3398,3399,-1,3368,3399,3400,-1,3400,3399,3401,-1,3400,3401,3402,-1,3403,3361,3404,-1,3404,3361,3405,-1,3403,3406,3361,-1,3361,3406,3407,-1,3361,3407,3390,-1,3408,3409,3346,-1,3410,3411,3412,-1,3413,3414,3339,-1,3415,3416,3338,-1,3338,3416,3417,-1,3412,3418,3410,-1,3410,3418,3419,-1,3410,3419,3339,-1,3339,3419,3420,-1,3339,3420,3413,-1,3417,3421,3338,-1,3338,3421,3422,-1,3338,3422,3340,-1,3340,3422,3423,-1,3340,3423,3424,-1,3425,3346,3426,-1,3426,3346,3347,-1,3412,3427,3418,-1,3418,3427,3349,-1,3418,3349,3409,-1,3409,3349,3348,-1,3409,3348,3346,-1,3428,3429,3430,-1,3425,3431,3346,-1,3346,3431,3432,-1,3346,3432,3408,-1,3433,3434,3435,-1,3436,3437,3427,-1,3427,3437,3438,-1,3427,3438,3349,-1,3347,3439,3426,-1,3426,3439,3430,-1,3426,3430,3440,-1,3440,3430,3429,-1,3414,3441,3339,-1,3339,3441,3442,-1,3339,3442,3338,-1,3338,3442,3443,-1,3338,3443,3415,-1,3433,3435,3444,-1,3424,3445,3340,-1,3340,3445,3446,-1,3340,3446,3341,-1,3341,3446,3447,-1,3341,3447,3435,-1,3435,3447,3448,-1,3435,3448,3444,-1,3434,3449,3435,-1,3435,3449,3450,-1,3435,3450,3451,-1,3451,3450,3452,-1,3453,3454,3455,-1,3455,3454,3456,-1,3455,3456,3430,-1,3430,3456,3457,-1,3430,3457,3428,-1,3436,3427,3458,-1,3458,3427,3459,-1,3458,3459,3460,-1,3460,3461,3458,-1,3458,3461,3462,-1,3458,3462,3463,-1,3352,3351,3438,-1,3438,3351,3349,-1,3352,3438,3437,-1,3352,3437,3353,-1,3353,3437,3436,-1,3353,3436,3354,-1,3354,3436,3458,-1,3354,3458,3361,-1,3361,3458,3463,-1,3361,3463,3405,-1,3405,3463,3462,-1,3405,3462,3404,-1,3404,3462,3461,-1,3404,3461,3403,-1,3403,3461,3460,-1,3403,3460,3406,-1,3406,3460,3459,-1,3406,3459,3407,-1,3407,3459,3427,-1,3407,3427,3390,-1,3390,3427,3412,-1,3390,3412,3391,-1,3391,3412,3411,-1,3391,3411,3392,-1,3392,3411,3410,-1,3392,3410,3374,-1,3337,3374,3339,-1,3339,3374,3410,-1,3343,3341,3435,-1,3343,3435,3375,-1,3375,3435,3451,-1,3375,3451,3394,-1,3394,3451,3452,-1,3394,3452,3395,-1,3395,3452,3450,-1,3395,3450,3393,-1,3393,3450,3449,-1,3393,3449,3384,-1,3384,3449,3434,-1,3384,3434,3385,-1,3385,3434,3433,-1,3385,3433,3386,-1,3386,3433,3444,-1,3386,3444,3396,-1,3396,3444,3448,-1,3396,3448,3397,-1,3397,3448,3447,-1,3397,3447,3376,-1,3377,3376,3446,-1,3446,3376,3447,-1,3377,3446,3445,-1,3377,3445,3378,-1,3378,3445,3424,-1,3378,3424,3380,-1,3380,3424,3423,-1,3380,3423,3379,-1,3373,3379,3422,-1,3422,3379,3423,-1,3373,3422,3360,-1,3360,3422,3421,-1,3360,3421,3362,-1,3362,3421,3417,-1,3362,3417,3363,-1,3363,3417,3416,-1,3363,3416,3355,-1,3355,3416,3415,-1,3355,3415,3356,-1,3356,3415,3443,-1,3356,3443,3381,-1,3381,3443,3442,-1,3381,3442,3382,-1,3382,3442,3441,-1,3382,3441,3383,-1,3383,3441,3414,-1,3383,3414,3357,-1,3357,3414,3413,-1,3357,3413,3358,-1,3358,3413,3420,-1,3358,3420,3359,-1,3359,3420,3419,-1,3359,3419,3364,-1,3364,3419,3418,-1,3364,3418,3365,-1,3365,3418,3409,-1,3366,3365,3408,-1,3408,3365,3409,-1,3366,3408,3432,-1,3366,3432,3367,-1,3367,3432,3431,-1,3367,3431,3372,-1,3372,3431,3425,-1,3372,3425,3371,-1,3370,3371,3426,-1,3426,3371,3425,-1,3370,3426,3440,-1,3370,3440,3387,-1,3387,3440,3429,-1,3387,3429,3388,-1,3388,3429,3428,-1,3388,3428,3389,-1,3389,3428,3457,-1,3389,3457,3398,-1,3398,3457,3456,-1,3398,3456,3399,-1,3399,3456,3454,-1,3399,3454,3401,-1,3401,3454,3453,-1,3401,3453,3402,-1,3402,3453,3455,-1,3402,3455,3400,-1,3400,3455,3430,-1,3400,3430,3368,-1,3368,3430,3439,-1,3368,3439,3369,-1,3369,3439,3347,-1,3369,3347,3345,-1,3464,3465,3466,-1,3466,3465,3467,-1,3468,3469,3470,-1,3470,3469,3471,-1,3472,3473,3474,-1,3474,3473,3475,-1,3476,3477,3478,-1,3478,3477,3479,-1,3480,3481,3482,-1,3483,3484,3479,-1,3485,3486,3478,-1,3478,3486,3487,-1,3488,3482,3489,-1,3482,3488,3480,-1,3480,3488,3490,-1,3480,3490,3479,-1,3479,3490,3491,-1,3479,3491,3483,-1,3487,3492,3478,-1,3478,3492,3493,-1,3478,3493,3472,-1,3472,3493,3494,-1,3472,3494,3495,-1,3496,3497,3498,-1,3498,3497,3473,-1,3498,3473,3499,-1,3499,3473,3472,-1,3499,3472,3500,-1,3500,3472,3495,-1,3501,3488,3465,-1,3465,3488,3489,-1,3465,3489,3502,-1,3503,3504,3471,-1,3471,3504,3505,-1,3471,3505,3506,-1,3465,3464,3501,-1,3501,3464,3470,-1,3501,3470,3507,-1,3507,3470,3471,-1,3507,3471,3508,-1,3508,3471,3506,-1,3484,3509,3479,-1,3479,3509,3510,-1,3479,3510,3478,-1,3478,3510,3511,-1,3478,3511,3485,-1,3512,3513,3503,-1,3503,3513,3514,-1,3498,3515,3496,-1,3496,3515,3516,-1,3496,3516,3517,-1,3518,3519,3489,-1,3489,3519,3520,-1,3489,3520,3502,-1,3512,3503,3521,-1,3521,3503,3522,-1,3521,3522,3523,-1,3514,3524,3503,-1,3503,3524,3525,-1,3503,3525,3504,-1,3517,3526,3496,-1,3496,3526,3527,-1,3496,3527,3528,-1,3528,3527,3529,-1,3528,3529,3530,-1,3531,3489,3532,-1,3532,3489,3533,-1,3531,3534,3489,-1,3489,3534,3535,-1,3489,3535,3518,-1,3536,3537,3474,-1,3538,3539,3540,-1,3541,3542,3467,-1,3543,3544,3466,-1,3466,3544,3545,-1,3540,3546,3538,-1,3538,3546,3547,-1,3538,3547,3467,-1,3467,3547,3548,-1,3467,3548,3541,-1,3545,3549,3466,-1,3466,3549,3550,-1,3466,3550,3468,-1,3468,3550,3551,-1,3468,3551,3552,-1,3553,3474,3554,-1,3554,3474,3475,-1,3540,3555,3546,-1,3546,3555,3477,-1,3546,3477,3537,-1,3537,3477,3476,-1,3537,3476,3474,-1,3556,3557,3558,-1,3553,3559,3474,-1,3474,3559,3560,-1,3474,3560,3536,-1,3561,3562,3563,-1,3564,3565,3555,-1,3555,3565,3566,-1,3555,3566,3477,-1,3475,3567,3554,-1,3554,3567,3558,-1,3554,3558,3568,-1,3568,3558,3557,-1,3542,3569,3467,-1,3467,3569,3570,-1,3467,3570,3466,-1,3466,3570,3571,-1,3466,3571,3543,-1,3561,3563,3572,-1,3552,3573,3468,-1,3468,3573,3574,-1,3468,3574,3469,-1,3469,3574,3575,-1,3469,3575,3563,-1,3563,3575,3576,-1,3563,3576,3572,-1,3562,3577,3563,-1,3563,3577,3578,-1,3563,3578,3579,-1,3579,3578,3580,-1,3581,3582,3583,-1,3583,3582,3584,-1,3583,3584,3558,-1,3558,3584,3585,-1,3558,3585,3556,-1,3564,3555,3586,-1,3586,3555,3587,-1,3586,3587,3588,-1,3588,3589,3586,-1,3586,3589,3590,-1,3586,3590,3591,-1,3480,3479,3566,-1,3566,3479,3477,-1,3480,3566,3565,-1,3480,3565,3481,-1,3481,3565,3564,-1,3481,3564,3482,-1,3482,3564,3586,-1,3482,3586,3489,-1,3489,3586,3591,-1,3489,3591,3533,-1,3533,3591,3590,-1,3533,3590,3532,-1,3532,3590,3589,-1,3532,3589,3531,-1,3531,3589,3588,-1,3531,3588,3534,-1,3534,3588,3587,-1,3534,3587,3535,-1,3535,3587,3555,-1,3535,3555,3518,-1,3518,3555,3540,-1,3518,3540,3519,-1,3519,3540,3539,-1,3519,3539,3520,-1,3520,3539,3538,-1,3520,3538,3502,-1,3465,3502,3467,-1,3467,3502,3538,-1,3471,3469,3563,-1,3471,3563,3503,-1,3503,3563,3579,-1,3503,3579,3522,-1,3522,3579,3580,-1,3522,3580,3523,-1,3523,3580,3578,-1,3523,3578,3521,-1,3521,3578,3577,-1,3521,3577,3512,-1,3512,3577,3562,-1,3512,3562,3513,-1,3513,3562,3561,-1,3513,3561,3514,-1,3514,3561,3572,-1,3514,3572,3524,-1,3524,3572,3576,-1,3524,3576,3525,-1,3525,3576,3575,-1,3525,3575,3504,-1,3505,3504,3574,-1,3574,3504,3575,-1,3505,3574,3573,-1,3505,3573,3506,-1,3506,3573,3552,-1,3506,3552,3508,-1,3508,3552,3551,-1,3508,3551,3507,-1,3501,3507,3550,-1,3550,3507,3551,-1,3501,3550,3488,-1,3488,3550,3549,-1,3488,3549,3490,-1,3490,3549,3545,-1,3490,3545,3491,-1,3491,3545,3544,-1,3491,3544,3483,-1,3483,3544,3543,-1,3483,3543,3484,-1,3484,3543,3571,-1,3484,3571,3509,-1,3509,3571,3570,-1,3509,3570,3510,-1,3510,3570,3569,-1,3510,3569,3511,-1,3511,3569,3542,-1,3511,3542,3485,-1,3485,3542,3541,-1,3485,3541,3486,-1,3486,3541,3548,-1,3486,3548,3487,-1,3487,3548,3547,-1,3487,3547,3492,-1,3492,3547,3546,-1,3492,3546,3493,-1,3493,3546,3537,-1,3494,3493,3536,-1,3536,3493,3537,-1,3494,3536,3560,-1,3494,3560,3495,-1,3495,3560,3559,-1,3495,3559,3500,-1,3500,3559,3553,-1,3500,3553,3499,-1,3498,3499,3554,-1,3554,3499,3553,-1,3498,3554,3568,-1,3498,3568,3515,-1,3515,3568,3557,-1,3515,3557,3516,-1,3516,3557,3556,-1,3516,3556,3517,-1,3517,3556,3585,-1,3517,3585,3526,-1,3526,3585,3584,-1,3526,3584,3527,-1,3527,3584,3582,-1,3527,3582,3529,-1,3529,3582,3581,-1,3529,3581,3530,-1,3530,3581,3583,-1,3530,3583,3528,-1,3528,3583,3558,-1,3528,3558,3496,-1,3496,3558,3567,-1,3496,3567,3497,-1,3497,3567,3475,-1,3497,3475,3473,-1,3592,3593,3594,-1,3594,3593,3595,-1,3596,3597,3598,-1,3598,3597,3599,-1,3600,3601,3602,-1,3602,3601,3603,-1,3604,3605,3606,-1,3606,3605,3607,-1,3608,3609,3610,-1,3611,3612,3606,-1,3606,3612,3613,-1,3614,3615,3607,-1,3610,3616,3608,-1,3608,3616,3617,-1,3608,3617,3607,-1,3607,3617,3618,-1,3607,3618,3614,-1,3615,3619,3607,-1,3607,3619,3620,-1,3607,3620,3606,-1,3606,3620,3621,-1,3606,3621,3611,-1,3613,3622,3606,-1,3606,3622,3623,-1,3606,3623,3600,-1,3600,3623,3624,-1,3600,3624,3601,-1,3601,3624,3625,-1,3601,3625,3626,-1,3610,3627,3616,-1,3616,3627,3593,-1,3616,3593,3628,-1,3593,3592,3628,-1,3628,3592,3598,-1,3628,3598,3629,-1,3629,3598,3599,-1,3629,3599,3630,-1,3630,3599,3631,-1,3626,3632,3601,-1,3601,3632,3633,-1,3601,3633,3634,-1,3634,3633,3635,-1,3636,3637,3599,-1,3599,3637,3638,-1,3599,3638,3631,-1,3636,3639,3637,-1,3637,3639,3640,-1,3637,3640,3641,-1,3642,3643,3644,-1,3644,3643,3645,-1,3644,3645,3646,-1,3647,3648,3627,-1,3627,3648,3649,-1,3627,3649,3650,-1,3650,3651,3627,-1,3627,3651,3652,-1,3627,3652,3653,-1,3641,3654,3637,-1,3637,3654,3655,-1,3637,3655,3656,-1,3656,3657,3637,-1,3637,3657,3658,-1,3637,3658,3659,-1,3646,3660,3644,-1,3644,3660,3661,-1,3644,3661,3633,-1,3633,3661,3662,-1,3633,3662,3635,-1,3653,3663,3627,-1,3627,3663,3664,-1,3627,3664,3593,-1,3665,3666,3667,-1,3668,3669,3594,-1,3594,3669,3670,-1,3671,3672,3595,-1,3603,3673,3674,-1,3667,3675,3665,-1,3665,3675,3676,-1,3665,3676,3595,-1,3595,3676,3677,-1,3595,3677,3671,-1,3670,3678,3594,-1,3594,3678,3679,-1,3594,3679,3596,-1,3596,3679,3680,-1,3596,3680,3597,-1,3597,3680,3681,-1,3597,3681,3682,-1,3667,3683,3675,-1,3675,3683,3605,-1,3675,3605,3684,-1,3605,3604,3684,-1,3684,3604,3602,-1,3684,3602,3685,-1,3685,3602,3603,-1,3685,3603,3686,-1,3686,3603,3674,-1,3672,3687,3595,-1,3595,3687,3688,-1,3595,3688,3594,-1,3594,3688,3689,-1,3594,3689,3668,-1,3682,3690,3597,-1,3597,3690,3691,-1,3597,3691,3692,-1,3692,3691,3693,-1,3673,3603,3694,-1,3694,3603,3695,-1,3694,3695,3696,-1,3697,3698,3699,-1,3699,3698,3700,-1,3699,3700,3701,-1,3702,3703,3683,-1,3683,3703,3704,-1,3683,3704,3605,-1,3705,3706,3707,-1,3707,3706,3708,-1,3707,3708,3709,-1,3701,3710,3699,-1,3699,3710,3711,-1,3699,3711,3691,-1,3691,3711,3712,-1,3691,3712,3693,-1,3702,3683,3713,-1,3713,3683,3714,-1,3713,3714,3715,-1,3715,3716,3713,-1,3713,3716,3717,-1,3713,3717,3718,-1,3696,3719,3694,-1,3694,3719,3720,-1,3694,3720,3707,-1,3707,3720,3721,-1,3707,3721,3705,-1,3608,3607,3704,-1,3704,3607,3605,-1,3608,3704,3703,-1,3608,3703,3609,-1,3609,3703,3702,-1,3609,3702,3610,-1,3610,3702,3713,-1,3610,3713,3627,-1,3627,3713,3718,-1,3627,3718,3647,-1,3647,3718,3717,-1,3647,3717,3648,-1,3648,3717,3716,-1,3648,3716,3649,-1,3649,3716,3715,-1,3649,3715,3650,-1,3650,3715,3714,-1,3650,3714,3651,-1,3651,3714,3683,-1,3651,3683,3652,-1,3652,3683,3667,-1,3652,3667,3653,-1,3653,3667,3666,-1,3653,3666,3663,-1,3663,3666,3665,-1,3663,3665,3664,-1,3593,3664,3595,-1,3595,3664,3665,-1,3599,3597,3692,-1,3599,3692,3636,-1,3636,3692,3693,-1,3636,3693,3639,-1,3639,3693,3712,-1,3639,3712,3640,-1,3640,3712,3711,-1,3640,3711,3641,-1,3641,3711,3710,-1,3641,3710,3654,-1,3654,3710,3701,-1,3654,3701,3655,-1,3655,3701,3700,-1,3655,3700,3656,-1,3656,3700,3698,-1,3656,3698,3657,-1,3657,3698,3697,-1,3657,3697,3658,-1,3658,3697,3699,-1,3658,3699,3659,-1,3659,3699,3691,-1,3659,3691,3637,-1,3638,3637,3690,-1,3690,3637,3691,-1,3638,3690,3682,-1,3638,3682,3631,-1,3631,3682,3681,-1,3631,3681,3630,-1,3630,3681,3680,-1,3630,3680,3629,-1,3628,3629,3679,-1,3679,3629,3680,-1,3628,3679,3616,-1,3616,3679,3678,-1,3616,3678,3617,-1,3617,3678,3670,-1,3617,3670,3618,-1,3618,3670,3669,-1,3618,3669,3614,-1,3614,3669,3668,-1,3614,3668,3615,-1,3615,3668,3689,-1,3615,3689,3619,-1,3619,3689,3688,-1,3619,3688,3620,-1,3620,3688,3687,-1,3620,3687,3621,-1,3621,3687,3672,-1,3621,3672,3611,-1,3611,3672,3671,-1,3611,3671,3612,-1,3612,3671,3677,-1,3612,3677,3613,-1,3613,3677,3676,-1,3613,3676,3622,-1,3622,3676,3675,-1,3622,3675,3623,-1,3623,3675,3684,-1,3624,3623,3685,-1,3685,3623,3684,-1,3624,3685,3686,-1,3624,3686,3625,-1,3625,3686,3674,-1,3625,3674,3626,-1,3626,3674,3673,-1,3626,3673,3632,-1,3633,3632,3694,-1,3694,3632,3673,-1,3633,3694,3707,-1,3633,3707,3644,-1,3644,3707,3709,-1,3644,3709,3642,-1,3642,3709,3708,-1,3642,3708,3643,-1,3643,3708,3706,-1,3643,3706,3645,-1,3645,3706,3705,-1,3645,3705,3646,-1,3646,3705,3721,-1,3646,3721,3660,-1,3660,3721,3720,-1,3660,3720,3661,-1,3661,3720,3719,-1,3661,3719,3662,-1,3662,3719,3696,-1,3662,3696,3635,-1,3635,3696,3695,-1,3635,3695,3634,-1,3634,3695,3603,-1,3634,3603,3601,-1,3722,3723,3724,-1,3724,3723,3725,-1,3726,3727,3728,-1,3728,3727,3729,-1,3730,3731,3732,-1,3732,3731,3733,-1,3734,3735,3736,-1,3736,3735,3737,-1,3738,3739,3740,-1,3741,3742,3736,-1,3736,3742,3743,-1,3744,3745,3737,-1,3740,3746,3738,-1,3738,3746,3747,-1,3738,3747,3737,-1,3737,3747,3748,-1,3737,3748,3744,-1,3745,3749,3737,-1,3737,3749,3750,-1,3737,3750,3736,-1,3736,3750,3751,-1,3736,3751,3741,-1,3743,3752,3736,-1,3736,3752,3753,-1,3736,3753,3730,-1,3730,3753,3754,-1,3730,3754,3731,-1,3731,3754,3755,-1,3731,3755,3756,-1,3740,3757,3746,-1,3746,3757,3723,-1,3746,3723,3758,-1,3723,3722,3758,-1,3758,3722,3728,-1,3758,3728,3759,-1,3759,3728,3729,-1,3759,3729,3760,-1,3760,3729,3761,-1,3756,3762,3731,-1,3731,3762,3763,-1,3731,3763,3764,-1,3764,3763,3765,-1,3766,3767,3729,-1,3729,3767,3768,-1,3729,3768,3761,-1,3766,3769,3767,-1,3767,3769,3770,-1,3767,3770,3771,-1,3772,3773,3774,-1,3774,3773,3775,-1,3774,3775,3776,-1,3777,3778,3757,-1,3757,3778,3779,-1,3757,3779,3780,-1,3780,3781,3757,-1,3757,3781,3782,-1,3757,3782,3783,-1,3771,3784,3767,-1,3767,3784,3785,-1,3767,3785,3786,-1,3786,3787,3767,-1,3767,3787,3788,-1,3767,3788,3789,-1,3776,3790,3774,-1,3774,3790,3791,-1,3774,3791,3763,-1,3763,3791,3792,-1,3763,3792,3765,-1,3783,3793,3757,-1,3757,3793,3794,-1,3757,3794,3723,-1,3795,3796,3797,-1,3798,3799,3724,-1,3724,3799,3800,-1,3801,3802,3725,-1,3733,3803,3804,-1,3797,3805,3795,-1,3795,3805,3806,-1,3795,3806,3725,-1,3725,3806,3807,-1,3725,3807,3801,-1,3800,3808,3724,-1,3724,3808,3809,-1,3724,3809,3726,-1,3726,3809,3810,-1,3726,3810,3727,-1,3727,3810,3811,-1,3727,3811,3812,-1,3797,3813,3805,-1,3805,3813,3735,-1,3805,3735,3814,-1,3735,3734,3814,-1,3814,3734,3732,-1,3814,3732,3815,-1,3815,3732,3733,-1,3815,3733,3816,-1,3816,3733,3804,-1,3802,3817,3725,-1,3725,3817,3818,-1,3725,3818,3724,-1,3724,3818,3819,-1,3724,3819,3798,-1,3812,3820,3727,-1,3727,3820,3821,-1,3727,3821,3822,-1,3822,3821,3823,-1,3803,3733,3824,-1,3824,3733,3825,-1,3824,3825,3826,-1,3827,3828,3829,-1,3829,3828,3830,-1,3829,3830,3831,-1,3832,3833,3813,-1,3813,3833,3834,-1,3813,3834,3735,-1,3835,3836,3837,-1,3837,3836,3838,-1,3837,3838,3839,-1,3831,3840,3829,-1,3829,3840,3841,-1,3829,3841,3821,-1,3821,3841,3842,-1,3821,3842,3823,-1,3832,3813,3843,-1,3843,3813,3844,-1,3843,3844,3845,-1,3845,3846,3843,-1,3843,3846,3847,-1,3843,3847,3848,-1,3826,3849,3824,-1,3824,3849,3850,-1,3824,3850,3837,-1,3837,3850,3851,-1,3837,3851,3835,-1,3738,3737,3834,-1,3834,3737,3735,-1,3738,3834,3833,-1,3738,3833,3739,-1,3739,3833,3832,-1,3739,3832,3740,-1,3740,3832,3843,-1,3740,3843,3757,-1,3757,3843,3848,-1,3757,3848,3777,-1,3777,3848,3847,-1,3777,3847,3778,-1,3778,3847,3846,-1,3778,3846,3779,-1,3779,3846,3845,-1,3779,3845,3780,-1,3780,3845,3844,-1,3780,3844,3781,-1,3781,3844,3813,-1,3781,3813,3782,-1,3782,3813,3797,-1,3782,3797,3783,-1,3783,3797,3796,-1,3783,3796,3793,-1,3793,3796,3795,-1,3793,3795,3794,-1,3723,3794,3725,-1,3725,3794,3795,-1,3729,3727,3822,-1,3729,3822,3766,-1,3766,3822,3823,-1,3766,3823,3769,-1,3769,3823,3842,-1,3769,3842,3770,-1,3770,3842,3841,-1,3770,3841,3771,-1,3771,3841,3840,-1,3771,3840,3784,-1,3784,3840,3831,-1,3784,3831,3785,-1,3785,3831,3830,-1,3785,3830,3786,-1,3786,3830,3828,-1,3786,3828,3787,-1,3787,3828,3827,-1,3787,3827,3788,-1,3788,3827,3829,-1,3788,3829,3789,-1,3789,3829,3821,-1,3789,3821,3767,-1,3768,3767,3820,-1,3820,3767,3821,-1,3768,3820,3812,-1,3768,3812,3761,-1,3761,3812,3811,-1,3761,3811,3760,-1,3760,3811,3810,-1,3760,3810,3759,-1,3758,3759,3809,-1,3809,3759,3810,-1,3758,3809,3746,-1,3746,3809,3808,-1,3746,3808,3747,-1,3747,3808,3800,-1,3747,3800,3748,-1,3748,3800,3799,-1,3748,3799,3744,-1,3744,3799,3798,-1,3744,3798,3745,-1,3745,3798,3819,-1,3745,3819,3749,-1,3749,3819,3818,-1,3749,3818,3750,-1,3750,3818,3817,-1,3750,3817,3751,-1,3751,3817,3802,-1,3751,3802,3741,-1,3741,3802,3801,-1,3741,3801,3742,-1,3742,3801,3807,-1,3742,3807,3743,-1,3743,3807,3806,-1,3743,3806,3752,-1,3752,3806,3805,-1,3752,3805,3753,-1,3753,3805,3814,-1,3754,3753,3815,-1,3815,3753,3814,-1,3754,3815,3816,-1,3754,3816,3755,-1,3755,3816,3804,-1,3755,3804,3756,-1,3756,3804,3803,-1,3756,3803,3762,-1,3763,3762,3824,-1,3824,3762,3803,-1,3763,3824,3837,-1,3763,3837,3774,-1,3774,3837,3839,-1,3774,3839,3772,-1,3772,3839,3838,-1,3772,3838,3773,-1,3773,3838,3836,-1,3773,3836,3775,-1,3775,3836,3835,-1,3775,3835,3776,-1,3776,3835,3851,-1,3776,3851,3790,-1,3790,3851,3850,-1,3790,3850,3791,-1,3791,3850,3849,-1,3791,3849,3792,-1,3792,3849,3826,-1,3792,3826,3765,-1,3765,3826,3825,-1,3765,3825,3764,-1,3764,3825,3733,-1,3764,3733,3731,-1,
        ]
    }
}
Shape{
    appearance Appearance {
        material  Material 	{
            diffuseColor 1.0 1.0 1.0
            specularColor 0.5019607843137255 0.5019607843137255 0.5019607843137255
            ambientIntensity 1.0
            transparency 0.0
            shininess 0.5
        }
    }
    geometry IndexedFaceSet {
        ccw TRUE
        solid FALSE
        coord DEF co Coordinate {
            point [
                8.0789 0.0804 0.9666, 8.0789 0.0804 0.9529, 8.0785 0.0804 0.9666, 8.0785 0.0804 0.9529, 8.0789 0.0325 0.9666, 8.0785 0.0325 0.9666, 8.0789 0.0325 1.073, 8.0785 0.0325 1.073, 8.0789 0.017 1.073, 8.0785 0.017 1.073, 8.0789 0.017 0.9529, 8.0785 0.017 0.9529, 8.0789 0.1612 0.9529, 8.0789 0.1419 0.9509, 8.0785 0.1519 0.9519, 8.0785 0.1419 0.9509, 8.0785 0.1612 0.9529, 8.0785 0.1738 0.9572, 8.0789 0.1738 0.9572, 8.0785 0.1752 0.9579, 8.0789 0.1752 0.9579, 8.0789 0.1752 0.9728, 8.0785 0.1752 0.9728, 8.0785 0.1629 0.9673, 8.0789 0.1629 0.9673, 8.0785 0.1492 0.9649, 8.0789 0.1492 0.9649, 8.0785 0.1442 0.9647, 8.0789 0.1442 0.9647, 8.0785 0.133 0.9659, 8.0789 0.133 0.9659, 8.0785 0.1243 0.9691, 8.0789 0.1243 0.9691, 8.0785 0.1163 0.9745, 8.0789 0.1163 0.9745, 8.0785 0.1133 0.9774, 8.0789 0.1133 0.9774, 8.0785 0.1072 0.986, 8.0789 0.1072 0.986, 8.0785 0.1034 0.9958, 8.0789 0.1034 0.9958, 8.0785 0.1016 1.0105, 8.0789 0.1016 1.0105, 8.0785 0.1015 1.0116, 8.0789 0.1015 1.0116, 8.0785 0.1031 1.0266, 8.0789 0.1031 1.0266, 8.0785 0.1069 1.0373, 8.0789 0.1069 1.0373, 8.0785 0.1125 1.0459, 8.0789 0.1125 1.0459, 8.0785 0.1142 1.0477, 8.0789 0.1142 1.0477, 8.0785 0.1218 1.0542, 8.0789 0.1218 1.0542, 8.0785 0.1312 1.0587, 8.0789 0.1312 1.0587, 8.0785 0.1416 1.0608, 8.0789 0.1416 1.0608, 8.0785 0.1469 1.0611, 8.0789 0.1469 1.0611, 8.0785 0.161 1.0594, 8.0789 0.161 1.0594, 8.0785 0.1733 1.055, 8.0789 0.1733 1.055, 8.0785 0.1752 1.0539, 8.0789 0.1752 1.0539, 8.0789 0.1752 1.0701, 8.0785 0.1752 1.0701, 8.0785 0.1467 1.0751, 8.0789 0.1467 1.0751, 8.0789 0.1478 1.0751, 8.0785 0.1634 1.0737, 8.0789 0.1634 1.0737, 8.0785 0.1591 1.074, 8.0785 0.1478 1.0751, 8.0789 0.1307 1.0733, 8.0785 0.1376 1.074, 8.0785 0.1307 1.0733, 8.0785 0.1179 1.0687, 8.0789 0.1179 1.0687, 8.0785 0.1061 1.0607, 8.0789 0.1061 1.0607, 8.0785 0.1026 1.0574, 8.0789 0.1026 1.0574, 8.0785 0.0943 1.0466, 8.0789 0.0943 1.0466, 8.0785 0.0906 1.0384, 8.0789 0.0884 1.0334, 8.0785 0.0884 1.0334, 8.0785 0.0856 1.0179, 8.0789 0.0856 1.0179, 8.0785 0.0853 1.0107, 8.0789 0.0853 1.0107, 8.0785 0.0872 0.993, 8.0789 0.0872 0.993, 8.0785 0.0906 0.9833, 8.0789 0.0918 0.9801, 8.0785 0.0918 0.9801, 8.0785 0.0987 0.9696, 8.0789 0.0987 0.9696, 8.0785 0.1007 0.9673, 8.0789 0.1007 0.9673, 8.0789 0.1339 0.9513, 8.0785 0.1098 0.9596, 8.0789 0.1098 0.9596, 8.0785 0.121 0.9541, 8.0789 0.121 0.9541, 8.0785 0.1312 0.9519, 8.0785 0.1339 0.9513, 8.0789 0.2638 0.9666, 8.0789 0.2638 0.9529, 8.0785 0.2638 0.9666, 8.0785 0.2638 0.9529, 8.0785 0.2147 0.9666, 8.0789 0.2147 0.9666, 8.0785 0.2472 0.9666, 8.0789 0.2147 1.007, 8.0785 0.2147 1.007, 8.0785 0.2577 1.007, 8.0789 0.2577 1.007, 8.0785 0.2472 1.007, 8.0789 0.2577 1.0208, 8.0785 0.2577 1.0208, 8.0785 0.2147 1.0208, 8.0789 0.2147 1.0208, 8.0785 0.2472 1.0208, 8.0789 0.2147 1.0592, 8.0785 0.2147 1.0592, 8.0785 0.2611 1.0592, 8.0789 0.2611 1.0592, 8.0785 0.2472 1.0592, 8.0789 0.2611 1.073, 8.0785 0.2611 1.073, 8.0785 0.1992 1.073, 8.0789 0.1992 1.073, 8.0785 0.2472 1.073, 8.0789 0.1992 0.9529, 8.0785 0.1992 0.9529, 8.0785 0.2472 0.9529, 8.0789 0.3677 1.0073, 8.0789 0.3839 1.006, 8.0789 0.368 1.0141, 8.0789 0.3843 1.0145, 8.0789 0.3666 1.0276, 8.0789 0.3826 1.0297, 8.0789 0.3634 1.0368, 8.0789 0.3784 1.0414, 8.0789 0.3589 1.0437, 8.0789 0.3712 1.0521, 8.0789 0.3548 1.0479, 8.0789 0.3662 1.0571, 8.0789 0.3456 1.054, 8.0789 0.3543 1.0654, 8.0789 0.3351 1.0576, 8.0789 0.3399 1.0708, 8.0789 0.3202 1.0592, 8.0789 0.3208 1.073, 8.0789 0.302 1.0592, 8.0789 0.2865 1.073, 8.0789 0.302 0.9666, 8.0789 0.2865 0.9529, 8.0789 0.3195 0.9666, 8.0789 0.3196 0.9529, 8.0789 0.3344 0.9682, 8.0789 0.3381 0.955, 8.0789 0.3448 0.9718, 8.0789 0.3522 0.96, 8.0789 0.3528 0.977, 8.0789 0.3639 0.9678, 8.0789 0.3552 0.9791, 8.0789 0.3662 0.9697, 8.0789 0.3614 0.987, 8.0789 0.3747 0.9797, 8.0789 0.3655 0.9961, 8.0789 0.3808 0.9921, 8.0785 0.3196 0.9529, 8.0785 0.2865 0.9529, 8.0785 0.3381 0.955, 8.0785 0.3415 0.9562, 8.0785 0.3522 0.96, 8.0785 0.3639 0.9678, 8.0785 0.3662 0.9697, 8.0785 0.3747 0.9797, 8.0785 0.3808 0.9921, 8.0785 0.3839 1.006, 8.0785 0.3843 1.0145, 8.0785 0.3826 1.0297, 8.0785 0.3784 1.0414, 8.0785 0.3712 1.0521, 8.0785 0.3662 1.0571, 8.0785 0.3208 1.073, 8.0785 0.3543 1.0654, 8.0785 0.3415 1.0702, 8.0785 0.3399 1.0708, 8.0785 0.2865 1.073, 8.0785 0.3202 1.0592, 8.0785 0.302 1.0592, 8.0785 0.302 0.9666, 8.0785 0.3195 0.9666, 8.0785 0.3552 0.9791, 8.0785 0.3528 0.977, 8.0785 0.3448 0.9718, 8.0785 0.3344 0.9682, 8.0785 0.368 1.0141, 8.0785 0.3677 1.0073, 8.0785 0.3655 0.9961, 8.0785 0.3614 0.987, 8.0785 0.3548 1.0479, 8.0785 0.3589 1.0437, 8.0785 0.3634 1.0368, 8.0785 0.3666 1.0276, 8.0785 0.3351 1.0576, 8.0785 0.3456 1.054
            ]
        }
        coordIndex [
            0,1,2,-1,2,1,3,-1,4,0,5,-1,5,0,2,-1,6,4,7,-1,7,4,5,-1,8,6,9,-1,9,6,7,-1,10,8,11,-1,11,8,9,-1,1,10,3,-1,3,10,11,-1,6,8,4,-1,4,8,10,-1,4,10,0,-1,0,10,1,-1,12,13,14,-1,14,13,15,-1,14,16,12,-1,12,16,17,-1,12,17,18,-1,18,17,19,-1,18,19,20,-1,21,20,22,-1,22,20,19,-1,21,22,23,-1,21,23,24,-1,24,23,25,-1,24,25,26,-1,26,25,27,-1,26,27,28,-1,28,27,29,-1,28,29,30,-1,30,29,31,-1,30,31,32,-1,32,31,33,-1,32,33,34,-1,34,33,35,-1,34,35,36,-1,36,35,37,-1,36,37,38,-1,38,37,39,-1,38,39,40,-1,40,39,41,-1,40,41,42,-1,42,41,43,-1,42,43,44,-1,44,43,45,-1,44,45,46,-1,46,45,47,-1,46,47,48,-1,48,47,49,-1,48,49,50,-1,50,49,51,-1,50,51,52,-1,52,51,53,-1,52,53,54,-1,54,53,55,-1,54,55,56,-1,56,55,57,-1,56,57,58,-1,58,57,59,-1,58,59,60,-1,60,59,61,-1,60,61,62,-1,62,61,63,-1,62,63,64,-1,64,63,65,-1,64,65,66,-1,67,66,68,-1,68,66,65,-1,69,70,71,-1,67,68,72,-1,67,72,73,-1,73,72,74,-1,73,74,71,-1,71,74,75,-1,71,75,69,-1,76,70,77,-1,77,70,69,-1,77,78,76,-1,76,78,79,-1,76,79,80,-1,80,79,81,-1,80,81,82,-1,82,81,83,-1,82,83,84,-1,84,83,85,-1,84,85,86,-1,86,85,87,-1,86,87,88,-1,87,89,88,-1,88,89,90,-1,88,90,91,-1,91,90,92,-1,91,92,93,-1,93,92,94,-1,93,94,95,-1,95,94,96,-1,95,96,97,-1,96,98,97,-1,97,98,99,-1,97,99,100,-1,100,99,101,-1,100,101,102,-1,15,13,103,-1,102,101,104,-1,102,104,105,-1,105,104,106,-1,105,106,107,-1,107,106,108,-1,107,108,103,-1,103,108,109,-1,103,109,15,-1,64,66,67,-1,38,40,95,-1,46,48,86,-1,95,40,93,-1,86,48,84,-1,64,67,62,-1,62,67,73,-1,62,73,60,-1,60,73,71,-1,60,71,58,-1,58,71,70,-1,58,70,56,-1,56,70,76,-1,56,76,54,-1,20,21,18,-1,18,21,24,-1,18,24,12,-1,12,24,13,-1,76,80,54,-1,54,80,82,-1,54,82,52,-1,52,82,84,-1,52,84,50,-1,50,84,48,-1,95,97,38,-1,38,97,100,-1,38,100,36,-1,36,100,102,-1,36,102,34,-1,34,102,105,-1,34,105,32,-1,32,105,107,-1,32,107,30,-1,30,107,103,-1,30,103,28,-1,28,103,13,-1,28,13,26,-1,26,13,24,-1,40,42,93,-1,93,42,44,-1,93,44,91,-1,91,44,46,-1,91,46,88,-1,88,46,86,-1,110,111,112,-1,112,111,113,-1,114,115,116,-1,116,115,110,-1,116,110,112,-1,117,115,118,-1,118,115,114,-1,119,120,121,-1,121,120,117,-1,121,117,118,-1,122,120,123,-1,123,120,119,-1,124,125,126,-1,126,125,122,-1,126,122,123,-1,127,125,128,-1,128,125,124,-1,129,130,131,-1,131,130,127,-1,131,127,128,-1,132,130,133,-1,133,130,129,-1,134,135,136,-1,136,135,132,-1,136,132,133,-1,137,135,138,-1,138,135,134,-1,113,111,139,-1,139,111,137,-1,139,137,138,-1,137,111,110,-1,110,115,137,-1,137,115,117,-1,137,117,135,-1,130,132,127,-1,127,132,135,-1,127,135,125,-1,125,135,117,-1,125,117,122,-1,122,117,120,-1,140,141,142,-1,142,141,143,-1,142,143,144,-1,144,143,145,-1,144,145,146,-1,146,145,147,-1,146,147,148,-1,148,147,149,-1,148,149,150,-1,150,149,151,-1,150,151,152,-1,152,151,153,-1,152,153,154,-1,154,153,155,-1,154,155,156,-1,156,155,157,-1,156,157,158,-1,158,157,159,-1,158,159,160,-1,160,159,161,-1,160,161,162,-1,162,161,163,-1,162,163,164,-1,164,163,165,-1,164,165,166,-1,166,165,167,-1,166,167,168,-1,168,167,169,-1,168,169,170,-1,170,169,171,-1,170,171,172,-1,172,171,173,-1,172,173,174,-1,174,173,175,-1,174,175,140,-1,140,175,141,-1,163,161,176,-1,176,161,177,-1,163,176,178,-1,163,178,165,-1,165,178,179,-1,165,179,167,-1,179,180,167,-1,167,180,181,-1,167,181,169,-1,169,181,182,-1,169,182,171,-1,171,182,183,-1,171,183,173,-1,173,183,184,-1,173,184,175,-1,175,184,185,-1,175,185,141,-1,141,185,186,-1,141,186,143,-1,143,186,187,-1,143,187,145,-1,145,187,188,-1,145,188,147,-1,147,188,189,-1,147,189,149,-1,149,189,190,-1,149,190,151,-1,191,157,155,-1,151,190,192,-1,151,192,153,-1,153,192,193,-1,153,193,155,-1,155,193,194,-1,155,194,191,-1,159,157,195,-1,195,157,191,-1,161,159,177,-1,177,159,195,-1,156,158,196,-1,196,158,197,-1,158,160,197,-1,197,160,198,-1,160,162,198,-1,198,162,199,-1,170,200,201,-1,170,201,168,-1,168,201,202,-1,168,202,166,-1,166,202,203,-1,166,203,164,-1,164,203,199,-1,164,199,162,-1,142,204,205,-1,142,205,140,-1,140,205,206,-1,140,206,174,-1,174,206,207,-1,174,207,172,-1,172,207,200,-1,172,200,170,-1,150,208,209,-1,150,209,148,-1,148,209,210,-1,148,210,146,-1,146,210,211,-1,146,211,144,-1,144,211,204,-1,144,204,142,-1,156,196,212,-1,156,212,154,-1,154,212,213,-1,154,213,152,-1,152,213,208,-1,152,208,150,-1,
        ]
    }
}
Shape{
    appearance Appearance {
        material  Material 	{
            diffuseColor 0.2235294117647059 0.2235294117647059 0.2235294117647059
            specularColor 0.11372549019607843 0.11372549019607843 0.11372549019607843
            ambientIntensity 0.2235
            transparency 0.0
            shininess 0.5
        }
    }
    geometry IndexedFaceSet {
        ccw TRUE
        solid FALSE
        coord DEF co Coordinate {
            point [
                8.0785 0.302 1.0592, 8.0785 0.302 0.9666, 8.0785 0.3202 1.0592, 8.0785 0.3195 0.9666, 8.0785 0.3344 0.9682, 8.0785 0.3448 0.9718, 8.0785 0.3528 0.977, 8.0785 0.3552 0.9791, 8.0785 0.3614 0.987, 8.0785 0.3655 0.9961, 8.0785 0.3677 1.0073, 8.0785 0.368 1.0141, 8.0785 0.3666 1.0276, 8.0785 0.3634 1.0368, 8.0785 0.3589 1.0437, 8.0785 0.3548 1.0479, 8.0785 0.3351 1.0576, 8.0785 0.3456 1.054
            ]
        }
        coordIndex [
            0,1,2,-1,2,1,3,-1,2,3,4,-1,4,5,2,-1,2,5,6,-1,2,6,7,-1,7,8,2,-1,2,8,9,-1,2,9,10,-1,10,11,2,-1,2,11,12,-1,2,12,13,-1,13,14,2,-1,2,14,15,-1,2,15,16,-1,16,15,17,-1,
        ]
    }
}
Shape{
    appearance Appearance {
        material  Material 	{
            diffuseColor 1.0 1.0 1.0
            specularColor 0.5019607843137255 0.5019607843137255 0.5019607843137255
            ambientIntensity 1.0
            transparency 0.0
            shininess 0.5
        }
    }
    geometry IndexedFaceSet {
        ccw TRUE
        solid FALSE
        coord DEF co Coordinate {
            point [
                8.0789 0.4246 0.9993, 8.0789 0.4196 0.9858, 8.0789 0.4649 0.9993, 8.0789 0.4697 0.9858, 8.0789 0.4425 1.0493, 8.0789 0.4367 1.073, 8.0789 0.391 0.9529, 8.0789 0.4081 0.9529, 8.0789 0.4436 1.0529, 8.0789 0.4445 1.0577, 8.0789 0.4533 1.073, 8.0789 0.4448 1.0577, 8.0789 0.4458 1.0526, 8.0789 0.4467 1.0493, 8.0789 0.499 0.9529, 8.0789 0.4819 0.9529, 8.0785 0.4533 1.073, 8.0785 0.499 0.9529, 8.0785 0.4367 1.073, 8.0785 0.391 0.9529, 8.0785 0.4256 1.0438, 8.0785 0.4081 0.9529, 8.0785 0.4196 0.9858, 8.0785 0.4697 0.9858, 8.0785 0.4256 0.9858, 8.0785 0.4819 0.9529, 8.0785 0.4246 0.9993, 8.0785 0.4649 0.9993, 8.0785 0.4467 1.0493, 8.0785 0.4448 1.0577, 8.0785 0.4458 1.0526, 8.0785 0.4445 1.0577, 8.0785 0.4425 1.0493, 8.0785 0.4436 1.0529
            ]
        }
        coordIndex [
            0,1,2,-1,2,1,3,-1,4,5,0,-1,0,5,6,-1,0,6,1,-1,1,6,7,-1,4,8,5,-1,5,8,9,-1,5,9,10,-1,10,9,11,-1,10,11,12,-1,12,13,10,-1,10,13,2,-1,10,2,14,-1,14,2,3,-1,14,3,15,-1,10,14,16,-1,16,14,17,-1,5,10,18,-1,18,10,16,-1,19,6,20,-1,20,6,5,-1,20,5,18,-1,7,6,21,-1,21,6,19,-1,1,7,22,-1,22,7,21,-1,23,3,24,-1,24,3,1,-1,24,1,22,-1,15,3,25,-1,25,3,23,-1,14,15,17,-1,17,15,25,-1,0,2,26,-1,26,2,27,-1,2,13,27,-1,27,13,28,-1,11,29,30,-1,11,30,12,-1,12,30,28,-1,12,28,13,-1,11,9,29,-1,29,9,31,-1,4,32,33,-1,4,33,8,-1,8,33,31,-1,8,31,9,-1,4,0,32,-1,32,0,26,-1,
        ]
    }
}
Shape{
    appearance Appearance {
        material  Material 	{
            diffuseColor 0.2235294117647059 0.2235294117647059 0.2235294117647059
            specularColor 0.11372549019607843 0.11372549019607843 0.11372549019607843
            ambientIntensity 0.2235
            transparency 0.0
            shininess 0.5
        }
    }
    geometry IndexedFaceSet {
        ccw TRUE
        solid FALSE
        coord DEF co Coordinate {
            point [
                8.0785 0.4448 1.0577, 8.0785 0.4445 1.0577, 8.0785 0.4458 1.0526, 8.0785 0.4436 1.0529, 8.0785 0.4467 1.0493, 8.0785 0.4425 1.0493, 8.0785 0.4649 0.9993, 8.0785 0.4246 0.9993
            ]
        }
        coordIndex [
            0,1,2,-1,2,1,3,-1,2,3,4,-1,4,3,5,-1,4,5,6,-1,6,5,7,-1,
        ]
    }
}
Shape{
    appearance Appearance {
        material  Material 	{
            diffuseColor 1.0 1.0 1.0
            specularColor 0.5019607843137255 0.5019607843137255 0.5019607843137255
            ambientIntensity 1.0
            transparency 0.0
            shininess 0.5
        }
    }
    geometry IndexedFaceSet {
        ccw TRUE
        solid FALSE
        coord DEF co Coordinate {
            point [
                8.0789 0.0816 0.7761, 8.0789 0.0816 0.7624, 8.0785 0.0816 0.7761, 8.0785 0.0816 0.7624, 8.0789 0.0325 0.7761, 8.0785 0.0325 0.7761, 8.0789 0.0325 0.8165, 8.0785 0.0325 0.8165, 8.0789 0.0755 0.8165, 8.0785 0.0755 0.8165, 8.0789 0.0755 0.8302, 8.0785 0.0755 0.8302, 8.0789 0.0325 0.8302, 8.0785 0.0325 0.8302, 8.0789 0.0325 0.8687, 8.0785 0.0325 0.8687, 8.0789 0.0789 0.8687, 8.0785 0.0789 0.8687, 8.0789 0.0789 0.8825, 8.0785 0.0789 0.8825, 8.0789 0.017 0.8825, 8.0785 0.017 0.8825, 8.0789 0.017 0.7624, 8.0785 0.017 0.7624, 8.0789 0.1495 0.7757, 8.0789 0.1499 0.7757, 8.0789 0.1489 0.7895, 8.0789 0.1135 0.8107, 8.0789 0.107 0.8074, 8.0789 0.1153 0.7975, 8.0789 0.1499 0.7962, 8.0789 0.1649 0.8176, 8.0789 0.1499 0.7972, 8.0789 0.1499 0.8054, 8.0789 0.1499 0.7624, 8.0789 0.1649 0.7624, 8.0789 0.1467 0.7841, 8.0789 0.1435 0.7797, 8.0789 0.1472 0.7721, 8.0789 0.1416 0.7779, 8.0789 0.1424 0.767, 8.0789 0.1373 0.775, 8.0789 0.1371 0.7634, 8.0789 0.1327 0.7733, 8.0789 0.131 0.7612, 8.0789 0.1271 0.7727, 8.0789 0.1232 0.7604, 8.0789 0.122 0.7733, 8.0789 0.1142 0.7614, 8.0789 0.1186 0.7745, 8.0789 0.1085 0.7636, 8.0789 0.1156 0.7766, 8.0789 0.1034 0.7671, 8.0789 0.1144 0.7779, 8.0789 0.1135 0.7952, 8.0789 0.1023 0.8035, 8.0789 0.1121 0.7924, 8.0789 0.0992 0.7992, 8.0789 0.1114 0.789, 8.0789 0.1173 0.799, 8.0789 0.1209 0.8007, 8.0789 0.1245 0.8134, 8.0789 0.1298 0.8027, 8.0789 0.1499 0.8169, 8.0789 0.1044 0.8422, 8.0789 0.1044 0.8275, 8.0789 0.1084 0.8444, 8.0789 0.114 0.8337, 8.0789 0.1198 0.8486, 8.0789 0.1234 0.837, 8.0789 0.1339 0.8501, 8.0789 0.1325 0.8379, 8.0789 0.1432 0.8493, 8.0789 0.1376 0.8374, 8.0789 0.1495 0.8473, 8.0789 0.1411 0.8362, 8.0789 0.1545 0.8444, 8.0789 0.1438 0.8344, 8.0789 0.1584 0.8406, 8.0789 0.1461 0.832, 8.0789 0.1615 0.8357, 8.0789 0.1478 0.8289, 8.0789 0.1638 0.8287, 8.0789 0.1494 0.8236, 8.0789 0.0971 0.7939, 8.0789 0.0961 0.7875, 8.0789 0.1113 0.7866, 8.0789 0.096 0.7854, 8.0789 0.1117 0.7831, 8.0789 0.0968 0.7785, 8.0789 0.1126 0.7804, 8.0789 0.0986 0.7734, 8.0789 0.1017 0.7688, 8.0785 0.1339 0.8501, 8.0785 0.1198 0.8486, 8.0785 0.1084 0.8444, 8.0785 0.1044 0.8422, 8.0785 0.1044 0.8275, 8.0785 0.114 0.8337, 8.0785 0.1234 0.837, 8.0785 0.1325 0.8379, 8.0785 0.1376 0.8374, 8.0785 0.1411 0.8362, 8.0785 0.1438 0.8344, 8.0785 0.1461 0.832, 8.0785 0.1478 0.8289, 8.0785 0.1494 0.8236, 8.0785 0.1499 0.8169, 8.0785 0.1245 0.8134, 8.0785 0.1135 0.8107, 8.0785 0.107 0.8074, 8.0785 0.1023 0.8035, 8.0785 0.0992 0.7992, 8.0785 0.0971 0.7939, 8.0785 0.0961 0.7875, 8.0785 0.096 0.7854, 8.0785 0.0968 0.7785, 8.0785 0.0986 0.7734, 8.0785 0.1017 0.7688, 8.0785 0.1034 0.7671, 8.0785 0.1232 0.7604, 8.0785 0.1145 0.7614, 8.0785 0.1142 0.7614, 8.0785 0.1085 0.7636, 8.0785 0.131 0.7612, 8.0785 0.1314 0.7614, 8.0785 0.1371 0.7634, 8.0785 0.1424 0.767, 8.0785 0.1472 0.7721, 8.0785 0.1495 0.7757, 8.0785 0.1499 0.7757, 8.0785 0.1499 0.7624, 8.0785 0.1649 0.7624, 8.0785 0.1649 0.8176, 8.0785 0.1638 0.8287, 8.0785 0.1615 0.8357, 8.0785 0.1584 0.8406, 8.0785 0.1545 0.8444, 8.0785 0.1495 0.8473, 8.0785 0.1432 0.8493, 8.0785 0.1153 0.7975, 8.0785 0.1173 0.799, 8.0785 0.1209 0.8007, 8.0785 0.1298 0.8027, 8.0785 0.1113 0.7866, 8.0785 0.1114 0.789, 8.0785 0.1121 0.7924, 8.0785 0.1135 0.7952, 8.0785 0.1156 0.7766, 8.0785 0.1144 0.7779, 8.0785 0.1126 0.7804, 8.0785 0.1117 0.7831, 8.0785 0.1271 0.7727, 8.0785 0.122 0.7733, 8.0785 0.1186 0.7745, 8.0785 0.1435 0.7797, 8.0785 0.1416 0.7779, 8.0785 0.1373 0.775, 8.0785 0.1327 0.7733, 8.0785 0.1499 0.7972, 8.0785 0.1499 0.7962, 8.0785 0.1489 0.7895, 8.0785 0.1467 0.7841, 8.0785 0.1499 0.8054
            ]
        }
        coordIndex [
            0,1,2,-1,2,1,3,-1,4,0,5,-1,5,0,2,-1,6,4,7,-1,7,4,5,-1,8,6,9,-1,9,6,7,-1,10,8,11,-1,11,8,9,-1,12,10,13,-1,13,10,11,-1,14,12,15,-1,15,12,13,-1,16,14,17,-1,17,14,15,-1,18,16,19,-1,19,16,17,-1,20,18,21,-1,21,18,19,-1,22,20,23,-1,23,20,21,-1,1,22,3,-1,3,22,23,-1,16,18,14,-1,14,18,20,-1,14,20,12,-1,1,0,22,-1,22,0,4,-1,22,4,6,-1,8,10,6,-1,6,10,12,-1,6,12,22,-1,22,12,20,-1,24,25,26,-1,27,28,29,-1,30,31,32,-1,32,31,33,-1,34,35,25,-1,25,35,31,-1,25,31,26,-1,26,31,30,-1,26,36,24,-1,24,36,37,-1,24,37,38,-1,38,37,39,-1,38,39,40,-1,40,39,41,-1,40,41,42,-1,42,41,43,-1,42,43,44,-1,44,43,45,-1,44,45,46,-1,46,45,47,-1,46,47,48,-1,48,47,49,-1,48,49,50,-1,50,49,51,-1,50,51,52,-1,52,51,53,-1,29,28,54,-1,54,28,55,-1,54,55,56,-1,56,55,57,-1,56,57,58,-1,29,59,27,-1,27,59,60,-1,27,60,61,-1,61,60,62,-1,61,62,63,-1,64,65,66,-1,66,65,67,-1,66,67,68,-1,68,67,69,-1,68,69,70,-1,70,69,71,-1,70,71,72,-1,72,71,73,-1,72,73,74,-1,74,73,75,-1,74,75,76,-1,76,75,77,-1,76,77,78,-1,78,77,79,-1,78,79,80,-1,80,79,81,-1,80,81,82,-1,82,81,83,-1,82,83,31,-1,31,83,63,-1,31,63,33,-1,33,63,62,-1,57,84,58,-1,58,84,85,-1,58,85,86,-1,86,85,87,-1,86,87,88,-1,88,87,89,-1,88,89,90,-1,90,89,91,-1,90,91,53,-1,53,91,92,-1,53,92,52,-1,70,93,94,-1,70,94,68,-1,68,94,95,-1,68,95,66,-1,66,95,96,-1,66,96,64,-1,65,64,97,-1,97,64,96,-1,65,97,98,-1,65,98,67,-1,67,98,99,-1,67,99,69,-1,69,99,100,-1,69,100,71,-1,71,100,101,-1,71,101,73,-1,73,101,102,-1,73,102,75,-1,75,102,103,-1,75,103,77,-1,77,103,104,-1,77,104,79,-1,79,104,105,-1,79,105,81,-1,81,105,106,-1,81,106,83,-1,83,106,107,-1,83,107,63,-1,61,63,108,-1,108,63,107,-1,61,108,109,-1,61,109,27,-1,27,109,110,-1,27,110,28,-1,28,110,111,-1,28,111,55,-1,55,111,112,-1,55,112,57,-1,57,112,113,-1,57,113,84,-1,84,113,114,-1,84,114,85,-1,85,114,115,-1,85,115,87,-1,87,115,116,-1,87,116,89,-1,89,116,117,-1,89,117,91,-1,91,117,118,-1,91,118,92,-1,92,118,119,-1,92,119,52,-1,120,46,121,-1,121,46,48,-1,121,48,122,-1,122,48,50,-1,122,50,123,-1,123,50,52,-1,123,52,119,-1,46,120,124,-1,46,124,44,-1,44,124,125,-1,44,125,42,-1,125,126,42,-1,42,126,127,-1,42,127,40,-1,40,127,128,-1,40,128,38,-1,38,128,129,-1,38,129,24,-1,25,24,130,-1,130,24,129,-1,34,25,131,-1,131,25,130,-1,35,34,132,-1,132,34,131,-1,31,35,133,-1,133,35,132,-1,31,133,134,-1,31,134,82,-1,82,134,135,-1,82,135,80,-1,80,135,136,-1,80,136,78,-1,78,136,137,-1,78,137,76,-1,76,137,138,-1,76,138,74,-1,74,138,139,-1,74,139,72,-1,72,139,93,-1,72,93,70,-1,29,140,141,-1,29,141,59,-1,59,141,142,-1,59,142,60,-1,60,142,143,-1,60,143,62,-1,86,144,145,-1,86,145,58,-1,58,145,146,-1,58,146,56,-1,56,146,147,-1,56,147,54,-1,54,147,140,-1,54,140,29,-1,51,148,149,-1,51,149,53,-1,53,149,150,-1,53,150,90,-1,90,150,151,-1,90,151,88,-1,88,151,144,-1,88,144,86,-1,45,152,153,-1,45,153,47,-1,47,153,154,-1,47,154,49,-1,49,154,148,-1,49,148,51,-1,37,155,156,-1,37,156,39,-1,39,156,157,-1,39,157,41,-1,41,157,158,-1,41,158,43,-1,43,158,152,-1,43,152,45,-1,32,159,160,-1,32,160,30,-1,30,160,161,-1,30,161,26,-1,26,161,162,-1,26,162,36,-1,36,162,155,-1,36,155,37,-1,32,33,159,-1,159,33,163,-1,33,62,163,-1,163,62,143,-1,
        ]
    }
}
Shape{
    appearance Appearance {
        material  Material 	{
            diffuseColor 0.2235294117647059 0.2235294117647059 0.2235294117647059
            specularColor 0.11372549019607843 0.11372549019607843 0.11372549019607843
            ambientIntensity 0.2235
            transparency 0.0
            shininess 0.5
        }
    }
    geometry IndexedFaceSet {
        ccw TRUE
        solid FALSE
        coord DEF co Coordinate {
            point [
                8.0785 0.1499 0.8054, 8.0785 0.1298 0.8027, 8.0785 0.1499 0.7972, 8.0785 0.1209 0.8007, 8.0785 0.1173 0.799, 8.0785 0.1153 0.7975, 8.0785 0.1499 0.7962, 8.0785 0.1489 0.7895, 8.0785 0.1135 0.7952, 8.0785 0.1467 0.7841, 8.0785 0.1144 0.7779, 8.0785 0.1156 0.7766, 8.0785 0.1416 0.7779, 8.0785 0.1126 0.7804, 8.0785 0.1373 0.775, 8.0785 0.1327 0.7733, 8.0785 0.1271 0.7727, 8.0785 0.1121 0.7924, 8.0785 0.1114 0.789, 8.0785 0.1435 0.7797, 8.0785 0.1113 0.7866, 8.0785 0.1117 0.7831, 8.0785 0.1186 0.7745, 8.0785 0.122 0.7733
            ]
        }
        coordIndex [
            0,1,2,-1,2,1,3,-1,3,4,2,-1,2,4,5,-1,2,5,6,-1,6,5,7,-1,7,5,8,-1,7,8,9,-1,10,11,12,-1,10,12,13,-1,14,12,15,-1,15,12,16,-1,8,17,9,-1,9,17,18,-1,9,18,19,-1,19,18,20,-1,19,20,12,-1,12,20,21,-1,12,21,13,-1,11,22,12,-1,12,22,23,-1,12,23,16,-1,
        ]
    }
}
Shape{
    appearance Appearance {
        material  Material 	{
            diffuseColor 1.0 1.0 1.0
            specularColor 0.5019607843137255 0.5019607843137255 0.5019607843137255
            ambientIntensity 1.0
            transparency 0.0
            shininess 0.5
        }
    }
    geometry IndexedFaceSet {
        ccw TRUE
        solid FALSE
        coord DEF co Coordinate {
            point [
                8.0789 0.2101 0.7726, 8.0785 0.2101 0.7726, 8.0785 0.2006 0.7737, 8.0785 0.1923 0.7769, 8.0789 0.1912 0.7773, 8.0789 0.2006 0.7737, 8.0785 0.1912 0.7773, 8.0785 0.1853 0.7809, 8.0789 0.1853 0.7809, 8.0789 0.1853 0.7654, 8.0785 0.1853 0.7654, 8.0789 0.1961 0.7616, 8.0785 0.1923 0.763, 8.0785 0.2086 0.7604, 8.0789 0.2086 0.7604, 8.0785 0.1987 0.7614, 8.0785 0.1961 0.7616, 8.0789 0.2208 0.7616, 8.0785 0.2183 0.7614, 8.0785 0.2208 0.7616, 8.0785 0.2291 0.7645, 8.0789 0.2291 0.7645, 8.0785 0.2336 0.7672, 8.0789 0.2336 0.7672, 8.0785 0.2379 0.7709, 8.0789 0.2379 0.7709, 8.0785 0.2407 0.7749, 8.0789 0.2407 0.7749, 8.0785 0.2425 0.7797, 8.0789 0.2425 0.7797, 8.0785 0.2433 0.7857, 8.0789 0.2433 0.7857, 8.0785 0.2426 0.7913, 8.0789 0.2426 0.7913, 8.0785 0.241 0.7958, 8.0789 0.241 0.7958, 8.0785 0.2382 0.7999, 8.0789 0.2382 0.7999, 8.0785 0.2343 0.8033, 8.0789 0.2343 0.8033, 8.0785 0.2242 0.8089, 8.0789 0.2242 0.8089, 8.0785 0.2188 0.811, 8.0789 0.2188 0.811, 8.0785 0.2095 0.8151, 8.0789 0.2095 0.8151, 8.0785 0.2042 0.8184, 8.0789 0.2042 0.8184, 8.0785 0.2027 0.82, 8.0789 0.2027 0.82, 8.0785 0.2017 0.822, 8.0789 0.2017 0.822, 8.0785 0.2011 0.8244, 8.0789 0.2011 0.8244, 8.0785 0.2009 0.8264, 8.0789 0.2009 0.8264, 8.0785 0.2012 0.8288, 8.0789 0.2012 0.8288, 8.0785 0.2019 0.8308, 8.0789 0.2019 0.8308, 8.0785 0.2032 0.8327, 8.0789 0.2032 0.8327, 8.0785 0.2055 0.8347, 8.0789 0.2055 0.8347, 8.0785 0.2089 0.8365, 8.0789 0.2089 0.8365, 8.0785 0.2129 0.8376, 8.0789 0.2129 0.8376, 8.0785 0.2173 0.8379, 8.0789 0.2173 0.8379, 8.0785 0.2272 0.8368, 8.0789 0.2272 0.8368, 8.0785 0.2357 0.8337, 8.0789 0.2357 0.8337, 8.0785 0.2391 0.8317, 8.0789 0.2391 0.8317, 8.0789 0.2391 0.8463, 8.0785 0.2391 0.8463, 8.0785 0.2271 0.8496, 8.0789 0.2271 0.8496, 8.0785 0.2188 0.8501, 8.0789 0.2188 0.8501, 8.0785 0.2078 0.8489, 8.0789 0.2078 0.8489, 8.0785 0.1995 0.846, 8.0789 0.1995 0.846, 8.0785 0.1951 0.8433, 8.0789 0.1951 0.8433, 8.0789 0.1906 0.8393, 8.0785 0.1923 0.8408, 8.0785 0.1906 0.8393, 8.0785 0.1878 0.8352, 8.0789 0.1878 0.8352, 8.0785 0.186 0.8304, 8.0789 0.186 0.8304, 8.0785 0.1854 0.825, 8.0789 0.1854 0.825, 8.0785 0.1861 0.8192, 8.0789 0.1861 0.8192, 8.0785 0.1877 0.8146, 8.0789 0.1877 0.8146, 8.0785 0.1897 0.8115, 8.0789 0.1897 0.8115, 8.0785 0.2082 0.8001, 8.0789 0.2082 0.8001, 8.0789 0.1992 0.8042, 8.0785 0.1921 0.8089, 8.0789 0.1921 0.8089, 8.0785 0.1923 0.8088, 8.0785 0.1992 0.8042, 8.0785 0.2181 0.796, 8.0789 0.2181 0.796, 8.0785 0.224 0.7924, 8.0789 0.224 0.7924, 8.0785 0.2258 0.7905, 8.0789 0.2258 0.7905, 8.0785 0.227 0.7885, 8.0789 0.227 0.7885, 8.0785 0.2277 0.7861, 8.0789 0.2277 0.7861, 8.0785 0.2278 0.7843, 8.0789 0.2278 0.7843, 8.0785 0.2275 0.7814, 8.0789 0.2275 0.7814, 8.0785 0.2267 0.7792, 8.0789 0.2267 0.7792, 8.0785 0.2254 0.7773, 8.0789 0.2254 0.7773, 8.0785 0.2237 0.7758, 8.0789 0.2237 0.7758, 8.0785 0.2223 0.7749, 8.0789 0.2223 0.7749, 8.0785 0.2184 0.7735, 8.0789 0.2184 0.7735, 8.0785 0.2107 0.7726, 8.0789 0.2107 0.7726, 8.0789 0.3178 0.8482, 8.0789 0.3334 0.8482, 8.0785 0.3178 0.8482, 8.0785 0.3334 0.8482, 8.0789 0.2944 0.7836, 8.0785 0.2944 0.7836, 8.0785 0.2933 0.7796, 8.0789 0.2933 0.7796, 8.0785 0.2926 0.7766, 8.0789 0.2926 0.7766, 8.0789 0.2922 0.7766, 8.0785 0.2922 0.7766, 8.0789 0.2903 0.7837, 8.0785 0.2903 0.7837, 8.0785 0.2679 0.8482, 8.0789 0.2679 0.8482, 8.0785 0.2752 0.8273, 8.0789 0.2511 0.8482, 8.0785 0.2511 0.8482, 8.0785 0.2847 0.7626, 8.0789 0.2847 0.7626, 8.0785 0.2752 0.7869, 8.0785 0.2781 0.747, 8.0789 0.2781 0.747, 8.0785 0.2842 0.7614, 8.0785 0.2752 0.7416, 8.0789 0.2752 0.7416, 8.0785 0.2752 0.7416, 8.0789 0.2724 0.7384, 8.0785 0.2724 0.7384, 8.0785 0.2696 0.7365, 8.0789 0.2696 0.7365, 8.0785 0.2663 0.7353, 8.0789 0.2663 0.7353, 8.0785 0.2627 0.7349, 8.0789 0.2627 0.7349, 8.0785 0.2573 0.7356, 8.0789 0.2573 0.7356, 8.0785 0.2542 0.7366, 8.0789 0.2542 0.7366, 8.0789 0.2542 0.7232, 8.0785 0.2542 0.7232, 8.0785 0.2606 0.7221, 8.0789 0.2606 0.7221, 8.0785 0.2639 0.722, 8.0789 0.2639 0.722, 8.0785 0.27 0.7227, 8.0785 0.2752 0.7247, 8.0789 0.2759 0.7249, 8.0789 0.27 0.7227, 8.0785 0.2759 0.7249, 8.0785 0.2812 0.7286, 8.0789 0.2812 0.7286, 8.0785 0.2822 0.7296, 8.0789 0.2822 0.7296, 8.0785 0.2877 0.7362, 8.0789 0.2877 0.7362, 8.0785 0.2945 0.7494, 8.0789 0.2945 0.7494, 8.0785 0.2992 0.7614, 8.0789 0.4142 0.7761, 8.0789 0.4142 0.7624, 8.0785 0.4142 0.7761, 8.0785 0.4142 0.7624, 8.0785 0.3651 0.7761, 8.0789 0.3651 0.7761, 8.0785 0.3876 0.7761, 8.0789 0.3651 0.8165, 8.0785 0.3651 0.8165, 8.0785 0.4081 0.8165, 8.0789 0.4081 0.8165, 8.0785 0.3876 0.8165, 8.0789 0.4081 0.8302, 8.0785 0.4081 0.8302, 8.0785 0.3651 0.8302, 8.0789 0.3651 0.8302, 8.0785 0.3876 0.8302, 8.0789 0.3651 0.8687, 8.0785 0.3651 0.8687, 8.0785 0.4115 0.8687, 8.0789 0.4115 0.8687, 8.0785 0.3876 0.8687, 8.0789 0.4115 0.8825, 8.0785 0.4115 0.8825, 8.0785 0.3496 0.8825, 8.0789 0.3496 0.8825, 8.0785 0.3876 0.8825, 8.0789 0.3496 0.7624, 8.0785 0.3496 0.7624, 8.0785 0.3876 0.7624, 8.0789 0.5181 0.8167, 8.0789 0.5343 0.8155, 8.0789 0.5184 0.8235, 8.0789 0.5347 0.824, 8.0789 0.517 0.8371, 8.0789 0.533 0.8392, 8.0789 0.5138 0.8463, 8.0789 0.5288 0.8509, 8.0789 0.5093 0.8532, 8.0789 0.5216 0.8616, 8.0789 0.5052 0.8574, 8.0789 0.5166 0.8666, 8.0789 0.496 0.8634, 8.0789 0.5047 0.8748, 8.0789 0.4855 0.8671, 8.0789 0.4903 0.8803, 8.0789 0.4706 0.8687, 8.0789 0.4712 0.8825, 8.0789 0.4524 0.8687, 8.0789 0.4369 0.8825, 8.0789 0.4524 0.7761, 8.0789 0.4369 0.7624, 8.0789 0.4699 0.7761, 8.0789 0.47 0.7624, 8.0789 0.4848 0.7777, 8.0789 0.4885 0.7644, 8.0789 0.4952 0.7813, 8.0789 0.5026 0.7695, 8.0789 0.5032 0.7865, 8.0789 0.5144 0.7772, 8.0789 0.5056 0.7886, 8.0789 0.5166 0.7792, 8.0789 0.5118 0.7965, 8.0789 0.5251 0.7892, 8.0789 0.5159 0.8055, 8.0789 0.5312 0.8015, 8.0785 0.47 0.7624, 8.0785 0.4369 0.7624, 8.0785 0.4885 0.7644, 8.0785 0.5026 0.7695, 8.0785 0.5144 0.7772, 8.0785 0.5166 0.7792, 8.0785 0.5251 0.7892, 8.0785 0.5312 0.8015, 8.0785 0.5343 0.8155, 8.0785 0.5347 0.824, 8.0785 0.533 0.8392, 8.0785 0.5288 0.8509, 8.0785 0.5216 0.8616, 8.0785 0.5166 0.8666, 8.0785 0.5047 0.8748, 8.0785 0.4903 0.8803, 8.0785 0.4712 0.8825, 8.0785 0.4369 0.8825, 8.0785 0.4706 0.8687, 8.0785 0.4524 0.8687, 8.0785 0.4524 0.7761, 8.0785 0.4699 0.7761, 8.0785 0.5056 0.7886, 8.0785 0.5032 0.7865, 8.0785 0.4952 0.7813, 8.0785 0.4848 0.7777, 8.0785 0.5184 0.8235, 8.0785 0.5181 0.8167, 8.0785 0.5159 0.8055, 8.0785 0.5118 0.7965, 8.0785 0.5052 0.8574, 8.0785 0.5093 0.8532, 8.0785 0.5138 0.8463, 8.0785 0.517 0.8371, 8.0785 0.4855 0.8671, 8.0785 0.496 0.8634
            ]
        }
        coordIndex [
            0,1,2,-1,3,4,2,-1,2,4,5,-1,2,5,0,-1,3,6,4,-1,4,6,7,-1,4,7,8,-1,9,8,10,-1,10,8,7,-1,11,9,12,-1,12,9,10,-1,13,14,15,-1,15,14,11,-1,15,11,16,-1,16,11,12,-1,17,14,18,-1,18,14,13,-1,18,19,17,-1,17,19,20,-1,17,20,21,-1,21,20,22,-1,21,22,23,-1,23,22,24,-1,23,24,25,-1,25,24,26,-1,25,26,27,-1,27,26,28,-1,27,28,29,-1,29,28,30,-1,29,30,31,-1,31,30,32,-1,31,32,33,-1,33,32,34,-1,33,34,35,-1,35,34,36,-1,35,36,37,-1,37,36,38,-1,37,38,39,-1,39,38,40,-1,39,40,41,-1,41,40,42,-1,41,42,43,-1,43,42,44,-1,43,44,45,-1,45,44,46,-1,45,46,47,-1,47,46,48,-1,47,48,49,-1,49,48,50,-1,49,50,51,-1,51,50,52,-1,51,52,53,-1,53,52,54,-1,53,54,55,-1,55,54,56,-1,55,56,57,-1,57,56,58,-1,57,58,59,-1,59,58,60,-1,59,60,61,-1,61,60,62,-1,61,62,63,-1,63,62,64,-1,63,64,65,-1,65,64,66,-1,65,66,67,-1,67,66,68,-1,67,68,69,-1,69,68,70,-1,69,70,71,-1,71,70,72,-1,71,72,73,-1,73,72,74,-1,73,74,75,-1,76,75,77,-1,77,75,74,-1,76,77,78,-1,76,78,79,-1,79,78,80,-1,79,80,81,-1,81,80,82,-1,81,82,83,-1,83,82,84,-1,83,84,85,-1,85,84,86,-1,85,86,87,-1,88,87,89,-1,89,87,86,-1,89,90,88,-1,88,90,91,-1,88,91,92,-1,92,91,93,-1,92,93,94,-1,94,93,95,-1,94,95,96,-1,96,95,97,-1,96,97,98,-1,98,97,99,-1,98,99,100,-1,100,99,101,-1,100,101,102,-1,103,104,105,-1,102,101,106,-1,102,106,107,-1,107,106,108,-1,107,108,105,-1,105,108,109,-1,105,109,103,-1,104,103,110,-1,104,110,111,-1,111,110,112,-1,111,112,113,-1,113,112,114,-1,113,114,115,-1,115,114,116,-1,115,116,117,-1,117,116,118,-1,117,118,119,-1,119,118,120,-1,119,120,121,-1,121,120,122,-1,121,122,123,-1,123,122,124,-1,123,124,125,-1,125,124,126,-1,125,126,127,-1,127,126,128,-1,127,128,129,-1,129,128,130,-1,129,130,131,-1,131,130,132,-1,131,132,133,-1,133,132,134,-1,133,134,135,-1,135,134,1,-1,135,1,0,-1,61,63,85,-1,85,63,83,-1,111,43,104,-1,104,43,45,-1,21,23,127,-1,127,23,25,-1,127,25,125,-1,125,25,27,-1,125,27,123,-1,123,27,29,-1,123,29,121,-1,121,29,31,-1,121,31,119,-1,119,31,33,-1,119,33,117,-1,117,33,35,-1,117,35,115,-1,115,35,37,-1,115,37,113,-1,113,37,39,-1,113,39,111,-1,111,39,41,-1,111,41,43,-1,14,0,11,-1,11,0,5,-1,11,5,9,-1,9,5,4,-1,9,4,8,-1,63,65,83,-1,83,65,67,-1,83,67,81,-1,81,67,69,-1,81,69,79,-1,79,69,71,-1,79,71,76,-1,76,71,73,-1,76,73,75,-1,127,129,21,-1,21,129,131,-1,21,131,17,-1,17,131,133,-1,17,133,14,-1,14,133,135,-1,14,135,0,-1,85,87,61,-1,61,87,88,-1,61,88,59,-1,59,88,92,-1,59,92,57,-1,57,92,94,-1,57,94,55,-1,55,94,96,-1,55,96,53,-1,53,96,98,-1,53,98,51,-1,51,98,100,-1,51,100,49,-1,49,100,102,-1,49,102,47,-1,47,102,107,-1,47,107,45,-1,45,107,105,-1,45,105,104,-1,136,137,138,-1,138,137,139,-1,140,136,141,-1,141,136,138,-1,140,141,142,-1,140,142,143,-1,143,142,144,-1,143,144,145,-1,146,145,147,-1,147,145,144,-1,148,146,149,-1,149,146,147,-1,150,151,152,-1,152,151,148,-1,152,148,149,-1,153,151,154,-1,154,151,150,-1,155,156,157,-1,157,156,153,-1,157,153,154,-1,158,159,160,-1,160,159,156,-1,160,156,155,-1,159,158,161,-1,159,161,162,-1,162,161,163,-1,162,163,164,-1,163,165,164,-1,164,165,166,-1,164,166,167,-1,167,166,168,-1,167,168,169,-1,169,168,170,-1,169,170,171,-1,171,170,172,-1,171,172,173,-1,173,172,174,-1,173,174,175,-1,176,175,177,-1,177,175,174,-1,176,177,178,-1,176,178,179,-1,179,178,180,-1,179,180,181,-1,181,180,182,-1,183,184,182,-1,182,184,185,-1,182,185,181,-1,183,186,184,-1,184,186,187,-1,184,187,188,-1,188,187,189,-1,188,189,190,-1,190,189,191,-1,190,191,192,-1,192,191,193,-1,192,193,194,-1,139,137,195,-1,195,137,194,-1,195,194,193,-1,143,145,194,-1,137,136,194,-1,194,136,140,-1,194,140,143,-1,151,153,148,-1,148,153,156,-1,148,156,146,-1,192,162,190,-1,190,162,164,-1,175,176,173,-1,173,176,179,-1,173,179,171,-1,171,179,181,-1,171,181,169,-1,169,181,185,-1,169,185,167,-1,167,185,184,-1,167,184,164,-1,164,184,188,-1,164,188,190,-1,145,146,194,-1,194,146,156,-1,194,156,192,-1,192,156,159,-1,192,159,162,-1,196,197,198,-1,198,197,199,-1,200,201,202,-1,202,201,196,-1,202,196,198,-1,203,201,204,-1,204,201,200,-1,205,206,207,-1,207,206,203,-1,207,203,204,-1,208,206,209,-1,209,206,205,-1,210,211,212,-1,212,211,208,-1,212,208,209,-1,213,211,214,-1,214,211,210,-1,215,216,217,-1,217,216,213,-1,217,213,214,-1,218,216,219,-1,219,216,215,-1,220,221,222,-1,222,221,218,-1,222,218,219,-1,223,221,224,-1,224,221,220,-1,199,197,225,-1,225,197,223,-1,225,223,224,-1,223,197,196,-1,196,201,223,-1,223,201,203,-1,223,203,221,-1,216,218,213,-1,213,218,221,-1,213,221,211,-1,211,221,203,-1,211,203,208,-1,208,203,206,-1,226,227,228,-1,228,227,229,-1,228,229,230,-1,230,229,231,-1,230,231,232,-1,232,231,233,-1,232,233,234,-1,234,233,235,-1,234,235,236,-1,236,235,237,-1,236,237,238,-1,238,237,239,-1,238,239,240,-1,240,239,241,-1,240,241,242,-1,242,241,243,-1,242,243,244,-1,244,243,245,-1,244,245,246,-1,246,245,247,-1,246,247,248,-1,248,247,249,-1,248,249,250,-1,250,249,251,-1,250,251,252,-1,252,251,253,-1,252,253,254,-1,254,253,255,-1,254,255,256,-1,256,255,257,-1,256,257,258,-1,258,257,259,-1,258,259,260,-1,260,259,261,-1,260,261,226,-1,226,261,227,-1,249,247,262,-1,262,247,263,-1,249,262,264,-1,249,264,251,-1,251,264,265,-1,251,265,253,-1,253,265,266,-1,253,266,255,-1,255,266,267,-1,255,267,257,-1,257,267,268,-1,257,268,259,-1,259,268,269,-1,259,269,261,-1,261,269,270,-1,261,270,227,-1,227,270,271,-1,227,271,229,-1,229,271,272,-1,229,272,231,-1,231,272,273,-1,231,273,233,-1,233,273,274,-1,233,274,235,-1,235,274,275,-1,235,275,237,-1,237,275,276,-1,237,276,239,-1,239,276,277,-1,239,277,241,-1,241,277,278,-1,241,278,243,-1,245,243,279,-1,279,243,278,-1,247,245,263,-1,263,245,279,-1,242,244,280,-1,280,244,281,-1,244,246,281,-1,281,246,282,-1,246,248,282,-1,282,248,283,-1,256,284,285,-1,256,285,254,-1,254,285,286,-1,254,286,252,-1,252,286,287,-1,252,287,250,-1,250,287,283,-1,250,283,248,-1,228,288,289,-1,228,289,226,-1,226,289,290,-1,226,290,260,-1,260,290,291,-1,260,291,258,-1,258,291,284,-1,258,284,256,-1,236,292,293,-1,236,293,234,-1,234,293,294,-1,234,294,232,-1,232,294,295,-1,232,295,230,-1,230,295,288,-1,230,288,228,-1,242,280,296,-1,242,296,240,-1,240,296,297,-1,240,297,238,-1,238,297,292,-1,238,292,236,-1,
        ]
    }
}
Shape{
    appearance Appearance {
        material  Material 	{
            diffuseColor 0.2235294117647059 0.2235294117647059 0.2235294117647059
            specularColor 0.11372549019607843 0.11372549019607843 0.11372549019607843
            ambientIntensity 0.2235
            transparency 0.0
            shininess 0.5
        }
    }
    geometry IndexedFaceSet {
        ccw TRUE
        solid FALSE
        coord DEF co Coordinate {
            point [
                8.0785 0.4524 0.8687, 8.0785 0.4524 0.7761, 8.0785 0.4706 0.8687, 8.0785 0.4699 0.7761, 8.0785 0.4848 0.7777, 8.0785 0.4952 0.7813, 8.0785 0.5032 0.7865, 8.0785 0.5056 0.7886, 8.0785 0.5118 0.7965, 8.0785 0.5159 0.8055, 8.0785 0.5181 0.8167, 8.0785 0.5184 0.8235, 8.0785 0.517 0.8371, 8.0785 0.5138 0.8463, 8.0785 0.5093 0.8532, 8.0785 0.5052 0.8574, 8.0785 0.4855 0.8671, 8.0785 0.496 0.8634
            ]
        }
        coordIndex [
            0,1,2,-1,2,1,3,-1,2,3,4,-1,4,5,2,-1,2,5,6,-1,2,6,7,-1,7,8,2,-1,2,8,9,-1,2,9,10,-1,10,11,2,-1,2,11,12,-1,2,12,13,-1,13,14,2,-1,2,14,15,-1,2,15,16,-1,16,15,17,-1,
        ]
    }
}
Shape{
    appearance Appearance {
        material  Material 	{
            diffuseColor 1.0 1.0 1.0
            specularColor 0.5019607843137255 0.5019607843137255 0.5019607843137255
            ambientIntensity 1.0
            transparency 0.0
            shininess 0.5
        }
    }
    geometry IndexedFaceSet {
        ccw TRUE
        solid FALSE
        coord DEF co Coordinate {
            point [
                8.0789 0.575 0.8088, 8.0789 0.57 0.7952, 8.0789 0.6153 0.8088, 8.0789 0.6201 0.7952, 8.0789 0.5929 0.8587, 8.0789 0.5871 0.8825, 8.0789 0.5414 0.7624, 8.0789 0.5585 0.7624, 8.0789 0.594 0.8623, 8.0789 0.5949 0.8671, 8.0789 0.6037 0.8825, 8.0789 0.5953 0.8671, 8.0789 0.5962 0.8621, 8.0789 0.5971 0.8587, 8.0789 0.6494 0.7624, 8.0789 0.6323 0.7624, 8.0785 0.6037 0.8825, 8.0785 0.6494 0.7624, 8.0785 0.5871 0.8825, 8.0785 0.5414 0.7624, 8.0785 0.5585 0.7624, 8.0785 0.57 0.7952, 8.0785 0.6201 0.7952, 8.0785 0.6323 0.7624, 8.0785 0.575 0.8088, 8.0785 0.6153 0.8088, 8.0785 0.5971 0.8587, 8.0785 0.5953 0.8671, 8.0785 0.5962 0.8621, 8.0785 0.5949 0.8671, 8.0785 0.5929 0.8587, 8.0785 0.594 0.8623
            ]
        }
        coordIndex [
            0,1,2,-1,2,1,3,-1,4,5,0,-1,0,5,6,-1,0,6,1,-1,1,6,7,-1,4,8,5,-1,5,8,9,-1,5,9,10,-1,10,9,11,-1,10,11,12,-1,12,13,10,-1,10,13,2,-1,10,2,14,-1,14,2,3,-1,14,3,15,-1,10,14,16,-1,16,14,17,-1,5,10,18,-1,18,10,16,-1,6,5,19,-1,19,5,18,-1,7,6,20,-1,20,6,19,-1,1,7,21,-1,21,7,20,-1,3,1,22,-1,22,1,21,-1,15,3,23,-1,23,3,22,-1,14,15,17,-1,17,15,23,-1,0,2,24,-1,24,2,25,-1,2,13,25,-1,25,13,26,-1,11,27,28,-1,11,28,12,-1,12,28,26,-1,12,26,13,-1,11,9,27,-1,27,9,29,-1,4,30,31,-1,4,31,8,-1,8,31,29,-1,8,29,9,-1,4,0,30,-1,30,0,24,-1,
        ]
    }
}
Shape{
    appearance Appearance {
        material  Material 	{
            diffuseColor 0.2235294117647059 0.2235294117647059 0.2235294117647059
            specularColor 0.11372549019607843 0.11372549019607843 0.11372549019607843
            ambientIntensity 0.2235
            transparency 0.0
            shininess 0.5
        }
    }
    geometry IndexedFaceSet {
        ccw TRUE
        solid FALSE
        coord DEF co Coordinate {
            point [
                8.0785 0.5953 0.8671, 8.0785 0.5949 0.8671, 8.0785 0.5962 0.8621, 8.0785 0.594 0.8623, 8.0785 0.5971 0.8587, 8.0785 0.5929 0.8587, 8.0785 0.6153 0.8088, 8.0785 0.575 0.8088
            ]
        }
        coordIndex [
            0,1,2,-1,2,1,3,-1,2,3,4,-1,4,3,5,-1,4,5,6,-1,6,5,7,-1,
        ]
    }
}
Shape{
    appearance Appearance {
        material  Material 	{
            diffuseColor 1.0 1.0 1.0
            specularColor 0.5019607843137255 0.5019607843137255 0.5019607843137255
            ambientIntensity 1.0
            transparency 0.0
            shininess 0.5
        }
    }
    geometry IndexedFaceSet {
        ccw TRUE
        solid FALSE
        coord DEF co Coordinate {
            point [
                8.0789 -0.3726 0.7398, 8.0789 -0.362 0.7584, 8.0789 -0.3563 0.7793, 8.0789 -0.4733 0.7797, 8.0789 -0.4749 0.7877, 8.0789 -0.5211 0.8209, 8.0789 -0.522 0.7637, 8.0789 -0.5346 0.7676, 8.0789 -0.5404 0.8329, 8.0789 -0.2359 0.8627, 8.0789 -0.2624 0.908, 8.0789 -0.3555 0.7995, 8.0789 -0.3768 0.8482, 8.0789 -0.3555 0.791, 8.0789 -0.4003 0.7159, 8.0789 -0.3834 0.7279, 8.0789 -0.3878 1.038, 8.0789 -0.3602 1.0496, 8.0789 -0.3725 1.0995, 8.0789 -0.47 0.7725, 8.0789 -0.5001 0.7291, 8.0789 -0.513 0.7447, 8.0789 -0.2077 0.9473, 8.0789 -0.2009 0.9473, 8.0789 -0.1659 0.9934, 8.0789 -0.184 0.9451, 8.0789 -0.1627 0.9924, 8.0789 -0.1691 0.9392, 8.0789 -0.1372 0.98, 8.0789 -0.1139 0.9606, 8.0789 -0.4146 0.7708, 8.0789 -0.4193 0.7656, 8.0789 -0.4257 0.7609, 8.0789 -0.4193 0.7084, 8.0789 -0.4331 0.758, 8.0789 -0.4408 0.7056, 8.0789 -0.4417 0.7569, 8.0789 -0.4433 0.7056, 8.0789 -0.4432 0.7569, 8.0789 -0.4635 0.7086, 8.0789 -0.4508 0.7581, 8.0789 -0.4833 0.7167, 8.0789 -0.4585 0.7614, 8.0789 -0.4651 0.7665, 8.0789 -0.4106 0.8021, 8.0789 -0.4086 0.7941, 8.0789 -0.4086 0.7863, 8.0789 -0.4107 0.7781, 8.0789 -0.3281 1.1053, 8.0789 -0.4745 0.796, 8.0789 -0.472 0.8041, 8.0789 -0.5121 0.8386, 8.0789 -0.4676 0.8111, 8.0789 -0.4982 0.8548, 8.0789 -0.4642 0.8147, 8.0789 -0.4808 0.8671, 8.0789 -0.4575 0.8194, 8.0789 -0.462 0.8745, 8.0789 -0.4501 0.8224, 8.0789 -0.4408 0.8773, 8.0789 -0.4417 0.8235, 8.0789 -0.4314 0.8767, 8.0789 -0.4346 0.8227, 8.0789 -0.4107 0.8718, 8.0789 -0.4267 0.8198, 8.0789 -0.3924 0.8623, 8.0789 -0.4198 0.8152, 8.0789 -0.4143 0.8091, 8.0789 -0.156 0.9298, 8.0789 -0.1479 0.921, 8.0789 -0.0962 0.9365, 8.0789 -0.1395 0.9066, 8.0789 -0.0855 0.9104, 8.0789 -0.135 0.8903, 8.0789 -0.0813 0.8815, 8.0789 -0.1343 0.8807, 8.0789 -0.0849 0.8523, 8.0789 -0.1365 0.8633, 8.0789 -0.0954 0.8251, 8.0789 -0.1426 0.8482, 8.0789 -0.1129 0.8004, 8.0789 -0.1519 0.8352, 8.0789 -0.1349 0.7815, 8.0789 -0.1645 0.8246, 8.0789 -0.1609 0.7685, 8.0789 -0.1794 0.8173, 8.0789 -0.1906 0.762, 8.0789 -0.1958 0.8141, 8.0789 -0.241 0.762, 8.0789 -0.2342 0.8141, 8.0789 -0.2458 0.7627, 8.0789 -0.4481 0.9755, 8.0789 -0.4417 0.972, 8.0789 -0.4682 1.0344, 8.0789 -0.4279 1.0002, 8.0789 -0.4559 1.0492, 8.0789 -0.4085 1.0229, 8.0789 -0.4306 1.072, 8.0789 -0.4118 1.0838, 8.0789 -0.3317 1.0539, 8.0789 -0.3273 1.054, 8.0789 -0.2906 1.1011, 8.0789 -0.2971 1.0501, 8.0789 -0.248 1.0854, 8.0789 -0.2704 1.0396, 8.0789 -0.212 1.0608, 8.0789 -0.247 1.0231, 8.0789 -0.184 1.0286, 8.0789 -0.2273 1.0004, 8.0789 -0.2137 0.9731, 8.0789 -0.5696 0.921, 8.0789 -0.626 0.9045, 8.0789 -0.5724 0.8995, 8.0789 -0.6261 0.8977, 8.0789 -0.5708 0.8835, 8.0789 -0.6217 0.863, 8.0789 -0.5641 0.8629, 8.0789 -0.6091 0.8313, 8.0789 -0.5556 0.8488, 8.0789 -0.5903 0.8047, 8.0789 -0.5653 0.783, 8.0789 -0.4672 0.9824, 8.0789 -0.478 1.0356, 8.0789 -0.487 0.9849, 8.0789 -0.4878 1.0361, 8.0789 -0.4987 0.984, 8.0789 -0.5231 1.0315, 8.0789 -0.5196 0.9783, 8.0789 -0.5546 1.0188, 8.0789 -0.5382 0.9677, 8.0789 -0.5815 0.9994, 8.0789 -0.55 0.9569, 8.0789 -0.586 0.9951, 8.0789 -0.5621 0.94, 8.0789 -0.6073 0.9675, 8.0789 -0.6206 0.9366, 8.0789 -0.2385 0.8149, 8.0789 -0.259 0.7709, 8.0789 -0.257 0.7689, 8.0789 -0.2359 0.8143, 8.0789 -0.2515 0.765, 8.0789 -0.2658 0.7884, 8.0789 -0.265 0.7821, 8.0789 -0.2627 0.7763, 8.0789 -0.2459 0.8141, 8.0789 -0.2518 0.8118, 8.0789 -0.2656 0.7918, 8.0789 -0.257 0.808, 8.0789 -0.2606 0.8041, 8.0789 -0.2639 0.7983, 8.0789 -0.2393 0.8149, 8.0785 -0.0813 0.8815, 8.0785 -0.0855 0.9104, 8.0785 -0.1075 0.9519, 8.0785 -0.0881 0.9167, 8.0785 -0.0962 0.9365, 8.0785 -0.1139 0.9606, 8.0785 -0.1372 0.98, 8.0785 -0.1627 0.9924, 8.0785 -0.1659 0.9934, 8.0785 -0.184 1.0286, 8.0785 -0.212 1.0608, 8.0785 -0.2313 1.074, 8.0785 -0.248 1.0854, 8.0785 -0.2906 1.1011, 8.0785 -0.3281 1.1053, 8.0785 -0.4306 1.072, 8.0785 -0.4273 1.074, 8.0785 -0.4118 1.0838, 8.0785 -0.3725 1.0995, 8.0785 -0.4559 1.0492, 8.0785 -0.4682 1.0344, 8.0785 -0.478 1.0356, 8.0785 -0.4878 1.0361, 8.0785 -0.5231 1.0315, 8.0785 -0.5546 1.0188, 8.0785 -0.5815 0.9994, 8.0785 -0.586 0.9951, 8.0785 -0.6261 0.8977, 8.0785 -0.6073 0.9675, 8.0785 -0.614 0.9519, 8.0785 -0.6206 0.9366, 8.0785 -0.6239 0.9167, 8.0785 -0.626 0.9045, 8.0785 -0.6217 0.863, 8.0785 -0.6091 0.8313, 8.0785 -0.5903 0.8047, 8.0785 -0.5653 0.783, 8.0785 -0.5346 0.7676, 8.0785 -0.522 0.7637, 8.0785 -0.5209 0.7614, 8.0785 -0.513 0.7447, 8.0785 -0.5001 0.7291, 8.0785 -0.4833 0.7167, 8.0785 -0.4762 0.7138, 8.0785 -0.4635 0.7086, 8.0785 -0.4433 0.7056, 8.0785 -0.4408 0.7056, 8.0785 -0.3555 0.791, 8.0785 -0.4193 0.7084, 8.0785 -0.4056 0.7138, 8.0785 -0.4003 0.7159, 8.0785 -0.3834 0.7279, 8.0785 -0.3726 0.7398, 8.0785 -0.362 0.7584, 8.0785 -0.3611 0.7614, 8.0785 -0.3563 0.7793, 8.0785 -0.3555 0.7995, 8.0785 -0.2359 0.8627, 8.0785 -0.2624 0.908, 8.0785 -0.3768 0.8482, 8.0785 -0.3924 0.8623, 8.0785 -0.4107 0.8718, 8.0785 -0.4314 0.8767, 8.0785 -0.4408 0.8773, 8.0785 -0.462 0.8745, 8.0785 -0.4808 0.8671, 8.0785 -0.4982 0.8548, 8.0785 -0.5121 0.8386, 8.0785 -0.5211 0.8209, 8.0785 -0.5404 0.8329, 8.0785 -0.5556 0.8488, 8.0785 -0.5641 0.8629, 8.0785 -0.5708 0.8835, 8.0785 -0.5724 0.8995, 8.0785 -0.5701 0.9167, 8.0785 -0.5696 0.921, 8.0785 -0.5621 0.94, 8.0785 -0.5536 0.9519, 8.0785 -0.55 0.9569, 8.0785 -0.5382 0.9677, 8.0785 -0.5196 0.9783, 8.0785 -0.4987 0.984, 8.0785 -0.487 0.9849, 8.0785 -0.4672 0.9824, 8.0785 -0.4481 0.9755, 8.0785 -0.4417 0.972, 8.0785 -0.4279 1.0002, 8.0785 -0.4085 1.0229, 8.0785 -0.3878 1.038, 8.0785 -0.3602 1.0496, 8.0785 -0.3317 1.0539, 8.0785 -0.3273 1.054, 8.0785 -0.2077 0.9473, 8.0785 -0.2088 0.9519, 8.0785 -0.2137 0.9731, 8.0785 -0.2273 1.0004, 8.0785 -0.247 1.0231, 8.0785 -0.2704 1.0396, 8.0785 -0.2971 1.0501, 8.0785 -0.2009 0.9473, 8.0785 -0.184 0.9451, 8.0785 -0.1691 0.9392, 8.0785 -0.156 0.9298, 8.0785 -0.1479 0.921, 8.0785 -0.1454 0.9167, 8.0785 -0.1395 0.9066, 8.0785 -0.135 0.8903, 8.0785 -0.1343 0.8807, 8.0785 -0.1365 0.8633, 8.0785 -0.1426 0.8482, 8.0785 -0.1519 0.8352, 8.0785 -0.1645 0.8246, 8.0785 -0.1794 0.8173, 8.0785 -0.1958 0.8141, 8.0785 -0.2342 0.8141, 8.0785 -0.2359 0.8143, 8.0785 -0.2385 0.8149, 8.0785 -0.2393 0.8149, 8.0785 -0.2459 0.8141, 8.0785 -0.2518 0.8118, 8.0785 -0.257 0.808, 8.0785 -0.2606 0.8041, 8.0785 -0.2639 0.7983, 8.0785 -0.2656 0.7918, 8.0785 -0.2658 0.7884, 8.0785 -0.265 0.7821, 8.0785 -0.2627 0.7763, 8.0785 -0.259 0.7709, 8.0785 -0.257 0.7689, 8.0785 -0.2515 0.765, 8.0785 -0.2458 0.7627, 8.0785 -0.241 0.762, 8.0785 -0.1906 0.762, 8.0785 -0.1609 0.7685, 8.0785 -0.1349 0.7815, 8.0785 -0.1129 0.8004, 8.0785 -0.0954 0.8251, 8.0785 -0.0849 0.8523, 8.0785 -0.4417 0.8235, 8.0785 -0.4346 0.8227, 8.0785 -0.4267 0.8198, 8.0785 -0.4198 0.8152, 8.0785 -0.4143 0.8091, 8.0785 -0.4106 0.8021, 8.0785 -0.4086 0.7941, 8.0785 -0.4086 0.7863, 8.0785 -0.4107 0.7781, 8.0785 -0.4146 0.7708, 8.0785 -0.4193 0.7656, 8.0785 -0.4257 0.7609, 8.0785 -0.4331 0.758, 8.0785 -0.4417 0.7569, 8.0785 -0.4432 0.7569, 8.0785 -0.4508 0.7581, 8.0785 -0.4585 0.7614, 8.0785 -0.4651 0.7665, 8.0785 -0.47 0.7725, 8.0785 -0.4733 0.7797, 8.0785 -0.4749 0.7877, 8.0785 -0.4745 0.796, 8.0785 -0.472 0.8041, 8.0785 -0.4676 0.8111, 8.0785 -0.4642 0.8147, 8.0785 -0.4575 0.8194, 8.0785 -0.4501 0.8224
            ]
        }
        coordIndex [
            0,1,2,-1,3,4,5,-1,6,5,7,-1,7,5,8,-1,9,10,11,-1,11,10,12,-1,11,12,13,-1,13,12,14,-1,13,14,2,-1,2,14,15,-1,2,15,0,-1,16,17,18,-1,19,3,20,-1,20,3,5,-1,20,5,21,-1,21,5,6,-1,22,23,24,-1,24,23,25,-1,24,25,26,-1,26,25,27,-1,26,27,28,-1,28,27,29,-1,30,31,14,-1,14,31,32,-1,14,32,33,-1,33,32,34,-1,33,34,35,-1,35,34,36,-1,35,36,37,-1,37,36,38,-1,37,38,39,-1,39,38,40,-1,39,40,41,-1,41,40,42,-1,41,42,20,-1,20,42,43,-1,20,43,19,-1,44,45,12,-1,12,45,46,-1,12,46,14,-1,14,46,47,-1,14,47,30,-1,18,17,48,-1,4,49,5,-1,5,49,50,-1,5,50,51,-1,51,50,52,-1,51,52,53,-1,53,52,54,-1,53,54,55,-1,55,54,56,-1,55,56,57,-1,57,56,58,-1,57,58,59,-1,59,58,60,-1,59,60,61,-1,61,60,62,-1,61,62,63,-1,63,62,64,-1,63,64,65,-1,65,64,66,-1,65,66,12,-1,12,66,67,-1,12,67,44,-1,27,68,29,-1,29,68,69,-1,29,69,70,-1,70,69,71,-1,70,71,72,-1,72,71,73,-1,72,73,74,-1,74,73,75,-1,74,75,76,-1,76,75,77,-1,76,77,78,-1,78,77,79,-1,78,79,80,-1,80,79,81,-1,80,81,82,-1,82,81,83,-1,82,83,84,-1,84,83,85,-1,84,85,86,-1,86,85,87,-1,86,87,88,-1,88,87,89,-1,88,89,90,-1,91,92,93,-1,93,92,94,-1,93,94,95,-1,95,94,96,-1,95,96,97,-1,97,96,16,-1,97,16,98,-1,98,16,18,-1,17,99,48,-1,48,99,100,-1,48,100,101,-1,101,100,102,-1,101,102,103,-1,103,102,104,-1,103,104,105,-1,105,104,106,-1,105,106,107,-1,107,106,108,-1,107,108,24,-1,24,108,109,-1,24,109,22,-1,110,111,112,-1,112,111,113,-1,112,113,114,-1,114,113,115,-1,114,115,116,-1,116,115,117,-1,116,117,118,-1,118,117,119,-1,118,119,8,-1,8,119,120,-1,8,120,7,-1,91,93,121,-1,121,93,122,-1,121,122,123,-1,123,122,124,-1,123,124,125,-1,125,124,126,-1,125,126,127,-1,127,126,128,-1,127,128,129,-1,129,128,130,-1,129,130,131,-1,131,130,132,-1,131,132,133,-1,133,132,134,-1,133,134,110,-1,110,134,135,-1,110,135,111,-1,136,137,138,-1,89,139,90,-1,90,139,136,-1,90,136,140,-1,140,136,138,-1,141,142,136,-1,136,142,143,-1,136,143,137,-1,144,145,146,-1,145,147,146,-1,146,147,148,-1,146,148,149,-1,141,136,146,-1,146,136,150,-1,146,150,144,-1,74,151,152,-1,153,29,70,-1,74,152,72,-1,72,152,154,-1,72,154,70,-1,70,154,155,-1,70,155,153,-1,153,156,29,-1,29,156,157,-1,29,157,28,-1,28,157,158,-1,28,158,26,-1,26,158,159,-1,26,159,24,-1,24,159,160,-1,24,160,107,-1,107,160,161,-1,107,161,105,-1,103,105,162,-1,162,105,161,-1,162,163,103,-1,103,163,164,-1,103,164,101,-1,101,164,165,-1,101,165,48,-1,166,97,167,-1,167,97,98,-1,167,98,168,-1,168,98,18,-1,168,18,169,-1,169,18,48,-1,169,48,165,-1,97,166,170,-1,97,170,95,-1,95,170,171,-1,95,171,93,-1,93,171,172,-1,93,172,122,-1,122,172,173,-1,122,173,124,-1,124,173,174,-1,124,174,126,-1,126,174,175,-1,126,175,128,-1,128,175,176,-1,128,176,130,-1,130,176,177,-1,130,177,132,-1,178,113,111,-1,132,177,179,-1,132,179,134,-1,134,179,180,-1,134,180,135,-1,180,181,135,-1,135,181,182,-1,135,182,111,-1,111,182,183,-1,111,183,178,-1,113,178,184,-1,113,184,115,-1,115,184,185,-1,115,185,117,-1,117,185,186,-1,117,186,119,-1,119,186,187,-1,119,187,120,-1,120,187,188,-1,120,188,7,-1,7,188,189,-1,7,189,6,-1,6,189,190,-1,6,190,21,-1,190,191,21,-1,21,191,192,-1,21,192,20,-1,20,192,193,-1,20,193,41,-1,41,193,194,-1,41,194,39,-1,194,195,39,-1,39,195,196,-1,39,196,37,-1,37,196,197,-1,37,197,35,-1,198,13,2,-1,35,197,199,-1,35,199,33,-1,33,199,200,-1,33,200,14,-1,200,201,14,-1,14,201,202,-1,14,202,15,-1,15,202,203,-1,15,203,0,-1,0,203,204,-1,0,204,1,-1,1,204,205,-1,1,205,2,-1,2,205,206,-1,2,206,198,-1,11,13,207,-1,207,13,198,-1,9,11,208,-1,208,11,207,-1,10,9,209,-1,209,9,208,-1,12,10,210,-1,210,10,209,-1,12,210,211,-1,12,211,65,-1,65,211,212,-1,65,212,63,-1,63,212,213,-1,63,213,61,-1,61,213,214,-1,61,214,59,-1,59,214,215,-1,59,215,57,-1,57,215,216,-1,57,216,55,-1,55,216,217,-1,55,217,53,-1,53,217,218,-1,53,218,51,-1,51,218,219,-1,51,219,5,-1,5,219,220,-1,5,220,8,-1,8,220,221,-1,8,221,118,-1,118,221,222,-1,118,222,116,-1,116,222,223,-1,116,223,114,-1,114,223,224,-1,114,224,112,-1,110,112,225,-1,225,112,224,-1,225,226,110,-1,110,226,227,-1,110,227,133,-1,133,227,228,-1,133,228,131,-1,228,229,131,-1,131,229,230,-1,131,230,129,-1,129,230,231,-1,129,231,127,-1,127,231,232,-1,127,232,125,-1,125,232,233,-1,125,233,123,-1,123,233,234,-1,123,234,121,-1,121,234,235,-1,121,235,91,-1,91,235,236,-1,91,236,92,-1,92,236,237,-1,92,237,94,-1,94,237,238,-1,94,238,96,-1,96,238,239,-1,96,239,16,-1,16,239,240,-1,16,240,17,-1,17,240,241,-1,17,241,99,-1,99,241,242,-1,99,242,100,-1,243,22,244,-1,244,22,109,-1,244,109,245,-1,245,109,108,-1,245,108,246,-1,246,108,106,-1,246,106,247,-1,247,106,104,-1,247,104,248,-1,248,104,102,-1,248,102,249,-1,249,102,100,-1,249,100,242,-1,23,22,250,-1,250,22,243,-1,23,250,251,-1,23,251,25,-1,25,251,252,-1,25,252,27,-1,27,252,253,-1,27,253,68,-1,68,253,254,-1,68,254,69,-1,69,254,255,-1,69,255,71,-1,255,256,71,-1,71,256,257,-1,71,257,73,-1,73,257,258,-1,73,258,75,-1,75,258,259,-1,75,259,77,-1,77,259,260,-1,77,260,79,-1,79,260,261,-1,79,261,81,-1,81,261,262,-1,81,262,83,-1,83,262,263,-1,83,263,85,-1,85,263,264,-1,85,264,87,-1,89,87,265,-1,265,87,264,-1,89,265,266,-1,89,266,139,-1,139,266,267,-1,139,267,136,-1,136,267,268,-1,136,268,150,-1,150,268,269,-1,150,269,144,-1,144,269,270,-1,144,270,145,-1,145,270,271,-1,145,271,147,-1,147,271,272,-1,147,272,148,-1,148,272,273,-1,148,273,149,-1,149,273,274,-1,149,274,146,-1,146,274,275,-1,146,275,141,-1,141,275,276,-1,141,276,142,-1,142,276,277,-1,142,277,143,-1,143,277,278,-1,143,278,137,-1,137,278,279,-1,137,279,138,-1,138,279,280,-1,138,280,140,-1,140,280,281,-1,140,281,90,-1,90,281,282,-1,90,282,88,-1,86,88,283,-1,283,88,282,-1,86,283,284,-1,86,284,84,-1,84,284,285,-1,84,285,82,-1,82,285,286,-1,82,286,80,-1,80,286,287,-1,80,287,78,-1,78,287,288,-1,78,288,76,-1,76,288,151,-1,76,151,74,-1,60,289,290,-1,60,290,62,-1,62,290,291,-1,62,291,64,-1,64,291,292,-1,64,292,66,-1,66,292,293,-1,66,293,67,-1,67,293,294,-1,67,294,44,-1,44,294,295,-1,44,295,45,-1,45,295,296,-1,45,296,46,-1,46,296,297,-1,46,297,47,-1,47,297,298,-1,47,298,30,-1,30,298,299,-1,30,299,31,-1,31,299,300,-1,31,300,32,-1,32,300,301,-1,32,301,34,-1,34,301,302,-1,34,302,36,-1,36,302,303,-1,36,303,38,-1,38,303,304,-1,38,304,40,-1,40,304,305,-1,40,305,42,-1,42,305,306,-1,42,306,43,-1,43,306,307,-1,43,307,19,-1,19,307,308,-1,19,308,3,-1,3,308,309,-1,3,309,4,-1,4,309,310,-1,4,310,49,-1,49,310,311,-1,49,311,50,-1,50,311,312,-1,50,312,52,-1,52,312,313,-1,52,313,54,-1,54,313,314,-1,54,314,56,-1,56,314,315,-1,56,315,58,-1,58,315,289,-1,58,289,60,-1,
        ]
    }
}
Shape{
    appearance Appearance {
        material  Material 	{
            diffuseColor 0.2235294117647059 0.2235294117647059 0.2235294117647059
            specularColor 0.11372549019607843 0.11372549019607843 0.11372549019607843
            ambientIntensity 0.2235
            transparency 0.0
            shininess 0.5
        }
    }
    geometry IndexedFaceSet {
        ccw TRUE
        solid FALSE
        coord DEF co Coordinate {
            point [
                8.0785 -0.4432 0.7569, 8.0785 -0.4642 0.8147, 8.0785 -0.4676 0.8111, 8.0785 -0.4331 0.758, 8.0785 -0.4257 0.7609, 8.0785 -0.4346 0.8227, 8.0785 -0.4417 0.8235, 8.0785 -0.4501 0.8224, 8.0785 -0.4575 0.8194, 8.0785 -0.4733 0.7797, 8.0785 -0.47 0.7725, 8.0785 -0.4651 0.7665, 8.0785 -0.4417 0.7569, 8.0785 -0.472 0.8041, 8.0785 -0.4745 0.796, 8.0785 -0.4749 0.7877, 8.0785 -0.4585 0.7614, 8.0785 -0.4508 0.7581, 8.0785 -0.4193 0.7656, 8.0785 -0.4146 0.7708, 8.0785 -0.4107 0.7781, 8.0785 -0.4086 0.7863, 8.0785 -0.4086 0.7941, 8.0785 -0.4106 0.8021, 8.0785 -0.4143 0.8091, 8.0785 -0.4198 0.8152, 8.0785 -0.4267 0.8198
            ]
        }
        coordIndex [
            0,1,2,-1,3,4,5,-1,6,7,0,-1,0,7,8,-1,0,8,1,-1,9,10,2,-1,2,10,11,-1,6,0,5,-1,5,0,12,-1,5,12,3,-1,13,14,2,-1,2,14,15,-1,2,15,9,-1,11,16,2,-1,2,16,17,-1,2,17,0,-1,4,18,5,-1,5,18,19,-1,5,19,20,-1,20,21,5,-1,5,21,22,-1,5,22,23,-1,23,24,5,-1,5,24,25,-1,5,25,26,-1,
        ]
    }
}