#VRML V2.0 utf8
# 3D model generated by easyeda2kicad.py (https://github.com/uPesy/easyeda2kicad.py)

Shape{
    appearance Appearance {
        material  Material 	{
            diffuseColor 0.8 0.8 0.8
            specularColor 1.0 1.0 1.0
            ambientIntensity 1.0
            transparency 0.0
            shininess 0.5
        }
    }
    geometry IndexedFaceSet {
        ccw TRUE
        solid FALSE
        coord DEF co Coordinate {
            point [
                -3.4011 1.3157 0.0, -3.3976 1.2874 0.0, -3.5764 1.3659 0.0, -3.3976 0.685 0.0, -3.6063 0.685 0.0, -3.6063 1.2874 0.0, -3.6028 1.3157 0.0, -3.5927 1.3424 0.0, -3.502 1.4047 0.0, -3.4742 1.398 0.0, -3.5297 1.398 0.0, -3.4489 1.3848 0.0, -3.555 1.3848 0.0, -3.4275 1.3659 0.0, -3.4112 1.3424 0.0, -3.6028 1.3157 0.0984, -3.6063 1.2874 0.0984, -3.4275 1.3659 0.0984, -3.6063 0.685 0.0984, -3.3976 0.685 0.0984, -3.3976 1.2874 0.0984, -3.4011 1.3157 0.0984, -3.4112 1.3424 0.0984, -3.502 1.4047 0.0984, -3.5297 1.398 0.0984, -3.4742 1.398 0.0984, -3.555 1.3848 0.0984, -3.4489 1.3848 0.0984, -3.5764 1.3659 0.0984, -3.5927 1.3424 0.0984, -3.3976 0.6672 0.1008, -3.6063 0.6672 0.1008, -3.3976 0.6506 0.1077, -3.6063 0.6506 0.1077, -3.3976 0.6363 0.1186, -3.6063 0.6363 0.1186, -3.3976 0.6254 0.1329, -3.6063 0.6254 0.1329, -3.3976 0.6185 0.1495, -3.6063 0.6185 0.1495, -3.3976 0.6161 0.1673, -3.6063 0.6161 0.1673, -3.3976 0.6161 2.0079, -3.6063 0.6161 2.0079, -3.3976 0.5177 2.0079, -3.6063 0.5177 2.0079, -3.3976 0.5177 0.1673, -3.6063 0.5177 0.1673, -3.6063 0.5219 0.1301, -3.3976 0.5219 0.1301, -3.6063 0.5343 0.0947, -3.3976 0.5343 0.0947, -3.6063 0.5542 0.063, -3.3976 0.5542 0.063, -3.6063 0.5807 0.0365, -3.3976 0.5807 0.0365, -3.6063 0.6124 0.0166, -3.3976 0.6124 0.0166, -3.6063 0.6478 0.0042, -3.3976 0.6478 0.0042
            ]
        }
        coordIndex [
            0,1,2,-1,3,4,1,-1,1,4,5,-1,5,6,1,-1,1,6,7,-1,1,7,2,-1,8,9,10,-1,10,9,11,-1,10,11,12,-1,12,11,13,-1,12,13,2,-1,2,13,14,-1,2,14,0,-1,15,16,17,-1,18,19,16,-1,16,19,20,-1,20,21,16,-1,16,21,22,-1,16,22,17,-1,23,24,25,-1,25,24,26,-1,25,26,27,-1,27,26,28,-1,27,28,17,-1,17,28,29,-1,17,29,15,-1,19,18,30,-1,30,18,31,-1,30,31,32,-1,32,31,33,-1,32,33,34,-1,34,33,35,-1,34,35,36,-1,36,35,37,-1,36,37,38,-1,38,37,39,-1,38,39,40,-1,40,39,41,-1,42,40,43,-1,43,40,41,-1,44,42,45,-1,45,42,43,-1,46,44,47,-1,47,44,45,-1,46,47,48,-1,46,48,49,-1,49,48,50,-1,49,50,51,-1,51,50,52,-1,51,52,53,-1,53,52,54,-1,53,54,55,-1,55,54,56,-1,55,56,57,-1,57,56,58,-1,57,58,59,-1,59,58,4,-1,59,4,3,-1,1,20,3,-1,3,20,19,-1,3,19,59,-1,59,19,30,-1,59,30,57,-1,57,30,32,-1,57,32,55,-1,55,32,34,-1,55,34,53,-1,53,34,36,-1,42,44,40,-1,40,44,46,-1,40,46,38,-1,38,46,49,-1,38,49,36,-1,36,49,51,-1,36,51,53,-1,16,5,18,-1,18,5,4,-1,18,4,31,-1,31,4,58,-1,31,58,33,-1,33,58,56,-1,33,56,35,-1,56,54,35,-1,35,54,52,-1,35,52,37,-1,37,52,50,-1,37,50,39,-1,39,50,48,-1,39,48,41,-1,41,48,47,-1,41,47,43,-1,43,47,45,-1,
        ]
    }
}
Shape{
    appearance Appearance {
        material  Material 	{
            diffuseColor 1.0 1.0 1.0
            specularColor 0.8784313725490196 0.8784313725490196 0.8784313725490196
            ambientIntensity 1.0
            transparency 0.0
            shininess 0.5
        }
    }
    geometry IndexedFaceSet {
        ccw TRUE
        solid FALSE
        coord DEF co Coordinate {
            point [
                -3.6063 1.2874 0.0, -3.6063 1.2874 0.0984, -3.6028 1.3157 0.0984, -3.6028 1.3157 0.0, -3.5927 1.3424 0.0984, -3.5927 1.3424 0.0, -3.5764 1.3659 0.0984, -3.5764 1.3659 0.0, -3.555 1.3848 0.0984, -3.555 1.3848 0.0, -3.5297 1.398 0.0984, -3.5297 1.398 0.0, -3.502 1.4047 0.0984, -3.502 1.4047 0.0, -3.3976 1.2874 0.0984, -3.3976 1.2874 0.0, -3.4011 1.3157 0.0, -3.4011 1.3157 0.0984, -3.4112 1.3424 0.0, -3.4112 1.3424 0.0984, -3.4275 1.3659 0.0, -3.4275 1.3659 0.0984, -3.4489 1.3848 0.0, -3.4489 1.3848 0.0984, -3.4742 1.398 0.0, -3.4742 1.398 0.0984
            ]
        }
        coordIndex [
            0,1,2,-1,0,2,3,-1,3,2,4,-1,3,4,5,-1,5,4,6,-1,5,6,7,-1,7,6,8,-1,7,8,9,-1,9,8,10,-1,9,10,11,-1,11,10,12,-1,11,12,13,-1,14,15,16,-1,14,16,17,-1,17,16,18,-1,17,18,19,-1,19,18,20,-1,19,20,21,-1,21,20,22,-1,21,22,23,-1,23,22,24,-1,23,24,25,-1,25,24,13,-1,25,13,12,-1,
        ]
    }
}
Shape{
    appearance Appearance {
        material  Material 	{
            diffuseColor 0.8 0.8 0.8
            specularColor 1.0 1.0 1.0
            ambientIntensity 1.0
            transparency 0.0
            shininess 0.5
        }
    }
    geometry IndexedFaceSet {
        ccw TRUE
        solid FALSE
        coord DEF co Coordinate {
            point [
                -3.3976 -0.685 0.0984, -3.6063 -0.685 0.0984, -3.3976 -1.2874 0.0984, -3.6063 -1.2874 0.0984, -3.6028 -1.3157 0.0984, -3.5927 -1.3424 0.0984, -3.5764 -1.3659 0.0984, -3.4011 -1.3157 0.0984, -3.502 -1.4047 0.0984, -3.4742 -1.398 0.0984, -3.5297 -1.398 0.0984, -3.4489 -1.3848 0.0984, -3.555 -1.3848 0.0984, -3.4275 -1.3659 0.0984, -3.4112 -1.3424 0.0984, -3.6063 -0.685 0.0, -3.3976 -0.685 0.0, -3.6063 -1.2874 0.0, -3.3976 -1.2874 0.0, -3.4011 -1.3157 0.0, -3.4112 -1.3424 0.0, -3.4275 -1.3659 0.0, -3.6028 -1.3157 0.0, -3.502 -1.4047 0.0, -3.5297 -1.398 0.0, -3.4742 -1.398 0.0, -3.555 -1.3848 0.0, -3.4489 -1.3848 0.0, -3.5764 -1.3659 0.0, -3.5927 -1.3424 0.0, -3.6063 -0.6478 0.0042, -3.3976 -0.6478 0.0042, -3.6063 -0.6124 0.0166, -3.3976 -0.6124 0.0166, -3.6063 -0.5807 0.0365, -3.3976 -0.5807 0.0365, -3.6063 -0.5542 0.063, -3.3976 -0.5542 0.063, -3.6063 -0.5343 0.0947, -3.3976 -0.5343 0.0947, -3.6063 -0.5219 0.1301, -3.3976 -0.5219 0.1301, -3.6063 -0.5177 0.1673, -3.3976 -0.5177 0.1673, -3.3976 -0.5177 2.0079, -3.6063 -0.5177 2.0079, -3.3976 -0.6161 2.0079, -3.6063 -0.6161 2.0079, -3.3976 -0.6161 0.1673, -3.6063 -0.6161 0.1673, -3.3976 -0.6185 0.1495, -3.6063 -0.6185 0.1495, -3.3976 -0.6254 0.1329, -3.6063 -0.6254 0.1329, -3.3976 -0.6363 0.1186, -3.6063 -0.6363 0.1186, -3.3976 -0.6506 0.1077, -3.6063 -0.6506 0.1077, -3.3976 -0.6672 0.1008, -3.6063 -0.6672 0.1008, -2.4011 -1.3157 0.0984, -2.3976 -1.2874 0.0984, -2.6028 -1.3157 0.0984, -2.3976 -0.685 0.0984, -2.6063 -0.685 0.0984, -2.6063 -1.2874 0.0984, -2.5927 -1.3424 0.0984, -2.5764 -1.3659 0.0984, -2.4112 -1.3424 0.0984, -2.4275 -1.3659 0.0984, -2.5297 -1.398 0.0984, -2.502 -1.4047 0.0984, -2.4742 -1.398 0.0984, -2.555 -1.3848 0.0984, -2.4489 -1.3848 0.0984, -2.6063 -1.2874 0.0, -2.6063 -0.685 0.0, -2.3976 -0.685 0.0, -2.3976 -1.2874 0.0, -2.4011 -1.3157 0.0, -2.6028 -1.3157 0.0, -2.4112 -1.3424 0.0, -2.4275 -1.3659 0.0, -2.5927 -1.3424 0.0, -2.5764 -1.3659 0.0, -2.4742 -1.398 0.0, -2.502 -1.4047 0.0, -2.5297 -1.398 0.0, -2.4489 -1.3848 0.0, -2.555 -1.3848 0.0, -2.6063 -0.6478 0.0042, -2.3976 -0.6478 0.0042, -2.6063 -0.6124 0.0166, -2.3976 -0.6124 0.0166, -2.6063 -0.5807 0.0365, -2.3976 -0.5807 0.0365, -2.6063 -0.5542 0.063, -2.3976 -0.5542 0.063, -2.6063 -0.5343 0.0947, -2.3976 -0.5343 0.0947, -2.6063 -0.5219 0.1301, -2.3976 -0.5219 0.1301, -2.6063 -0.5177 0.1673, -2.3976 -0.5177 0.1673, -2.3976 -0.5177 2.0079, -2.6063 -0.5177 2.0079, -2.3976 -0.6161 2.0079, -2.6063 -0.6161 2.0079, -2.3976 -0.6161 0.1673, -2.6063 -0.6161 0.1673, -2.3976 -0.6185 0.1495, -2.6063 -0.6185 0.1495, -2.3976 -0.6254 0.1329, -2.6063 -0.6254 0.1329, -2.3976 -0.6363 0.1186, -2.6063 -0.6363 0.1186, -2.3976 -0.6506 0.1077, -2.6063 -0.6506 0.1077, -2.3976 -0.6672 0.1008, -2.6063 -0.6672 0.1008, -1.3976 -0.685 0.0984, -1.6063 -0.685 0.0984, -1.3976 -1.2874 0.0984, -1.6063 -1.2874 0.0984, -1.6028 -1.3157 0.0984, -1.5927 -1.3424 0.0984, -1.5764 -1.3659 0.0984, -1.555 -1.3848 0.0984, -1.5297 -1.398 0.0984, -1.502 -1.4047 0.0984, -1.4742 -1.398 0.0984, -1.4489 -1.3848 0.0984, -1.4275 -1.3659 0.0984, -1.4112 -1.3424 0.0984, -1.4011 -1.3157 0.0984, -1.6063 -0.685 0.0, -1.3976 -0.685 0.0, -1.6063 -1.2874 0.0, -1.3976 -1.2874 0.0, -1.4011 -1.3157 0.0, -1.4112 -1.3424 0.0, -1.4275 -1.3659 0.0, -1.4489 -1.3848 0.0, -1.4742 -1.398 0.0, -1.502 -1.4047 0.0, -1.5297 -1.398 0.0, -1.555 -1.3848 0.0, -1.5764 -1.3659 0.0, -1.5927 -1.3424 0.0, -1.6028 -1.3157 0.0, -1.6063 -0.6478 0.0042, -1.3976 -0.6478 0.0042, -1.6063 -0.6124 0.0166, -1.3976 -0.6124 0.0166, -1.6063 -0.5807 0.0365, -1.3976 -0.5807 0.0365, -1.6063 -0.5542 0.063, -1.3976 -0.5542 0.063, -1.6063 -0.5343 0.0947, -1.3976 -0.5343 0.0947, -1.6063 -0.5219 0.1301, -1.3976 -0.5219 0.1301, -1.6063 -0.5177 0.1673, -1.3976 -0.5177 0.1673, -1.3976 -0.5177 2.0079, -1.6063 -0.5177 2.0079, -1.3976 -0.6161 2.0079, -1.6063 -0.6161 2.0079, -1.3976 -0.6161 0.1673, -1.6063 -0.6161 0.1673, -1.3976 -0.6185 0.1495, -1.6063 -0.6185 0.1495, -1.3976 -0.6254 0.1329, -1.6063 -0.6254 0.1329, -1.3976 -0.6363 0.1186, -1.6063 -0.6363 0.1186, -1.3976 -0.6506 0.1077, -1.6063 -0.6506 0.1077, -1.3976 -0.6672 0.1008, -1.6063 -0.6672 0.1008, -0.3976 -0.685 0.0984, -0.6063 -0.685 0.0984, -0.3976 -1.2874 0.0984, -0.6063 -1.2874 0.0984, -0.5297 -1.398 0.0984, -0.555 -1.3848 0.0984, -0.5764 -1.3659 0.0984, -0.6028 -1.3157 0.0984, -0.5927 -1.3424 0.0984, -0.502 -1.4047 0.0984, -0.4742 -1.398 0.0984, -0.4489 -1.3848 0.0984, -0.4275 -1.3659 0.0984, -0.4112 -1.3424 0.0984, -0.4011 -1.3157 0.0984, -0.6063 -0.685 0.0, -0.3976 -0.685 0.0, -0.6063 -1.2874 0.0, -0.3976 -1.2874 0.0, -0.4742 -1.398 0.0, -0.4489 -1.3848 0.0, -0.4275 -1.3659 0.0, -0.4011 -1.3157 0.0, -0.4112 -1.3424 0.0, -0.502 -1.4047 0.0, -0.5297 -1.398 0.0, -0.555 -1.3848 0.0, -0.5764 -1.3659 0.0, -0.5927 -1.3424 0.0, -0.6028 -1.3157 0.0, -0.6063 -0.6478 0.0042, -0.3976 -0.6478 0.0042, -0.6063 -0.6124 0.0166, -0.3976 -0.6124 0.0166, -0.6063 -0.5807 0.0365, -0.3976 -0.5807 0.0365, -0.6063 -0.5542 0.063, -0.3976 -0.5542 0.063, -0.6063 -0.5343 0.0947, -0.3976 -0.5343 0.0947, -0.6063 -0.5219 0.1301, -0.3976 -0.5219 0.1301, -0.6063 -0.5177 0.1673, -0.3976 -0.5177 0.1673, -0.3976 -0.5177 2.0079, -0.6063 -0.5177 2.0079, -0.3976 -0.6161 2.0079, -0.6063 -0.6161 2.0079, -0.3976 -0.6161 0.1673, -0.6063 -0.6161 0.1673, -0.3976 -0.6185 0.1495, -0.6063 -0.6185 0.1495, -0.3976 -0.6254 0.1329, -0.6063 -0.6254 0.1329, -0.3976 -0.6363 0.1186, -0.6063 -0.6363 0.1186, -0.3976 -0.6506 0.1077, -0.6063 -0.6506 0.1077, -0.3976 -0.6672 0.1008, -0.6063 -0.6672 0.1008, 0.6024 -0.685 0.0984, 0.3937 -0.685 0.0984, 0.6024 -1.2874 0.0984, 0.3937 -1.2874 0.0984, 0.4703 -1.398 0.0984, 0.445 -1.3848 0.0984, 0.4236 -1.3659 0.0984, 0.3972 -1.3157 0.0984, 0.4073 -1.3424 0.0984, 0.498 -1.4047 0.0984, 0.5258 -1.398 0.0984, 0.5511 -1.3848 0.0984, 0.5725 -1.3659 0.0984, 0.5888 -1.3424 0.0984, 0.5989 -1.3157 0.0984, 0.3937 -0.685 0.0, 0.6024 -0.685 0.0, 0.3937 -1.2874 0.0, 0.6024 -1.2874 0.0, 0.5258 -1.398 0.0, 0.5511 -1.3848 0.0, 0.5725 -1.3659 0.0, 0.5989 -1.3157 0.0, 0.5888 -1.3424 0.0, 0.498 -1.4047 0.0, 0.4703 -1.398 0.0, 0.445 -1.3848 0.0, 0.4236 -1.3659 0.0, 0.4073 -1.3424 0.0, 0.3972 -1.3157 0.0, 0.3937 -0.6478 0.0042, 0.6024 -0.6478 0.0042, 0.3937 -0.6124 0.0166, 0.6024 -0.6124 0.0166, 0.3937 -0.5807 0.0365, 0.6024 -0.5807 0.0365, 0.3937 -0.5542 0.063, 0.6024 -0.5542 0.063, 0.3937 -0.5343 0.0947, 0.6024 -0.5343 0.0947, 0.3937 -0.5219 0.1301, 0.6024 -0.5219 0.1301, 0.3937 -0.5177 0.1673, 0.6024 -0.5177 0.1673, 0.6024 -0.5177 2.0079, 0.3937 -0.5177 2.0079, 0.6024 -0.6161 2.0079, 0.3937 -0.6161 2.0079, 0.6024 -0.6161 0.1673, 0.3937 -0.6161 0.1673, 0.6024 -0.6185 0.1495, 0.3937 -0.6185 0.1495, 0.6024 -0.6254 0.1329, 0.3937 -0.6254 0.1329, 0.6024 -0.6363 0.1186, 0.3937 -0.6363 0.1186, 0.6024 -0.6506 0.1077, 0.3937 -0.6506 0.1077, 0.6024 -0.6672 0.1008, 0.3937 -0.6672 0.1008, -2.4011 1.3157 0.0, -2.3976 1.2874 0.0, -2.6028 1.3157 0.0, -2.3976 0.685 0.0, -2.6063 0.685 0.0, -2.6063 1.2874 0.0, -2.5927 1.3424 0.0, -2.5764 1.3659 0.0, -2.4112 1.3424 0.0, -2.4275 1.3659 0.0, -2.5297 1.398 0.0, -2.502 1.4047 0.0, -2.4742 1.398 0.0, -2.555 1.3848 0.0, -2.4489 1.3848 0.0, -2.6063 1.2874 0.0984, -2.6063 0.685 0.0984, -2.3976 0.685 0.0984, -2.3976 1.2874 0.0984, -2.4011 1.3157 0.0984, -2.6028 1.3157 0.0984, -2.4112 1.3424 0.0984, -2.4275 1.3659 0.0984, -2.5927 1.3424 0.0984, -2.5764 1.3659 0.0984, -2.4742 1.398 0.0984, -2.502 1.4047 0.0984, -2.5297 1.398 0.0984, -2.4489 1.3848 0.0984, -2.555 1.3848 0.0984, -2.3976 0.6672 0.1008, -2.6063 0.6672 0.1008, -2.3976 0.6506 0.1077, -2.6063 0.6506 0.1077, -2.3976 0.6363 0.1186, -2.6063 0.6363 0.1186, -2.3976 0.6254 0.1329, -2.6063 0.6254 0.1329, -2.3976 0.6185 0.1495, -2.6063 0.6185 0.1495, -2.3976 0.6161 0.1673, -2.6063 0.6161 0.1673, -2.3976 0.6161 2.0079, -2.6063 0.6161 2.0079, -2.3976 0.5177 2.0079, -2.6063 0.5177 2.0079, -2.3976 0.5177 0.1673, -2.6063 0.5177 0.1673, -2.6063 0.5219 0.1301, -2.3976 0.5219 0.1301, -2.6063 0.5343 0.0947, -2.3976 0.5343 0.0947, -2.6063 0.5542 0.063, -2.3976 0.5542 0.063, -2.6063 0.5807 0.0365, -2.3976 0.5807 0.0365, -2.6063 0.6124 0.0166, -2.3976 0.6124 0.0166, -2.6063 0.6478 0.0042, -2.3976 0.6478 0.0042, -1.3976 0.685 0.0, -1.6063 0.685 0.0, -1.3976 1.2874 0.0, -1.6063 1.2874 0.0, -1.6028 1.3157 0.0, -1.5927 1.3424 0.0, -1.5764 1.3659 0.0, -1.555 1.3848 0.0, -1.5297 1.398 0.0, -1.502 1.4047 0.0, -1.4742 1.398 0.0, -1.4489 1.3848 0.0, -1.4275 1.3659 0.0, -1.4112 1.3424 0.0, -1.4011 1.3157 0.0, -1.6063 0.685 0.0984, -1.3976 0.685 0.0984, -1.6063 1.2874 0.0984, -1.3976 1.2874 0.0984, -1.4011 1.3157 0.0984, -1.4112 1.3424 0.0984, -1.4275 1.3659 0.0984, -1.4489 1.3848 0.0984, -1.4742 1.398 0.0984, -1.502 1.4047 0.0984, -1.5297 1.398 0.0984, -1.555 1.3848 0.0984, -1.5764 1.3659 0.0984, -1.5927 1.3424 0.0984, -1.6028 1.3157 0.0984, -1.3976 0.6672 0.1008, -1.6063 0.6672 0.1008, -1.3976 0.6506 0.1077, -1.6063 0.6506 0.1077, -1.3976 0.6363 0.1186, -1.6063 0.6363 0.1186, -1.3976 0.6254 0.1329, -1.6063 0.6254 0.1329, -1.3976 0.6185 0.1495, -1.6063 0.6185 0.1495, -1.3976 0.6161 0.1673, -1.6063 0.6161 0.1673, -1.3976 0.6161 2.0079, -1.6063 0.6161 2.0079, -1.3976 0.5177 2.0079, -1.6063 0.5177 2.0079, -1.3976 0.5177 0.1673, -1.6063 0.5177 0.1673, -1.6063 0.5219 0.1301, -1.3976 0.5219 0.1301, -1.6063 0.5343 0.0947, -1.3976 0.5343 0.0947, -1.6063 0.5542 0.063, -1.3976 0.5542 0.063, -1.6063 0.5807 0.0365, -1.3976 0.5807 0.0365, -1.6063 0.6124 0.0166, -1.3976 0.6124 0.0166, -1.6063 0.6478 0.0042, -1.3976 0.6478 0.0042, -0.3976 0.685 0.0, -0.6063 0.685 0.0, -0.3976 1.2874 0.0, -0.6063 1.2874 0.0, -0.5297 1.398 0.0, -0.555 1.3848 0.0, -0.5764 1.3659 0.0, -0.6028 1.3157 0.0, -0.5927 1.3424 0.0, -0.502 1.4047 0.0, -0.4742 1.398 0.0, -0.4489 1.3848 0.0, -0.4275 1.3659 0.0, -0.4112 1.3424 0.0, -0.4011 1.3157 0.0, -0.6063 0.685 0.0984, -0.3976 0.685 0.0984, -0.6063 1.2874 0.0984, -0.3976 1.2874 0.0984, -0.4742 1.398 0.0984, -0.4489 1.3848 0.0984, -0.4275 1.3659 0.0984, -0.4011 1.3157 0.0984, -0.4112 1.3424 0.0984, -0.502 1.4047 0.0984, -0.5297 1.398 0.0984, -0.555 1.3848 0.0984, -0.5764 1.3659 0.0984, -0.5927 1.3424 0.0984, -0.6028 1.3157 0.0984, -0.3976 0.6672 0.1008, -0.6063 0.6672 0.1008, -0.3976 0.6506 0.1077, -0.6063 0.6506 0.1077, -0.3976 0.6363 0.1186, -0.6063 0.6363 0.1186, -0.3976 0.6254 0.1329, -0.6063 0.6254 0.1329, -0.3976 0.6185 0.1495, -0.6063 0.6185 0.1495, -0.3976 0.6161 0.1673, -0.6063 0.6161 0.1673, -0.3976 0.6161 2.0079, -0.6063 0.6161 2.0079, -0.3976 0.5177 2.0079, -0.6063 0.5177 2.0079, -0.3976 0.5177 0.1673, -0.6063 0.5177 0.1673, -0.6063 0.5219 0.1301, -0.3976 0.5219 0.1301, -0.6063 0.5343 0.0947, -0.3976 0.5343 0.0947, -0.6063 0.5542 0.063, -0.3976 0.5542 0.063, -0.6063 0.5807 0.0365, -0.3976 0.5807 0.0365, -0.6063 0.6124 0.0166, -0.3976 0.6124 0.0166, -0.6063 0.6478 0.0042, -0.3976 0.6478 0.0042, 0.6024 0.685 0.0, 0.3937 0.685 0.0, 0.6024 1.2874 0.0, 0.3937 1.2874 0.0, 0.4703 1.398 0.0, 0.445 1.3848 0.0, 0.4236 1.3659 0.0, 0.3972 1.3157 0.0, 0.4073 1.3424 0.0, 0.498 1.4047 0.0, 0.5258 1.398 0.0, 0.5511 1.3848 0.0, 0.5725 1.3659 0.0, 0.5888 1.3424 0.0, 0.5989 1.3157 0.0, 0.3937 0.685 0.0984, 0.6024 0.685 0.0984, 0.3937 1.2874 0.0984, 0.6024 1.2874 0.0984, 0.5258 1.398 0.0984, 0.5511 1.3848 0.0984, 0.5725 1.3659 0.0984, 0.5989 1.3157 0.0984, 0.5888 1.3424 0.0984, 0.498 1.4047 0.0984, 0.4703 1.398 0.0984, 0.445 1.3848 0.0984, 0.4236 1.3659 0.0984, 0.4073 1.3424 0.0984, 0.3972 1.3157 0.0984, 0.6024 0.6672 0.1008, 0.3937 0.6672 0.1008, 0.6024 0.6506 0.1077, 0.3937 0.6506 0.1077, 0.6024 0.6363 0.1186, 0.3937 0.6363 0.1186, 0.6024 0.6254 0.1329, 0.3937 0.6254 0.1329, 0.6024 0.6185 0.1495, 0.3937 0.6185 0.1495, 0.6024 0.6161 0.1673, 0.3937 0.6161 0.1673, 0.6024 0.6161 2.0079, 0.3937 0.6161 2.0079, 0.6024 0.5177 2.0079, 0.3937 0.5177 2.0079, 0.6024 0.5177 0.1673, 0.3937 0.5177 0.1673, 0.3937 0.5219 0.1301, 0.6024 0.5219 0.1301, 0.3937 0.5343 0.0947, 0.6024 0.5343 0.0947, 0.3937 0.5542 0.063, 0.6024 0.5542 0.063, 0.3937 0.5807 0.0365, 0.6024 0.5807 0.0365, 0.3937 0.6124 0.0166, 0.6024 0.6124 0.0166, 0.3937 0.6478 0.0042, 0.6024 0.6478 0.0042, -3.6201 0.3819 3.189, -3.6201 0.3819 1.2205, -3.5807 0.3819 3.189, -3.5807 0.3819 1.2205, -3.6201 0.6181 1.2205, -3.6201 0.6181 3.189, -3.3839 0.6181 1.2205, -3.3839 0.6181 3.189, -3.3839 0.3819 1.2205, -3.3839 0.3819 3.189, -3.4232 0.3819 1.2205, -3.4232 0.3819 3.189, -3.5807 0.5394 1.2205, -3.4232 0.5394 1.2205, -3.4232 0.5394 3.189, -3.5807 0.5394 3.189, -3.6201 -0.3819 1.2205, -3.6201 -0.3819 3.189, -3.5807 -0.3819 1.2205, -3.5807 -0.3819 3.189, -3.6201 -0.6181 1.2205, -3.6201 -0.6181 3.189, -3.3839 -0.3819 3.189, -3.3839 -0.3819 1.2205, -3.4232 -0.3819 3.189, -3.4232 -0.3819 1.2205, -3.3839 -0.6181 1.2205, -3.3839 -0.6181 3.189, -3.4232 -0.5394 1.2205, -3.5807 -0.5394 1.2205, -3.5807 -0.5394 3.189, -3.4232 -0.5394 3.189, -2.6201 0.3819 3.189, -2.6201 0.3819 1.2205, -2.5807 0.3819 3.189, -2.5807 0.3819 1.2205, -2.6201 0.6181 1.2205, -2.6201 0.6181 3.189, -2.3839 0.6181 1.2205, -2.3839 0.6181 3.189, -2.3839 0.3819 1.2205, -2.3839 0.3819 3.189, -2.4232 0.3819 1.2205, -2.4232 0.3819 3.189, -2.5807 0.5394 1.2205, -2.4232 0.5394 1.2205, -2.4232 0.5394 3.189, -2.5807 0.5394 3.189, -2.6201 -0.3819 1.2205, -2.6201 -0.3819 3.189, -2.5807 -0.3819 1.2205, -2.5807 -0.3819 3.189, -2.6201 -0.6181 1.2205, -2.6201 -0.6181 3.189, -2.3839 -0.3819 3.189, -2.3839 -0.3819 1.2205, -2.4232 -0.3819 3.189, -2.4232 -0.3819 1.2205, -2.3839 -0.6181 1.2205, -2.3839 -0.6181 3.189, -2.4232 -0.5394 1.2205, -2.5807 -0.5394 1.2205, -2.5807 -0.5394 3.189, -2.4232 -0.5394 3.189, -1.6201 0.3819 3.189, -1.6201 0.3819 1.2205, -1.5807 0.3819 3.189, -1.5807 0.3819 1.2205, -1.6201 0.6181 1.2205, -1.6201 0.6181 3.189, -1.3839 0.6181 1.2205, -1.3839 0.6181 3.189, -1.3839 0.3819 1.2205, -1.3839 0.3819 3.189, -1.4232 0.3819 1.2205, -1.4232 0.3819 3.189, -1.5807 0.5394 1.2205, -1.4232 0.5394 1.2205, -1.4232 0.5394 3.189, -1.5807 0.5394 3.189, -1.6201 -0.3819 1.2205, -1.6201 -0.3819 3.189, -1.5807 -0.3819 1.2205, -1.5807 -0.3819 3.189, -1.6201 -0.6181 1.2205, -1.6201 -0.6181 3.189, -1.3839 -0.3819 3.189, -1.3839 -0.3819 1.2205, -1.4232 -0.3819 3.189, -1.4232 -0.3819 1.2205, -1.3839 -0.6181 1.2205, -1.3839 -0.6181 3.189, -1.4232 -0.5394 1.2205, -1.5807 -0.5394 1.2205, -1.5807 -0.5394 3.189, -1.4232 -0.5394 3.189, -0.6201 0.3819 3.189, -0.6201 0.3819 1.2205, -0.5807 0.3819 3.189, -0.5807 0.3819 1.2205, -0.6201 0.6181 1.2205, -0.6201 0.6181 3.189, -0.3839 0.6181 1.2205, -0.3839 0.6181 3.189, -0.3839 0.3819 1.2205, -0.3839 0.3819 3.189, -0.4232 0.3819 1.2205, -0.4232 0.3819 3.189, -0.5807 0.5394 1.2205, -0.4232 0.5394 1.2205, -0.4232 0.5394 3.189, -0.5807 0.5394 3.189, -0.6201 -0.3819 1.2205, -0.6201 -0.3819 3.189, -0.5807 -0.3819 1.2205, -0.5807 -0.3819 3.189, -0.6201 -0.6181 1.2205, -0.6201 -0.6181 3.189, -0.3839 -0.3819 3.189, -0.3839 -0.3819 1.2205, -0.4232 -0.3819 3.189, -0.4232 -0.3819 1.2205, -0.3839 -0.6181 1.2205, -0.3839 -0.6181 3.189, -0.4232 -0.5394 1.2205, -0.5807 -0.5394 1.2205, -0.5807 -0.5394 3.189, -0.4232 -0.5394 3.189, 0.3799 0.3819 3.189, 0.3799 0.3819 1.2205, 0.4193 0.3819 3.189, 0.4193 0.3819 1.2205, 0.3799 0.6181 1.2205, 0.3799 0.6181 3.189, 0.6161 0.6181 1.2205, 0.6161 0.6181 3.189, 0.6161 0.3819 1.2205, 0.6161 0.3819 3.189, 0.5768 0.3819 1.2205, 0.5768 0.3819 3.189, 0.4193 0.5394 1.2205, 0.5768 0.5394 1.2205, 0.5768 0.5394 3.189, 0.4193 0.5394 3.189, 0.3799 -0.3819 1.2205, 0.3799 -0.3819 3.189, 0.4193 -0.3819 1.2205, 0.4193 -0.3819 3.189, 0.3799 -0.6181 1.2205, 0.3799 -0.6181 3.189, 0.6161 -0.3819 3.189, 0.6161 -0.3819 1.2205, 0.5768 -0.3819 3.189, 0.5768 -0.3819 1.2205, 0.6161 -0.6181 1.2205, 0.6161 -0.6181 3.189, 0.5768 -0.5394 1.2205, 0.4193 -0.5394 1.2205, 0.4193 -0.5394 3.189, 0.5768 -0.5394 3.189, 1.3799 0.6181 1.2205, 1.3799 0.3819 1.2205, 1.3799 0.6181 3.189, 1.3799 0.3819 3.189, 1.6161 0.6181 1.2205, 1.6161 0.6181 3.189, 1.6161 0.3819 1.2205, 1.6161 0.3819 3.189, 1.3799 -0.3819 1.2205, 1.3799 -0.6181 1.2205, 1.3799 -0.3819 3.189, 1.3799 -0.6181 3.189, 1.6161 -0.3819 1.2205, 1.6161 -0.3819 3.189, 1.6161 -0.6181 1.2205, 1.6161 -0.6181 3.189, 1.6024 0.685 0.0, 1.3937 0.685 0.0, 1.6024 1.2874 0.0, 1.3937 1.2874 0.0, 1.3972 1.3157 0.0, 1.4073 1.3424 0.0, 1.4236 1.3659 0.0, 1.445 1.3848 0.0, 1.4703 1.398 0.0, 1.498 1.4047 0.0, 1.5258 1.398 0.0, 1.5511 1.3848 0.0, 1.5725 1.3659 0.0, 1.5888 1.3424 0.0, 1.5989 1.3157 0.0, 1.3937 0.685 0.0984, 1.6024 0.685 0.0984, 1.3937 1.2874 0.0984, 1.6024 1.2874 0.0984, 1.5989 1.3157 0.0984, 1.5888 1.3424 0.0984, 1.5725 1.3659 0.0984, 1.5511 1.3848 0.0984, 1.5258 1.398 0.0984, 1.498 1.4047 0.0984, 1.4703 1.398 0.0984, 1.445 1.3848 0.0984, 1.4236 1.3659 0.0984, 1.4073 1.3424 0.0984, 1.3972 1.3157 0.0984, 1.6024 0.6672 0.1008, 1.3937 0.6672 0.1008, 1.6024 0.6506 0.1077, 1.3937 0.6506 0.1077, 1.6024 0.6363 0.1186, 1.3937 0.6363 0.1186, 1.6024 0.6254 0.1329, 1.3937 0.6254 0.1329, 1.6024 0.6185 0.1495, 1.3937 0.6185 0.1495, 1.6024 0.6161 0.1673, 1.3937 0.6161 0.1673, 1.6024 0.6161 2.0079, 1.3937 0.6161 2.0079, 1.6024 0.5177 2.0079, 1.3937 0.5177 2.0079, 1.6024 0.5177 0.1673, 1.3937 0.5177 0.1673, 1.3937 0.5219 0.1301, 1.6024 0.5219 0.1301, 1.3937 0.5343 0.0947, 1.6024 0.5343 0.0947, 1.3937 0.5542 0.063, 1.6024 0.5542 0.063, 1.3937 0.5807 0.0365, 1.6024 0.5807 0.0365, 1.3937 0.6124 0.0166, 1.6024 0.6124 0.0166, 1.3937 0.6478 0.0042, 1.6024 0.6478 0.0042, 1.6024 -0.685 0.0984, 1.3937 -0.685 0.0984, 1.6024 -1.2874 0.0984, 1.3937 -1.2874 0.0984, 1.3972 -1.3157 0.0984, 1.4073 -1.3424 0.0984, 1.4236 -1.3659 0.0984, 1.445 -1.3848 0.0984, 1.4703 -1.398 0.0984, 1.498 -1.4047 0.0984, 1.5258 -1.398 0.0984, 1.5511 -1.3848 0.0984, 1.5725 -1.3659 0.0984, 1.5888 -1.3424 0.0984, 1.5989 -1.3157 0.0984, 1.3937 -0.685 0.0, 1.6024 -0.685 0.0, 1.3937 -1.2874 0.0, 1.6024 -1.2874 0.0, 1.5989 -1.3157 0.0, 1.5888 -1.3424 0.0, 1.5725 -1.3659 0.0, 1.5511 -1.3848 0.0, 1.5258 -1.398 0.0, 1.498 -1.4047 0.0, 1.4703 -1.398 0.0, 1.445 -1.3848 0.0, 1.4236 -1.3659 0.0, 1.4073 -1.3424 0.0, 1.3972 -1.3157 0.0, 1.3937 -0.6478 0.0042, 1.6024 -0.6478 0.0042, 1.3937 -0.6124 0.0166, 1.6024 -0.6124 0.0166, 1.3937 -0.5807 0.0365, 1.6024 -0.5807 0.0365, 1.3937 -0.5542 0.063, 1.6024 -0.5542 0.063, 1.3937 -0.5343 0.0947, 1.6024 -0.5343 0.0947, 1.3937 -0.5219 0.1301, 1.6024 -0.5219 0.1301, 1.3937 -0.5177 0.1673, 1.6024 -0.5177 0.1673, 1.6024 -0.5177 2.0079, 1.3937 -0.5177 2.0079, 1.6024 -0.6161 2.0079, 1.3937 -0.6161 2.0079, 1.6024 -0.6161 0.1673, 1.3937 -0.6161 0.1673, 1.6024 -0.6185 0.1495, 1.3937 -0.6185 0.1495, 1.6024 -0.6254 0.1329, 1.3937 -0.6254 0.1329, 1.6024 -0.6363 0.1186, 1.3937 -0.6363 0.1186, 1.6024 -0.6506 0.1077, 1.3937 -0.6506 0.1077, 1.6024 -0.6672 0.1008, 1.3937 -0.6672 0.1008, 2.3799 0.6181 1.2205, 2.3799 0.3819 1.2205, 2.3799 0.6181 3.189, 2.3799 0.3819 3.189, 2.6161 0.6181 1.2205, 2.6161 0.6181 3.189, 2.6161 0.3819 1.2205, 2.6161 0.3819 3.189, 2.3799 -0.3819 1.2205, 2.3799 -0.6181 1.2205, 2.3799 -0.3819 3.189, 2.3799 -0.6181 3.189, 2.6161 -0.3819 1.2205, 2.6161 -0.3819 3.189, 2.6161 -0.6181 1.2205, 2.6161 -0.6181 3.189, 3.3799 0.6181 1.2205, 3.3799 0.3819 1.2205, 3.3799 0.6181 3.189, 3.3799 0.3819 3.189, 3.6161 0.6181 1.2205, 3.6161 0.6181 3.189, 3.6161 0.3819 1.2205, 3.6161 0.3819 3.189, 3.3799 -0.3819 1.2205, 3.3799 -0.6181 1.2205, 3.3799 -0.3819 3.189, 3.3799 -0.6181 3.189, 3.6161 -0.3819 1.2205, 3.6161 -0.3819 3.189, 3.6161 -0.6181 1.2205, 3.6161 -0.6181 3.189, 2.5989 -1.3157 0.0984, 2.6024 -1.2874 0.0984, 2.3972 -1.3157 0.0984, 2.6024 -0.685 0.0984, 2.3937 -0.685 0.0984, 2.3937 -1.2874 0.0984, 2.4073 -1.3424 0.0984, 2.4236 -1.3659 0.0984, 2.5888 -1.3424 0.0984, 2.5725 -1.3659 0.0984, 2.4703 -1.398 0.0984, 2.498 -1.4047 0.0984, 2.5258 -1.398 0.0984, 2.445 -1.3848 0.0984, 2.5511 -1.3848 0.0984, 2.3937 -1.2874 0.0, 2.3937 -0.685 0.0, 2.6024 -0.685 0.0, 2.6024 -1.2874 0.0, 2.5989 -1.3157 0.0, 2.3972 -1.3157 0.0, 2.5888 -1.3424 0.0, 2.5725 -1.3659 0.0, 2.4073 -1.3424 0.0, 2.4236 -1.3659 0.0, 2.5258 -1.398 0.0, 2.498 -1.4047 0.0, 2.4703 -1.398 0.0, 2.5511 -1.3848 0.0, 2.445 -1.3848 0.0, 2.3937 -0.6478 0.0042, 2.6024 -0.6478 0.0042, 2.3937 -0.6124 0.0166, 2.6024 -0.6124 0.0166, 2.3937 -0.5807 0.0365, 2.6024 -0.5807 0.0365, 2.3937 -0.5542 0.063, 2.6024 -0.5542 0.063, 2.3937 -0.5343 0.0947, 2.6024 -0.5343 0.0947, 2.3937 -0.5219 0.1301, 2.6024 -0.5219 0.1301, 2.3937 -0.5177 0.1673, 2.6024 -0.5177 0.1673, 2.6024 -0.5177 2.0079, 2.3937 -0.5177 2.0079, 2.6024 -0.6161 2.0079, 2.3937 -0.6161 2.0079, 2.6024 -0.6161 0.1673, 2.3937 -0.6161 0.1673, 2.6024 -0.6185 0.1495, 2.3937 -0.6185 0.1495, 2.6024 -0.6254 0.1329, 2.3937 -0.6254 0.1329, 2.6024 -0.6363 0.1186, 2.3937 -0.6363 0.1186, 2.6024 -0.6506 0.1077, 2.3937 -0.6506 0.1077, 2.6024 -0.6672 0.1008, 2.3937 -0.6672 0.1008, 3.6024 -0.685 0.0984, 3.3937 -0.685 0.0984, 3.6024 -1.2874 0.0984, 3.3937 -1.2874 0.0984, 3.3972 -1.3157 0.0984, 3.4073 -1.3424 0.0984, 3.4236 -1.3659 0.0984, 3.5989 -1.3157 0.0984, 3.498 -1.4047 0.0984, 3.5258 -1.398 0.0984, 3.4703 -1.398 0.0984, 3.5511 -1.3848 0.0984, 3.445 -1.3848 0.0984, 3.5725 -1.3659 0.0984, 3.5888 -1.3424 0.0984, 3.3937 -0.685 0.0, 3.6024 -0.685 0.0, 3.3937 -1.2874 0.0, 3.6024 -1.2874 0.0, 3.5989 -1.3157 0.0, 3.5888 -1.3424 0.0, 3.5725 -1.3659 0.0, 3.3972 -1.3157 0.0, 3.498 -1.4047 0.0, 3.4703 -1.398 0.0, 3.5258 -1.398 0.0, 3.445 -1.3848 0.0, 3.5511 -1.3848 0.0, 3.4236 -1.3659 0.0, 3.4073 -1.3424 0.0, 3.3937 -0.6478 0.0042, 3.6024 -0.6478 0.0042, 3.3937 -0.6124 0.0166, 3.6024 -0.6124 0.0166, 3.3937 -0.5807 0.0365, 3.6024 -0.5807 0.0365, 3.3937 -0.5542 0.063, 3.6024 -0.5542 0.063, 3.3937 -0.5343 0.0947, 3.6024 -0.5343 0.0947, 3.3937 -0.5219 0.1301, 3.6024 -0.5219 0.1301, 3.3937 -0.5177 0.1673, 3.6024 -0.5177 0.1673, 3.6024 -0.5177 2.0079, 3.3937 -0.5177 2.0079, 3.6024 -0.6161 2.0079, 3.3937 -0.6161 2.0079, 3.6024 -0.6161 0.1673, 3.3937 -0.6161 0.1673, 3.6024 -0.6185 0.1495, 3.3937 -0.6185 0.1495, 3.6024 -0.6254 0.1329, 3.3937 -0.6254 0.1329, 3.6024 -0.6363 0.1186, 3.3937 -0.6363 0.1186, 3.6024 -0.6506 0.1077, 3.3937 -0.6506 0.1077, 3.6024 -0.6672 0.1008, 3.3937 -0.6672 0.1008, 2.5989 1.3157 0.0, 2.6024 1.2874 0.0, 2.3972 1.3157 0.0, 2.6024 0.685 0.0, 2.3937 0.685 0.0, 2.3937 1.2874 0.0, 2.4073 1.3424 0.0, 2.4236 1.3659 0.0, 2.5888 1.3424 0.0, 2.5725 1.3659 0.0, 2.4703 1.398 0.0, 2.498 1.4047 0.0, 2.5258 1.398 0.0, 2.445 1.3848 0.0, 2.5511 1.3848 0.0, 2.3937 1.2874 0.0984, 2.3937 0.685 0.0984, 2.6024 0.685 0.0984, 2.6024 1.2874 0.0984, 2.5989 1.3157 0.0984, 2.3972 1.3157 0.0984, 2.5888 1.3424 0.0984, 2.5725 1.3659 0.0984, 2.4073 1.3424 0.0984, 2.4236 1.3659 0.0984, 2.5258 1.398 0.0984, 2.498 1.4047 0.0984, 2.4703 1.398 0.0984, 2.5511 1.3848 0.0984, 2.445 1.3848 0.0984, 2.6024 0.6672 0.1008, 2.3937 0.6672 0.1008, 2.6024 0.6506 0.1077, 2.3937 0.6506 0.1077, 2.6024 0.6363 0.1186, 2.3937 0.6363 0.1186, 2.6024 0.6254 0.1329, 2.3937 0.6254 0.1329, 2.6024 0.6185 0.1495, 2.3937 0.6185 0.1495, 2.6024 0.6161 0.1673, 2.3937 0.6161 0.1673, 2.6024 0.6161 2.0079, 2.3937 0.6161 2.0079, 2.6024 0.5177 2.0079, 2.3937 0.5177 2.0079, 2.6024 0.5177 0.1673, 2.3937 0.5177 0.1673, 2.3937 0.5219 0.1301, 2.6024 0.5219 0.1301, 2.3937 0.5343 0.0947, 2.6024 0.5343 0.0947, 2.3937 0.5542 0.063, 2.6024 0.5542 0.063, 2.3937 0.5807 0.0365, 2.6024 0.5807 0.0365, 2.3937 0.6124 0.0166, 2.6024 0.6124 0.0166, 2.3937 0.6478 0.0042, 2.6024 0.6478 0.0042, 3.5989 1.3157 0.0, 3.6024 1.2874 0.0, 3.4236 1.3659 0.0, 3.6024 0.685 0.0, 3.3937 0.685 0.0, 3.3937 1.2874 0.0, 3.3972 1.3157 0.0, 3.4073 1.3424 0.0, 3.498 1.4047 0.0, 3.5258 1.398 0.0, 3.4703 1.398 0.0, 3.5511 1.3848 0.0, 3.445 1.3848 0.0, 3.5725 1.3659 0.0, 3.5888 1.3424 0.0, 3.3972 1.3157 0.0984, 3.3937 1.2874 0.0984, 3.5725 1.3659 0.0984, 3.3937 0.685 0.0984, 3.6024 0.685 0.0984, 3.6024 1.2874 0.0984, 3.5989 1.3157 0.0984, 3.5888 1.3424 0.0984, 3.498 1.4047 0.0984, 3.4703 1.398 0.0984, 3.5258 1.398 0.0984, 3.445 1.3848 0.0984, 3.5511 1.3848 0.0984, 3.4236 1.3659 0.0984, 3.4073 1.3424 0.0984, 3.6024 0.6672 0.1008, 3.3937 0.6672 0.1008, 3.6024 0.6506 0.1077, 3.3937 0.6506 0.1077, 3.6024 0.6363 0.1186, 3.3937 0.6363 0.1186, 3.6024 0.6254 0.1329, 3.3937 0.6254 0.1329, 3.6024 0.6185 0.1495, 3.3937 0.6185 0.1495, 3.6024 0.6161 0.1673, 3.3937 0.6161 0.1673, 3.6024 0.6161 2.0079, 3.3937 0.6161 2.0079, 3.6024 0.5177 2.0079, 3.3937 0.5177 2.0079, 3.6024 0.5177 0.1673, 3.3937 0.5177 0.1673, 3.3937 0.5219 0.1301, 3.6024 0.5219 0.1301, 3.3937 0.5343 0.0947, 3.6024 0.5343 0.0947, 3.3937 0.5542 0.063, 3.6024 0.5542 0.063, 3.3937 0.5807 0.0365, 3.6024 0.5807 0.0365, 3.3937 0.6124 0.0166, 3.6024 0.6124 0.0166, 3.3937 0.6478 0.0042, 3.6024 0.6478 0.0042
            ]
        }
        coordIndex [
            0,1,2,-1,2,1,3,-1,2,3,4,-1,4,5,2,-1,2,5,6,-1,2,6,7,-1,8,9,10,-1,10,9,11,-1,10,11,12,-1,12,11,13,-1,12,13,6,-1,6,13,14,-1,6,14,7,-1,15,16,17,-1,17,16,18,-1,17,18,19,-1,19,20,17,-1,17,20,21,-1,17,21,22,-1,23,24,25,-1,25,24,26,-1,25,26,27,-1,27,26,28,-1,27,28,21,-1,21,28,29,-1,21,29,22,-1,16,15,30,-1,16,30,31,-1,31,30,32,-1,31,32,33,-1,33,32,34,-1,33,34,35,-1,35,34,36,-1,35,36,37,-1,37,36,38,-1,37,38,39,-1,39,38,40,-1,39,40,41,-1,41,40,42,-1,41,42,43,-1,44,43,45,-1,45,43,42,-1,46,44,47,-1,47,44,45,-1,48,46,49,-1,49,46,47,-1,48,49,50,-1,50,49,51,-1,50,51,52,-1,52,51,53,-1,52,53,54,-1,54,53,55,-1,54,55,56,-1,56,55,57,-1,56,57,58,-1,58,57,59,-1,58,59,0,-1,0,59,1,-1,2,18,0,-1,0,18,16,-1,0,16,58,-1,58,16,31,-1,58,31,56,-1,56,31,33,-1,56,33,54,-1,33,35,54,-1,54,35,37,-1,54,37,52,-1,52,37,39,-1,52,39,50,-1,50,39,41,-1,50,41,48,-1,48,41,43,-1,48,43,46,-1,46,43,44,-1,17,3,15,-1,15,3,1,-1,15,1,30,-1,30,1,59,-1,30,59,32,-1,32,59,57,-1,32,57,34,-1,34,57,55,-1,34,55,36,-1,36,55,53,-1,47,45,49,-1,49,45,42,-1,49,42,51,-1,51,42,40,-1,51,40,53,-1,53,40,38,-1,53,38,36,-1,3,17,22,-1,3,22,4,-1,4,22,29,-1,4,29,5,-1,5,29,28,-1,5,28,6,-1,6,28,26,-1,6,26,12,-1,12,26,24,-1,12,24,10,-1,10,24,23,-1,10,23,8,-1,18,2,7,-1,18,7,19,-1,19,7,14,-1,19,14,20,-1,20,14,13,-1,20,13,21,-1,21,13,11,-1,21,11,27,-1,27,11,9,-1,27,9,25,-1,25,9,8,-1,25,8,23,-1,60,61,62,-1,63,64,61,-1,61,64,65,-1,61,65,62,-1,62,66,60,-1,60,66,67,-1,60,67,68,-1,68,67,69,-1,70,71,72,-1,67,73,69,-1,69,73,70,-1,69,70,74,-1,74,70,72,-1,75,76,77,-1,77,78,75,-1,75,78,79,-1,75,79,80,-1,79,81,80,-1,80,81,82,-1,80,82,83,-1,83,82,84,-1,85,86,87,-1,82,88,84,-1,84,88,85,-1,84,85,89,-1,89,85,87,-1,77,76,90,-1,77,90,91,-1,91,90,92,-1,91,92,93,-1,93,92,94,-1,93,94,95,-1,95,94,96,-1,95,96,97,-1,97,96,98,-1,97,98,99,-1,99,98,100,-1,99,100,101,-1,101,100,102,-1,101,102,103,-1,104,103,105,-1,105,103,102,-1,106,104,107,-1,107,104,105,-1,108,106,109,-1,109,106,107,-1,108,109,110,-1,110,109,111,-1,110,111,112,-1,112,111,113,-1,112,113,114,-1,114,113,115,-1,114,115,116,-1,116,115,117,-1,116,117,118,-1,118,117,119,-1,118,119,63,-1,63,119,64,-1,61,78,63,-1,63,78,77,-1,63,77,118,-1,118,77,91,-1,118,91,116,-1,116,91,93,-1,116,93,114,-1,93,95,114,-1,114,95,97,-1,114,97,112,-1,112,97,99,-1,112,99,110,-1,110,99,101,-1,110,101,108,-1,108,101,103,-1,108,103,106,-1,106,103,104,-1,75,65,76,-1,76,65,64,-1,76,64,90,-1,90,64,119,-1,90,119,92,-1,92,119,117,-1,92,117,94,-1,94,117,115,-1,94,115,96,-1,96,115,113,-1,107,105,109,-1,109,105,102,-1,109,102,111,-1,111,102,100,-1,111,100,113,-1,113,100,98,-1,113,98,96,-1,65,75,80,-1,65,80,62,-1,62,80,83,-1,62,83,66,-1,66,83,84,-1,66,84,67,-1,67,84,89,-1,67,89,73,-1,73,89,87,-1,73,87,70,-1,70,87,86,-1,70,86,71,-1,78,61,60,-1,78,60,79,-1,79,60,68,-1,79,68,81,-1,81,68,69,-1,81,69,82,-1,82,69,74,-1,82,74,88,-1,88,74,72,-1,88,72,85,-1,85,72,71,-1,85,71,86,-1,120,121,122,-1,122,121,123,-1,122,123,124,-1,124,125,122,-1,122,125,126,-1,122,126,127,-1,127,128,122,-1,122,128,129,-1,122,129,130,-1,130,131,132,-1,132,133,130,-1,130,133,134,-1,130,134,122,-1,135,136,137,-1,137,136,138,-1,137,138,139,-1,139,140,137,-1,137,140,141,-1,137,141,142,-1,142,143,137,-1,137,143,144,-1,137,144,145,-1,145,146,147,-1,147,148,145,-1,145,148,149,-1,145,149,137,-1,136,135,150,-1,136,150,151,-1,151,150,152,-1,151,152,153,-1,153,152,154,-1,153,154,155,-1,155,154,156,-1,155,156,157,-1,157,156,158,-1,157,158,159,-1,159,158,160,-1,159,160,161,-1,161,160,162,-1,161,162,163,-1,164,163,165,-1,165,163,162,-1,166,164,167,-1,167,164,165,-1,168,166,169,-1,169,166,167,-1,168,169,170,-1,170,169,171,-1,170,171,172,-1,172,171,173,-1,172,173,174,-1,174,173,175,-1,174,175,176,-1,176,175,177,-1,176,177,178,-1,178,177,179,-1,178,179,120,-1,120,179,121,-1,122,138,120,-1,120,138,136,-1,120,136,178,-1,178,136,151,-1,178,151,176,-1,176,151,153,-1,176,153,174,-1,153,155,174,-1,174,155,157,-1,174,157,172,-1,172,157,159,-1,172,159,170,-1,170,159,161,-1,170,161,168,-1,168,161,163,-1,168,163,166,-1,166,163,164,-1,137,123,135,-1,135,123,121,-1,135,121,150,-1,150,121,179,-1,150,179,152,-1,152,179,177,-1,152,177,154,-1,154,177,175,-1,154,175,156,-1,156,175,173,-1,167,165,169,-1,169,165,162,-1,169,162,171,-1,171,162,160,-1,171,160,173,-1,173,160,158,-1,173,158,156,-1,123,137,149,-1,123,149,124,-1,124,149,148,-1,124,148,125,-1,125,148,147,-1,125,147,126,-1,126,147,146,-1,126,146,127,-1,127,146,145,-1,127,145,128,-1,128,145,144,-1,128,144,129,-1,138,122,134,-1,138,134,139,-1,139,134,133,-1,139,133,140,-1,140,133,132,-1,140,132,141,-1,141,132,131,-1,141,131,142,-1,142,131,130,-1,142,130,143,-1,143,130,129,-1,143,129,144,-1,180,181,182,-1,182,181,183,-1,184,182,185,-1,185,182,186,-1,183,187,182,-1,182,187,188,-1,182,188,186,-1,184,189,182,-1,182,189,190,-1,182,190,191,-1,191,192,182,-1,182,192,193,-1,182,193,194,-1,195,196,197,-1,197,196,198,-1,199,197,200,-1,200,197,201,-1,198,202,197,-1,197,202,203,-1,197,203,201,-1,199,204,197,-1,197,204,205,-1,197,205,206,-1,206,207,197,-1,197,207,208,-1,197,208,209,-1,196,195,210,-1,196,210,211,-1,211,210,212,-1,211,212,213,-1,213,212,214,-1,213,214,215,-1,215,214,216,-1,215,216,217,-1,217,216,218,-1,217,218,219,-1,219,218,220,-1,219,220,221,-1,221,220,222,-1,221,222,223,-1,224,223,225,-1,225,223,222,-1,226,224,227,-1,227,224,225,-1,228,226,229,-1,229,226,227,-1,228,229,230,-1,230,229,231,-1,230,231,232,-1,232,231,233,-1,232,233,234,-1,234,233,235,-1,234,235,236,-1,236,235,237,-1,236,237,238,-1,238,237,239,-1,238,239,180,-1,180,239,181,-1,182,198,180,-1,180,198,196,-1,180,196,238,-1,238,196,211,-1,238,211,236,-1,236,211,213,-1,236,213,234,-1,213,215,234,-1,234,215,217,-1,234,217,232,-1,232,217,219,-1,232,219,230,-1,230,219,221,-1,230,221,228,-1,228,221,223,-1,228,223,226,-1,226,223,224,-1,197,183,195,-1,195,183,181,-1,195,181,210,-1,210,181,239,-1,210,239,212,-1,212,239,237,-1,212,237,214,-1,214,237,235,-1,214,235,216,-1,216,235,233,-1,227,225,229,-1,229,225,222,-1,229,222,231,-1,231,222,220,-1,231,220,233,-1,233,220,218,-1,233,218,216,-1,183,197,209,-1,183,209,187,-1,187,209,208,-1,187,208,188,-1,188,208,207,-1,188,207,186,-1,186,207,206,-1,186,206,185,-1,185,206,205,-1,185,205,184,-1,184,205,204,-1,184,204,189,-1,198,182,194,-1,198,194,202,-1,202,194,193,-1,202,193,203,-1,203,193,192,-1,203,192,201,-1,201,192,191,-1,201,191,200,-1,200,191,190,-1,200,190,199,-1,199,190,189,-1,199,189,204,-1,240,241,242,-1,242,241,243,-1,244,242,245,-1,245,242,246,-1,243,247,242,-1,242,247,248,-1,242,248,246,-1,244,249,242,-1,242,249,250,-1,242,250,251,-1,251,252,242,-1,242,252,253,-1,242,253,254,-1,255,256,257,-1,257,256,258,-1,259,257,260,-1,260,257,261,-1,258,262,257,-1,257,262,263,-1,257,263,261,-1,259,264,257,-1,257,264,265,-1,257,265,266,-1,266,267,257,-1,257,267,268,-1,257,268,269,-1,256,255,270,-1,256,270,271,-1,271,270,272,-1,271,272,273,-1,273,272,274,-1,273,274,275,-1,275,274,276,-1,275,276,277,-1,277,276,278,-1,277,278,279,-1,279,278,280,-1,279,280,281,-1,281,280,282,-1,281,282,283,-1,284,283,285,-1,285,283,282,-1,286,284,287,-1,287,284,285,-1,288,286,289,-1,289,286,287,-1,288,289,290,-1,290,289,291,-1,290,291,292,-1,292,291,293,-1,292,293,294,-1,294,293,295,-1,294,295,296,-1,296,295,297,-1,296,297,298,-1,298,297,299,-1,298,299,240,-1,240,299,241,-1,242,258,240,-1,240,258,256,-1,240,256,298,-1,298,256,271,-1,298,271,296,-1,296,271,273,-1,296,273,294,-1,273,275,294,-1,294,275,277,-1,294,277,292,-1,292,277,279,-1,292,279,290,-1,290,279,281,-1,290,281,288,-1,288,281,283,-1,288,283,286,-1,286,283,284,-1,257,243,255,-1,255,243,241,-1,255,241,270,-1,270,241,299,-1,270,299,272,-1,272,299,297,-1,272,297,274,-1,274,297,295,-1,274,295,276,-1,276,295,293,-1,287,285,289,-1,289,285,282,-1,289,282,291,-1,291,282,280,-1,291,280,293,-1,293,280,278,-1,293,278,276,-1,243,257,269,-1,243,269,247,-1,247,269,268,-1,247,268,248,-1,248,268,267,-1,248,267,246,-1,246,267,266,-1,246,266,245,-1,245,266,265,-1,245,265,244,-1,244,265,264,-1,244,264,249,-1,258,242,254,-1,258,254,262,-1,262,254,253,-1,262,253,263,-1,263,253,252,-1,263,252,261,-1,261,252,251,-1,261,251,260,-1,260,251,250,-1,260,250,259,-1,259,250,249,-1,259,249,264,-1,300,301,302,-1,303,304,301,-1,301,304,305,-1,301,305,302,-1,302,306,300,-1,300,306,307,-1,300,307,308,-1,308,307,309,-1,310,311,312,-1,307,313,309,-1,309,313,310,-1,309,310,314,-1,314,310,312,-1,315,316,317,-1,317,318,315,-1,315,318,319,-1,315,319,320,-1,319,321,320,-1,320,321,322,-1,320,322,323,-1,323,322,324,-1,325,326,327,-1,322,328,324,-1,324,328,325,-1,324,325,329,-1,329,325,327,-1,317,316,330,-1,330,316,331,-1,330,331,332,-1,332,331,333,-1,332,333,334,-1,334,333,335,-1,334,335,336,-1,336,335,337,-1,336,337,338,-1,338,337,339,-1,338,339,340,-1,340,339,341,-1,342,340,343,-1,343,340,341,-1,344,342,345,-1,345,342,343,-1,346,344,347,-1,347,344,345,-1,346,347,348,-1,346,348,349,-1,349,348,350,-1,349,350,351,-1,351,350,352,-1,351,352,353,-1,353,352,354,-1,353,354,355,-1,355,354,356,-1,355,356,357,-1,357,356,358,-1,357,358,359,-1,359,358,304,-1,359,304,303,-1,301,318,303,-1,303,318,317,-1,303,317,359,-1,359,317,330,-1,359,330,357,-1,357,330,332,-1,357,332,355,-1,355,332,334,-1,355,334,353,-1,353,334,336,-1,342,344,340,-1,340,344,346,-1,340,346,338,-1,338,346,349,-1,338,349,336,-1,336,349,351,-1,336,351,353,-1,315,305,316,-1,316,305,304,-1,316,304,331,-1,331,304,358,-1,331,358,333,-1,333,358,356,-1,333,356,335,-1,356,354,335,-1,335,354,352,-1,335,352,337,-1,337,352,350,-1,337,350,339,-1,339,350,348,-1,339,348,341,-1,341,348,347,-1,341,347,343,-1,343,347,345,-1,305,315,320,-1,305,320,302,-1,302,320,323,-1,302,323,306,-1,306,323,324,-1,306,324,307,-1,307,324,329,-1,307,329,313,-1,313,329,327,-1,313,327,310,-1,310,327,326,-1,310,326,311,-1,318,301,300,-1,318,300,319,-1,319,300,308,-1,319,308,321,-1,321,308,309,-1,321,309,322,-1,322,309,314,-1,322,314,328,-1,328,314,312,-1,328,312,325,-1,325,312,311,-1,325,311,326,-1,360,361,362,-1,362,361,363,-1,362,363,364,-1,364,365,362,-1,362,365,366,-1,362,366,367,-1,367,368,362,-1,362,368,369,-1,362,369,370,-1,370,371,372,-1,372,373,370,-1,370,373,374,-1,370,374,362,-1,375,376,377,-1,377,376,378,-1,377,378,379,-1,379,380,377,-1,377,380,381,-1,377,381,382,-1,382,383,377,-1,377,383,384,-1,377,384,385,-1,385,386,387,-1,387,388,385,-1,385,388,389,-1,385,389,377,-1,376,375,390,-1,390,375,391,-1,390,391,392,-1,392,391,393,-1,392,393,394,-1,394,393,395,-1,394,395,396,-1,396,395,397,-1,396,397,398,-1,398,397,399,-1,398,399,400,-1,400,399,401,-1,402,400,403,-1,403,400,401,-1,404,402,405,-1,405,402,403,-1,406,404,407,-1,407,404,405,-1,406,407,408,-1,406,408,409,-1,409,408,410,-1,409,410,411,-1,411,410,412,-1,411,412,413,-1,413,412,414,-1,413,414,415,-1,415,414,416,-1,415,416,417,-1,417,416,418,-1,417,418,419,-1,419,418,361,-1,419,361,360,-1,362,378,360,-1,360,378,376,-1,360,376,419,-1,419,376,390,-1,419,390,417,-1,417,390,392,-1,417,392,415,-1,415,392,394,-1,415,394,413,-1,413,394,396,-1,402,404,400,-1,400,404,406,-1,400,406,398,-1,398,406,409,-1,398,409,396,-1,396,409,411,-1,396,411,413,-1,377,363,375,-1,375,363,361,-1,375,361,391,-1,391,361,418,-1,391,418,393,-1,393,418,416,-1,393,416,395,-1,416,414,395,-1,395,414,412,-1,395,412,397,-1,397,412,410,-1,397,410,399,-1,399,410,408,-1,399,408,401,-1,401,408,407,-1,401,407,403,-1,403,407,405,-1,363,377,389,-1,363,389,364,-1,364,389,388,-1,364,388,365,-1,365,388,387,-1,365,387,366,-1,366,387,386,-1,366,386,367,-1,367,386,385,-1,367,385,368,-1,368,385,384,-1,368,384,369,-1,378,362,374,-1,378,374,379,-1,379,374,373,-1,379,373,380,-1,380,373,372,-1,380,372,381,-1,381,372,371,-1,381,371,382,-1,382,371,370,-1,382,370,383,-1,383,370,369,-1,383,369,384,-1,420,421,422,-1,422,421,423,-1,424,422,425,-1,425,422,426,-1,423,427,422,-1,422,427,428,-1,422,428,426,-1,424,429,422,-1,422,429,430,-1,422,430,431,-1,431,432,422,-1,422,432,433,-1,422,433,434,-1,435,436,437,-1,437,436,438,-1,439,437,440,-1,440,437,441,-1,438,442,437,-1,437,442,443,-1,437,443,441,-1,439,444,437,-1,437,444,445,-1,437,445,446,-1,446,447,437,-1,437,447,448,-1,437,448,449,-1,436,435,450,-1,450,435,451,-1,450,451,452,-1,452,451,453,-1,452,453,454,-1,454,453,455,-1,454,455,456,-1,456,455,457,-1,456,457,458,-1,458,457,459,-1,458,459,460,-1,460,459,461,-1,462,460,463,-1,463,460,461,-1,464,462,465,-1,465,462,463,-1,466,464,467,-1,467,464,465,-1,466,467,468,-1,466,468,469,-1,469,468,470,-1,469,470,471,-1,471,470,472,-1,471,472,473,-1,473,472,474,-1,473,474,475,-1,475,474,476,-1,475,476,477,-1,477,476,478,-1,477,478,479,-1,479,478,421,-1,479,421,420,-1,422,438,420,-1,420,438,436,-1,420,436,479,-1,479,436,450,-1,479,450,477,-1,477,450,452,-1,477,452,475,-1,475,452,454,-1,475,454,473,-1,473,454,456,-1,462,464,460,-1,460,464,466,-1,460,466,458,-1,458,466,469,-1,458,469,456,-1,456,469,471,-1,456,471,473,-1,437,423,435,-1,435,423,421,-1,435,421,451,-1,451,421,478,-1,451,478,453,-1,453,478,476,-1,453,476,455,-1,476,474,455,-1,455,474,472,-1,455,472,457,-1,457,472,470,-1,457,470,459,-1,459,470,468,-1,459,468,461,-1,461,468,467,-1,461,467,463,-1,463,467,465,-1,423,437,449,-1,423,449,427,-1,427,449,448,-1,427,448,428,-1,428,448,447,-1,428,447,426,-1,426,447,446,-1,426,446,425,-1,425,446,445,-1,425,445,424,-1,424,445,444,-1,424,444,429,-1,438,422,434,-1,438,434,442,-1,442,434,433,-1,442,433,443,-1,443,433,432,-1,443,432,441,-1,441,432,431,-1,441,431,440,-1,440,431,430,-1,440,430,439,-1,439,430,429,-1,439,429,444,-1,480,481,482,-1,482,481,483,-1,484,482,485,-1,485,482,486,-1,483,487,482,-1,482,487,488,-1,482,488,486,-1,484,489,482,-1,482,489,490,-1,482,490,491,-1,491,492,482,-1,482,492,493,-1,482,493,494,-1,495,496,497,-1,497,496,498,-1,499,497,500,-1,500,497,501,-1,498,502,497,-1,497,502,503,-1,497,503,501,-1,499,504,497,-1,497,504,505,-1,497,505,506,-1,506,507,497,-1,497,507,508,-1,497,508,509,-1,496,495,510,-1,510,495,511,-1,510,511,512,-1,512,511,513,-1,512,513,514,-1,514,513,515,-1,514,515,516,-1,516,515,517,-1,516,517,518,-1,518,517,519,-1,518,519,520,-1,520,519,521,-1,522,520,523,-1,523,520,521,-1,524,522,525,-1,525,522,523,-1,526,524,527,-1,527,524,525,-1,526,527,528,-1,526,528,529,-1,529,528,530,-1,529,530,531,-1,531,530,532,-1,531,532,533,-1,533,532,534,-1,533,534,535,-1,535,534,536,-1,535,536,537,-1,537,536,538,-1,537,538,539,-1,539,538,481,-1,539,481,480,-1,482,498,480,-1,480,498,496,-1,480,496,539,-1,539,496,510,-1,539,510,537,-1,537,510,512,-1,537,512,535,-1,535,512,514,-1,535,514,533,-1,533,514,516,-1,522,524,520,-1,520,524,526,-1,520,526,518,-1,518,526,529,-1,518,529,516,-1,516,529,531,-1,516,531,533,-1,497,483,495,-1,495,483,481,-1,495,481,511,-1,511,481,538,-1,511,538,513,-1,513,538,536,-1,513,536,515,-1,536,534,515,-1,515,534,532,-1,515,532,517,-1,517,532,530,-1,517,530,519,-1,519,530,528,-1,519,528,521,-1,521,528,527,-1,521,527,523,-1,523,527,525,-1,483,497,509,-1,483,509,487,-1,487,509,508,-1,487,508,488,-1,488,508,507,-1,488,507,486,-1,486,507,506,-1,486,506,485,-1,485,506,505,-1,485,505,484,-1,484,505,504,-1,484,504,489,-1,498,482,494,-1,498,494,502,-1,502,494,493,-1,502,493,503,-1,503,493,492,-1,503,492,501,-1,501,492,491,-1,501,491,500,-1,500,491,490,-1,500,490,499,-1,499,490,489,-1,499,489,504,-1,540,541,542,-1,542,541,543,-1,544,541,545,-1,545,541,540,-1,546,544,547,-1,547,544,545,-1,548,546,549,-1,549,546,547,-1,548,549,550,-1,550,549,551,-1,543,541,552,-1,552,541,544,-1,552,544,553,-1,553,544,546,-1,553,546,550,-1,550,546,548,-1,551,549,554,-1,554,549,547,-1,554,547,555,-1,555,547,545,-1,555,545,542,-1,542,545,540,-1,542,543,555,-1,555,543,552,-1,555,552,554,-1,554,552,553,-1,554,553,551,-1,551,553,550,-1,556,557,558,-1,558,557,559,-1,556,560,557,-1,557,560,561,-1,562,563,564,-1,564,563,565,-1,566,563,567,-1,567,563,562,-1,560,566,561,-1,561,566,567,-1,565,563,568,-1,568,563,566,-1,568,566,569,-1,569,566,560,-1,569,560,558,-1,558,560,556,-1,559,557,570,-1,570,557,561,-1,570,561,571,-1,571,561,567,-1,571,567,564,-1,564,567,562,-1,571,568,570,-1,570,568,569,-1,570,569,559,-1,559,569,558,-1,564,565,571,-1,571,565,568,-1,572,573,574,-1,574,573,575,-1,576,573,577,-1,577,573,572,-1,578,576,579,-1,579,576,577,-1,580,578,581,-1,581,578,579,-1,580,581,582,-1,582,581,583,-1,575,573,584,-1,584,573,576,-1,584,576,585,-1,585,576,578,-1,585,578,582,-1,582,578,580,-1,583,581,586,-1,586,581,579,-1,586,579,587,-1,587,579,577,-1,587,577,574,-1,574,577,572,-1,574,575,587,-1,587,575,584,-1,587,584,586,-1,586,584,585,-1,586,585,583,-1,583,585,582,-1,588,589,590,-1,590,589,591,-1,588,592,589,-1,589,592,593,-1,594,595,596,-1,596,595,597,-1,598,595,599,-1,599,595,594,-1,592,598,593,-1,593,598,599,-1,597,595,600,-1,600,595,598,-1,600,598,601,-1,601,598,592,-1,601,592,590,-1,590,592,588,-1,591,589,602,-1,602,589,593,-1,602,593,603,-1,603,593,599,-1,603,599,596,-1,596,599,594,-1,603,600,602,-1,602,600,601,-1,602,601,591,-1,591,601,590,-1,596,597,603,-1,603,597,600,-1,604,605,606,-1,606,605,607,-1,608,605,609,-1,609,605,604,-1,610,608,611,-1,611,608,609,-1,612,610,613,-1,613,610,611,-1,612,613,614,-1,614,613,615,-1,607,605,616,-1,616,605,608,-1,616,608,617,-1,617,608,610,-1,617,610,614,-1,614,610,612,-1,615,613,618,-1,618,613,611,-1,618,611,619,-1,619,611,609,-1,619,609,606,-1,606,609,604,-1,606,607,619,-1,619,607,616,-1,619,616,618,-1,618,616,617,-1,618,617,615,-1,615,617,614,-1,620,621,622,-1,622,621,623,-1,620,624,621,-1,621,624,625,-1,626,627,628,-1,628,627,629,-1,630,627,631,-1,631,627,626,-1,624,630,625,-1,625,630,631,-1,629,627,632,-1,632,627,630,-1,632,630,633,-1,633,630,624,-1,633,624,622,-1,622,624,620,-1,623,621,634,-1,634,621,625,-1,634,625,635,-1,635,625,631,-1,635,631,628,-1,628,631,626,-1,635,632,634,-1,634,632,633,-1,634,633,623,-1,623,633,622,-1,628,629,635,-1,635,629,632,-1,636,637,638,-1,638,637,639,-1,640,637,641,-1,641,637,636,-1,642,640,643,-1,643,640,641,-1,644,642,645,-1,645,642,643,-1,644,645,646,-1,646,645,647,-1,639,637,648,-1,648,637,640,-1,648,640,649,-1,649,640,642,-1,649,642,646,-1,646,642,644,-1,647,645,650,-1,650,645,643,-1,650,643,651,-1,651,643,641,-1,651,641,638,-1,638,641,636,-1,638,639,651,-1,651,639,648,-1,651,648,650,-1,650,648,649,-1,650,649,647,-1,647,649,646,-1,652,653,654,-1,654,653,655,-1,652,656,653,-1,653,656,657,-1,658,659,660,-1,660,659,661,-1,662,659,663,-1,663,659,658,-1,656,662,657,-1,657,662,663,-1,661,659,664,-1,664,659,662,-1,664,662,665,-1,665,662,656,-1,665,656,654,-1,654,656,652,-1,655,653,666,-1,666,653,657,-1,666,657,667,-1,667,657,663,-1,667,663,660,-1,660,663,658,-1,667,664,666,-1,666,664,665,-1,666,665,655,-1,655,665,654,-1,660,661,667,-1,667,661,664,-1,668,669,670,-1,670,669,671,-1,672,669,673,-1,673,669,668,-1,674,672,675,-1,675,672,673,-1,676,674,677,-1,677,674,675,-1,676,677,678,-1,678,677,679,-1,671,669,680,-1,680,669,672,-1,680,672,681,-1,681,672,674,-1,681,674,678,-1,678,674,676,-1,679,677,682,-1,682,677,675,-1,682,675,683,-1,683,675,673,-1,683,673,670,-1,670,673,668,-1,670,671,683,-1,683,671,680,-1,683,680,682,-1,682,680,681,-1,682,681,679,-1,679,681,678,-1,684,685,686,-1,686,685,687,-1,684,688,685,-1,685,688,689,-1,690,691,692,-1,692,691,693,-1,694,691,695,-1,695,691,690,-1,688,694,689,-1,689,694,695,-1,693,691,696,-1,696,691,694,-1,696,694,697,-1,697,694,688,-1,697,688,686,-1,686,688,684,-1,687,685,698,-1,698,685,689,-1,698,689,699,-1,699,689,695,-1,699,695,692,-1,692,695,690,-1,699,696,698,-1,698,696,697,-1,698,697,687,-1,687,697,686,-1,692,693,699,-1,699,693,696,-1,700,701,702,-1,702,701,703,-1,704,700,705,-1,705,700,702,-1,706,704,707,-1,707,704,705,-1,701,706,703,-1,703,706,707,-1,704,706,700,-1,700,706,701,-1,707,705,703,-1,703,705,702,-1,708,709,710,-1,710,709,711,-1,712,708,713,-1,713,708,710,-1,714,712,715,-1,715,712,713,-1,709,714,711,-1,711,714,715,-1,712,714,708,-1,708,714,709,-1,715,713,711,-1,711,713,710,-1,716,717,718,-1,718,717,719,-1,718,719,720,-1,720,721,718,-1,718,721,722,-1,718,722,723,-1,723,724,718,-1,718,724,725,-1,718,725,726,-1,726,727,728,-1,728,729,726,-1,726,729,730,-1,726,730,718,-1,731,732,733,-1,733,732,734,-1,733,734,735,-1,735,736,733,-1,733,736,737,-1,733,737,738,-1,738,739,733,-1,733,739,740,-1,733,740,741,-1,741,742,743,-1,743,744,741,-1,741,744,745,-1,741,745,733,-1,732,731,746,-1,746,731,747,-1,746,747,748,-1,748,747,749,-1,748,749,750,-1,750,749,751,-1,750,751,752,-1,752,751,753,-1,752,753,754,-1,754,753,755,-1,754,755,756,-1,756,755,757,-1,758,756,759,-1,759,756,757,-1,760,758,761,-1,761,758,759,-1,762,760,763,-1,763,760,761,-1,762,763,764,-1,762,764,765,-1,765,764,766,-1,765,766,767,-1,767,766,768,-1,767,768,769,-1,769,768,770,-1,769,770,771,-1,771,770,772,-1,771,772,773,-1,773,772,774,-1,773,774,775,-1,775,774,717,-1,775,717,716,-1,718,734,716,-1,716,734,732,-1,716,732,775,-1,775,732,746,-1,775,746,773,-1,773,746,748,-1,773,748,771,-1,771,748,750,-1,771,750,769,-1,769,750,752,-1,758,760,756,-1,756,760,762,-1,756,762,754,-1,754,762,765,-1,754,765,752,-1,752,765,767,-1,752,767,769,-1,733,719,731,-1,731,719,717,-1,731,717,747,-1,747,717,774,-1,747,774,749,-1,749,774,772,-1,749,772,751,-1,772,770,751,-1,751,770,768,-1,751,768,753,-1,753,768,766,-1,753,766,755,-1,755,766,764,-1,755,764,757,-1,757,764,763,-1,757,763,759,-1,759,763,761,-1,719,733,745,-1,719,745,720,-1,720,745,744,-1,720,744,721,-1,721,744,743,-1,721,743,722,-1,722,743,742,-1,722,742,723,-1,723,742,741,-1,723,741,724,-1,724,741,740,-1,724,740,725,-1,734,718,730,-1,734,730,735,-1,735,730,729,-1,735,729,736,-1,736,729,728,-1,736,728,737,-1,737,728,727,-1,737,727,738,-1,738,727,726,-1,738,726,739,-1,739,726,725,-1,739,725,740,-1,776,777,778,-1,778,777,779,-1,778,779,780,-1,780,781,778,-1,778,781,782,-1,778,782,783,-1,783,784,778,-1,778,784,785,-1,778,785,786,-1,786,787,788,-1,788,789,786,-1,786,789,790,-1,786,790,778,-1,791,792,793,-1,793,792,794,-1,793,794,795,-1,795,796,793,-1,793,796,797,-1,793,797,798,-1,798,799,793,-1,793,799,800,-1,793,800,801,-1,801,802,803,-1,803,804,801,-1,801,804,805,-1,801,805,793,-1,792,791,806,-1,792,806,807,-1,807,806,808,-1,807,808,809,-1,809,808,810,-1,809,810,811,-1,811,810,812,-1,811,812,813,-1,813,812,814,-1,813,814,815,-1,815,814,816,-1,815,816,817,-1,817,816,818,-1,817,818,819,-1,820,819,821,-1,821,819,818,-1,822,820,823,-1,823,820,821,-1,824,822,825,-1,825,822,823,-1,824,825,826,-1,826,825,827,-1,826,827,828,-1,828,827,829,-1,828,829,830,-1,830,829,831,-1,830,831,832,-1,832,831,833,-1,832,833,834,-1,834,833,835,-1,834,835,776,-1,776,835,777,-1,778,794,776,-1,776,794,792,-1,776,792,834,-1,834,792,807,-1,834,807,832,-1,832,807,809,-1,832,809,830,-1,809,811,830,-1,830,811,813,-1,830,813,828,-1,828,813,815,-1,828,815,826,-1,826,815,817,-1,826,817,824,-1,824,817,819,-1,824,819,822,-1,822,819,820,-1,793,779,791,-1,791,779,777,-1,791,777,806,-1,806,777,835,-1,806,835,808,-1,808,835,833,-1,808,833,810,-1,810,833,831,-1,810,831,812,-1,812,831,829,-1,823,821,825,-1,825,821,818,-1,825,818,827,-1,827,818,816,-1,827,816,829,-1,829,816,814,-1,829,814,812,-1,779,793,805,-1,779,805,780,-1,780,805,804,-1,780,804,781,-1,781,804,803,-1,781,803,782,-1,782,803,802,-1,782,802,783,-1,783,802,801,-1,783,801,784,-1,784,801,800,-1,784,800,785,-1,794,778,790,-1,794,790,795,-1,795,790,789,-1,795,789,796,-1,796,789,788,-1,796,788,797,-1,797,788,787,-1,797,787,798,-1,798,787,786,-1,798,786,799,-1,799,786,785,-1,799,785,800,-1,836,837,838,-1,838,837,839,-1,840,836,841,-1,841,836,838,-1,842,840,843,-1,843,840,841,-1,837,842,839,-1,839,842,843,-1,840,842,836,-1,836,842,837,-1,843,841,839,-1,839,841,838,-1,844,845,846,-1,846,845,847,-1,848,844,849,-1,849,844,846,-1,850,848,851,-1,851,848,849,-1,845,850,847,-1,847,850,851,-1,848,850,844,-1,844,850,845,-1,851,849,847,-1,847,849,846,-1,852,853,854,-1,854,853,855,-1,856,852,857,-1,857,852,854,-1,858,856,859,-1,859,856,857,-1,853,858,855,-1,855,858,859,-1,856,858,852,-1,852,858,853,-1,859,857,855,-1,855,857,854,-1,860,861,862,-1,862,861,863,-1,864,860,865,-1,865,860,862,-1,866,864,867,-1,867,864,865,-1,861,866,863,-1,863,866,867,-1,864,866,860,-1,860,866,861,-1,867,865,863,-1,863,865,862,-1,868,869,870,-1,871,872,869,-1,869,872,873,-1,869,873,870,-1,870,874,868,-1,868,874,875,-1,868,875,876,-1,876,875,877,-1,878,879,880,-1,875,881,877,-1,877,881,878,-1,877,878,882,-1,882,878,880,-1,883,884,885,-1,885,886,883,-1,883,886,887,-1,883,887,888,-1,887,889,888,-1,888,889,890,-1,888,890,891,-1,891,890,892,-1,893,894,895,-1,890,896,892,-1,892,896,893,-1,892,893,897,-1,897,893,895,-1,885,884,898,-1,885,898,899,-1,899,898,900,-1,899,900,901,-1,901,900,902,-1,901,902,903,-1,903,902,904,-1,903,904,905,-1,905,904,906,-1,905,906,907,-1,907,906,908,-1,907,908,909,-1,909,908,910,-1,909,910,911,-1,912,911,913,-1,913,911,910,-1,914,912,915,-1,915,912,913,-1,916,914,917,-1,917,914,915,-1,916,917,918,-1,918,917,919,-1,918,919,920,-1,920,919,921,-1,920,921,922,-1,922,921,923,-1,922,923,924,-1,924,923,925,-1,924,925,926,-1,926,925,927,-1,926,927,871,-1,871,927,872,-1,869,886,871,-1,871,886,885,-1,871,885,926,-1,926,885,899,-1,926,899,924,-1,924,899,901,-1,924,901,922,-1,901,903,922,-1,922,903,905,-1,922,905,920,-1,920,905,907,-1,920,907,918,-1,918,907,909,-1,918,909,916,-1,916,909,911,-1,916,911,914,-1,914,911,912,-1,883,873,884,-1,884,873,872,-1,884,872,898,-1,898,872,927,-1,898,927,900,-1,900,927,925,-1,900,925,902,-1,902,925,923,-1,902,923,904,-1,904,923,921,-1,915,913,917,-1,917,913,910,-1,917,910,919,-1,919,910,908,-1,919,908,921,-1,921,908,906,-1,921,906,904,-1,873,883,888,-1,873,888,870,-1,870,888,891,-1,870,891,874,-1,874,891,892,-1,874,892,875,-1,875,892,897,-1,875,897,881,-1,881,897,895,-1,881,895,878,-1,878,895,894,-1,878,894,879,-1,886,869,868,-1,886,868,887,-1,887,868,876,-1,887,876,889,-1,889,876,877,-1,889,877,890,-1,890,877,882,-1,890,882,896,-1,896,882,880,-1,896,880,893,-1,893,880,879,-1,893,879,894,-1,928,929,930,-1,930,929,931,-1,930,931,932,-1,932,933,930,-1,930,933,934,-1,930,934,935,-1,936,937,938,-1,938,937,939,-1,938,939,940,-1,940,939,941,-1,940,941,934,-1,934,941,942,-1,934,942,935,-1,943,944,945,-1,945,944,946,-1,945,946,947,-1,947,948,945,-1,945,948,949,-1,945,949,950,-1,951,952,953,-1,953,952,954,-1,953,954,955,-1,955,954,956,-1,955,956,949,-1,949,956,957,-1,949,957,950,-1,944,943,958,-1,944,958,959,-1,959,958,960,-1,959,960,961,-1,961,960,962,-1,961,962,963,-1,963,962,964,-1,963,964,965,-1,965,964,966,-1,965,966,967,-1,967,966,968,-1,967,968,969,-1,969,968,970,-1,969,970,971,-1,972,971,973,-1,973,971,970,-1,974,972,975,-1,975,972,973,-1,976,974,977,-1,977,974,975,-1,976,977,978,-1,978,977,979,-1,978,979,980,-1,980,979,981,-1,980,981,982,-1,982,981,983,-1,982,983,984,-1,984,983,985,-1,984,985,986,-1,986,985,987,-1,986,987,928,-1,928,987,929,-1,930,946,928,-1,928,946,944,-1,928,944,986,-1,986,944,959,-1,986,959,984,-1,984,959,961,-1,984,961,982,-1,961,963,982,-1,982,963,965,-1,982,965,980,-1,980,965,967,-1,980,967,978,-1,978,967,969,-1,978,969,976,-1,976,969,971,-1,976,971,974,-1,974,971,972,-1,945,931,943,-1,943,931,929,-1,943,929,958,-1,958,929,987,-1,958,987,960,-1,960,987,985,-1,960,985,962,-1,962,985,983,-1,962,983,964,-1,964,983,981,-1,975,973,977,-1,977,973,970,-1,977,970,979,-1,979,970,968,-1,979,968,981,-1,981,968,966,-1,981,966,964,-1,931,945,950,-1,931,950,932,-1,932,950,957,-1,932,957,933,-1,933,957,956,-1,933,956,934,-1,934,956,954,-1,934,954,940,-1,940,954,952,-1,940,952,938,-1,938,952,951,-1,938,951,936,-1,946,930,935,-1,946,935,947,-1,947,935,942,-1,947,942,948,-1,948,942,941,-1,948,941,949,-1,949,941,939,-1,949,939,955,-1,955,939,937,-1,955,937,953,-1,953,937,936,-1,953,936,951,-1,988,989,990,-1,991,992,989,-1,989,992,993,-1,989,993,990,-1,990,994,988,-1,988,994,995,-1,988,995,996,-1,996,995,997,-1,998,999,1000,-1,995,1001,997,-1,997,1001,998,-1,997,998,1002,-1,1002,998,1000,-1,1003,1004,1005,-1,1005,1006,1003,-1,1003,1006,1007,-1,1003,1007,1008,-1,1007,1009,1008,-1,1008,1009,1010,-1,1008,1010,1011,-1,1011,1010,1012,-1,1013,1014,1015,-1,1010,1016,1012,-1,1012,1016,1013,-1,1012,1013,1017,-1,1017,1013,1015,-1,1005,1004,1018,-1,1018,1004,1019,-1,1018,1019,1020,-1,1020,1019,1021,-1,1020,1021,1022,-1,1022,1021,1023,-1,1022,1023,1024,-1,1024,1023,1025,-1,1024,1025,1026,-1,1026,1025,1027,-1,1026,1027,1028,-1,1028,1027,1029,-1,1030,1028,1031,-1,1031,1028,1029,-1,1032,1030,1033,-1,1033,1030,1031,-1,1034,1032,1035,-1,1035,1032,1033,-1,1034,1035,1036,-1,1034,1036,1037,-1,1037,1036,1038,-1,1037,1038,1039,-1,1039,1038,1040,-1,1039,1040,1041,-1,1041,1040,1042,-1,1041,1042,1043,-1,1043,1042,1044,-1,1043,1044,1045,-1,1045,1044,1046,-1,1045,1046,1047,-1,1047,1046,992,-1,1047,992,991,-1,989,1006,991,-1,991,1006,1005,-1,991,1005,1047,-1,1047,1005,1018,-1,1047,1018,1045,-1,1045,1018,1020,-1,1045,1020,1043,-1,1043,1020,1022,-1,1043,1022,1041,-1,1041,1022,1024,-1,1030,1032,1028,-1,1028,1032,1034,-1,1028,1034,1026,-1,1026,1034,1037,-1,1026,1037,1024,-1,1024,1037,1039,-1,1024,1039,1041,-1,1003,993,1004,-1,1004,993,992,-1,1004,992,1019,-1,1019,992,1046,-1,1019,1046,1021,-1,1021,1046,1044,-1,1021,1044,1023,-1,1044,1042,1023,-1,1023,1042,1040,-1,1023,1040,1025,-1,1025,1040,1038,-1,1025,1038,1027,-1,1027,1038,1036,-1,1027,1036,1029,-1,1029,1036,1035,-1,1029,1035,1031,-1,1031,1035,1033,-1,993,1003,1008,-1,993,1008,990,-1,990,1008,1011,-1,990,1011,994,-1,994,1011,1012,-1,994,1012,995,-1,995,1012,1017,-1,995,1017,1001,-1,1001,1017,1015,-1,1001,1015,998,-1,998,1015,1014,-1,998,1014,999,-1,1006,989,988,-1,1006,988,1007,-1,1007,988,996,-1,1007,996,1009,-1,1009,996,997,-1,1009,997,1010,-1,1010,997,1002,-1,1010,1002,1016,-1,1016,1002,1000,-1,1016,1000,1013,-1,1013,1000,999,-1,1013,999,1014,-1,1048,1049,1050,-1,1051,1052,1049,-1,1049,1052,1053,-1,1053,1054,1049,-1,1049,1054,1055,-1,1049,1055,1050,-1,1056,1057,1058,-1,1058,1057,1059,-1,1058,1059,1060,-1,1060,1059,1061,-1,1060,1061,1050,-1,1050,1061,1062,-1,1050,1062,1048,-1,1063,1064,1065,-1,1066,1067,1064,-1,1064,1067,1068,-1,1068,1069,1064,-1,1064,1069,1070,-1,1064,1070,1065,-1,1071,1072,1073,-1,1073,1072,1074,-1,1073,1074,1075,-1,1075,1074,1076,-1,1075,1076,1065,-1,1065,1076,1077,-1,1065,1077,1063,-1,1067,1066,1078,-1,1078,1066,1079,-1,1078,1079,1080,-1,1080,1079,1081,-1,1080,1081,1082,-1,1082,1081,1083,-1,1082,1083,1084,-1,1084,1083,1085,-1,1084,1085,1086,-1,1086,1085,1087,-1,1086,1087,1088,-1,1088,1087,1089,-1,1090,1088,1091,-1,1091,1088,1089,-1,1092,1090,1093,-1,1093,1090,1091,-1,1094,1092,1095,-1,1095,1092,1093,-1,1094,1095,1096,-1,1094,1096,1097,-1,1097,1096,1098,-1,1097,1098,1099,-1,1099,1098,1100,-1,1099,1100,1101,-1,1101,1100,1102,-1,1101,1102,1103,-1,1103,1102,1104,-1,1103,1104,1105,-1,1105,1104,1106,-1,1105,1106,1107,-1,1107,1106,1052,-1,1107,1052,1051,-1,1049,1068,1051,-1,1051,1068,1067,-1,1051,1067,1107,-1,1107,1067,1078,-1,1107,1078,1105,-1,1105,1078,1080,-1,1105,1080,1103,-1,1103,1080,1082,-1,1103,1082,1101,-1,1101,1082,1084,-1,1090,1092,1088,-1,1088,1092,1094,-1,1088,1094,1086,-1,1086,1094,1097,-1,1086,1097,1084,-1,1084,1097,1099,-1,1084,1099,1101,-1,1064,1053,1066,-1,1066,1053,1052,-1,1066,1052,1079,-1,1079,1052,1106,-1,1079,1106,1081,-1,1081,1106,1104,-1,1081,1104,1083,-1,1104,1102,1083,-1,1083,1102,1100,-1,1083,1100,1085,-1,1085,1100,1098,-1,1085,1098,1087,-1,1087,1098,1096,-1,1087,1096,1089,-1,1089,1096,1095,-1,1089,1095,1091,-1,1091,1095,1093,-1,1053,1064,1063,-1,1053,1063,1054,-1,1054,1063,1077,-1,1054,1077,1055,-1,1055,1077,1076,-1,1055,1076,1050,-1,1050,1076,1074,-1,1050,1074,1060,-1,1060,1074,1072,-1,1060,1072,1058,-1,1058,1072,1071,-1,1058,1071,1056,-1,1068,1049,1048,-1,1068,1048,1069,-1,1069,1048,1062,-1,1069,1062,1070,-1,1070,1062,1061,-1,1070,1061,1065,-1,1065,1061,1059,-1,1065,1059,1075,-1,1075,1059,1057,-1,1075,1057,1073,-1,1073,1057,1056,-1,1073,1056,1071,-1,
        ]
    }
}
Shape{
    appearance Appearance {
        material  Material 	{
            diffuseColor 0.2 0.2 0.2
            specularColor 0.25098039215686274 0.25098039215686274 0.25098039215686274
            ambientIntensity 0.251
            transparency 0.0
            shininess 0.5
        }
    }
    geometry IndexedFaceSet {
        ccw TRUE
        solid FALSE
        coord DEF co Coordinate {
            point [
                4.1122 0.3734 1.7404, 4.1122 0.3987 1.7404, 4.1122 0.3987 1.7632, 4.1122 -0.7874 0.4331, 4.1122 -0.611 0.4331, 4.1122 -0.611 1.628, 4.1122 0.4616 1.7874, 4.1122 0.4534 1.8093, 4.1122 0.424 1.8093, 4.1122 -0.0264 1.8764, 4.1122 -0.0141 1.8681, 4.1122 0.1188 1.8681, 4.1122 -0.001 1.8593, 4.1122 0.0177 1.8376, 4.1122 0.0815 1.7632, 4.1122 0.1188 1.7632, 4.1122 0.0764 1.7758, 4.1122 0.0648 1.792, 4.1122 0.0493 1.8051, 4.1122 0.0297 1.8143, 4.1122 0.0324 1.8134, 4.1122 -0.1329 1.8753, 4.1122 -0.1066 1.8854, 4.1122 -0.611 2.6964, 4.1122 0.1188 2.6964, 4.1122 -0.0785 1.8889, 4.1122 -0.055 1.8865, 4.1122 -0.1445 1.8681, 4.1122 -0.611 1.8681, 4.1122 -0.1468 1.8667, 4.1122 -0.2641 1.7979, 4.1122 -0.2504 1.8155, 4.1122 -0.2074 1.84, 4.1122 -0.1849 1.8428, 4.1122 -0.1602 1.8553, 4.1122 -0.1784 1.8425, 4.1122 -0.1718 1.8417, 4.1122 -0.2466 1.8191, 4.1122 -0.2285 1.8318, 4.1122 -0.2355 1.6734, 4.1122 -0.2532 1.6885, 4.1122 -0.611 1.6597, 4.1122 -0.215 1.6634, 4.1122 -0.2662 1.707, 4.1122 -0.2744 1.7282, 4.1122 -0.611 1.7632, 4.1122 -0.2771 1.7506, 4.1122 -0.277 1.756, 4.1122 -0.2757 1.7632, 4.1122 -0.2732 1.7774, 4.1122 -0.2077 1.6612, 4.1122 -0.207 1.6597, 4.1122 -0.2028 1.6503, 4.1122 -0.1946 1.6397, 4.1122 -0.1838 1.631, 4.1122 -0.1708 1.6251, 4.1122 -0.1771 1.628, 4.1122 0.1188 0.4331, 4.1122 -0.1536 1.6225, 4.1122 -0.1574 1.6226, 4.1122 0.1188 1.628, 4.1122 0.1188 1.6597, 4.1122 -0.1004 1.6597, 4.1122 -0.1006 1.6588, 4.1122 -0.1075 1.6462, 4.1122 -0.1172 1.6358, 4.1122 -0.1287 1.6283, 4.1122 -0.1296 1.628, 4.1122 -0.1416 1.6238, 4.1122 -0.0276 1.6933, 4.1122 -0.0237 1.6948, 4.1122 -0.017 1.7272, 4.1122 -0.1109 1.7176, 4.1122 -0.0346 1.7574, 4.1122 -0.1197 1.7258, 4.1122 -0.1315 1.7325, 4.1122 -0.0311 1.6908, 4.1122 0.065 1.6857, 4.1122 0.0496 1.6726, 4.1122 0.0506 1.7433, 4.1122 0.0481 1.7543, 4.1122 0.0435 1.7632, 4.1122 -0.24 1.7632, 4.1122 0.0763 1.7015, 4.1122 -0.0193 1.6954, 4.1122 -0.0187 1.6953, 4.1122 -0.017 1.6949, 4.1122 0.0834 1.7585, 4.1122 0.0861 1.7398, 4.1122 0.0835 1.7195, 4.1122 -0.2404 1.7418, 4.1122 -0.1998 1.713, 4.1122 -0.2413 1.7517, 4.1122 -0.1901 1.7235, 4.1122 -0.1782 1.7312, 4.1122 -0.0369 1.6777, 4.1122 -0.0368 1.68, 4.1122 -0.0967 1.6851, 4.1122 -0.0356 1.6843, 4.1122 -0.0334 1.6882, 4.1122 -0.236 1.7279, 4.1122 -0.2284 1.7158, 4.1122 -0.2063 1.7013, 4.1122 -0.2179 1.7057, 4.1122 -0.2071 1.6993, 4.1122 -0.0236 1.6606, 4.1122 -0.0274 1.6621, 4.1122 -0.0311 1.6647, 4.1122 -0.0324 1.666, 4.1122 -0.0349 1.6696, 4.1122 -0.0364 1.6735, 4.1122 -0.0971 1.6728, 4.1122 -0.0967 1.6794, 4.1122 -0.1655 1.7356, 4.1122 -0.1536 1.7369, 4.1122 -0.1451 1.7363, 4.1122 0.0395 1.7094, 4.1122 0.0457 1.7183, 4.1122 0.0495 1.7285, 4.1122 0.0508 1.7392, 4.1122 0.0322 1.6641, 4.1122 0.0132 1.6601, 4.1122 -0.0204 1.6601, 4.1122 -0.0158 1.6948, 4.1122 0.0098 1.6948, 4.1122 0.0188 1.6964, 4.1122 0.029 1.7008, 4.1122 0.0376 1.7074, 4.1122 -0.0106 1.818, 4.1122 -0.0235 1.8333, 4.1122 -0.1542 1.8001, 4.1122 -0.0247 1.8344, 4.1122 -0.0407 1.8455, 4.1122 -0.1454 1.8182, 4.1122 -0.16 1.8032, 4.1122 -0.1728 1.8074, 4.1122 0.0169 1.7823, 4.1122 0.0064 1.7836, 4.1122 0.0018 1.7836, 4.1122 -0.0018 1.7997, 4.1122 -0.1843 1.8087, 4.1122 -0.191 1.8083, 4.1122 -0.24 1.7638, 4.1122 -0.2355 1.7766, 4.1122 0.043 1.7642, 4.1122 0.0357 1.7725, 4.1122 0.0269 1.7786, 4.1122 -0.1327 1.8334, 4.1122 -0.0585 1.8524, 4.1122 -0.1175 1.8445, 4.1122 -0.0779 1.8548, 4.1122 -0.0989 1.852, 4.1122 -0.205 1.8048, 4.1122 -0.2176 1.7978, 4.1122 -0.228 1.7881, 4.1122 0.473 1.7874, 4.1122 0.424 1.7632, 4.1122 0.4425 1.8674, 4.1122 0.9449 1.7632, 4.1122 0.9449 1.8681, 4.1122 0.424 1.8681, 4.1122 0.4314 1.8674, 4.1122 0.424 1.848, 4.1122 0.4124 1.7874, 4.1122 0.4009 1.7874, 4.1122 0.42 1.8093, 4.1122 0.3162 1.7965, 4.1122 0.3162 1.7874, 4.1122 0.3237 1.7632, 4.1122 0.3144 1.8582, 4.1122 0.3237 1.8681, 4.1122 0.3144 1.8674, 4.1122 0.3051 1.8681, 4.1122 0.3051 1.8674, 4.1122 0.2834 1.8234, 4.1122 0.2834 1.7965, 4.1122 0.3051 1.8234, 4.1122 0.3051 1.7965, 4.1122 0.3121 1.8234, 4.1122 0.3121 1.8326, 4.1122 0.2834 1.8582, 4.1122 0.2834 1.8326, 4.1122 0.3051 1.8582, 4.1122 0.3051 1.8326, 4.1122 0.3051 1.7632, 4.1122 0.3051 1.7874, 4.1122 0.2685 1.7632, 4.1122 0.2731 1.8674, 4.1122 0.2685 1.8681, 4.1122 0.2731 1.7874, 4.1122 0.2571 1.8655, 4.1122 0.2492 1.8679, 4.1122 0.2463 1.8681, 4.1122 0.2571 1.8547, 4.1122 0.2364 1.7952, 4.1122 0.2398 1.7953, 4.1122 0.2571 1.7907, 4.1122 0.2571 1.8006, 4.1122 0.2489 1.797, 4.1122 0.2159 1.85, 4.1122 0.212 1.8445, 4.1122 0.2093 1.8376, 4.1122 0.221 1.7882, 4.1122 0.2135 1.7918, 4.1122 0.2007 1.7632, 4.1122 0.2074 1.7969, 4.1122 0.2062 1.7983, 4.1122 0.208 1.8265, 4.1122 0.208 1.8258, 4.1122 0.2092 1.8159, 4.1122 0.2178 1.8018, 4.1122 0.2231 1.7981, 4.1122 0.229 1.7961, 4.1122 0.2477 1.8584, 4.1122 0.2382 1.8595, 4.1122 0.2164 1.8506, 4.1122 0.2347 1.8593, 4.1122 0.2278 1.8579, 4.1122 0.2215 1.8549, 4.1122 0.2118 1.8094, 4.1122 0.2158 1.8037, 4.1122 0.248 1.7874, 4.1122 0.2349 1.786, 4.1122 0.2296 1.7863, 4.1122 0.2558 1.8554, 4.1122 0.2388 1.8688, 4.1122 0.2685 2.6964, 4.1122 0.2381 1.8688, 4.1122 0.2007 2.6964, 4.1122 0.2324 1.8681, 4.1122 0.2007 1.8681, 4.1122 0.2184 1.8643, 4.1122 0.2268 1.8675, 4.1122 0.2031 1.8498, 4.1122 0.2087 1.857, 4.1122 0.2106 1.8588, 4.1122 0.2016 1.8052, 4.1122 0.2007 1.8076, 4.1122 0.1959 1.7632, 4.1122 0.1959 1.8681, 4.1122 0.1992 1.841, 4.1122 0.2007 1.8444, 4.1122 0.1985 1.8138, 4.1122 0.1971 1.8259, 4.1122 0.1973 1.8307, 4.1122 0.7874 0.2362, 4.1122 0.9449 0.2362, 4.1122 0.7874 0.4331, 4.1122 0.9449 1.628, 4.1122 0.424 0.4331, 4.1122 0.424 1.628, 4.1122 0.3987 0.4331, 4.1122 0.3987 1.628, 4.1122 0.368 0.4331, 4.1122 0.368 1.628, 4.1122 0.3237 0.4331, 4.1122 0.3237 1.628, 4.1122 0.3051 0.4331, 4.1122 0.3051 1.628, 4.1122 0.2685 0.4331, 4.1122 0.2685 1.628, 4.1122 0.2007 1.628, 4.1122 0.2007 0.4331, 4.1122 0.1959 0.4331, 4.1122 0.1959 1.628, 4.1122 -0.9449 1.628, 4.1122 -0.9449 0.2362, 4.1122 -0.7874 0.2362, 4.1122 0.3987 1.8681, 4.1122 0.368 1.8681, 4.1122 0.368 1.8655, 4.1122 0.3962 1.8227, 4.1122 0.3941 1.8135, 4.1122 0.3758 1.8627, 4.1122 0.3844 1.8568, 4.1122 0.3872 1.8541, 4.1122 0.3922 1.8471, 4.1122 0.3952 1.8394, 4.1122 0.3965 1.8284, 4.1122 0.3901 1.8052, 4.1122 0.3844 1.7986, 4.1122 0.3829 1.7972, 4.1122 0.375 1.7921, 4.1122 0.368 1.7895, 4.1122 0.368 1.7632, 4.1122 0.3657 1.7887, 4.1122 0.3533 1.7874, 4.1122 0.3313 1.7874, 4.1122 0.3313 1.8674, 4.1122 0.3541 1.8674, 4.1122 0.3661 1.8662, 4.1122 0.2064 1.6848, 4.1122 0.2084 1.6877, 4.1122 0.2099 1.7038, 4.1122 0.2317 1.661, 4.1122 0.2279 1.6597, 4.1122 0.2402 1.6603, 4.1122 0.2352 1.6634, 4.1122 0.2126 1.6611, 4.1122 0.2007 1.6597, 4.1122 0.2164 1.6597, 4.1122 0.2166 1.6597, 4.1122 0.206 1.6677, 4.1122 0.2048 1.6711, 4.1122 0.2043 1.6757, 4.1122 0.2399 1.717, 4.1122 0.2655 1.7089, 4.1122 0.2674 1.7116, 4.1122 0.2115 1.6903, 4.1122 0.2158 1.6925, 4.1122 0.2163 1.7079, 4.1122 0.2233 1.6943, 4.1122 0.232 1.7103, 4.1122 0.2286 1.7107, 4.1122 0.2226 1.7101, 4.1122 0.2092 1.6635, 4.1122 0.2081 1.6646, 4.1122 0.2402 1.6692, 4.1122 0.24 1.6692, 4.1122 0.2384 1.6668, 4.1122 0.2043 1.677, 4.1122 0.205 1.6813, 4.1122 0.2432 1.7151, 4.1122 0.2459 1.7125, 4.1122 0.2643 1.7057, 4.1122 0.2479 1.7093, 4.1122 0.2495 1.7047, 4.1122 0.2357 1.7183, 4.1122 0.2296 1.7188, 4.1122 0.2201 1.7178, 4.1122 0.2099 1.7135, 4.1122 0.2125 1.715, 4.1122 0.2684 1.6913, 4.1122 0.2638 1.6727, 4.1122 0.2685 1.6913, 4.1122 0.2678 1.6703, 4.1122 0.2685 1.67, 4.1122 0.2667 1.6931, 4.1122 0.2654 1.6951, 4.1122 0.2502 1.6971, 4.1122 0.2643 1.6982, 4.1122 0.2639 1.7021, 4.1122 0.2402 1.6967, 4.1122 0.2399 1.7011, 4.1122 0.2388 1.7047, 4.1122 0.2377 1.7068, 4.1122 0.2361 1.7084, 4.1122 0.2344 1.7095, 4.1122 0.2224 1.659, 4.1122 0.2276 1.6596, 4.1122 0.2638 1.6624, 4.1122 0.2502 1.6603, 4.1122 0.2685 1.6607, 4.1122 0.2685 1.6597, 4.1122 0.271 1.6598, 4.1122 0.2727 1.6597, 4.1122 0.2857 1.6597, 4.1122 0.2794 1.659, 4.1122 0.3051 1.6597, 4.1122 0.2876 1.6599, 4.1122 0.2997 1.7163, 4.1122 0.2997 1.7066, 4.1122 0.2703 1.7143, 4.1122 0.2733 1.7161, 4.1122 0.302 1.6719, 4.1122 0.3008 1.6687, 4.1122 0.2989 1.666, 4.1122 0.2685 1.7126, 4.1122 0.2788 1.718, 4.1122 0.2862 1.7188, 4.1122 0.2917 1.7185, 4.1122 0.2991 1.6854, 4.1122 0.301 1.6826, 4.1122 0.302 1.6796, 4.1122 0.3025 1.6759, 4.1122 0.296 1.6635, 4.1122 0.2931 1.6618, 4.1122 0.2852 1.7107, 4.1122 0.2822 1.7105, 4.1122 0.2742 1.703, 4.1122 0.2795 1.7098, 4.1122 0.2773 1.7086, 4.1122 0.2743 1.7017, 4.1122 0.2747 1.7001, 4.1122 0.2755 1.6988, 4.1122 0.2764 1.6977, 4.1122 0.28 1.6955, 4.1122 0.2918 1.7099, 4.1122 0.2862 1.6928, 4.1122 0.2974 1.7079, 4.1122 0.2901 1.6912, 4.1122 0.2967 1.6875, 4.1122 0.2758 1.7072, 4.1122 0.2749 1.706, 4.1122 0.2744 1.7046, 4.1122 0.274 1.6679, 4.1122 0.2791 1.6855, 4.1122 0.2731 1.6882, 4.1122 0.2803 1.6672, 4.1122 0.2808 1.6672, 4.1122 0.2857 1.6827, 4.1122 0.2859 1.6678, 4.1122 0.2922 1.6749, 4.1122 0.2921 1.6762, 4.1122 0.2885 1.6687, 4.1122 0.2894 1.6693, 4.1122 0.2906 1.6703, 4.1122 0.2915 1.6716, 4.1122 0.292 1.673, 4.1122 0.2916 1.6777, 4.1122 0.2908 1.6791, 4.1122 0.2896 1.6804, 4.1122 0.3522 1.7175, 4.1122 0.3626 1.7175, 4.1122 0.368 1.6597, 4.1122 0.3338 1.6746, 4.1122 0.3351 1.6698, 4.1122 0.3353 1.6698, 4.1122 0.3237 1.7036, 4.1122 0.3366 1.6745, 4.1122 0.3358 1.6718, 4.1122 0.3237 1.6767, 4.1122 0.3077 1.7175, 4.1122 0.3189 1.7175, 4.1122 0.3298 1.6597, 4.1122 0.3301 1.6605, 4.1122 0.3237 1.6465, 4.1122 0.3238 1.6465, 4.1122 0.3237 1.6597, 4.1122 0.3257 1.6501, 4.1122 0.3097 1.6432, 4.1122 0.3097 1.6342, 4.1122 0.3118 1.6425, 4.1122 0.3154 1.642, 4.1122 0.3178 1.6423, 4.1122 0.3237 1.6352, 4.1122 0.3203 1.6339, 4.1122 0.3162 1.6334, 4.1122 0.314 1.6335, 4.1122 0.32 1.6431, 4.1122 0.3219 1.6444, 4.1122 0.3366 1.6517, 4.1122 0.3321 1.6429, 4.1122 0.3398 1.6597, 4.1122 0.3284 1.6385, 4.1122 0.3277 1.6378, 4.1122 0.3242 1.6354, 4.1122 0.4146 1.7404, 4.1122 0.4146 1.7312, 4.1122 0.4164 1.6695, 4.1122 0.424 1.6597, 4.1122 0.4164 1.6603, 4.1122 0.3987 1.6597, 4.1122 0.3837 1.6964, 4.1122 0.3837 1.6695, 4.1122 0.3987 1.6964, 4.1122 0.3987 1.6695, 4.1122 0.4124 1.6964, 4.1122 0.4124 1.7056, 4.1122 0.3987 1.7056, 4.1122 0.3987 1.7312, 4.1122 0.3837 1.7056, 4.1122 0.3837 1.7312, 4.1122 0.3987 1.6603, 4.1122 0.3734 1.6603, 4.1122 0.5012 1.6603, 4.1122 0.4965 1.6957, 4.1122 0.4944 1.6864, 4.1122 0.5317 1.7404, 4.1122 0.5428 1.7404, 4.1122 0.4544 1.7404, 4.1122 0.4664 1.7391, 4.1122 0.4904 1.6782, 4.1122 0.4847 1.6716, 4.1122 0.4832 1.6702, 4.1122 0.4968 1.7014, 4.1122 0.4954 1.7124, 4.1122 0.4847 1.7298, 4.1122 0.4875 1.727, 4.1122 0.4925 1.7201, 4.1122 0.4761 1.7357, 4.1122 0.4753 1.665, 4.1122 0.4659 1.6617, 4.1122 0.4536 1.6603, 4.1122 0.5537 1.6822, 4.1122 0.5203 1.6822, 4.1122 0.5618 1.6603, 4.1122 0.5126 1.6603, 4.1122 0.9449 1.6597, 4.1122 0.5733 1.6603, 4.1122 0.4316 1.6603, 4.1122 0.4316 1.7404, 4.1122 0.9449 2.6964, 4.1122 0.424 2.6964, 4.1122 0.3987 2.6964, 4.1122 0.368 2.6964, 4.1122 0.3237 2.6964, 4.1122 0.3051 2.6964, 4.1122 0.1959 1.6597, 4.1122 0.1947 1.6695, 4.1122 0.1947 1.6603, 4.1122 0.1516 1.6603, 4.1122 0.1929 1.7312, 4.1122 0.1516 1.7404, 4.1122 0.1929 1.7404, 4.1122 0.162 1.6964, 4.1122 0.162 1.6695, 4.1122 0.1906 1.6964, 4.1122 0.1906 1.7056, 4.1122 0.162 1.7056, 4.1122 0.162 1.7312, 4.1122 0.162 1.8674, 4.1122 0.162 1.7965, 4.1122 0.1939 1.7965, 4.1122 0.1516 1.7874, 4.1122 0.1516 1.8674, 4.1122 0.1939 1.7874, 4.1122 0.1959 2.6964, 4.1122 -0.9449 1.6597, 4.1122 -0.9449 1.7632, 4.1122 -0.9449 1.8681, 4.1122 -0.9449 2.6964, 4.1122 0.9449 3.5039, 4.1122 0.424 3.5039, 4.1122 0.3987 3.5039, 4.1122 0.368 3.5039, 4.1122 0.3237 3.5039, 4.1122 0.3051 3.5039, 4.1122 0.2685 3.5039, 4.1122 0.2007 3.5039, 4.1122 0.1959 3.5039, 4.1122 0.1188 3.5039, 4.1122 -0.611 3.5039, 4.1122 -0.9449 3.5039, -4.1161 0.9449 0.2362, -4.1161 0.7874 0.2362, -4.1152 0.9536 0.2362, -4.0768 0.9843 0.2362, -4.1122 0.962 0.2362, -4.1076 0.9694 0.2362, 4.0728 0.9843 0.2362, 4.1109 0.9551 0.2362, 4.0925 0.979 0.2362, 4.1007 0.9727 0.2362, 4.1069 0.9646 0.2362, -4.1013 0.9757 0.2362, -4.0939 0.9804 0.2362, -4.0855 0.9833 0.2362, 4.083 0.9829 0.2362, 4.0728 -0.9843 3.5039, -4.0768 -0.9843 3.5039, 4.0728 -0.9843 0.2362, -4.0768 -0.9843 0.2362, -4.1161 0.7874 0.4331, -4.1161 0.0 0.4331, -4.1161 -0.9449 3.5039, -4.1161 0.9449 3.5039, -4.1161 -0.7874 0.2362, -4.1161 -0.9449 0.2362, -4.1161 -0.7874 0.4331, -4.1161 -0.7028 0.4331, 4.0728 0.9843 3.5039, -4.0768 0.9843 3.5039, -4.1122 -0.962 0.2362, -4.1152 -0.9536 0.2362, -4.0855 -0.9833 0.2362, -4.0939 -0.9804 0.2362, -4.1076 -0.9694 0.2362, -4.1013 -0.9757 0.2362, 4.1109 -0.9551 0.2362, 4.1069 -0.9646 0.2362, 4.1007 -0.9727 0.2362, 4.0925 -0.979 0.2362, 4.083 -0.9829 0.2362, 3.8642 -0.9055 3.5827, 4.0335 -0.9055 3.5827, 4.0335 -0.8012 3.5827, 3.8642 -0.8012 3.5827, 2.998 -0.9055 3.5827, 2.998 -0.8012 3.5827, 1.998 -0.9055 3.5827, 1.998 -0.8012 3.5827, 0.998 -0.9055 3.5827, 0.998 -0.8012 3.5827, -0.002 -0.9055 3.5827, -0.002 -0.8012 3.5827, -1.002 -0.9055 3.5827, -1.002 -0.8012 3.5827, -2.002 -0.9055 3.5827, -2.002 -0.8012 3.5827, -3.002 -0.9055 3.5827, -3.002 -0.8012 3.5827, -3.3051 -0.6969 3.5827, -3.6988 -0.6969 3.5827, -3.3051 -0.3031 3.5827, -3.002 0.0 3.5827, -3.6988 -0.3031 3.5827, -4.0374 0.0 3.5827, -4.0374 -0.8012 3.5827, -4.0374 -0.9055 3.5827, -2.6988 -0.3031 3.5827, -2.6988 -0.6969 3.5827, -2.3051 -0.6969 3.5827, -2.3051 -0.3031 3.5827, -2.002 0.0 3.5827, -1.6988 -0.3031 3.5827, -1.6988 -0.6969 3.5827, -1.3051 -0.6969 3.5827, -1.3051 -0.3031 3.5827, -1.002 0.0 3.5827, -0.6988 -0.3031 3.5827, -0.6988 -0.6969 3.5827, -0.3051 -0.6969 3.5827, -0.3051 -0.3031 3.5827, -0.002 0.0 3.5827, 0.3012 -0.3031 3.5827, 0.3012 -0.6969 3.5827, 0.6949 -0.6969 3.5827, 0.6949 -0.3031 3.5827, 0.998 0.0 3.5827, 1.3012 -0.3031 3.5827, 1.3012 -0.6969 3.5827, 1.6949 -0.6969 3.5827, 1.6949 -0.3031 3.5827, 1.998 0.0 3.5827, 2.3012 -0.3031 3.5827, 2.3012 -0.6969 3.5827, 2.6949 -0.6969 3.5827, 2.6949 -0.3031 3.5827, 2.998 0.0 3.5827, 3.3012 -0.3031 3.5827, 3.3012 -0.6969 3.5827, 3.6949 -0.6969 3.5827, 3.6949 -0.3031 3.5827, 3.8642 0.0 3.5827, -3.3051 0.6969 3.5827, -3.002 0.9055 3.5827, -3.6988 0.6969 3.5827, -4.0374 0.9055 3.5827, -3.6988 0.3031 3.5827, -3.3051 0.3031 3.5827, -2.3051 0.6969 3.5827, -2.002 0.9055 3.5827, -2.6988 0.6969 3.5827, -2.6988 0.3031 3.5827, -2.3051 0.3031 3.5827, -1.6988 0.6969 3.5827, -1.6988 0.3031 3.5827, -1.3051 0.3031 3.5827, -1.3051 0.6969 3.5827, -1.002 0.9055 3.5827, -0.6988 0.6969 3.5827, -0.6988 0.3031 3.5827, -0.3051 0.3031 3.5827, -0.3051 0.6969 3.5827, -0.002 0.9055 3.5827, 0.3012 0.6969 3.5827, 0.3012 0.3031 3.5827, 0.6949 0.3031 3.5827, 0.6949 0.6969 3.5827, 0.998 0.9055 3.5827, 1.3012 0.6969 3.5827, 1.3012 0.3031 3.5827, 1.6949 0.3031 3.5827, 1.6949 0.6969 3.5827, 1.998 0.9055 3.5827, 2.3012 0.6969 3.5827, 2.3012 0.3031 3.5827, 2.6949 0.3031 3.5827, 2.6949 0.6969 3.5827, 2.998 0.9055 3.5827, 3.3012 0.6969 3.5827, 3.3012 0.3031 3.5827, 3.6949 0.3031 3.5827, 3.6949 0.6969 3.5827, 3.8642 0.9055 3.5827, 4.0335 0.0 3.5827, 4.0335 0.9055 3.5827, -3.3839 0.3819 0.4331, -3.3839 0.3819 3.5039, -3.3839 0.6181 0.4331, -3.3839 0.6181 3.5039, -3.6201 0.3819 0.4331, -3.6201 0.3819 3.5039, -3.6201 0.6181 0.4331, -3.6201 0.6181 3.5039, -2.3839 0.3819 0.4331, -2.3839 0.3819 3.5039, -2.3839 0.6181 0.4331, -2.3839 0.6181 3.5039, -2.6201 0.3819 0.4331, -2.6201 0.3819 3.5039, -2.6201 0.6181 0.4331, -2.6201 0.6181 3.5039, -1.3839 0.6181 0.4331, -1.3839 0.6181 3.5039, -1.6201 0.6181 0.4331, -1.6201 0.6181 3.5039, -1.6201 0.3819 0.4331, -1.6201 0.3819 3.5039, -1.3839 0.3819 0.4331, -1.3839 0.3819 3.5039, -0.3839 0.6181 0.4331, -0.3839 0.6181 3.5039, -0.6201 0.6181 0.4331, -0.6201 0.6181 3.5039, -0.6201 0.3819 0.4331, -0.6201 0.3819 3.5039, -0.3839 0.3819 0.4331, -0.3839 0.3819 3.5039, 0.6161 0.6181 0.4331, 0.6161 0.6181 3.5039, 0.3799 0.6181 0.4331, 0.3799 0.6181 3.5039, 0.3799 0.3819 0.4331, 0.3799 0.3819 3.5039, 0.6161 0.3819 0.4331, 0.6161 0.3819 3.5039, 1.6161 0.6181 0.4331, 1.6161 0.6181 3.5039, 1.3799 0.6181 0.4331, 1.3799 0.6181 3.5039, 1.3799 0.3819 0.4331, 1.3799 0.3819 3.5039, 1.6161 0.3819 0.4331, 1.6161 0.3819 3.5039, 2.6161 0.6181 0.4331, 2.6161 0.6181 3.5039, 2.3799 0.6181 0.4331, 2.3799 0.6181 3.5039, 2.3799 0.3819 0.4331, 2.3799 0.3819 3.5039, 2.6161 0.3819 0.4331, 2.6161 0.3819 3.5039, 3.6161 0.6181 0.4331, 3.6161 0.6181 3.5039, 3.3799 0.6181 0.4331, 3.3799 0.6181 3.5039, 3.3799 0.3819 0.4331, 3.3799 0.3819 3.5039, 3.6161 0.3819 0.4331, 3.6161 0.3819 3.5039, -3.3839 -0.3819 0.4331, -3.3839 -0.3819 3.5039, -3.6201 -0.3819 0.4331, -3.6201 -0.3819 3.5039, -3.6201 -0.6181 0.4331, -3.6201 -0.6181 3.5039, -3.3839 -0.6181 0.4331, -3.3839 -0.6181 3.5039, -2.3839 -0.3819 0.4331, -2.3839 -0.3819 3.5039, -2.6201 -0.3819 0.4331, -2.6201 -0.3819 3.5039, -2.6201 -0.6181 0.4331, -2.6201 -0.6181 3.5039, -2.3839 -0.6181 0.4331, -2.3839 -0.6181 3.5039, -1.3839 -0.3819 0.4331, -1.3839 -0.3819 3.5039, -1.6201 -0.3819 0.4331, -1.6201 -0.3819 3.5039, -1.6201 -0.6181 0.4331, -1.6201 -0.6181 3.5039, -1.3839 -0.6181 0.4331, -1.3839 -0.6181 3.5039, -0.3839 -0.3819 0.4331, -0.3839 -0.3819 3.5039, -0.6201 -0.3819 0.4331, -0.6201 -0.3819 3.5039, -0.6201 -0.6181 0.4331, -0.6201 -0.6181 3.5039, -0.3839 -0.6181 0.4331, -0.3839 -0.6181 3.5039, 0.6161 -0.3819 0.4331, 0.6161 -0.3819 3.5039, 0.3799 -0.3819 0.4331, 0.3799 -0.3819 3.5039, 0.3799 -0.6181 0.4331, 0.3799 -0.6181 3.5039, 0.6161 -0.6181 0.4331, 0.6161 -0.6181 3.5039, 1.6161 -0.3819 0.4331, 1.6161 -0.3819 3.5039, 1.3799 -0.3819 0.4331, 1.3799 -0.3819 3.5039, 1.3799 -0.6181 0.4331, 1.3799 -0.6181 3.5039, 1.6161 -0.6181 0.4331, 1.6161 -0.6181 3.5039, 2.6161 -0.3819 0.4331, 2.6161 -0.3819 3.5039, 2.3799 -0.3819 0.4331, 2.3799 -0.3819 3.5039, 2.3799 -0.6181 0.4331, 2.3799 -0.6181 3.5039, 2.6161 -0.6181 0.4331, 2.6161 -0.6181 3.5039, 3.6161 -0.3819 0.4331, 3.6161 -0.3819 3.5039, 3.3799 -0.3819 0.4331, 3.3799 -0.3819 3.5039, 3.3799 -0.6181 0.4331, 3.3799 -0.6181 3.5039, 3.6161 -0.6181 0.4331, 3.6161 -0.6181 3.5039, -4.0855 0.9833 3.5049, -4.0898 0.982 3.5061, -4.0812 0.984 3.5042, -4.0939 0.9804 3.5078, -4.1013 0.9757 3.5125, -4.1046 0.9727 3.5155, 4.1007 0.9727 3.5155, 4.0968 0.9761 3.5121, 4.0925 0.979 3.5092, 4.0879 0.9813 3.5069, 4.078 0.9839 3.5043, 4.083 0.9829 3.5053, -4.1139 -0.9579 3.5061, -4.1122 -0.962 3.5078, -4.1076 -0.9694 3.5125, -4.1046 -0.9727 3.5155, -4.1159 -0.9493 3.5042, -4.1152 -0.9536 3.5049, -4.1076 0.9694 3.5125, -4.1122 0.962 3.5078, -4.1139 0.9579 3.5061, -4.1152 0.9536 3.5049, -4.1159 0.9493 3.5042, 4.1041 0.9688 3.5121, 4.1109 0.9551 3.5053, 4.1092 0.9599 3.5069, 4.1069 0.9646 3.5092, 4.1007 -0.9727 3.5155, 4.1041 -0.9688 3.5121, 4.1069 -0.9646 3.5092, 4.1092 -0.9599 3.5069, 4.1109 -0.9551 3.5053, 4.1119 -0.95 3.5043, 4.1119 0.95 3.5043, 4.0968 -0.9761 3.5121, 4.083 -0.9829 3.5053, 4.0879 -0.9813 3.5069, 4.0925 -0.979 3.5092, 4.078 -0.9839 3.5043, -4.1013 -0.9757 3.5125, -4.0939 -0.9804 3.5078, -4.0898 -0.982 3.5061, -4.0855 -0.9833 3.5049, -4.0812 -0.984 3.5042, -3.8681 -0.7874 0.4331, -0.002 -0.7874 0.4331, -0.002 -0.7028 0.4331, 0.998 -0.7874 0.4331, 0.998 -0.7028 0.4331, 1.998 -0.7874 0.4331, 1.998 -0.7028 0.4331, -3.002 -0.7874 0.4331, -3.002 -0.7028 0.4331, -2.002 -0.7874 0.4331, -2.002 -0.7028 0.4331, -1.002 -0.7874 0.4331, -1.002 -0.7028 0.4331, 2.998 -0.7028 0.4331, 2.998 0.0 0.4331, 4.1122 0.0 0.4331, 4.1122 -0.7028 0.4331, 2.998 -0.7874 0.4331, 1.998 0.0 0.4331, 0.998 0.0 0.4331, -0.002 0.0 0.4331, -1.002 0.0 0.4331, -2.002 0.0 0.4331, -3.002 0.0 0.4331, -3.8681 -0.7028 0.4331, -3.8681 0.0 0.4331, 2.998 0.7874 0.4331, 1.998 0.7874 0.4331, 0.998 0.7874 0.4331, -0.002 0.7874 0.4331, -1.002 0.7874 0.4331, -2.002 0.7874 0.4331, -3.002 0.7874 0.4331, -3.8681 0.7874 0.4331
            ]
        }
        coordIndex [
            0,1,2,-1,3,4,5,-1,6,7,8,-1,9,10,11,-1,11,10,12,-1,11,12,13,-1,14,15,16,-1,16,15,11,-1,16,11,17,-1,17,11,18,-1,13,19,11,-1,11,19,20,-1,11,20,18,-1,21,22,23,-1,23,22,24,-1,24,22,25,-1,24,25,26,-1,21,23,27,-1,27,23,28,-1,27,28,29,-1,28,30,31,-1,28,32,29,-1,29,32,33,-1,29,33,34,-1,34,33,35,-1,34,35,36,-1,31,37,28,-1,28,37,38,-1,28,38,32,-1,39,40,41,-1,39,41,42,-1,40,43,41,-1,41,43,44,-1,41,44,45,-1,45,44,46,-1,46,47,45,-1,45,47,48,-1,45,48,28,-1,28,48,49,-1,28,49,30,-1,50,42,51,-1,51,42,41,-1,51,41,52,-1,52,41,5,-1,52,5,53,-1,53,5,54,-1,4,55,5,-1,5,55,56,-1,5,56,54,-1,57,58,4,-1,4,58,59,-1,4,59,55,-1,60,61,62,-1,62,63,60,-1,60,63,64,-1,60,64,65,-1,65,66,60,-1,60,66,67,-1,60,67,57,-1,57,67,68,-1,57,68,58,-1,69,70,71,-1,72,73,74,-1,74,73,75,-1,69,71,76,-1,77,78,61,-1,79,80,73,-1,73,80,81,-1,73,81,82,-1,77,61,83,-1,70,84,71,-1,71,84,85,-1,71,85,86,-1,14,87,15,-1,15,87,88,-1,15,88,61,-1,61,88,89,-1,61,89,83,-1,90,91,92,-1,92,91,93,-1,92,93,82,-1,82,93,94,-1,95,96,97,-1,97,96,98,-1,97,98,71,-1,71,98,99,-1,71,99,76,-1,90,100,91,-1,91,100,101,-1,91,101,102,-1,102,101,103,-1,102,103,104,-1,105,106,62,-1,62,106,107,-1,62,107,108,-1,108,109,62,-1,62,109,110,-1,62,110,111,-1,111,110,95,-1,111,95,112,-1,112,95,97,-1,94,113,82,-1,82,113,114,-1,82,114,73,-1,73,114,115,-1,73,115,75,-1,116,117,71,-1,71,117,118,-1,71,118,73,-1,73,118,119,-1,73,119,79,-1,78,120,61,-1,61,120,121,-1,61,121,62,-1,62,121,122,-1,62,122,105,-1,86,123,71,-1,71,123,124,-1,71,124,125,-1,125,126,71,-1,71,126,127,-1,71,127,116,-1,128,129,130,-1,129,131,130,-1,130,131,132,-1,130,132,133,-1,81,130,82,-1,82,130,134,-1,82,134,135,-1,136,137,81,-1,81,137,138,-1,81,138,130,-1,130,138,139,-1,130,139,128,-1,135,140,82,-1,82,140,141,-1,82,141,142,-1,142,141,143,-1,144,145,81,-1,81,145,146,-1,81,146,136,-1,133,132,147,-1,147,132,148,-1,147,148,149,-1,149,148,150,-1,149,150,151,-1,152,153,141,-1,141,153,154,-1,141,154,143,-1,155,6,156,-1,157,155,158,-1,158,159,157,-1,157,159,160,-1,157,160,161,-1,161,160,162,-1,163,164,2,-1,6,8,156,-1,156,8,165,-1,156,165,163,-1,166,167,168,-1,169,170,171,-1,171,170,172,-1,171,172,173,-1,174,175,176,-1,176,175,177,-1,176,177,178,-1,178,177,166,-1,178,166,179,-1,180,181,182,-1,182,181,183,-1,182,183,169,-1,168,167,184,-1,184,167,185,-1,184,185,186,-1,173,172,187,-1,187,172,188,-1,187,188,189,-1,190,188,191,-1,191,188,192,-1,185,189,186,-1,186,189,188,-1,186,188,193,-1,193,188,190,-1,194,195,193,-1,196,186,197,-1,197,186,193,-1,197,193,198,-1,198,193,195,-1,199,200,193,-1,193,200,201,-1,202,203,204,-1,204,203,205,-1,204,205,206,-1,201,207,193,-1,193,207,208,-1,193,208,209,-1,210,211,193,-1,193,211,212,-1,193,212,194,-1,213,214,215,-1,214,216,215,-1,215,216,217,-1,215,217,218,-1,209,219,193,-1,193,219,220,-1,193,220,210,-1,196,221,186,-1,186,221,222,-1,186,222,204,-1,204,222,223,-1,204,223,202,-1,199,193,215,-1,215,193,224,-1,215,224,213,-1,225,226,227,-1,227,226,228,-1,227,228,229,-1,230,231,232,-1,233,234,230,-1,230,234,235,-1,230,235,231,-1,206,236,204,-1,204,236,237,-1,204,237,238,-1,239,240,230,-1,230,240,241,-1,230,241,233,-1,237,242,238,-1,238,242,243,-1,238,243,239,-1,239,243,244,-1,239,244,240,-1,245,246,247,-1,247,246,248,-1,247,248,249,-1,249,248,250,-1,249,250,251,-1,251,250,252,-1,251,252,253,-1,253,252,254,-1,253,254,255,-1,255,254,256,-1,255,256,257,-1,257,256,258,-1,257,258,259,-1,260,261,262,-1,262,261,263,-1,263,261,264,-1,263,264,57,-1,265,266,3,-1,3,266,267,-1,268,269,270,-1,271,272,2,-1,270,273,268,-1,268,273,274,-1,268,274,275,-1,275,276,268,-1,268,276,277,-1,268,277,278,-1,272,279,2,-1,2,279,280,-1,2,280,281,-1,162,160,164,-1,164,160,268,-1,164,268,2,-1,2,268,278,-1,2,278,271,-1,282,283,284,-1,284,283,285,-1,286,287,168,-1,168,287,170,-1,168,170,166,-1,166,170,169,-1,166,169,179,-1,179,169,183,-1,287,288,170,-1,170,288,289,-1,170,289,269,-1,269,289,290,-1,269,290,270,-1,291,292,293,-1,294,295,296,-1,294,296,297,-1,298,299,300,-1,300,299,301,-1,302,303,299,-1,299,303,304,-1,305,306,307,-1,292,308,293,-1,293,308,309,-1,293,309,310,-1,310,309,311,-1,312,313,311,-1,311,313,314,-1,311,314,310,-1,298,315,299,-1,299,315,316,-1,299,316,302,-1,317,318,296,-1,296,318,319,-1,296,319,297,-1,204,320,321,-1,305,322,306,-1,306,322,323,-1,306,323,324,-1,324,323,325,-1,324,325,326,-1,327,204,328,-1,328,204,329,-1,291,293,321,-1,321,293,330,-1,321,330,204,-1,204,330,331,-1,204,331,329,-1,332,333,334,-1,334,333,335,-1,334,335,336,-1,337,338,339,-1,339,338,340,-1,339,340,326,-1,326,340,341,-1,326,341,324,-1,342,343,311,-1,311,343,344,-1,311,344,345,-1,345,346,311,-1,311,346,347,-1,311,347,312,-1,348,261,349,-1,349,261,260,-1,349,260,295,-1,332,337,333,-1,333,337,339,-1,333,339,350,-1,350,339,351,-1,350,351,352,-1,352,351,353,-1,352,353,354,-1,354,353,355,-1,356,357,260,-1,357,355,260,-1,260,355,353,-1,260,353,295,-1,295,353,351,-1,295,351,296,-1,262,259,260,-1,260,259,258,-1,260,258,356,-1,356,258,358,-1,356,358,359,-1,360,361,358,-1,362,363,186,-1,364,365,358,-1,358,365,366,-1,327,305,204,-1,204,305,307,-1,204,307,186,-1,186,307,367,-1,186,367,362,-1,363,368,186,-1,186,368,369,-1,186,369,184,-1,184,369,370,-1,184,370,360,-1,371,372,361,-1,361,372,373,-1,361,373,358,-1,358,373,374,-1,358,374,364,-1,366,375,358,-1,358,375,376,-1,358,376,359,-1,377,378,379,-1,379,378,380,-1,379,380,381,-1,379,382,377,-1,377,382,383,-1,377,383,384,-1,384,385,377,-1,377,385,386,-1,377,386,387,-1,387,386,388,-1,387,388,389,-1,389,388,390,-1,389,390,361,-1,361,390,391,-1,361,391,371,-1,392,393,381,-1,381,393,394,-1,381,394,379,-1,395,396,336,-1,336,396,397,-1,336,397,334,-1,395,398,396,-1,396,398,399,-1,396,399,400,-1,400,399,401,-1,400,402,403,-1,401,404,400,-1,400,404,405,-1,400,405,406,-1,406,407,400,-1,400,407,408,-1,400,408,402,-1,403,409,400,-1,400,409,410,-1,400,410,411,-1,412,413,284,-1,284,413,414,-1,415,416,417,-1,285,286,284,-1,284,286,168,-1,284,168,412,-1,412,168,418,-1,412,418,419,-1,419,418,415,-1,419,415,420,-1,420,415,417,-1,421,422,358,-1,360,358,184,-1,184,358,422,-1,184,422,168,-1,168,422,423,-1,168,423,418,-1,424,425,421,-1,426,427,428,-1,428,427,429,-1,428,429,424,-1,424,421,428,-1,428,421,358,-1,428,358,430,-1,430,358,258,-1,430,258,431,-1,430,432,428,-1,428,432,433,-1,428,433,434,-1,435,436,256,-1,256,436,437,-1,256,437,258,-1,258,437,438,-1,258,438,431,-1,434,439,428,-1,428,439,440,-1,428,440,426,-1,441,442,254,-1,441,254,443,-1,442,444,254,-1,254,444,445,-1,254,445,256,-1,256,445,446,-1,256,446,435,-1,163,2,156,-1,156,2,1,-1,156,1,447,-1,447,448,156,-1,156,448,449,-1,156,449,450,-1,450,449,451,-1,450,451,452,-1,453,454,455,-1,455,454,456,-1,455,456,457,-1,457,456,449,-1,457,449,458,-1,458,449,448,-1,458,448,459,-1,459,448,460,-1,459,460,461,-1,461,460,462,-1,451,463,452,-1,452,463,464,-1,452,464,414,-1,414,464,0,-1,414,0,284,-1,284,0,2,-1,284,2,282,-1,282,2,281,-1,465,466,467,-1,156,468,469,-1,470,471,156,-1,467,472,465,-1,465,472,473,-1,465,473,474,-1,466,465,475,-1,475,465,468,-1,475,468,476,-1,477,478,468,-1,468,478,479,-1,468,479,476,-1,156,471,468,-1,468,471,480,-1,468,480,477,-1,474,481,465,-1,465,481,482,-1,465,482,483,-1,484,485,486,-1,486,485,487,-1,486,487,488,-1,155,156,158,-1,158,156,469,-1,158,469,488,-1,488,469,489,-1,488,489,486,-1,487,465,488,-1,488,465,483,-1,488,483,450,-1,450,483,490,-1,450,490,156,-1,156,490,491,-1,156,491,470,-1,248,488,250,-1,250,488,450,-1,250,450,252,-1,252,450,452,-1,252,452,254,-1,254,452,414,-1,254,414,443,-1,443,414,413,-1,159,492,160,-1,160,492,493,-1,160,493,268,-1,268,493,494,-1,268,494,269,-1,269,494,495,-1,269,495,170,-1,170,495,496,-1,170,496,172,-1,172,496,497,-1,172,497,188,-1,188,497,226,-1,188,226,192,-1,192,226,225,-1,348,301,261,-1,261,301,299,-1,261,299,264,-1,264,299,498,-1,499,500,498,-1,498,500,501,-1,304,320,299,-1,299,320,204,-1,299,204,498,-1,498,204,238,-1,498,238,499,-1,499,238,502,-1,57,264,60,-1,60,264,498,-1,60,498,61,-1,61,498,501,-1,61,501,15,-1,15,501,503,-1,15,503,238,-1,238,503,504,-1,238,504,502,-1,505,506,507,-1,507,506,499,-1,507,499,508,-1,508,499,502,-1,508,502,509,-1,509,502,510,-1,511,512,513,-1,514,515,11,-1,11,515,511,-1,11,511,239,-1,239,511,513,-1,239,513,238,-1,238,513,516,-1,238,516,15,-1,15,516,514,-1,15,514,11,-1,232,229,230,-1,230,229,228,-1,230,228,239,-1,239,228,517,-1,239,517,11,-1,11,517,24,-1,11,24,9,-1,9,24,26,-1,3,5,265,-1,265,5,41,-1,265,41,518,-1,518,41,45,-1,518,45,519,-1,519,45,28,-1,519,28,520,-1,520,28,23,-1,520,23,521,-1,492,522,493,-1,493,522,523,-1,493,523,494,-1,494,523,524,-1,494,524,495,-1,495,524,525,-1,495,525,496,-1,496,525,526,-1,496,526,497,-1,497,526,527,-1,497,527,226,-1,226,527,528,-1,226,528,228,-1,228,528,529,-1,228,529,517,-1,517,529,530,-1,517,530,24,-1,24,530,531,-1,24,531,23,-1,23,531,532,-1,23,532,521,-1,521,532,533,-1,246,245,534,-1,534,245,535,-1,534,536,537,-1,537,536,538,-1,537,538,539,-1,534,537,246,-1,246,537,540,-1,246,540,541,-1,542,543,544,-1,539,545,537,-1,537,545,546,-1,537,546,547,-1,541,540,544,-1,544,540,548,-1,544,548,542,-1,549,550,551,-1,551,550,552,-1,534,535,553,-1,554,555,553,-1,553,555,556,-1,553,556,534,-1,557,558,559,-1,559,558,555,-1,559,555,560,-1,560,555,554,-1,540,537,561,-1,561,537,562,-1,563,564,552,-1,552,564,558,-1,552,558,551,-1,552,565,563,-1,563,565,566,-1,563,566,567,-1,567,566,568,-1,557,267,558,-1,558,267,266,-1,558,266,551,-1,551,266,569,-1,551,569,570,-1,571,572,570,-1,570,572,573,-1,570,573,551,-1,574,575,576,-1,574,577,578,-1,578,577,579,-1,578,579,580,-1,580,579,581,-1,580,581,582,-1,582,581,583,-1,582,583,584,-1,584,583,585,-1,584,585,586,-1,586,585,587,-1,586,587,588,-1,588,587,589,-1,588,589,590,-1,590,589,591,-1,591,592,593,-1,592,591,594,-1,594,591,595,-1,594,595,596,-1,596,595,597,-1,596,597,593,-1,593,597,598,-1,593,598,591,-1,591,598,599,-1,591,599,590,-1,600,595,601,-1,601,595,591,-1,601,591,602,-1,602,591,589,-1,602,589,603,-1,603,589,604,-1,603,604,600,-1,600,604,595,-1,605,604,606,-1,606,604,589,-1,606,589,607,-1,607,589,587,-1,607,587,608,-1,608,587,609,-1,608,609,605,-1,605,609,604,-1,610,609,611,-1,611,609,587,-1,611,587,612,-1,612,587,585,-1,612,585,613,-1,613,585,614,-1,613,614,610,-1,610,614,609,-1,615,614,616,-1,616,614,585,-1,616,585,617,-1,617,585,583,-1,617,583,618,-1,618,583,619,-1,618,619,615,-1,615,619,614,-1,620,619,621,-1,621,619,583,-1,621,583,622,-1,622,583,581,-1,622,581,623,-1,623,581,624,-1,623,624,620,-1,620,624,619,-1,625,624,626,-1,626,624,581,-1,626,581,627,-1,627,581,579,-1,627,579,628,-1,628,579,629,-1,628,629,625,-1,625,629,624,-1,630,629,631,-1,631,629,579,-1,631,579,632,-1,632,579,577,-1,632,577,633,-1,633,577,634,-1,633,634,630,-1,630,634,629,-1,635,636,637,-1,637,636,638,-1,637,638,639,-1,639,638,597,-1,639,597,640,-1,640,597,595,-1,640,595,635,-1,635,595,636,-1,641,642,643,-1,643,642,636,-1,643,636,644,-1,644,636,595,-1,644,595,645,-1,645,595,604,-1,645,604,641,-1,641,604,642,-1,646,642,647,-1,647,642,604,-1,647,604,648,-1,648,604,609,-1,648,609,649,-1,649,609,650,-1,649,650,646,-1,646,650,642,-1,651,650,652,-1,652,650,609,-1,652,609,653,-1,653,609,614,-1,653,614,654,-1,654,614,655,-1,654,655,651,-1,651,655,650,-1,656,655,657,-1,657,655,614,-1,657,614,658,-1,658,614,619,-1,658,619,659,-1,659,619,660,-1,659,660,656,-1,656,660,655,-1,661,660,662,-1,662,660,619,-1,662,619,663,-1,663,619,624,-1,663,624,664,-1,664,624,665,-1,664,665,661,-1,661,665,660,-1,666,665,667,-1,667,665,624,-1,667,624,668,-1,668,624,629,-1,668,629,669,-1,669,629,670,-1,669,670,666,-1,666,670,665,-1,671,670,672,-1,672,670,629,-1,672,629,673,-1,673,629,634,-1,673,634,674,-1,674,634,675,-1,674,675,671,-1,671,675,670,-1,574,576,577,-1,577,576,676,-1,577,676,634,-1,634,676,677,-1,634,677,675,-1,678,679,680,-1,680,679,681,-1,682,683,678,-1,678,683,679,-1,684,685,682,-1,682,685,683,-1,680,681,684,-1,684,681,685,-1,686,687,688,-1,688,687,689,-1,690,691,686,-1,686,691,687,-1,692,693,690,-1,690,693,691,-1,688,689,692,-1,692,689,693,-1,694,695,696,-1,696,695,697,-1,696,697,698,-1,698,697,699,-1,698,699,700,-1,700,699,701,-1,700,701,694,-1,694,701,695,-1,702,703,704,-1,704,703,705,-1,704,705,706,-1,706,705,707,-1,706,707,708,-1,708,707,709,-1,708,709,702,-1,702,709,703,-1,710,711,712,-1,712,711,713,-1,712,713,714,-1,714,713,715,-1,714,715,716,-1,716,715,717,-1,716,717,710,-1,710,717,711,-1,718,719,720,-1,720,719,721,-1,720,721,722,-1,722,721,723,-1,722,723,724,-1,724,723,725,-1,724,725,718,-1,718,725,719,-1,726,727,728,-1,728,727,729,-1,728,729,730,-1,730,729,731,-1,730,731,732,-1,732,731,733,-1,732,733,726,-1,726,733,727,-1,734,735,736,-1,736,735,737,-1,736,737,738,-1,738,737,739,-1,738,739,740,-1,740,739,741,-1,740,741,734,-1,734,741,735,-1,742,743,744,-1,744,743,745,-1,744,745,746,-1,746,745,747,-1,746,747,748,-1,748,747,749,-1,748,749,742,-1,742,749,743,-1,750,751,752,-1,752,751,753,-1,752,753,754,-1,754,753,755,-1,754,755,756,-1,756,755,757,-1,756,757,750,-1,750,757,751,-1,758,759,760,-1,760,759,761,-1,760,761,762,-1,762,761,763,-1,762,763,764,-1,764,763,765,-1,764,765,758,-1,758,765,759,-1,766,767,768,-1,768,767,769,-1,768,769,770,-1,770,769,771,-1,770,771,772,-1,772,771,773,-1,772,773,766,-1,766,773,767,-1,774,775,776,-1,776,775,777,-1,776,777,778,-1,778,777,779,-1,778,779,780,-1,780,779,781,-1,780,781,774,-1,774,781,775,-1,782,783,784,-1,784,783,785,-1,784,785,786,-1,786,785,787,-1,786,787,788,-1,788,787,789,-1,788,789,782,-1,782,789,783,-1,790,791,792,-1,792,791,793,-1,792,793,794,-1,794,793,795,-1,794,795,796,-1,796,795,797,-1,796,797,790,-1,790,797,791,-1,798,799,800,-1,800,799,801,-1,800,801,802,-1,802,801,803,-1,802,803,804,-1,804,803,805,-1,804,805,798,-1,798,805,799,-1,632,805,631,-1,631,805,803,-1,633,799,632,-1,632,799,805,-1,801,630,803,-1,803,630,631,-1,630,801,633,-1,633,801,799,-1,627,797,626,-1,626,797,795,-1,628,791,627,-1,627,791,797,-1,793,625,795,-1,795,625,626,-1,625,793,628,-1,628,793,791,-1,622,789,621,-1,621,789,787,-1,623,783,622,-1,622,783,789,-1,785,620,787,-1,787,620,621,-1,620,785,623,-1,623,785,783,-1,617,781,616,-1,616,781,779,-1,618,775,617,-1,617,775,781,-1,777,615,779,-1,779,615,616,-1,615,777,618,-1,618,777,775,-1,612,773,611,-1,611,773,771,-1,613,767,612,-1,612,767,773,-1,769,610,771,-1,771,610,611,-1,610,769,613,-1,613,769,767,-1,607,765,606,-1,606,765,763,-1,608,759,607,-1,607,759,765,-1,761,605,763,-1,763,605,606,-1,605,761,608,-1,608,761,759,-1,602,757,601,-1,601,757,755,-1,603,751,602,-1,602,751,757,-1,753,600,755,-1,755,600,601,-1,600,753,603,-1,603,753,751,-1,592,749,593,-1,593,749,747,-1,594,743,592,-1,592,743,749,-1,745,596,747,-1,747,596,593,-1,596,745,594,-1,594,745,743,-1,673,741,672,-1,672,741,739,-1,674,735,673,-1,673,735,741,-1,737,671,739,-1,739,671,672,-1,671,737,674,-1,674,737,735,-1,668,733,667,-1,667,733,731,-1,669,727,668,-1,668,727,733,-1,729,666,731,-1,731,666,667,-1,666,729,669,-1,669,729,727,-1,663,725,662,-1,662,725,723,-1,664,719,663,-1,663,719,725,-1,721,661,723,-1,723,661,662,-1,661,721,664,-1,664,721,719,-1,658,717,657,-1,657,717,715,-1,659,711,658,-1,658,711,717,-1,713,656,715,-1,715,656,657,-1,656,713,659,-1,659,713,711,-1,653,709,652,-1,652,709,707,-1,654,703,653,-1,653,703,709,-1,705,651,707,-1,707,651,652,-1,651,705,654,-1,654,705,703,-1,648,701,647,-1,647,701,699,-1,649,695,648,-1,648,695,701,-1,697,646,699,-1,699,646,647,-1,646,697,649,-1,649,697,695,-1,806,807,638,-1,806,638,808,-1,807,809,638,-1,638,809,810,-1,638,810,811,-1,808,638,562,-1,562,638,636,-1,562,636,642,-1,642,650,562,-1,562,650,655,-1,562,655,561,-1,561,655,660,-1,561,660,665,-1,812,813,677,-1,677,813,814,-1,677,814,815,-1,665,670,561,-1,561,670,675,-1,561,675,816,-1,816,675,677,-1,816,677,817,-1,817,677,815,-1,818,819,599,-1,599,819,820,-1,599,820,821,-1,555,822,599,-1,599,822,823,-1,599,823,818,-1,638,811,824,-1,824,825,638,-1,638,825,826,-1,638,826,827,-1,599,598,555,-1,555,598,597,-1,555,597,556,-1,556,597,638,-1,556,638,828,-1,828,638,827,-1,829,812,677,-1,830,831,677,-1,677,831,832,-1,677,832,829,-1,575,833,576,-1,576,833,834,-1,834,835,576,-1,576,835,836,-1,576,836,837,-1,837,838,576,-1,576,838,533,-1,576,533,676,-1,676,533,522,-1,676,522,677,-1,677,522,839,-1,677,839,830,-1,840,833,575,-1,574,578,549,-1,549,578,580,-1,841,842,575,-1,575,842,843,-1,575,843,840,-1,574,549,575,-1,575,549,844,-1,575,844,841,-1,580,582,549,-1,549,582,584,-1,549,584,550,-1,550,584,586,-1,550,586,588,-1,599,821,845,-1,845,846,599,-1,599,846,847,-1,599,847,848,-1,848,849,599,-1,599,849,550,-1,599,550,590,-1,590,550,588,-1,635,681,640,-1,640,681,679,-1,637,685,635,-1,635,685,681,-1,683,639,679,-1,679,639,640,-1,639,683,637,-1,637,683,685,-1,641,689,645,-1,645,689,687,-1,643,693,641,-1,641,693,689,-1,691,644,687,-1,687,644,645,-1,644,691,643,-1,643,691,693,-1,850,559,560,-1,851,852,853,-1,853,852,854,-1,853,854,855,-1,855,854,856,-1,857,858,859,-1,859,858,860,-1,859,860,861,-1,861,860,862,-1,863,802,804,-1,802,863,800,-1,800,863,864,-1,800,864,798,-1,798,864,865,-1,798,865,804,-1,804,865,866,-1,804,866,863,-1,863,866,3,-1,863,3,867,-1,856,794,796,-1,794,856,792,-1,792,856,868,-1,792,868,790,-1,790,868,864,-1,790,864,796,-1,796,864,863,-1,796,863,856,-1,856,863,867,-1,856,867,855,-1,782,868,788,-1,788,868,856,-1,788,856,786,-1,786,856,854,-1,786,854,784,-1,784,854,869,-1,784,869,782,-1,782,869,868,-1,774,869,780,-1,780,869,854,-1,780,854,778,-1,778,854,852,-1,778,852,776,-1,776,852,870,-1,776,870,774,-1,774,870,869,-1,862,770,772,-1,770,862,768,-1,768,862,871,-1,768,871,766,-1,766,871,870,-1,766,870,772,-1,772,870,852,-1,772,852,862,-1,862,852,851,-1,862,851,861,-1,758,871,764,-1,764,871,862,-1,764,862,762,-1,762,862,860,-1,762,860,760,-1,760,860,872,-1,760,872,758,-1,758,872,871,-1,750,872,756,-1,756,872,860,-1,756,860,754,-1,754,860,858,-1,754,858,752,-1,752,858,873,-1,752,873,750,-1,750,873,872,-1,874,746,748,-1,746,874,744,-1,744,874,875,-1,744,875,742,-1,742,875,873,-1,742,873,748,-1,748,873,858,-1,748,858,874,-1,874,858,857,-1,874,857,850,-1,734,247,740,-1,740,247,865,-1,740,865,738,-1,738,865,864,-1,738,864,736,-1,736,864,876,-1,736,876,734,-1,734,876,247,-1,726,876,732,-1,732,876,864,-1,732,864,730,-1,730,864,868,-1,730,868,728,-1,728,868,877,-1,728,877,726,-1,726,877,876,-1,718,877,724,-1,724,877,868,-1,724,868,722,-1,722,868,869,-1,722,869,720,-1,720,869,878,-1,720,878,718,-1,718,878,877,-1,710,878,716,-1,716,878,869,-1,716,869,714,-1,714,869,870,-1,714,870,712,-1,712,870,879,-1,712,879,710,-1,710,879,878,-1,702,879,708,-1,708,879,870,-1,708,870,706,-1,706,870,871,-1,706,871,704,-1,704,871,880,-1,704,880,702,-1,702,880,879,-1,694,880,700,-1,700,880,871,-1,700,871,698,-1,698,871,872,-1,698,872,696,-1,696,872,881,-1,696,881,694,-1,694,881,880,-1,686,872,690,-1,690,872,873,-1,690,873,692,-1,692,873,882,-1,692,882,688,-1,688,882,881,-1,688,881,686,-1,686,881,872,-1,678,873,682,-1,682,873,875,-1,682,875,684,-1,684,875,883,-1,684,883,680,-1,680,883,882,-1,680,882,678,-1,678,882,873,-1,850,560,874,-1,874,560,554,-1,874,554,875,-1,875,554,553,-1,875,553,883,-1,247,876,245,-1,245,876,877,-1,877,878,245,-1,245,878,879,-1,245,879,535,-1,535,879,880,-1,535,880,881,-1,881,882,535,-1,535,882,883,-1,535,883,553,-1,559,850,557,-1,557,850,857,-1,557,857,859,-1,853,267,851,-1,851,267,557,-1,851,557,861,-1,861,557,859,-1,853,855,267,-1,267,855,867,-1,267,867,3,-1,541,544,832,-1,832,831,541,-1,541,831,830,-1,541,830,246,-1,246,830,839,-1,246,839,522,-1,543,542,814,-1,814,813,543,-1,543,813,812,-1,543,812,544,-1,544,812,829,-1,544,829,832,-1,548,540,561,-1,561,816,548,-1,548,816,817,-1,548,817,542,-1,542,817,815,-1,542,815,814,-1,573,572,843,-1,843,842,573,-1,573,842,841,-1,573,841,551,-1,551,841,844,-1,551,844,549,-1,571,570,835,-1,835,834,571,-1,571,834,833,-1,571,833,572,-1,572,833,840,-1,572,840,843,-1,569,266,533,-1,533,838,569,-1,569,838,837,-1,569,837,570,-1,570,837,836,-1,570,836,835,-1,819,818,564,-1,564,818,823,-1,564,823,558,-1,558,823,822,-1,558,822,555,-1,845,821,820,-1,564,563,819,-1,819,563,567,-1,819,567,820,-1,820,567,568,-1,820,568,845,-1,845,568,566,-1,845,566,846,-1,565,552,550,-1,550,849,565,-1,565,849,848,-1,565,848,566,-1,566,848,847,-1,566,847,846,-1,809,807,547,-1,547,807,806,-1,547,806,537,-1,537,806,808,-1,537,808,562,-1,824,811,810,-1,547,546,809,-1,809,546,545,-1,809,545,810,-1,810,545,539,-1,810,539,824,-1,824,539,538,-1,824,538,825,-1,536,534,556,-1,556,828,536,-1,536,828,827,-1,536,827,538,-1,538,827,826,-1,538,826,825,-1,
        ]
    }
}
Shape{
    appearance Appearance {
        material  Material 	{
            diffuseColor 0.7529411764705882 0.7529411764705882 0.7529411764705882
            specularColor 0.3764705882352941 0.3764705882352941 0.3764705882352941
            ambientIntensity 0.7529
            transparency 0.0
            shininess 0.5
        }
    }
    geometry IndexedFaceSet {
        ccw TRUE
        solid FALSE
        coord DEF co Coordinate {
            point [
                4.1161 0.1939 1.7965, 4.1161 0.1939 1.7874, 4.1122 0.1939 1.7965, 4.1122 0.1939 1.7874, 4.1161 0.162 1.7965, 4.1122 0.162 1.7965, 4.1161 0.162 1.8674, 4.1122 0.162 1.8674, 4.1161 0.1516 1.8674, 4.1122 0.1516 1.8674, 4.1161 0.1516 1.7874, 4.1122 0.1516 1.7874, 4.1161 0.2349 1.786, 4.1122 0.2349 1.786, 4.1122 0.248 1.7874, 4.1161 0.248 1.7874, 4.1122 0.2571 1.7907, 4.1161 0.2571 1.7907, 4.1161 0.2571 1.8006, 4.1122 0.2571 1.8006, 4.1122 0.2489 1.797, 4.1161 0.2489 1.797, 4.1122 0.2398 1.7953, 4.1161 0.2398 1.7953, 4.1122 0.2364 1.7952, 4.1161 0.2364 1.7952, 4.1122 0.229 1.7961, 4.1161 0.229 1.7961, 4.1122 0.2231 1.7981, 4.1161 0.2231 1.7981, 4.1122 0.2178 1.8018, 4.1161 0.2178 1.8018, 4.1122 0.2158 1.8037, 4.1161 0.2158 1.8037, 4.1122 0.2118 1.8094, 4.1161 0.2118 1.8094, 4.1122 0.2092 1.8159, 4.1161 0.2092 1.8159, 4.1122 0.208 1.8258, 4.1161 0.208 1.8258, 4.1122 0.208 1.8265, 4.1161 0.208 1.8265, 4.1122 0.2093 1.8376, 4.1161 0.2093 1.8376, 4.1122 0.212 1.8445, 4.1161 0.212 1.8445, 4.1122 0.2159 1.85, 4.1161 0.2159 1.85, 4.1122 0.2164 1.8506, 4.1161 0.2164 1.8506, 4.1122 0.2215 1.8549, 4.1161 0.2215 1.8549, 4.1122 0.2278 1.8579, 4.1161 0.2278 1.8579, 4.1122 0.2347 1.8593, 4.1161 0.2347 1.8593, 4.1122 0.2382 1.8595, 4.1161 0.2382 1.8595, 4.1122 0.2477 1.8584, 4.1161 0.2477 1.8584, 4.1122 0.2558 1.8554, 4.1161 0.2558 1.8554, 4.1122 0.2571 1.8547, 4.1161 0.2571 1.8547, 4.1161 0.2571 1.8655, 4.1122 0.2571 1.8655, 4.1122 0.2381 1.8688, 4.1161 0.2381 1.8688, 4.1161 0.2388 1.8688, 4.1122 0.2492 1.8679, 4.1161 0.2492 1.8679, 4.1122 0.2463 1.8681, 4.1122 0.2388 1.8688, 4.1161 0.2268 1.8675, 4.1122 0.2324 1.8681, 4.1122 0.2268 1.8675, 4.1122 0.2184 1.8643, 4.1161 0.2184 1.8643, 4.1122 0.2106 1.8588, 4.1161 0.2106 1.8588, 4.1122 0.2087 1.857, 4.1161 0.2087 1.857, 4.1122 0.2031 1.8498, 4.1122 0.2007 1.8444, 4.1161 0.1992 1.841, 4.1161 0.2031 1.8498, 4.1122 0.1992 1.841, 4.1122 0.1973 1.8307, 4.1161 0.1973 1.8307, 4.1122 0.1971 1.8259, 4.1161 0.1971 1.8259, 4.1122 0.1985 1.8138, 4.1122 0.2007 1.8076, 4.1161 0.2016 1.8052, 4.1161 0.1985 1.8138, 4.1122 0.2016 1.8052, 4.1122 0.2062 1.7983, 4.1161 0.2062 1.7983, 4.1122 0.2074 1.7969, 4.1161 0.2074 1.7969, 4.1122 0.2135 1.7918, 4.1161 0.2135 1.7918, 4.1122 0.221 1.7882, 4.1161 0.221 1.7882, 4.1122 0.2296 1.7863, 4.1161 0.2296 1.7863, 4.1161 0.3162 1.7965, 4.1161 0.3162 1.7874, 4.1122 0.3162 1.7965, 4.1122 0.3162 1.7874, 4.1122 0.2834 1.7965, 4.1161 0.2834 1.7965, 4.1122 0.3051 1.7965, 4.1161 0.2834 1.8234, 4.1122 0.2834 1.8234, 4.1161 0.3121 1.8234, 4.1122 0.3051 1.8234, 4.1122 0.3121 1.8234, 4.1161 0.3121 1.8326, 4.1122 0.3121 1.8326, 4.1122 0.2834 1.8326, 4.1161 0.2834 1.8326, 4.1122 0.3051 1.8326, 4.1161 0.2834 1.8582, 4.1122 0.2834 1.8582, 4.1161 0.3144 1.8582, 4.1122 0.3051 1.8582, 4.1122 0.3144 1.8582, 4.1161 0.3144 1.8674, 4.1122 0.3144 1.8674, 4.1122 0.2731 1.8674, 4.1161 0.2731 1.8674, 4.1122 0.3051 1.8674, 4.1161 0.2731 1.7874, 4.1122 0.2731 1.7874, 4.1122 0.3051 1.7874, 4.1161 0.3854 1.8236, 4.1161 0.3962 1.8227, 4.1161 0.3856 1.8281, 4.1161 0.3965 1.8284, 4.1161 0.3846 1.8373, 4.1161 0.3952 1.8394, 4.1161 0.3825 1.8434, 4.1161 0.3922 1.8471, 4.1161 0.3795 1.848, 4.1161 0.3872 1.8541, 4.1161 0.3768 1.8507, 4.1161 0.3844 1.8568, 4.1161 0.3707 1.8547, 4.1161 0.3758 1.8627, 4.1161 0.3637 1.8572, 4.1161 0.3661 1.8662, 4.1161 0.3537 1.8582, 4.1161 0.3541 1.8674, 4.1161 0.3416 1.8582, 4.1161 0.3313 1.8674, 4.1161 0.3416 1.7965, 4.1161 0.3313 1.7874, 4.1161 0.3533 1.7965, 4.1161 0.3533 1.7874, 4.1161 0.3644 1.7978, 4.1161 0.3657 1.7887, 4.1161 0.371 1.8004, 4.1161 0.375 1.7921, 4.1161 0.3762 1.804, 4.1161 0.3829 1.7972, 4.1161 0.3771 1.8048, 4.1161 0.3844 1.7986, 4.1161 0.3812 1.8101, 4.1161 0.3901 1.8052, 4.1161 0.3839 1.8161, 4.1161 0.3941 1.8135, 4.1122 0.3533 1.7874, 4.1122 0.3313 1.7874, 4.1122 0.3657 1.7887, 4.1122 0.368 1.7895, 4.1122 0.375 1.7921, 4.1122 0.3829 1.7972, 4.1122 0.3844 1.7986, 4.1122 0.3901 1.8052, 4.1122 0.3941 1.8135, 4.1122 0.3962 1.8227, 4.1122 0.3965 1.8284, 4.1122 0.3952 1.8394, 4.1122 0.3922 1.8471, 4.1122 0.3872 1.8541, 4.1122 0.3844 1.8568, 4.1122 0.3541 1.8674, 4.1122 0.3758 1.8627, 4.1122 0.368 1.8655, 4.1122 0.3661 1.8662, 4.1122 0.3313 1.8674, 4.1122 0.3537 1.8582, 4.1122 0.3416 1.8582, 4.1122 0.3416 1.7965, 4.1122 0.3533 1.7965, 4.1122 0.3771 1.8048, 4.1122 0.3762 1.804, 4.1122 0.371 1.8004, 4.1122 0.3644 1.7978, 4.1122 0.3856 1.8281, 4.1122 0.3854 1.8236, 4.1122 0.3839 1.8161, 4.1122 0.3812 1.8101, 4.1122 0.3768 1.8507, 4.1122 0.3795 1.848, 4.1122 0.3825 1.8434, 4.1122 0.3846 1.8373, 4.1122 0.3637 1.8572, 4.1122 0.3707 1.8547
            ]
        }
        coordIndex [
            0,1,2,-1,2,1,3,-1,4,0,5,-1,5,0,2,-1,6,4,7,-1,7,4,5,-1,8,6,9,-1,9,6,7,-1,10,8,11,-1,11,8,9,-1,1,10,3,-1,3,10,11,-1,6,8,4,-1,4,8,10,-1,4,10,0,-1,0,10,1,-1,12,13,14,-1,12,14,15,-1,15,14,16,-1,15,16,17,-1,18,17,19,-1,19,17,16,-1,18,19,20,-1,18,20,21,-1,21,20,22,-1,21,22,23,-1,23,22,24,-1,23,24,25,-1,25,24,26,-1,25,26,27,-1,27,26,28,-1,27,28,29,-1,29,28,30,-1,29,30,31,-1,31,30,32,-1,31,32,33,-1,33,32,34,-1,33,34,35,-1,35,34,36,-1,35,36,37,-1,37,36,38,-1,37,38,39,-1,39,38,40,-1,39,40,41,-1,41,40,42,-1,41,42,43,-1,43,42,44,-1,43,44,45,-1,45,44,46,-1,45,46,47,-1,47,46,48,-1,47,48,49,-1,49,48,50,-1,49,50,51,-1,51,50,52,-1,51,52,53,-1,53,52,54,-1,53,54,55,-1,55,54,56,-1,55,56,57,-1,57,56,58,-1,57,58,59,-1,59,58,60,-1,59,60,61,-1,61,60,62,-1,61,62,63,-1,64,63,65,-1,65,63,62,-1,66,67,68,-1,64,65,69,-1,64,69,70,-1,70,69,71,-1,70,71,68,-1,68,71,72,-1,68,72,66,-1,67,66,73,-1,73,66,74,-1,74,75,73,-1,73,75,76,-1,73,76,77,-1,77,76,78,-1,77,78,79,-1,79,78,80,-1,79,80,81,-1,81,80,82,-1,83,84,82,-1,82,84,85,-1,82,85,81,-1,83,86,84,-1,84,86,87,-1,84,87,88,-1,88,87,89,-1,88,89,90,-1,90,89,91,-1,92,93,91,-1,91,93,94,-1,91,94,90,-1,92,95,93,-1,93,95,96,-1,93,96,97,-1,97,96,98,-1,97,98,99,-1,99,98,100,-1,99,100,101,-1,101,100,102,-1,101,102,103,-1,103,102,104,-1,103,104,105,-1,105,104,13,-1,105,13,12,-1,61,63,64,-1,35,37,94,-1,94,37,90,-1,81,49,79,-1,79,49,51,-1,37,39,90,-1,90,39,41,-1,90,41,88,-1,88,41,43,-1,88,43,84,-1,84,43,85,-1,85,43,45,-1,85,45,81,-1,81,45,47,-1,81,47,49,-1,17,18,15,-1,15,18,21,-1,15,21,12,-1,61,64,59,-1,59,64,70,-1,59,70,57,-1,57,70,68,-1,57,68,55,-1,55,68,67,-1,55,67,53,-1,53,67,73,-1,53,73,51,-1,51,73,77,-1,51,77,79,-1,94,93,35,-1,35,93,97,-1,35,97,33,-1,33,97,99,-1,33,99,31,-1,31,99,101,-1,31,101,29,-1,29,101,103,-1,29,103,27,-1,27,103,105,-1,27,105,25,-1,25,105,12,-1,25,12,23,-1,23,12,21,-1,106,107,108,-1,108,107,109,-1,110,111,112,-1,112,111,106,-1,112,106,108,-1,113,111,114,-1,114,111,110,-1,113,114,115,-1,115,114,116,-1,115,116,117,-1,118,115,119,-1,119,115,117,-1,120,121,122,-1,122,121,118,-1,122,118,119,-1,123,121,124,-1,124,121,120,-1,123,124,125,-1,125,124,126,-1,125,126,127,-1,128,125,129,-1,129,125,127,-1,130,131,132,-1,132,131,128,-1,132,128,129,-1,133,131,134,-1,134,131,130,-1,133,134,107,-1,107,134,135,-1,107,135,109,-1,133,107,106,-1,106,111,133,-1,133,111,113,-1,133,113,131,-1,125,128,123,-1,123,128,131,-1,123,131,121,-1,121,131,113,-1,121,113,118,-1,118,113,115,-1,136,137,138,-1,138,137,139,-1,138,139,140,-1,140,139,141,-1,140,141,142,-1,142,141,143,-1,142,143,144,-1,144,143,145,-1,144,145,146,-1,146,145,147,-1,146,147,148,-1,148,147,149,-1,148,149,150,-1,150,149,151,-1,150,151,152,-1,152,151,153,-1,152,153,154,-1,154,153,155,-1,154,155,156,-1,156,155,157,-1,156,157,158,-1,158,157,159,-1,158,159,160,-1,160,159,161,-1,160,161,162,-1,162,161,163,-1,162,163,164,-1,164,163,165,-1,164,165,166,-1,166,165,167,-1,166,167,168,-1,168,167,169,-1,168,169,170,-1,170,169,171,-1,170,171,136,-1,136,171,137,-1,159,157,172,-1,172,157,173,-1,159,172,174,-1,159,174,161,-1,161,174,175,-1,161,175,163,-1,175,176,163,-1,163,176,177,-1,163,177,165,-1,165,177,178,-1,165,178,167,-1,167,178,179,-1,167,179,169,-1,169,179,180,-1,169,180,171,-1,171,180,181,-1,171,181,137,-1,137,181,182,-1,137,182,139,-1,139,182,183,-1,139,183,141,-1,141,183,184,-1,141,184,143,-1,143,184,185,-1,143,185,145,-1,145,185,186,-1,145,186,147,-1,187,153,151,-1,147,186,188,-1,147,188,149,-1,149,188,189,-1,149,189,151,-1,151,189,190,-1,151,190,187,-1,155,153,191,-1,191,153,187,-1,157,155,173,-1,173,155,191,-1,152,154,192,-1,192,154,193,-1,154,156,193,-1,193,156,194,-1,156,158,194,-1,194,158,195,-1,166,196,197,-1,166,197,164,-1,164,197,198,-1,164,198,162,-1,162,198,199,-1,162,199,160,-1,160,199,195,-1,160,195,158,-1,138,200,201,-1,138,201,136,-1,136,201,202,-1,136,202,170,-1,170,202,203,-1,170,203,168,-1,168,203,196,-1,168,196,166,-1,146,204,205,-1,146,205,144,-1,144,205,206,-1,144,206,142,-1,142,206,207,-1,142,207,140,-1,140,207,200,-1,140,200,138,-1,152,192,208,-1,152,208,150,-1,150,208,209,-1,150,209,148,-1,148,209,204,-1,148,204,146,-1,
        ]
    }
}
Shape{
    appearance Appearance {
        material  Material 	{
            diffuseColor 0.2 0.2 0.2
            specularColor 0.25098039215686274 0.25098039215686274 0.25098039215686274
            ambientIntensity 0.251
            transparency 0.0
            shininess 0.5
        }
    }
    geometry IndexedFaceSet {
        ccw TRUE
        solid FALSE
        coord DEF co Coordinate {
            point [
                4.1122 0.3416 1.8582, 4.1122 0.3416 1.7965, 4.1122 0.3537 1.8582, 4.1122 0.3533 1.7965, 4.1122 0.3762 1.804, 4.1122 0.3771 1.8048, 4.1122 0.3644 1.7978, 4.1122 0.371 1.8004, 4.1122 0.3812 1.8101, 4.1122 0.3839 1.8161, 4.1122 0.3854 1.8236, 4.1122 0.3856 1.8281, 4.1122 0.3846 1.8373, 4.1122 0.3825 1.8434, 4.1122 0.3795 1.848, 4.1122 0.3768 1.8507, 4.1122 0.3637 1.8572, 4.1122 0.3707 1.8547
            ]
        }
        coordIndex [
            0,1,2,-1,2,1,3,-1,2,4,5,-1,3,6,2,-1,2,6,7,-1,2,7,4,-1,5,8,2,-1,2,8,9,-1,2,9,10,-1,10,11,2,-1,2,11,12,-1,2,12,13,-1,13,14,2,-1,2,14,15,-1,2,15,16,-1,16,15,17,-1,
        ]
    }
}
Shape{
    appearance Appearance {
        material  Material 	{
            diffuseColor 0.7529411764705882 0.7529411764705882 0.7529411764705882
            specularColor 0.3764705882352941 0.3764705882352941 0.3764705882352941
            ambientIntensity 0.7529
            transparency 0.0
            shininess 0.5
        }
    }
    geometry IndexedFaceSet {
        ccw TRUE
        solid FALSE
        coord DEF co Coordinate {
            point [
                4.1161 0.4233 1.8183, 4.1161 0.42 1.8093, 4.1161 0.4502 1.8183, 4.1161 0.4534 1.8093, 4.1161 0.4353 1.8516, 4.1161 0.4314 1.8674, 4.1161 0.4009 1.7874, 4.1161 0.4124 1.7874, 4.1161 0.436 1.854, 4.1161 0.4366 1.8572, 4.1161 0.4425 1.8674, 4.1161 0.4369 1.8572, 4.1161 0.4375 1.8538, 4.1161 0.4381 1.8516, 4.1161 0.473 1.7874, 4.1161 0.4616 1.7874, 4.1122 0.4425 1.8674, 4.1122 0.473 1.7874, 4.1122 0.4314 1.8674, 4.1122 0.4009 1.7874, 4.1122 0.424 1.848, 4.1122 0.4124 1.7874, 4.1122 0.42 1.8093, 4.1122 0.4534 1.8093, 4.1122 0.424 1.8093, 4.1122 0.4616 1.7874, 4.1122 0.4233 1.8183, 4.1122 0.4502 1.8183, 4.1122 0.4381 1.8516, 4.1122 0.4369 1.8572, 4.1122 0.4375 1.8538, 4.1122 0.4366 1.8572, 4.1122 0.4353 1.8516, 4.1122 0.436 1.854
            ]
        }
        coordIndex [
            0,1,2,-1,2,1,3,-1,4,5,0,-1,0,5,6,-1,0,6,1,-1,1,6,7,-1,4,8,5,-1,5,8,9,-1,5,9,10,-1,10,9,11,-1,10,11,12,-1,12,13,10,-1,10,13,2,-1,10,2,14,-1,14,2,3,-1,14,3,15,-1,10,14,16,-1,16,14,17,-1,5,10,18,-1,18,10,16,-1,19,6,20,-1,20,6,5,-1,20,5,18,-1,7,6,21,-1,21,6,19,-1,1,7,22,-1,22,7,21,-1,23,3,24,-1,24,3,1,-1,24,1,22,-1,15,3,25,-1,25,3,23,-1,14,15,17,-1,17,15,25,-1,0,2,26,-1,26,2,27,-1,2,13,27,-1,27,13,28,-1,11,29,30,-1,11,30,12,-1,12,30,28,-1,12,28,13,-1,11,9,29,-1,29,9,31,-1,4,32,33,-1,4,33,8,-1,8,33,31,-1,8,31,9,-1,4,0,32,-1,32,0,26,-1,
        ]
    }
}
Shape{
    appearance Appearance {
        material  Material 	{
            diffuseColor 0.2 0.2 0.2
            specularColor 0.25098039215686274 0.25098039215686274 0.25098039215686274
            ambientIntensity 0.251
            transparency 0.0
            shininess 0.5
        }
    }
    geometry IndexedFaceSet {
        ccw TRUE
        solid FALSE
        coord DEF co Coordinate {
            point [
                4.1122 0.4369 1.8572, 4.1122 0.4366 1.8572, 4.1122 0.4375 1.8538, 4.1122 0.436 1.854, 4.1122 0.4381 1.8516, 4.1122 0.4353 1.8516, 4.1122 0.4502 1.8183, 4.1122 0.4233 1.8183
            ]
        }
        coordIndex [
            0,1,2,-1,2,1,3,-1,2,3,4,-1,4,3,5,-1,4,5,6,-1,6,5,7,-1,
        ]
    }
}
Shape{
    appearance Appearance {
        material  Material 	{
            diffuseColor 0.7529411764705882 0.7529411764705882 0.7529411764705882
            specularColor 0.3764705882352941 0.3764705882352941 0.3764705882352941
            ambientIntensity 0.7529
            transparency 0.0
            shininess 0.5
        }
    }
    geometry IndexedFaceSet {
        ccw TRUE
        solid FALSE
        coord DEF co Coordinate {
            point [
                4.1161 0.1947 1.6695, 4.1161 0.1947 1.6603, 4.1122 0.1947 1.6695, 4.1122 0.1947 1.6603, 4.1161 0.162 1.6695, 4.1122 0.162 1.6695, 4.1161 0.162 1.6964, 4.1122 0.162 1.6964, 4.1161 0.1906 1.6964, 4.1122 0.1906 1.6964, 4.1161 0.1906 1.7056, 4.1122 0.1906 1.7056, 4.1161 0.162 1.7056, 4.1122 0.162 1.7056, 4.1161 0.162 1.7312, 4.1122 0.162 1.7312, 4.1161 0.1929 1.7312, 4.1122 0.1929 1.7312, 4.1161 0.1929 1.7404, 4.1122 0.1929 1.7404, 4.1161 0.1516 1.7404, 4.1122 0.1516 1.7404, 4.1161 0.1516 1.6603, 4.1122 0.1516 1.6603, 4.1161 0.24 1.6692, 4.1161 0.2402 1.6692, 4.1161 0.2396 1.6784, 4.1161 0.2158 1.6925, 4.1161 0.2115 1.6903, 4.1161 0.2171 1.6837, 4.1161 0.2402 1.6829, 4.1161 0.2502 1.6971, 4.1161 0.2402 1.6836, 4.1161 0.2402 1.689, 4.1161 0.2402 1.6603, 4.1161 0.2502 1.6603, 4.1161 0.2381 1.6748, 4.1161 0.2359 1.6719, 4.1161 0.2384 1.6668, 4.1161 0.2347 1.6707, 4.1161 0.2352 1.6634, 4.1161 0.2318 1.6687, 4.1161 0.2317 1.661, 4.1161 0.2288 1.6676, 4.1161 0.2276 1.6596, 4.1161 0.225 1.6672, 4.1161 0.2224 1.659, 4.1161 0.2216 1.6676, 4.1161 0.2164 1.6597, 4.1161 0.2194 1.6684, 4.1161 0.2126 1.6611, 4.1161 0.2174 1.6698, 4.1161 0.2092 1.6635, 4.1161 0.2165 1.6707, 4.1161 0.2159 1.6822, 4.1161 0.2084 1.6877, 4.1161 0.2151 1.6804, 4.1161 0.2064 1.6848, 4.1161 0.2146 1.6781, 4.1161 0.2185 1.6848, 4.1161 0.2209 1.6859, 4.1161 0.2233 1.6943, 4.1161 0.2268 1.6872, 4.1161 0.2402 1.6967, 4.1161 0.2099 1.7135, 4.1161 0.2099 1.7038, 4.1161 0.2125 1.715, 4.1161 0.2163 1.7079, 4.1161 0.2201 1.7178, 4.1161 0.2226 1.7101, 4.1161 0.2296 1.7188, 4.1161 0.2286 1.7107, 4.1161 0.2357 1.7183, 4.1161 0.232 1.7103, 4.1161 0.2399 1.717, 4.1161 0.2344 1.7095, 4.1161 0.2432 1.7151, 4.1161 0.2361 1.7084, 4.1161 0.2459 1.7125, 4.1161 0.2377 1.7068, 4.1161 0.2479 1.7093, 4.1161 0.2388 1.7047, 4.1161 0.2495 1.7047, 4.1161 0.2399 1.7011, 4.1161 0.205 1.6813, 4.1161 0.2043 1.677, 4.1161 0.2145 1.6765, 4.1161 0.2043 1.6757, 4.1161 0.2147 1.6742, 4.1161 0.2048 1.6711, 4.1161 0.2154 1.6724, 4.1161 0.206 1.6677, 4.1161 0.2081 1.6646, 4.1122 0.2296 1.7188, 4.1122 0.2201 1.7178, 4.1122 0.2125 1.715, 4.1122 0.2099 1.7135, 4.1122 0.2099 1.7038, 4.1122 0.2163 1.7079, 4.1122 0.2226 1.7101, 4.1122 0.2286 1.7107, 4.1122 0.232 1.7103, 4.1122 0.2344 1.7095, 4.1122 0.2361 1.7084, 4.1122 0.2377 1.7068, 4.1122 0.2388 1.7047, 4.1122 0.2399 1.7011, 4.1122 0.2402 1.6967, 4.1122 0.2233 1.6943, 4.1122 0.2158 1.6925, 4.1122 0.2115 1.6903, 4.1122 0.2084 1.6877, 4.1122 0.2064 1.6848, 4.1122 0.205 1.6813, 4.1122 0.2043 1.677, 4.1122 0.2043 1.6757, 4.1122 0.2048 1.6711, 4.1122 0.206 1.6677, 4.1122 0.2081 1.6646, 4.1122 0.2092 1.6635, 4.1122 0.2224 1.659, 4.1122 0.2166 1.6597, 4.1122 0.2164 1.6597, 4.1122 0.2126 1.6611, 4.1122 0.2276 1.6596, 4.1122 0.2279 1.6597, 4.1122 0.2317 1.661, 4.1122 0.2352 1.6634, 4.1122 0.2384 1.6668, 4.1122 0.24 1.6692, 4.1122 0.2402 1.6692, 4.1122 0.2402 1.6603, 4.1122 0.2502 1.6603, 4.1122 0.2502 1.6971, 4.1122 0.2495 1.7047, 4.1122 0.2479 1.7093, 4.1122 0.2459 1.7125, 4.1122 0.2432 1.7151, 4.1122 0.2399 1.717, 4.1122 0.2357 1.7183, 4.1122 0.2171 1.6837, 4.1122 0.2185 1.6848, 4.1122 0.2209 1.6859, 4.1122 0.2268 1.6872, 4.1122 0.2145 1.6765, 4.1122 0.2146 1.6781, 4.1122 0.2151 1.6804, 4.1122 0.2159 1.6822, 4.1122 0.2174 1.6698, 4.1122 0.2165 1.6707, 4.1122 0.2154 1.6724, 4.1122 0.2147 1.6742, 4.1122 0.225 1.6672, 4.1122 0.2216 1.6676, 4.1122 0.2194 1.6684, 4.1122 0.2359 1.6719, 4.1122 0.2347 1.6707, 4.1122 0.2318 1.6687, 4.1122 0.2288 1.6676, 4.1122 0.2402 1.6836, 4.1122 0.2402 1.6829, 4.1122 0.2396 1.6784, 4.1122 0.2381 1.6748, 4.1122 0.2402 1.689
            ]
        }
        coordIndex [
            0,1,2,-1,2,1,3,-1,4,0,5,-1,5,0,2,-1,6,4,7,-1,7,4,5,-1,8,6,9,-1,9,6,7,-1,10,8,11,-1,11,8,9,-1,12,10,13,-1,13,10,11,-1,14,12,15,-1,15,12,13,-1,16,14,17,-1,17,14,15,-1,18,16,19,-1,19,16,17,-1,20,18,21,-1,21,18,19,-1,22,20,23,-1,23,20,21,-1,1,22,3,-1,3,22,23,-1,16,18,14,-1,14,18,20,-1,14,20,12,-1,1,0,22,-1,22,0,4,-1,22,4,6,-1,8,10,6,-1,6,10,12,-1,6,12,22,-1,22,12,20,-1,24,25,26,-1,27,28,29,-1,30,31,32,-1,32,31,33,-1,34,35,25,-1,25,35,31,-1,25,31,26,-1,26,31,30,-1,26,36,24,-1,24,36,37,-1,24,37,38,-1,38,37,39,-1,38,39,40,-1,40,39,41,-1,40,41,42,-1,42,41,43,-1,42,43,44,-1,44,43,45,-1,44,45,46,-1,46,45,47,-1,46,47,48,-1,48,47,49,-1,48,49,50,-1,50,49,51,-1,50,51,52,-1,52,51,53,-1,29,28,54,-1,54,28,55,-1,54,55,56,-1,56,55,57,-1,56,57,58,-1,29,59,27,-1,27,59,60,-1,27,60,61,-1,61,60,62,-1,61,62,63,-1,64,65,66,-1,66,65,67,-1,66,67,68,-1,68,67,69,-1,68,69,70,-1,70,69,71,-1,70,71,72,-1,72,71,73,-1,72,73,74,-1,74,73,75,-1,74,75,76,-1,76,75,77,-1,76,77,78,-1,78,77,79,-1,78,79,80,-1,80,79,81,-1,80,81,82,-1,82,81,83,-1,82,83,31,-1,31,83,63,-1,31,63,33,-1,33,63,62,-1,57,84,58,-1,58,84,85,-1,58,85,86,-1,86,85,87,-1,86,87,88,-1,88,87,89,-1,88,89,90,-1,90,89,91,-1,90,91,53,-1,53,91,92,-1,53,92,52,-1,70,93,94,-1,70,94,68,-1,68,94,95,-1,68,95,66,-1,66,95,96,-1,66,96,64,-1,65,64,97,-1,97,64,96,-1,65,97,98,-1,65,98,67,-1,67,98,99,-1,67,99,69,-1,69,99,100,-1,69,100,71,-1,71,100,101,-1,71,101,73,-1,73,101,102,-1,73,102,75,-1,75,102,103,-1,75,103,77,-1,77,103,104,-1,77,104,79,-1,79,104,105,-1,79,105,81,-1,81,105,106,-1,81,106,83,-1,83,106,107,-1,83,107,63,-1,61,63,108,-1,108,63,107,-1,61,108,109,-1,61,109,27,-1,27,109,110,-1,27,110,28,-1,28,110,111,-1,28,111,55,-1,55,111,112,-1,55,112,57,-1,57,112,113,-1,57,113,84,-1,84,113,114,-1,84,114,85,-1,85,114,115,-1,85,115,87,-1,87,115,116,-1,87,116,89,-1,89,116,117,-1,89,117,91,-1,91,117,118,-1,91,118,92,-1,92,118,119,-1,92,119,52,-1,120,46,121,-1,121,46,48,-1,121,48,122,-1,122,48,50,-1,122,50,123,-1,123,50,52,-1,123,52,119,-1,46,120,124,-1,46,124,44,-1,44,124,125,-1,44,125,42,-1,125,126,42,-1,42,126,127,-1,42,127,40,-1,40,127,128,-1,40,128,38,-1,38,128,129,-1,38,129,24,-1,25,24,130,-1,130,24,129,-1,34,25,131,-1,131,25,130,-1,35,34,132,-1,132,34,131,-1,31,35,133,-1,133,35,132,-1,31,133,134,-1,31,134,82,-1,82,134,135,-1,82,135,80,-1,80,135,136,-1,80,136,78,-1,78,136,137,-1,78,137,76,-1,76,137,138,-1,76,138,74,-1,74,138,139,-1,74,139,72,-1,72,139,93,-1,72,93,70,-1,29,140,141,-1,29,141,59,-1,59,141,142,-1,59,142,60,-1,60,142,143,-1,60,143,62,-1,86,144,145,-1,86,145,58,-1,58,145,146,-1,58,146,56,-1,56,146,147,-1,56,147,54,-1,54,147,140,-1,54,140,29,-1,51,148,149,-1,51,149,53,-1,53,149,150,-1,53,150,90,-1,90,150,151,-1,90,151,88,-1,88,151,144,-1,88,144,86,-1,45,152,153,-1,45,153,47,-1,47,153,154,-1,47,154,49,-1,49,154,148,-1,49,148,51,-1,37,155,156,-1,37,156,39,-1,39,156,157,-1,39,157,41,-1,41,157,158,-1,41,158,43,-1,43,158,152,-1,43,152,45,-1,32,159,160,-1,32,160,30,-1,30,160,161,-1,30,161,26,-1,26,161,162,-1,26,162,36,-1,36,162,155,-1,36,155,37,-1,32,33,159,-1,159,33,163,-1,33,62,163,-1,163,62,143,-1,
        ]
    }
}
Shape{
    appearance Appearance {
        material  Material 	{
            diffuseColor 0.2 0.2 0.2
            specularColor 0.25098039215686274 0.25098039215686274 0.25098039215686274
            ambientIntensity 0.251
            transparency 0.0
            shininess 0.5
        }
    }
    geometry IndexedFaceSet {
        ccw TRUE
        solid FALSE
        coord DEF co Coordinate {
            point [
                4.1122 0.2402 1.689, 4.1122 0.2268 1.6872, 4.1122 0.2402 1.6836, 4.1122 0.2209 1.6859, 4.1122 0.2185 1.6848, 4.1122 0.2171 1.6837, 4.1122 0.2402 1.6829, 4.1122 0.2396 1.6784, 4.1122 0.2159 1.6822, 4.1122 0.2381 1.6748, 4.1122 0.2165 1.6707, 4.1122 0.2174 1.6698, 4.1122 0.2347 1.6707, 4.1122 0.2154 1.6724, 4.1122 0.2318 1.6687, 4.1122 0.2288 1.6676, 4.1122 0.225 1.6672, 4.1122 0.2151 1.6804, 4.1122 0.2146 1.6781, 4.1122 0.2359 1.6719, 4.1122 0.2145 1.6765, 4.1122 0.2147 1.6742, 4.1122 0.2194 1.6684, 4.1122 0.2216 1.6676
            ]
        }
        coordIndex [
            0,1,2,-1,2,1,3,-1,3,4,2,-1,2,4,5,-1,2,5,6,-1,6,5,7,-1,7,5,8,-1,7,8,9,-1,10,11,12,-1,10,12,13,-1,14,12,15,-1,15,12,16,-1,8,17,9,-1,9,17,18,-1,9,18,19,-1,19,18,20,-1,19,20,12,-1,12,20,21,-1,12,21,13,-1,11,22,12,-1,12,22,23,-1,12,23,16,-1,
        ]
    }
}
Shape{
    appearance Appearance {
        material  Material 	{
            diffuseColor 0.7529411764705882 0.7529411764705882 0.7529411764705882
            specularColor 0.3764705882352941 0.3764705882352941 0.3764705882352941
            ambientIntensity 0.7529
            transparency 0.0
            shininess 0.5
        }
    }
    geometry IndexedFaceSet {
        ccw TRUE
        solid FALSE
        coord DEF co Coordinate {
            point [
                4.1122 0.2638 1.6727, 4.1161 0.2638 1.6727, 4.1161 0.2678 1.6703, 4.1161 0.2803 1.6672, 4.1122 0.2803 1.6672, 4.1122 0.274 1.6679, 4.1161 0.274 1.6679, 4.1122 0.2685 1.67, 4.1122 0.2678 1.6703, 4.1161 0.2638 1.6624, 4.1122 0.2638 1.6624, 4.1161 0.271 1.6598, 4.1122 0.2685 1.6607, 4.1122 0.2794 1.659, 4.1161 0.2794 1.659, 4.1122 0.2727 1.6597, 4.1122 0.271 1.6598, 4.1122 0.2857 1.6597, 4.1161 0.2876 1.6599, 4.1122 0.2876 1.6599, 4.1122 0.2931 1.6618, 4.1161 0.2931 1.6618, 4.1122 0.296 1.6635, 4.1161 0.296 1.6635, 4.1122 0.2989 1.666, 4.1161 0.2989 1.666, 4.1122 0.3008 1.6687, 4.1161 0.3008 1.6687, 4.1122 0.302 1.6719, 4.1161 0.302 1.6719, 4.1122 0.3025 1.6759, 4.1161 0.3025 1.6759, 4.1122 0.302 1.6796, 4.1161 0.302 1.6796, 4.1122 0.301 1.6826, 4.1161 0.301 1.6826, 4.1122 0.2991 1.6854, 4.1161 0.2991 1.6854, 4.1122 0.2967 1.6875, 4.1161 0.2967 1.6875, 4.1122 0.2901 1.6912, 4.1161 0.2901 1.6912, 4.1122 0.2862 1.6928, 4.1161 0.2862 1.6928, 4.1122 0.28 1.6955, 4.1161 0.28 1.6955, 4.1122 0.2764 1.6977, 4.1161 0.2764 1.6977, 4.1122 0.2755 1.6988, 4.1161 0.2755 1.6988, 4.1122 0.2747 1.7001, 4.1161 0.2747 1.7001, 4.1122 0.2743 1.7017, 4.1161 0.2743 1.7017, 4.1122 0.2742 1.703, 4.1161 0.2742 1.703, 4.1122 0.2744 1.7046, 4.1161 0.2744 1.7046, 4.1122 0.2749 1.706, 4.1161 0.2749 1.706, 4.1122 0.2758 1.7072, 4.1161 0.2758 1.7072, 4.1122 0.2773 1.7086, 4.1161 0.2773 1.7086, 4.1122 0.2795 1.7098, 4.1161 0.2795 1.7098, 4.1122 0.2822 1.7105, 4.1161 0.2822 1.7105, 4.1122 0.2852 1.7107, 4.1161 0.2852 1.7107, 4.1122 0.2918 1.7099, 4.1161 0.2918 1.7099, 4.1122 0.2974 1.7079, 4.1161 0.2974 1.7079, 4.1122 0.2997 1.7066, 4.1161 0.2997 1.7066, 4.1161 0.2997 1.7163, 4.1122 0.2997 1.7163, 4.1122 0.2917 1.7185, 4.1161 0.2917 1.7185, 4.1122 0.2862 1.7188, 4.1161 0.2862 1.7188, 4.1122 0.2788 1.718, 4.1161 0.2788 1.718, 4.1122 0.2733 1.7161, 4.1161 0.2733 1.7161, 4.1122 0.2703 1.7143, 4.1161 0.2703 1.7143, 4.1122 0.2685 1.7126, 4.1161 0.2674 1.7116, 4.1122 0.2674 1.7116, 4.1122 0.2655 1.7089, 4.1161 0.2655 1.7089, 4.1122 0.2643 1.7057, 4.1161 0.2643 1.7057, 4.1122 0.2639 1.7021, 4.1161 0.2639 1.7021, 4.1122 0.2643 1.6982, 4.1161 0.2643 1.6982, 4.1122 0.2654 1.6951, 4.1161 0.2654 1.6951, 4.1122 0.2667 1.6931, 4.1161 0.2667 1.6931, 4.1122 0.2791 1.6855, 4.1161 0.2791 1.6855, 4.1161 0.2731 1.6882, 4.1122 0.2684 1.6913, 4.1161 0.2684 1.6913, 4.1122 0.2685 1.6913, 4.1122 0.2731 1.6882, 4.1122 0.2857 1.6827, 4.1161 0.2857 1.6827, 4.1122 0.2896 1.6804, 4.1161 0.2896 1.6804, 4.1122 0.2908 1.6791, 4.1161 0.2908 1.6791, 4.1122 0.2916 1.6777, 4.1161 0.2916 1.6777, 4.1122 0.2921 1.6762, 4.1161 0.2921 1.6762, 4.1122 0.2922 1.6749, 4.1161 0.2922 1.6749, 4.1122 0.292 1.673, 4.1161 0.292 1.673, 4.1122 0.2915 1.6716, 4.1161 0.2915 1.6716, 4.1122 0.2906 1.6703, 4.1161 0.2906 1.6703, 4.1122 0.2894 1.6693, 4.1161 0.2894 1.6693, 4.1122 0.2885 1.6687, 4.1161 0.2885 1.6687, 4.1122 0.2859 1.6678, 4.1161 0.2859 1.6678, 4.1122 0.2808 1.6672, 4.1161 0.2808 1.6672, 4.1161 0.3522 1.7175, 4.1161 0.3626 1.7175, 4.1122 0.3522 1.7175, 4.1122 0.3626 1.7175, 4.1161 0.3366 1.6745, 4.1122 0.3366 1.6745, 4.1122 0.3358 1.6718, 4.1161 0.3358 1.6718, 4.1122 0.3353 1.6698, 4.1161 0.3353 1.6698, 4.1161 0.3351 1.6698, 4.1122 0.3351 1.6698, 4.1161 0.3338 1.6746, 4.1122 0.3338 1.6746, 4.1122 0.3189 1.7175, 4.1161 0.3189 1.7175, 4.1122 0.3237 1.7036, 4.1161 0.3077 1.7175, 4.1122 0.3077 1.7175, 4.1122 0.3301 1.6605, 4.1161 0.3301 1.6605, 4.1122 0.3237 1.6767, 4.1122 0.3257 1.6501, 4.1161 0.3257 1.6501, 4.1122 0.3298 1.6597, 4.1122 0.3238 1.6465, 4.1161 0.3238 1.6465, 4.1122 0.3237 1.6465, 4.1161 0.3219 1.6444, 4.1122 0.3219 1.6444, 4.1122 0.32 1.6431, 4.1161 0.32 1.6431, 4.1122 0.3178 1.6423, 4.1161 0.3178 1.6423, 4.1122 0.3154 1.642, 4.1161 0.3154 1.642, 4.1122 0.3118 1.6425, 4.1161 0.3118 1.6425, 4.1122 0.3097 1.6432, 4.1161 0.3097 1.6432, 4.1161 0.3097 1.6342, 4.1122 0.3097 1.6342, 4.1122 0.314 1.6335, 4.1161 0.314 1.6335, 4.1122 0.3162 1.6334, 4.1161 0.3162 1.6334, 4.1122 0.3203 1.6339, 4.1161 0.3203 1.6339, 4.1122 0.3237 1.6352, 4.1161 0.3242 1.6354, 4.1122 0.3242 1.6354, 4.1122 0.3277 1.6378, 4.1161 0.3277 1.6378, 4.1122 0.3284 1.6385, 4.1161 0.3284 1.6385, 4.1122 0.3321 1.6429, 4.1161 0.3321 1.6429, 4.1122 0.3366 1.6517, 4.1161 0.3366 1.6517, 4.1122 0.3398 1.6597, 4.1161 0.4164 1.6695, 4.1161 0.4164 1.6603, 4.1122 0.4164 1.6695, 4.1122 0.4164 1.6603, 4.1122 0.3837 1.6695, 4.1161 0.3837 1.6695, 4.1122 0.3987 1.6695, 4.1161 0.3837 1.6964, 4.1122 0.3837 1.6964, 4.1122 0.4124 1.6964, 4.1161 0.4124 1.6964, 4.1122 0.3987 1.6964, 4.1161 0.4124 1.7056, 4.1122 0.4124 1.7056, 4.1122 0.3837 1.7056, 4.1161 0.3837 1.7056, 4.1122 0.3987 1.7056, 4.1161 0.3837 1.7312, 4.1122 0.3837 1.7312, 4.1122 0.4146 1.7312, 4.1161 0.4146 1.7312, 4.1122 0.3987 1.7312, 4.1161 0.4146 1.7404, 4.1122 0.4146 1.7404, 4.1122 0.3734 1.7404, 4.1161 0.3734 1.7404, 4.1122 0.3987 1.7404, 4.1161 0.3734 1.6603, 4.1122 0.3734 1.6603, 4.1122 0.3987 1.6603, 4.1161 0.4857 1.6966, 4.1161 0.4965 1.6957, 4.1161 0.4859 1.7011, 4.1161 0.4968 1.7014, 4.1161 0.4849 1.7103, 4.1161 0.4954 1.7124, 4.1161 0.4828 1.7164, 4.1161 0.4925 1.7201, 4.1161 0.4798 1.721, 4.1161 0.4875 1.727, 4.1161 0.4771 1.7237, 4.1161 0.4847 1.7298, 4.1161 0.471 1.7277, 4.1161 0.4761 1.7357, 4.1161 0.4639 1.7302, 4.1161 0.4664 1.7391, 4.1161 0.454 1.7312, 4.1161 0.4544 1.7404, 4.1161 0.4419 1.7312, 4.1161 0.4316 1.7404, 4.1161 0.4419 1.6695, 4.1161 0.4316 1.6603, 4.1161 0.4535 1.6695, 4.1161 0.4536 1.6603, 4.1161 0.4647 1.6708, 4.1161 0.4659 1.6617, 4.1161 0.4713 1.6734, 4.1161 0.4753 1.665, 4.1161 0.4764 1.677, 4.1161 0.4832 1.6702, 4.1161 0.4773 1.6778, 4.1161 0.4847 1.6716, 4.1161 0.4815 1.6831, 4.1161 0.4904 1.6782, 4.1161 0.4842 1.6891, 4.1161 0.4944 1.6864, 4.1122 0.4536 1.6603, 4.1122 0.4316 1.6603, 4.1122 0.4659 1.6617, 4.1122 0.4753 1.665, 4.1122 0.4832 1.6702, 4.1122 0.4847 1.6716, 4.1122 0.4904 1.6782, 4.1122 0.4944 1.6864, 4.1122 0.4965 1.6957, 4.1122 0.4968 1.7014, 4.1122 0.4954 1.7124, 4.1122 0.4925 1.7201, 4.1122 0.4875 1.727, 4.1122 0.4847 1.7298, 4.1122 0.4761 1.7357, 4.1122 0.4664 1.7391, 4.1122 0.4544 1.7404, 4.1122 0.4316 1.7404, 4.1122 0.454 1.7312, 4.1122 0.4419 1.7312, 4.1122 0.4419 1.6695, 4.1122 0.4535 1.6695, 4.1122 0.4773 1.6778, 4.1122 0.4764 1.677, 4.1122 0.4713 1.6734, 4.1122 0.4647 1.6708, 4.1122 0.4859 1.7011, 4.1122 0.4857 1.6966, 4.1122 0.4842 1.6891, 4.1122 0.4815 1.6831, 4.1122 0.4771 1.7237, 4.1122 0.4798 1.721, 4.1122 0.4828 1.7164, 4.1122 0.4849 1.7103, 4.1122 0.4639 1.7302, 4.1122 0.471 1.7277
            ]
        }
        coordIndex [
            0,1,2,-1,3,4,5,-1,3,5,6,-1,6,5,7,-1,6,7,2,-1,2,7,8,-1,2,8,0,-1,9,1,10,-1,10,1,0,-1,9,10,11,-1,11,10,12,-1,13,14,15,-1,15,14,11,-1,15,11,16,-1,16,11,12,-1,13,17,14,-1,14,17,18,-1,17,19,18,-1,18,19,20,-1,18,20,21,-1,21,20,22,-1,21,22,23,-1,23,22,24,-1,23,24,25,-1,25,24,26,-1,25,26,27,-1,27,26,28,-1,27,28,29,-1,29,28,30,-1,29,30,31,-1,31,30,32,-1,31,32,33,-1,33,32,34,-1,33,34,35,-1,35,34,36,-1,35,36,37,-1,37,36,38,-1,37,38,39,-1,39,38,40,-1,39,40,41,-1,41,40,42,-1,41,42,43,-1,43,42,44,-1,43,44,45,-1,45,44,46,-1,45,46,47,-1,47,46,48,-1,47,48,49,-1,49,48,50,-1,49,50,51,-1,51,50,52,-1,51,52,53,-1,53,52,54,-1,53,54,55,-1,55,54,56,-1,55,56,57,-1,57,56,58,-1,57,58,59,-1,59,58,60,-1,59,60,61,-1,61,60,62,-1,61,62,63,-1,63,62,64,-1,63,64,65,-1,65,64,66,-1,65,66,67,-1,67,66,68,-1,67,68,69,-1,69,68,70,-1,69,70,71,-1,71,70,72,-1,71,72,73,-1,73,72,74,-1,73,74,75,-1,76,75,77,-1,77,75,74,-1,76,77,78,-1,76,78,79,-1,79,78,80,-1,79,80,81,-1,81,80,82,-1,81,82,83,-1,83,82,84,-1,83,84,85,-1,85,84,86,-1,85,86,87,-1,86,88,87,-1,87,88,89,-1,88,90,89,-1,89,90,91,-1,89,91,92,-1,92,91,93,-1,92,93,94,-1,94,93,95,-1,94,95,96,-1,96,95,97,-1,96,97,98,-1,98,97,99,-1,98,99,100,-1,100,99,101,-1,100,101,102,-1,103,104,105,-1,102,101,106,-1,102,106,107,-1,107,106,108,-1,107,108,105,-1,105,108,109,-1,105,109,103,-1,104,103,110,-1,104,110,111,-1,111,110,112,-1,111,112,113,-1,113,112,114,-1,113,114,115,-1,115,114,116,-1,115,116,117,-1,117,116,118,-1,117,118,119,-1,119,118,120,-1,119,120,121,-1,121,120,122,-1,121,122,123,-1,123,122,124,-1,123,124,125,-1,125,124,126,-1,125,126,127,-1,127,126,128,-1,127,128,129,-1,129,128,130,-1,129,130,131,-1,131,130,132,-1,131,132,133,-1,133,132,134,-1,133,134,135,-1,135,134,4,-1,135,4,3,-1,61,63,85,-1,85,63,83,-1,111,43,104,-1,104,43,45,-1,21,23,127,-1,127,23,25,-1,127,25,125,-1,125,25,27,-1,125,27,123,-1,123,27,29,-1,123,29,121,-1,121,29,31,-1,121,31,119,-1,119,31,33,-1,119,33,117,-1,117,33,35,-1,117,35,115,-1,115,35,37,-1,115,37,113,-1,113,37,39,-1,113,39,111,-1,111,39,41,-1,111,41,43,-1,14,3,11,-1,11,3,6,-1,11,6,9,-1,9,6,2,-1,9,2,1,-1,63,65,83,-1,83,65,67,-1,83,67,81,-1,81,67,69,-1,81,69,79,-1,79,69,71,-1,79,71,76,-1,76,71,73,-1,76,73,75,-1,127,129,21,-1,21,129,131,-1,21,131,18,-1,18,131,133,-1,18,133,14,-1,14,133,135,-1,14,135,3,-1,85,87,61,-1,61,87,89,-1,61,89,59,-1,59,89,92,-1,59,92,57,-1,57,92,94,-1,57,94,55,-1,55,94,96,-1,55,96,53,-1,53,96,98,-1,53,98,51,-1,51,98,100,-1,51,100,49,-1,49,100,102,-1,49,102,47,-1,47,102,107,-1,47,107,45,-1,45,107,105,-1,45,105,104,-1,136,137,138,-1,138,137,139,-1,140,136,141,-1,141,136,138,-1,140,141,142,-1,140,142,143,-1,143,142,144,-1,143,144,145,-1,146,145,147,-1,147,145,144,-1,148,146,149,-1,149,146,147,-1,150,151,152,-1,152,151,148,-1,152,148,149,-1,153,151,154,-1,154,151,150,-1,155,156,157,-1,157,156,153,-1,157,153,154,-1,158,159,160,-1,160,159,156,-1,160,156,155,-1,159,158,161,-1,159,161,162,-1,162,161,163,-1,162,163,164,-1,163,165,164,-1,164,165,166,-1,164,166,167,-1,167,166,168,-1,167,168,169,-1,169,168,170,-1,169,170,171,-1,171,170,172,-1,171,172,173,-1,173,172,174,-1,173,174,175,-1,176,175,177,-1,177,175,174,-1,176,177,178,-1,176,178,179,-1,179,178,180,-1,179,180,181,-1,181,180,182,-1,181,182,183,-1,183,182,184,-1,183,184,185,-1,184,186,185,-1,185,186,187,-1,185,187,188,-1,188,187,189,-1,188,189,190,-1,190,189,191,-1,190,191,192,-1,192,191,193,-1,192,193,194,-1,139,137,195,-1,195,137,194,-1,195,194,193,-1,143,145,194,-1,137,136,194,-1,194,136,140,-1,194,140,143,-1,151,153,148,-1,148,153,156,-1,148,156,146,-1,192,162,190,-1,190,162,164,-1,175,176,173,-1,173,176,179,-1,173,179,171,-1,171,179,181,-1,171,181,169,-1,169,181,183,-1,169,183,167,-1,167,183,185,-1,167,185,164,-1,164,185,188,-1,164,188,190,-1,145,146,194,-1,194,146,156,-1,194,156,192,-1,192,156,159,-1,192,159,162,-1,196,197,198,-1,198,197,199,-1,200,201,202,-1,202,201,196,-1,202,196,198,-1,203,201,204,-1,204,201,200,-1,205,206,207,-1,207,206,203,-1,207,203,204,-1,208,206,209,-1,209,206,205,-1,210,211,212,-1,212,211,208,-1,212,208,209,-1,213,211,214,-1,214,211,210,-1,215,216,217,-1,217,216,213,-1,217,213,214,-1,218,216,219,-1,219,216,215,-1,220,221,222,-1,222,221,218,-1,222,218,219,-1,223,221,224,-1,224,221,220,-1,199,197,225,-1,225,197,223,-1,225,223,224,-1,223,197,196,-1,196,201,223,-1,223,201,203,-1,223,203,221,-1,216,218,213,-1,213,218,221,-1,213,221,211,-1,211,221,203,-1,211,203,208,-1,208,203,206,-1,226,227,228,-1,228,227,229,-1,228,229,230,-1,230,229,231,-1,230,231,232,-1,232,231,233,-1,232,233,234,-1,234,233,235,-1,234,235,236,-1,236,235,237,-1,236,237,238,-1,238,237,239,-1,238,239,240,-1,240,239,241,-1,240,241,242,-1,242,241,243,-1,242,243,244,-1,244,243,245,-1,244,245,246,-1,246,245,247,-1,246,247,248,-1,248,247,249,-1,248,249,250,-1,250,249,251,-1,250,251,252,-1,252,251,253,-1,252,253,254,-1,254,253,255,-1,254,255,256,-1,256,255,257,-1,256,257,258,-1,258,257,259,-1,258,259,260,-1,260,259,261,-1,260,261,226,-1,226,261,227,-1,249,247,262,-1,262,247,263,-1,249,262,264,-1,249,264,251,-1,251,264,265,-1,251,265,253,-1,253,265,266,-1,253,266,255,-1,255,266,267,-1,255,267,257,-1,257,267,268,-1,257,268,259,-1,259,268,269,-1,259,269,261,-1,261,269,270,-1,261,270,227,-1,227,270,271,-1,227,271,229,-1,229,271,272,-1,229,272,231,-1,231,272,273,-1,231,273,233,-1,233,273,274,-1,233,274,235,-1,235,274,275,-1,235,275,237,-1,237,275,276,-1,237,276,239,-1,239,276,277,-1,239,277,241,-1,241,277,278,-1,241,278,243,-1,245,243,279,-1,279,243,278,-1,247,245,263,-1,263,245,279,-1,242,244,280,-1,280,244,281,-1,244,246,281,-1,281,246,282,-1,246,248,282,-1,282,248,283,-1,256,284,285,-1,256,285,254,-1,254,285,286,-1,254,286,252,-1,252,286,287,-1,252,287,250,-1,250,287,283,-1,250,283,248,-1,228,288,289,-1,228,289,226,-1,226,289,290,-1,226,290,260,-1,260,290,291,-1,260,291,258,-1,258,291,284,-1,258,284,256,-1,236,292,293,-1,236,293,234,-1,234,293,294,-1,234,294,232,-1,232,294,295,-1,232,295,230,-1,230,295,288,-1,230,288,228,-1,242,280,296,-1,242,296,240,-1,240,296,297,-1,240,297,238,-1,238,297,292,-1,238,292,236,-1,
        ]
    }
}
Shape{
    appearance Appearance {
        material  Material 	{
            diffuseColor 0.2 0.2 0.2
            specularColor 0.25098039215686274 0.25098039215686274 0.25098039215686274
            ambientIntensity 0.251
            transparency 0.0
            shininess 0.5
        }
    }
    geometry IndexedFaceSet {
        ccw TRUE
        solid FALSE
        coord DEF co Coordinate {
            point [
                4.1122 0.4419 1.7312, 4.1122 0.4419 1.6695, 4.1122 0.454 1.7312, 4.1122 0.4535 1.6695, 4.1122 0.4764 1.677, 4.1122 0.4773 1.6778, 4.1122 0.4647 1.6708, 4.1122 0.4713 1.6734, 4.1122 0.4815 1.6831, 4.1122 0.4842 1.6891, 4.1122 0.4857 1.6966, 4.1122 0.4859 1.7011, 4.1122 0.4849 1.7103, 4.1122 0.4828 1.7164, 4.1122 0.4798 1.721, 4.1122 0.4771 1.7237, 4.1122 0.4639 1.7302, 4.1122 0.471 1.7277
            ]
        }
        coordIndex [
            0,1,2,-1,2,1,3,-1,2,4,5,-1,3,6,2,-1,2,6,7,-1,2,7,4,-1,5,8,2,-1,2,8,9,-1,2,9,10,-1,10,11,2,-1,2,11,12,-1,2,12,13,-1,13,14,2,-1,2,14,15,-1,2,15,16,-1,16,15,17,-1,
        ]
    }
}
Shape{
    appearance Appearance {
        material  Material 	{
            diffuseColor 0.7529411764705882 0.7529411764705882 0.7529411764705882
            specularColor 0.3764705882352941 0.3764705882352941 0.3764705882352941
            ambientIntensity 0.7529
            transparency 0.0
            shininess 0.5
        }
    }
    geometry IndexedFaceSet {
        ccw TRUE
        solid FALSE
        coord DEF co Coordinate {
            point [
                4.1161 0.5236 1.6913, 4.1161 0.5203 1.6822, 4.1161 0.5505 1.6913, 4.1161 0.5537 1.6822, 4.1161 0.5356 1.7246, 4.1161 0.5317 1.7404, 4.1161 0.5012 1.6603, 4.1161 0.5126 1.6603, 4.1161 0.5363 1.727, 4.1161 0.5369 1.7302, 4.1161 0.5428 1.7404, 4.1161 0.5371 1.7302, 4.1161 0.5378 1.7268, 4.1161 0.5384 1.7246, 4.1161 0.5733 1.6603, 4.1161 0.5618 1.6603, 4.1122 0.5428 1.7404, 4.1122 0.5733 1.6603, 4.1122 0.5317 1.7404, 4.1122 0.5012 1.6603, 4.1122 0.5126 1.6603, 4.1122 0.5203 1.6822, 4.1122 0.5537 1.6822, 4.1122 0.5618 1.6603, 4.1122 0.5236 1.6913, 4.1122 0.5505 1.6913, 4.1122 0.5384 1.7246, 4.1122 0.5371 1.7302, 4.1122 0.5378 1.7268, 4.1122 0.5369 1.7302, 4.1122 0.5356 1.7246, 4.1122 0.5363 1.727
            ]
        }
        coordIndex [
            0,1,2,-1,2,1,3,-1,4,5,0,-1,0,5,6,-1,0,6,1,-1,1,6,7,-1,4,8,5,-1,5,8,9,-1,5,9,10,-1,10,9,11,-1,10,11,12,-1,12,13,10,-1,10,13,2,-1,10,2,14,-1,14,2,3,-1,14,3,15,-1,10,14,16,-1,16,14,17,-1,5,10,18,-1,18,10,16,-1,6,5,19,-1,19,5,18,-1,7,6,20,-1,20,6,19,-1,1,7,21,-1,21,7,20,-1,3,1,22,-1,22,1,21,-1,15,3,23,-1,23,3,22,-1,14,15,17,-1,17,15,23,-1,0,2,24,-1,24,2,25,-1,2,13,25,-1,25,13,26,-1,11,27,28,-1,11,28,12,-1,12,28,26,-1,12,26,13,-1,11,9,27,-1,27,9,29,-1,4,30,31,-1,4,31,8,-1,8,31,29,-1,8,29,9,-1,4,0,30,-1,30,0,24,-1,
        ]
    }
}
Shape{
    appearance Appearance {
        material  Material 	{
            diffuseColor 0.2 0.2 0.2
            specularColor 0.25098039215686274 0.25098039215686274 0.25098039215686274
            ambientIntensity 0.251
            transparency 0.0
            shininess 0.5
        }
    }
    geometry IndexedFaceSet {
        ccw TRUE
        solid FALSE
        coord DEF co Coordinate {
            point [
                4.1122 0.5371 1.7302, 4.1122 0.5369 1.7302, 4.1122 0.5378 1.7268, 4.1122 0.5363 1.727, 4.1122 0.5384 1.7246, 4.1122 0.5356 1.7246, 4.1122 0.5505 1.6913, 4.1122 0.5236 1.6913
            ]
        }
        coordIndex [
            0,1,2,-1,2,1,3,-1,2,3,4,-1,4,3,5,-1,4,5,6,-1,6,5,7,-1,
        ]
    }
}
Shape{
    appearance Appearance {
        material  Material 	{
            diffuseColor 0.7529411764705882 0.7529411764705882 0.7529411764705882
            specularColor 0.3764705882352941 0.3764705882352941 0.3764705882352941
            ambientIntensity 0.7529
            transparency 0.0
            shininess 0.5
        }
    }
    geometry IndexedFaceSet {
        ccw TRUE
        solid FALSE
        coord DEF co Coordinate {
            point [
                4.1161 -0.1838 1.631, 4.1161 -0.2071 1.6993, 4.1161 -0.1946 1.6397, 4.1161 -0.2028 1.6503, 4.1161 -0.017 1.7272, 4.1161 -0.0346 1.7574, 4.1161 -0.0967 1.6851, 4.1161 -0.1109 1.7176, 4.1161 -0.0967 1.6794, 4.1161 -0.1172 1.6358, 4.1161 -0.0971 1.6728, 4.1161 -0.1075 1.6462, 4.1161 -0.1006 1.6588, 4.1161 0.0269 1.7786, 4.1161 0.0357 1.7725, 4.1161 0.0648 1.792, 4.1161 0.0764 1.7758, 4.1161 0.043 1.7642, 4.1161 0.0834 1.7585, 4.1161 0.0481 1.7543, 4.1161 0.0861 1.7398, 4.1161 -0.16 1.8032, 4.1161 -0.1542 1.8001, 4.1161 -0.1718 1.8417, 4.1161 -0.1454 1.8182, 4.1161 -0.1602 1.8553, 4.1161 -0.1327 1.8334, 4.1161 -0.1468 1.8667, 4.1161 -0.1175 1.8445, 4.1161 -0.1329 1.8753, 4.1161 -0.2179 1.7057, 4.1161 -0.215 1.6634, 4.1161 -0.2077 1.6612, 4.1161 -0.1654 1.6597, 4.1161 -0.1603 1.6575, 4.1161 -0.1708 1.6251, 4.1161 -0.1551 1.6567, 4.1161 -0.1574 1.6226, 4.1161 -0.1542 1.6567, 4.1161 -0.1536 1.6225, 4.1161 -0.1485 1.6574, 4.1161 -0.1416 1.6238, 4.1161 -0.1435 1.6594, 4.1161 -0.1287 1.6283, 4.1161 -0.1392 1.6625, 4.1161 -0.1361 1.666, 4.1161 -0.1335 1.6708, 4.1161 0.0018 1.7836, 4.1161 0.0064 1.7836, 4.1161 0.0297 1.8143, 4.1161 0.0169 1.7823, 4.1161 0.0324 1.8134, 4.1161 0.0493 1.8051, 4.1161 0.065 1.6857, 4.1161 0.0376 1.7074, 4.1161 0.0496 1.6726, 4.1161 0.029 1.7008, 4.1161 0.0322 1.6641, 4.1161 0.0188 1.6964, 4.1161 0.0132 1.6601, 4.1161 0.0098 1.6948, 4.1161 -0.0204 1.6601, 4.1161 -0.0158 1.6948, 4.1161 -0.0236 1.6606, 4.1161 -0.1728 1.8074, 4.1161 -0.1784 1.8425, 4.1161 -0.1843 1.8087, 4.1161 -0.1849 1.8428, 4.1161 -0.191 1.8083, 4.1161 -0.2074 1.84, 4.1161 -0.205 1.8048, 4.1161 -0.2285 1.8318, 4.1161 -0.2176 1.7978, 4.1161 -0.2466 1.8191, 4.1161 -0.228 1.7881, 4.1161 -0.2504 1.8155, 4.1161 -0.2355 1.7766, 4.1161 -0.2641 1.7979, 4.1161 -0.24 1.7638, 4.1161 -0.1753 1.6719, 4.1161 -0.173 1.6671, 4.1161 -0.1698 1.6631, 4.1161 -0.1763 1.6772, 4.1161 -0.176 1.6828, 4.1161 -0.2063 1.7013, 4.1161 -0.1744 1.6881, 4.1161 -0.1998 1.713, 4.1161 -0.1714 1.6928, 4.1161 -0.1901 1.7235, 4.1161 -0.1692 1.6952, 4.1161 -0.1782 1.7312, 4.1161 -0.1647 1.6984, 4.1161 -0.1655 1.7356, 4.1161 -0.1597 1.7003, 4.1161 -0.1536 1.7369, 4.1161 -0.1542 1.7011, 4.1161 -0.1451 1.7363, 4.1161 -0.1494 1.7005, 4.1161 -0.1315 1.7325, 4.1161 -0.1442 1.6986, 4.1161 -0.1197 1.7258, 4.1161 -0.1396 1.6956, 4.1161 -0.1359 1.6915, 4.1161 -0.1334 1.6868, 4.1161 -0.1321 1.6815, 4.1161 -0.1321 1.6763, 4.1161 0.0506 1.7433, 4.1161 0.0508 1.7392, 4.1161 0.0835 1.7195, 4.1161 0.0495 1.7285, 4.1161 0.0763 1.7015, 4.1161 0.0457 1.7183, 4.1161 0.0395 1.7094, 4.1161 -0.001 1.8593, 4.1161 -0.0235 1.8333, 4.1161 0.0177 1.8376, 4.1161 -0.0106 1.818, 4.1161 -0.0018 1.7997, 4.1161 -0.1066 1.8854, 4.1161 -0.0989 1.852, 4.1161 -0.0785 1.8889, 4.1161 -0.0779 1.8548, 4.1161 -0.055 1.8865, 4.1161 -0.0585 1.8524, 4.1161 -0.0264 1.8764, 4.1161 -0.0407 1.8455, 4.1161 -0.0247 1.8344, 4.1161 -0.0187 1.6953, 4.1161 -0.0324 1.666, 4.1161 -0.0311 1.6647, 4.1161 -0.2732 1.7774, 4.1161 -0.277 1.756, 4.1161 -0.2413 1.7517, 4.1161 -0.2771 1.7506, 4.1161 -0.2404 1.7418, 4.1161 -0.2744 1.7282, 4.1161 -0.236 1.7279, 4.1161 -0.2662 1.707, 4.1161 -0.2284 1.7158, 4.1161 -0.2532 1.6885, 4.1161 -0.2355 1.6734, 4.1161 -0.017 1.6949, 4.1161 -0.0274 1.6621, 4.1161 -0.0369 1.6777, 4.1161 -0.0364 1.6735, 4.1161 -0.0349 1.6696, 4.1161 -0.0237 1.6948, 4.1161 -0.0276 1.6933, 4.1161 -0.0368 1.68, 4.1161 -0.0311 1.6908, 4.1161 -0.0334 1.6882, 4.1161 -0.0356 1.6843, 4.1161 -0.0193 1.6954, 4.1122 0.0861 1.7398, 4.1122 0.0834 1.7585, 4.1122 0.0815 1.7632, 4.1122 0.0764 1.7758, 4.1122 0.0648 1.792, 4.1122 0.0493 1.8051, 4.1122 0.0324 1.8134, 4.1122 0.0297 1.8143, 4.1122 0.0177 1.8376, 4.1122 -0.001 1.8593, 4.1122 -0.0141 1.8681, 4.1122 -0.0264 1.8764, 4.1122 -0.055 1.8865, 4.1122 -0.0785 1.8889, 4.1122 -0.1066 1.8854, 4.1122 -0.1329 1.8753, 4.1122 -0.1445 1.8681, 4.1122 -0.1468 1.8667, 4.1122 -0.1602 1.8553, 4.1122 -0.1718 1.8417, 4.1122 -0.1784 1.8425, 4.1122 -0.1849 1.8428, 4.1122 -0.2074 1.84, 4.1122 -0.2285 1.8318, 4.1122 -0.2466 1.8191, 4.1122 -0.2504 1.8155, 4.1122 -0.2732 1.7774, 4.1122 -0.2641 1.7979, 4.1122 -0.2757 1.7632, 4.1122 -0.277 1.756, 4.1122 -0.2771 1.7506, 4.1122 -0.2744 1.7282, 4.1122 -0.2662 1.707, 4.1122 -0.2532 1.6885, 4.1122 -0.2355 1.6734, 4.1122 -0.215 1.6634, 4.1122 -0.2077 1.6612, 4.1122 -0.207 1.6597, 4.1122 -0.2028 1.6503, 4.1122 -0.1946 1.6397, 4.1122 -0.1838 1.631, 4.1122 -0.1771 1.628, 4.1122 -0.1708 1.6251, 4.1122 -0.1574 1.6226, 4.1122 -0.1536 1.6225, 4.1122 -0.0967 1.6794, 4.1122 -0.1416 1.6238, 4.1122 -0.1296 1.628, 4.1122 -0.1287 1.6283, 4.1122 -0.1172 1.6358, 4.1122 -0.1075 1.6462, 4.1122 -0.1006 1.6588, 4.1122 -0.1004 1.6597, 4.1122 -0.0971 1.6728, 4.1122 -0.0967 1.6851, 4.1122 -0.017 1.7272, 4.1122 -0.0346 1.7574, 4.1122 -0.1109 1.7176, 4.1122 -0.1197 1.7258, 4.1122 -0.1315 1.7325, 4.1122 -0.1451 1.7363, 4.1122 -0.1536 1.7369, 4.1122 -0.1655 1.7356, 4.1122 -0.1782 1.7312, 4.1122 -0.1901 1.7235, 4.1122 -0.1998 1.713, 4.1122 -0.2063 1.7013, 4.1122 -0.2071 1.6993, 4.1122 -0.2179 1.7057, 4.1122 -0.2284 1.7158, 4.1122 -0.236 1.7279, 4.1122 -0.2404 1.7418, 4.1122 -0.2413 1.7517, 4.1122 -0.24 1.7632, 4.1122 -0.24 1.7638, 4.1122 -0.2355 1.7766, 4.1122 -0.228 1.7881, 4.1122 -0.2176 1.7978, 4.1122 -0.205 1.8048, 4.1122 -0.191 1.8083, 4.1122 -0.1843 1.8087, 4.1122 -0.1728 1.8074, 4.1122 -0.16 1.8032, 4.1122 -0.1542 1.8001, 4.1122 -0.1454 1.8182, 4.1122 -0.1327 1.8334, 4.1122 -0.1175 1.8445, 4.1122 -0.0989 1.852, 4.1122 -0.0779 1.8548, 4.1122 -0.0585 1.8524, 4.1122 -0.0407 1.8455, 4.1122 -0.0247 1.8344, 4.1122 -0.0235 1.8333, 4.1122 -0.0106 1.818, 4.1122 -0.0018 1.7997, 4.1122 0.0018 1.7836, 4.1122 0.0064 1.7836, 4.1122 0.0169 1.7823, 4.1122 0.0269 1.7786, 4.1122 0.0357 1.7725, 4.1122 0.043 1.7642, 4.1122 0.0435 1.7632, 4.1122 0.0481 1.7543, 4.1122 0.0506 1.7433, 4.1122 0.0508 1.7392, 4.1122 0.0495 1.7285, 4.1122 0.0457 1.7183, 4.1122 0.0395 1.7094, 4.1122 0.0376 1.7074, 4.1122 0.029 1.7008, 4.1122 0.0188 1.6964, 4.1122 0.0098 1.6948, 4.1122 -0.0158 1.6948, 4.1122 -0.017 1.6949, 4.1122 -0.0187 1.6953, 4.1122 -0.0193 1.6954, 4.1122 -0.0237 1.6948, 4.1122 -0.0276 1.6933, 4.1122 -0.0311 1.6908, 4.1122 -0.0334 1.6882, 4.1122 -0.0356 1.6843, 4.1122 -0.0368 1.68, 4.1122 -0.0369 1.6777, 4.1122 -0.0364 1.6735, 4.1122 -0.0349 1.6696, 4.1122 -0.0324 1.666, 4.1122 -0.0311 1.6647, 4.1122 -0.0274 1.6621, 4.1122 -0.0236 1.6606, 4.1122 -0.0204 1.6601, 4.1122 0.0132 1.6601, 4.1122 0.0322 1.6641, 4.1122 0.0496 1.6726, 4.1122 0.065 1.6857, 4.1122 0.0763 1.7015, 4.1122 0.0835 1.7195, 4.1122 -0.1542 1.7011, 4.1122 -0.1494 1.7005, 4.1122 -0.1442 1.6986, 4.1122 -0.1396 1.6956, 4.1122 -0.1359 1.6915, 4.1122 -0.1334 1.6868, 4.1122 -0.1321 1.6815, 4.1122 -0.1321 1.6763, 4.1122 -0.1335 1.6708, 4.1122 -0.1361 1.666, 4.1122 -0.1392 1.6625, 4.1122 -0.1435 1.6594, 4.1122 -0.1485 1.6574, 4.1122 -0.1542 1.6567, 4.1122 -0.1551 1.6567, 4.1122 -0.1603 1.6575, 4.1122 -0.1654 1.6597, 4.1122 -0.1698 1.6631, 4.1122 -0.173 1.6671, 4.1122 -0.1753 1.6719, 4.1122 -0.1763 1.6772, 4.1122 -0.176 1.6828, 4.1122 -0.1744 1.6881, 4.1122 -0.1714 1.6928, 4.1122 -0.1692 1.6952, 4.1122 -0.1647 1.6984, 4.1122 -0.1597 1.7003
            ]
        }
        coordIndex [
            0,1,2,-1,2,1,3,-1,4,5,6,-1,6,5,7,-1,6,7,8,-1,8,7,9,-1,8,9,10,-1,10,9,11,-1,10,11,12,-1,13,14,15,-1,15,14,16,-1,16,14,17,-1,16,17,18,-1,18,17,19,-1,18,19,20,-1,21,22,23,-1,23,22,24,-1,23,24,25,-1,25,24,26,-1,25,26,27,-1,27,26,28,-1,27,28,29,-1,30,31,1,-1,1,31,32,-1,1,32,3,-1,33,0,34,-1,34,0,35,-1,34,35,36,-1,36,35,37,-1,36,37,38,-1,38,37,39,-1,38,39,40,-1,40,39,41,-1,40,41,42,-1,42,41,43,-1,42,43,44,-1,44,43,9,-1,44,9,45,-1,45,9,46,-1,47,48,49,-1,49,48,50,-1,49,50,51,-1,51,50,13,-1,51,13,52,-1,52,13,15,-1,53,54,55,-1,55,54,56,-1,55,56,57,-1,57,56,58,-1,57,58,59,-1,59,58,60,-1,59,60,61,-1,61,60,62,-1,61,62,63,-1,21,23,64,-1,64,23,65,-1,64,65,66,-1,66,65,67,-1,66,67,68,-1,68,67,69,-1,68,69,70,-1,70,69,71,-1,70,71,72,-1,72,71,73,-1,72,73,74,-1,74,73,75,-1,74,75,76,-1,76,75,77,-1,76,77,78,-1,79,1,80,-1,80,1,0,-1,80,0,81,-1,81,0,33,-1,79,82,1,-1,1,82,83,-1,1,83,84,-1,84,83,85,-1,84,85,86,-1,86,85,87,-1,86,87,88,-1,88,87,89,-1,88,89,90,-1,90,89,91,-1,90,91,92,-1,92,91,93,-1,92,93,94,-1,94,93,95,-1,94,95,96,-1,96,95,97,-1,96,97,98,-1,98,97,99,-1,98,99,100,-1,100,99,101,-1,100,101,7,-1,7,101,102,-1,102,103,7,-1,7,103,104,-1,7,104,9,-1,9,104,105,-1,9,105,46,-1,19,106,20,-1,20,106,107,-1,20,107,108,-1,108,107,109,-1,108,109,110,-1,110,109,111,-1,110,111,53,-1,53,111,112,-1,53,112,54,-1,113,114,115,-1,115,114,116,-1,115,116,49,-1,49,116,117,-1,49,117,47,-1,29,28,118,-1,118,28,119,-1,118,119,120,-1,120,119,121,-1,120,121,122,-1,122,121,123,-1,122,123,124,-1,124,123,125,-1,124,125,113,-1,113,125,126,-1,113,126,114,-1,127,128,129,-1,77,130,78,-1,78,130,131,-1,78,131,132,-1,132,131,133,-1,132,133,134,-1,134,133,135,-1,134,135,136,-1,136,135,137,-1,136,137,138,-1,138,137,139,-1,138,139,30,-1,30,139,140,-1,30,140,31,-1,62,141,63,-1,63,141,127,-1,63,127,142,-1,142,127,129,-1,143,144,127,-1,127,144,145,-1,127,145,128,-1,146,147,148,-1,147,149,148,-1,148,149,150,-1,148,150,151,-1,143,127,148,-1,148,127,152,-1,148,152,146,-1,20,153,154,-1,20,154,18,-1,18,154,155,-1,18,155,16,-1,155,156,16,-1,16,156,157,-1,16,157,15,-1,15,157,158,-1,15,158,52,-1,52,158,159,-1,52,159,51,-1,51,159,160,-1,51,160,49,-1,49,160,161,-1,49,161,115,-1,115,161,162,-1,115,162,113,-1,124,113,163,-1,163,113,162,-1,163,164,124,-1,124,164,165,-1,124,165,122,-1,122,165,166,-1,122,166,120,-1,120,166,167,-1,120,167,118,-1,118,167,168,-1,118,168,29,-1,29,168,27,-1,27,168,169,-1,27,169,170,-1,27,170,171,-1,27,171,25,-1,25,171,172,-1,25,172,23,-1,23,172,173,-1,23,173,65,-1,65,173,174,-1,65,174,67,-1,67,174,175,-1,67,175,69,-1,69,175,176,-1,69,176,71,-1,71,176,177,-1,71,177,73,-1,73,177,178,-1,73,178,75,-1,179,77,180,-1,180,77,75,-1,180,75,178,-1,181,131,179,-1,179,131,130,-1,179,130,77,-1,181,182,131,-1,131,182,183,-1,131,183,133,-1,133,183,184,-1,133,184,135,-1,135,184,185,-1,135,185,137,-1,137,185,186,-1,137,186,139,-1,139,186,187,-1,139,187,140,-1,140,187,188,-1,140,188,31,-1,31,188,189,-1,31,189,32,-1,32,189,190,-1,32,190,3,-1,190,191,3,-1,3,191,192,-1,3,192,2,-1,2,192,193,-1,194,35,193,-1,193,35,0,-1,193,0,2,-1,194,195,35,-1,35,195,196,-1,35,196,37,-1,37,196,197,-1,37,197,39,-1,198,8,10,-1,39,197,199,-1,39,199,41,-1,41,199,200,-1,41,200,43,-1,200,201,43,-1,43,201,202,-1,43,202,9,-1,9,202,203,-1,9,203,11,-1,11,203,204,-1,11,204,12,-1,12,204,205,-1,12,205,10,-1,10,205,206,-1,10,206,198,-1,6,8,207,-1,207,8,198,-1,4,6,208,-1,208,6,207,-1,5,4,209,-1,209,4,208,-1,7,5,210,-1,210,5,209,-1,7,210,211,-1,7,211,100,-1,100,211,212,-1,100,212,98,-1,98,212,213,-1,98,213,96,-1,96,213,214,-1,96,214,94,-1,94,214,215,-1,94,215,92,-1,92,215,216,-1,92,216,90,-1,90,216,217,-1,90,217,88,-1,88,217,218,-1,88,218,86,-1,86,218,219,-1,86,219,84,-1,84,219,220,-1,84,220,1,-1,1,220,221,-1,1,221,30,-1,30,221,222,-1,30,222,138,-1,138,222,223,-1,138,223,136,-1,136,223,224,-1,136,224,134,-1,134,224,225,-1,134,225,132,-1,225,226,132,-1,132,226,78,-1,226,227,78,-1,78,227,228,-1,78,228,76,-1,76,228,229,-1,76,229,74,-1,74,229,230,-1,74,230,72,-1,72,230,231,-1,72,231,70,-1,70,231,232,-1,70,232,68,-1,68,232,233,-1,68,233,66,-1,66,233,234,-1,66,234,64,-1,64,234,235,-1,64,235,21,-1,21,235,236,-1,21,236,22,-1,22,236,237,-1,22,237,24,-1,24,237,238,-1,24,238,26,-1,26,238,239,-1,26,239,28,-1,28,239,240,-1,28,240,119,-1,119,240,241,-1,119,241,121,-1,121,241,242,-1,121,242,123,-1,123,242,243,-1,123,243,125,-1,125,243,244,-1,125,244,126,-1,126,244,245,-1,126,245,114,-1,114,245,246,-1,114,246,116,-1,116,246,247,-1,116,247,117,-1,117,247,248,-1,117,248,47,-1,48,47,249,-1,249,47,248,-1,48,249,250,-1,48,250,50,-1,50,250,251,-1,50,251,13,-1,13,251,252,-1,13,252,14,-1,14,252,253,-1,14,253,17,-1,17,253,254,-1,17,254,19,-1,254,255,19,-1,19,255,256,-1,19,256,106,-1,106,256,257,-1,106,257,107,-1,107,257,258,-1,107,258,109,-1,109,258,259,-1,109,259,111,-1,111,259,260,-1,111,260,112,-1,112,260,261,-1,112,261,54,-1,54,261,262,-1,54,262,56,-1,56,262,263,-1,56,263,58,-1,58,263,264,-1,58,264,60,-1,62,60,265,-1,265,60,264,-1,62,265,266,-1,62,266,141,-1,141,266,267,-1,141,267,127,-1,127,267,268,-1,127,268,152,-1,152,268,269,-1,152,269,146,-1,146,269,270,-1,146,270,147,-1,147,270,271,-1,147,271,149,-1,149,271,272,-1,149,272,150,-1,150,272,273,-1,150,273,151,-1,151,273,274,-1,151,274,148,-1,148,274,275,-1,148,275,143,-1,143,275,276,-1,143,276,144,-1,144,276,277,-1,144,277,145,-1,145,277,278,-1,145,278,128,-1,128,278,279,-1,128,279,129,-1,129,279,280,-1,129,280,142,-1,142,280,281,-1,142,281,63,-1,63,281,282,-1,63,282,61,-1,59,61,283,-1,283,61,282,-1,59,283,284,-1,59,284,57,-1,57,284,285,-1,57,285,55,-1,55,285,286,-1,55,286,53,-1,53,286,287,-1,53,287,110,-1,110,287,288,-1,110,288,108,-1,108,288,153,-1,108,153,20,-1,95,289,290,-1,95,290,97,-1,97,290,291,-1,97,291,99,-1,99,291,292,-1,99,292,101,-1,101,292,293,-1,101,293,102,-1,102,293,294,-1,102,294,103,-1,103,294,295,-1,103,295,104,-1,104,295,296,-1,104,296,105,-1,105,296,297,-1,105,297,46,-1,46,297,298,-1,46,298,45,-1,45,298,299,-1,45,299,44,-1,44,299,300,-1,44,300,42,-1,42,300,301,-1,42,301,40,-1,40,301,302,-1,40,302,38,-1,38,302,303,-1,38,303,36,-1,36,303,304,-1,36,304,34,-1,34,304,305,-1,34,305,33,-1,33,305,306,-1,33,306,81,-1,81,306,307,-1,81,307,80,-1,80,307,308,-1,80,308,79,-1,79,308,309,-1,79,309,82,-1,82,309,310,-1,82,310,83,-1,83,310,311,-1,83,311,85,-1,85,311,312,-1,85,312,87,-1,87,312,313,-1,87,313,89,-1,89,313,314,-1,89,314,91,-1,91,314,315,-1,91,315,93,-1,93,315,289,-1,93,289,95,-1,
        ]
    }
}
Shape{
    appearance Appearance {
        material  Material 	{
            diffuseColor 0.2 0.2 0.2
            specularColor 0.25098039215686274 0.25098039215686274 0.25098039215686274
            ambientIntensity 0.251
            transparency 0.0
            shininess 0.5
        }
    }
    geometry IndexedFaceSet {
        ccw TRUE
        solid FALSE
        coord DEF co Coordinate {
            point [
                4.1122 -0.1551 1.6567, 4.1122 -0.1692 1.6952, 4.1122 -0.1714 1.6928, 4.1122 -0.1485 1.6574, 4.1122 -0.1435 1.6594, 4.1122 -0.1494 1.7005, 4.1122 -0.1542 1.7011, 4.1122 -0.1597 1.7003, 4.1122 -0.1647 1.6984, 4.1122 -0.1753 1.6719, 4.1122 -0.173 1.6671, 4.1122 -0.1698 1.6631, 4.1122 -0.1542 1.6567, 4.1122 -0.1744 1.6881, 4.1122 -0.176 1.6828, 4.1122 -0.1763 1.6772, 4.1122 -0.1654 1.6597, 4.1122 -0.1603 1.6575, 4.1122 -0.1392 1.6625, 4.1122 -0.1361 1.666, 4.1122 -0.1335 1.6708, 4.1122 -0.1321 1.6763, 4.1122 -0.1321 1.6815, 4.1122 -0.1334 1.6868, 4.1122 -0.1359 1.6915, 4.1122 -0.1396 1.6956, 4.1122 -0.1442 1.6986
            ]
        }
        coordIndex [
            0,1,2,-1,3,4,5,-1,6,7,0,-1,0,7,8,-1,0,8,1,-1,9,10,2,-1,2,10,11,-1,6,0,5,-1,5,0,12,-1,5,12,3,-1,13,14,2,-1,2,14,15,-1,2,15,9,-1,11,16,2,-1,2,16,17,-1,2,17,0,-1,4,18,5,-1,5,18,19,-1,5,19,20,-1,20,21,5,-1,5,21,22,-1,5,22,23,-1,23,24,5,-1,5,24,25,-1,5,25,26,-1,
        ]
    }
}