#VRML V2.0 utf8
# 3D model generated by easyeda2kicad.py (https://github.com/uPesy/easyeda2kicad.py)

Shape{
    appearance Appearance {
        material  Material 	{
            diffuseColor 0.9686274509803922 0.8784313725490196 0.6
            specularColor 0.6784313725490196 0.615686274509804 0.4196078431372549
            ambientIntensity 0.8737
            transparency 0.0
            shininess 0.5
        }
    }
    geometry IndexedFaceSet {
        ccw TRUE
        solid FALSE
        coord DEF co Coordinate {
            point [
                7.2222 -0.6752 0.9449, 7.117 -0.6752 0.9449, 7.12 -0.69 0.9449, 7.2636 -0.7776 0.9449, 7.2636 -0.6791 0.9449, 7.2341 -0.7776 0.9449, 7.2341 -0.6791 0.9449, 7.2035 -0.7735 0.9449, 7.229 -0.6785 0.9449, 7.175 -0.7617 0.9449, 7.2242 -0.6765 0.9449, 7.1505 -0.743 0.9449, 7.1318 -0.7185 0.9449, 7.8796 -0.69 0.9449, 7.8826 -0.6752 0.9449, 7.7774 -0.6752 0.9449, 7.736 -0.6791 0.9449, 7.736 -0.7776 0.9449, 7.7656 -0.6791 0.9449, 7.7656 -0.7776 0.9449, 7.7699 -0.6786 0.9449, 7.7961 -0.7735 0.9449, 7.7741 -0.6772 0.9449, 7.8246 -0.7617 0.9449, 7.8491 -0.743 0.9449, 7.8678 -0.7185 0.9449, 7.2636 -0.6791 0.3543, 7.2636 -0.7776 0.3543, 7.2341 -0.6791 0.3543, 7.2341 -0.7776 0.3543, 7.229 -0.6785 0.3543, 7.2035 -0.7735 0.3543, 7.2242 -0.6765 0.3543, 7.175 -0.7617 0.3543, 7.2201 -0.6734 0.3543, 7.1505 -0.743 0.3543, 7.217 -0.6693 0.3543, 7.1318 -0.7185 0.3543, 7.215 -0.6645 0.3543, 7.12 -0.69 0.3543, 7.2144 -0.6594 0.3543, 7.1159 -0.6594 0.3543, 7.2144 -0.3406 0.3543, 7.1159 -0.3406 0.3543, 7.1159 -0.6161 1.1417, 7.1159 -0.2224 1.1417, 7.1159 -0.6161 1.0039, 7.1159 -0.6182 0.9887, 7.1159 -0.6241 0.9744, 7.1159 -0.2224 0.4724, 7.1159 -0.6334 0.9622, 7.1159 -0.6594 0.947, 7.1159 -0.6457 0.9528, 7.1159 -0.31 0.3584, 7.1159 -0.2265 0.4419, 7.1159 -0.2383 0.4134, 7.1159 -0.257 0.3889, 7.1159 -0.2815 0.3702, 7.1162 -0.6675 0.9454, 7.116 -0.6599 0.9469, 7.3471 -0.7776 0.3197, 7.3659 -0.7776 0.2953, 7.7055 -0.7776 0.9489, 7.6219 -0.7776 0.2668, 7.6337 -0.7776 0.2953, 7.6525 -0.7776 0.3197, 7.3226 -0.7776 0.3385, 7.677 -0.7776 0.9607, 7.2942 -0.7776 0.3503, 7.6525 -0.7776 0.9795, 7.6337 -0.7776 1.0039, 7.3471 -0.7776 0.9795, 7.3659 -0.7776 1.0039, 7.6219 -0.7776 1.0324, 7.3777 -0.7776 1.0324, 7.6179 -0.7776 1.063, 7.3817 -0.7776 1.063, 7.3817 -0.7776 0.2362, 7.3817 -0.7776 0.1575, 7.6179 -0.7776 0.1575, 7.7656 -0.7776 0.3543, 7.736 -0.7776 0.3543, 7.7055 -0.7776 0.3503, 7.677 -0.7776 0.3385, 7.3226 -0.7776 0.9607, 7.2942 -0.7776 0.9489, 7.3777 -0.7776 0.2668, 7.6179 -0.7776 0.2362, 7.3817 -0.7776 2.2146, 7.6179 -0.7776 2.2146, 7.6139 -0.7776 2.2451, 7.6021 -0.7776 2.2736, 7.5833 -0.7776 2.2981, 7.4692 -0.7776 2.3287, 7.4163 -0.7776 2.2981, 7.3975 -0.7776 2.2736, 7.3857 -0.7776 2.2451, 7.5589 -0.7776 2.3169, 7.5304 -0.7776 2.3287, 7.4998 -0.7776 2.3327, 7.4407 -0.7776 2.3169, 7.8796 -0.69 0.3543, 7.8678 -0.7185 0.3543, 7.8491 -0.743 0.3543, 7.8246 -0.7617 0.3543, 7.7961 -0.7735 0.3543, 7.8837 -0.6594 0.3543, 7.8837 -0.6594 0.947, 7.8837 -0.6599 0.9469, 7.8834 -0.6675 0.9454, 7.8837 -0.6161 1.1417, 7.8837 -0.6161 1.0039, 7.8837 -0.2224 1.1417, 7.8837 -0.6182 0.9887, 7.8837 -0.2224 0.4724, 7.8837 -0.3406 0.3543, 7.8837 -0.257 0.3889, 7.8837 -0.2383 0.4134, 7.8837 -0.6334 0.9622, 7.8837 -0.6457 0.9528, 7.8837 -0.31 0.3584, 7.8837 -0.2815 0.3702, 7.8837 -0.6241 0.9744, 7.8837 -0.2265 0.4419, 7.7762 -0.2224 1.1886, 7.8772 -0.2224 1.1886, 7.7835 -0.2224 1.1572, 7.8794 -0.2224 1.1794, 7.7852 -0.2224 1.1417, 7.7852 -0.2224 0.4724, 7.7852 -0.6161 1.0039, 7.7852 -0.6161 1.1417, 7.7852 -0.6334 0.9622, 7.7852 -0.6241 0.9744, 7.7852 -0.6182 0.9887, 7.7852 -0.6594 0.3543, 7.7852 -0.6594 0.947, 7.7852 -0.3406 0.3543, 7.7852 -0.6457 0.9528, 7.7852 -0.2383 0.4134, 7.7852 -0.257 0.3889, 7.7852 -0.2265 0.4419, 7.7852 -0.2815 0.3702, 7.7852 -0.31 0.3584, 7.7852 -0.6599 0.9469, 7.7847 -0.6638 0.3543, 7.7847 -0.6638 0.946, 7.7833 -0.668 0.3543, 7.7833 -0.668 0.9453, 7.7809 -0.6717 0.3543, 7.7809 -0.6717 0.945, 7.7778 -0.6748 0.3543, 7.7778 -0.6748 0.9449, 7.7656 -0.6791 0.3543, 7.7699 -0.6786 0.3543, 7.7741 -0.6772 0.3543, 7.7055 -0.6791 0.3503, 7.677 -0.6791 0.3385, 7.3659 -0.6791 0.2953, 7.6525 -0.6791 0.3197, 7.6179 -0.6791 0.2362, 7.6179 -0.6791 0.1575, 7.3817 -0.6791 0.1575, 7.7055 -0.6791 0.9489, 7.3471 -0.6791 0.3197, 7.677 -0.6791 0.9607, 7.3226 -0.6791 0.3385, 7.6525 -0.6791 0.9795, 7.2942 -0.6791 0.3503, 7.6337 -0.6791 1.0039, 7.6337 -0.6791 0.2953, 7.6219 -0.6791 0.2668, 7.3777 -0.6791 0.2668, 7.3817 -0.6791 0.2362, 7.3817 -0.6791 1.063, 7.3817 -0.6791 2.1704, 7.6179 -0.6791 2.1704, 7.2942 -0.6791 0.9489, 7.3226 -0.6791 0.9607, 7.3471 -0.6791 0.9795, 7.736 -0.6791 0.3543, 7.3659 -0.6791 1.0039, 7.3777 -0.6791 1.0324, 7.6219 -0.6791 1.0324, 7.6179 -0.6791 1.063, 7.217 -0.6693 0.9452, 7.2184 -0.6714 0.945, 7.2201 -0.6734 0.9449, 7.2144 -0.6594 0.947, 7.2144 -0.6599 0.9469, 7.215 -0.6645 0.9459, 7.2159 -0.667 0.9455, 7.2144 -0.6161 1.1417, 7.2144 -0.6161 1.0039, 7.2144 -0.2224 1.1417, 7.2144 -0.6182 0.9887, 7.2144 -0.2224 0.4724, 7.2144 -0.6241 0.9744, 7.2144 -0.6334 0.9622, 7.2144 -0.2265 0.4419, 7.2144 -0.6457 0.9528, 7.2144 -0.31 0.3584, 7.2144 -0.2815 0.3702, 7.2144 -0.257 0.3889, 7.2144 -0.2383 0.4134, 7.2161 -0.2224 1.1572, 7.1202 -0.2224 1.1794, 7.2234 -0.2224 1.1886, 7.1224 -0.2224 1.1886, 7.6179 -0.7796 0.1422, 7.3817 -0.7796 0.1422, 7.6179 -0.7855 0.128, 7.3817 -0.7855 0.128, 7.6179 -0.7949 0.1157, 7.3817 -0.7949 0.1157, 7.6179 -0.8071 0.1063, 7.3817 -0.8071 0.1063, 7.6179 -0.8213 0.1004, 7.3817 -0.8213 0.1004, 7.6179 -0.8366 0.0984, 7.3817 -0.8366 0.0984, 7.6179 -1.2598 0.0984, 7.3817 -1.2598 0.0984, 7.3857 -1.2904 0.0984, 7.6139 -1.2904 0.0984, 7.3975 -1.3189 0.0984, 7.4998 -1.378 0.0984, 7.5304 -1.3739 0.0984, 7.5589 -1.3621 0.0984, 7.4163 -1.3434 0.0984, 7.4407 -1.3621 0.0984, 7.6021 -1.3189 0.0984, 7.5833 -1.3434 0.0984, 7.4692 -1.3739 0.0984, 7.3817 -0.8366 0.0, 7.6179 -0.8366 0.0, 7.3817 -1.2598 0.0, 7.6179 -1.2598 0.0, 7.3857 -1.2904 0.0, 7.6139 -1.2904 0.0, 7.3975 -1.3189 0.0, 7.6021 -1.3189 0.0, 7.5833 -1.3434 0.0, 7.4407 -1.3621 0.0, 7.5589 -1.3621 0.0, 7.4163 -1.3434 0.0, 7.5304 -1.3739 0.0, 7.4998 -1.378 0.0, 7.4692 -1.3739 0.0, 7.3817 -0.7959 0.0054, 7.6179 -0.7959 0.0054, 7.3817 -0.7579 0.0211, 7.6179 -0.7579 0.0211, 7.3817 -0.7253 0.0461, 7.6179 -0.7253 0.0461, 7.3817 -0.7002 0.0787, 7.6179 -0.7002 0.0787, 7.3817 -0.6845 0.1167, 7.6179 -0.6845 0.1167, 7.6179 -0.6952 2.2146, 7.3817 -0.6952 2.2146, 7.545 -0.7349 2.3237, 7.5589 -0.7324 2.3169, 7.4546 -0.7349 2.3237, 7.5833 -0.7256 2.2981, 7.6021 -0.7167 2.2736, 7.6139 -0.7063 2.2451, 7.5717 -0.7293 2.3083, 7.3857 -0.7063 2.2451, 7.3975 -0.7167 2.2736, 7.4163 -0.7256 2.2981, 7.4279 -0.7293 2.3083, 7.4407 -0.7324 2.3169, 7.5304 -0.7367 2.3287, 7.4692 -0.7367 2.3287, 7.5152 -0.7378 2.3317, 7.4844 -0.7378 2.3317, 7.4998 -0.7382 2.3327, 7.684 -0.5571 2.315, 7.688 -0.5286 2.326, 7.6894 -0.498 2.3298, 7.649 -0.6161 2.2188, 7.6594 -0.6121 2.2476, 7.688 -0.3836 2.326, 7.649 -0.2961 2.2188, 7.6894 -0.4142 2.3298, 7.5983 -0.2961 2.0795, 7.5983 -0.6161 2.0795, 7.6692 -0.6003 2.2743, 7.6775 -0.5815 2.2973, 7.684 -0.3552 2.315, 7.6775 -0.3307 2.2973, 7.6594 -0.3001 2.2476, 7.6692 -0.3119 2.2743, 7.5902 -0.2961 2.0484, 7.5902 -0.6161 2.0484, 7.5883 -0.2961 2.0164, 7.5883 -0.6161 2.0164, 7.5925 -0.2961 1.9846, 7.5925 -0.6161 1.9846, 7.7835 -0.6161 1.1572, 7.7212 -0.2961 1.4271, 7.7319 -0.2906 1.3808, 7.7419 -0.2743 1.3371, 7.7554 -0.2442 1.2786, 7.7655 -0.228 1.2349, 7.8794 -0.6161 1.1794, 7.6884 -0.2961 2.0068, 7.6884 -0.6161 2.0068, 7.8222 -0.2961 1.4271, 7.8329 -0.2906 1.3808, 7.843 -0.2743 1.3371, 7.8665 -0.228 1.2349, 7.8565 -0.2442 1.2786, 7.6866 -0.6161 2.0198, 7.6866 -0.2961 2.0198, 7.6874 -0.6161 2.033, 7.6874 -0.2961 2.033, 7.6907 -0.6161 2.0458, 7.6907 -0.2961 2.0458, 7.7415 -0.6161 2.1852, 7.7765 -0.5571 2.2813, 7.77 -0.5815 2.2637, 7.7519 -0.3001 2.2139, 7.7617 -0.3119 2.2407, 7.7805 -0.3836 2.2924, 7.77 -0.3307 2.2637, 7.7765 -0.3552 2.2813, 7.7805 -0.5286 2.2924, 7.7415 -0.2961 2.1852, 7.7819 -0.4142 2.2962, 7.7819 -0.498 2.2962, 7.7617 -0.6003 2.2407, 7.7519 -0.6121 2.2139, 7.2161 -0.6161 1.1572, 7.4072 -0.2961 1.9846, 7.4072 -0.6161 1.9846, 7.2784 -0.2961 1.4271, 7.2678 -0.2906 1.3808, 7.2577 -0.2743 1.3371, 7.2341 -0.228 1.2349, 7.2442 -0.2442 1.2786, 7.4113 -0.2961 2.0164, 7.4113 -0.6161 2.0164, 7.4094 -0.2961 2.0484, 7.4094 -0.6161 2.0484, 7.4013 -0.2961 2.0795, 7.4013 -0.6161 2.0795, 7.3506 -0.6161 2.2188, 7.3102 -0.498 2.3298, 7.3156 -0.5571 2.315, 7.3221 -0.5815 2.2973, 7.3304 -0.6003 2.2743, 7.3506 -0.2961 2.2188, 7.3402 -0.3001 2.2476, 7.3116 -0.5286 2.326, 7.3402 -0.6121 2.2476, 7.3304 -0.3119 2.2743, 7.3221 -0.3307 2.2973, 7.3156 -0.3552 2.315, 7.3116 -0.3836 2.326, 7.3102 -0.4142 2.3298, 7.2177 -0.4142 2.2962, 7.2177 -0.498 2.2962, 7.3089 -0.2961 2.0458, 7.3089 -0.6161 2.0458, 7.2581 -0.2961 2.1852, 7.2581 -0.6161 2.1852, 7.2232 -0.3552 2.2813, 7.2191 -0.3836 2.2924, 7.2191 -0.5286 2.2924, 7.2477 -0.6121 2.2139, 7.2232 -0.5571 2.2813, 7.2379 -0.6003 2.2407, 7.2296 -0.5815 2.2637, 7.2296 -0.3307 2.2637, 7.2379 -0.3119 2.2407, 7.2477 -0.3001 2.2139, 7.3122 -0.6161 2.033, 7.3122 -0.2961 2.033, 7.313 -0.6161 2.0198, 7.313 -0.2961 2.0198, 7.3112 -0.6161 2.0068, 7.3112 -0.2961 2.0068, 7.1202 -0.6161 1.1794, 7.1774 -0.2961 1.4271, 7.1667 -0.2906 1.3808, 7.1566 -0.2743 1.3371, 7.1432 -0.2442 1.2786, 7.1331 -0.228 1.2349, 7.8837 -0.6599 0.9469, 7.12 0.69 0.9449, 7.117 0.6752 0.9449, 7.2222 0.6752 0.9449, 7.2636 0.6791 0.9449, 7.2636 0.7776 0.9449, 7.2341 0.6791 0.9449, 7.2341 0.7776 0.9449, 7.229 0.6785 0.9449, 7.2035 0.7735 0.9449, 7.2242 0.6765 0.9449, 7.175 0.7617 0.9449, 7.1505 0.743 0.9449, 7.1318 0.7185 0.9449, 7.7774 0.6752 0.9449, 7.8826 0.6752 0.9449, 7.8796 0.69 0.9449, 7.736 0.7776 0.9449, 7.736 0.6791 0.9449, 7.7656 0.7776 0.9449, 7.7656 0.6791 0.9449, 7.7961 0.7735 0.9449, 7.7699 0.6786 0.9449, 7.8246 0.7617 0.9449, 7.7741 0.6772 0.9449, 7.8491 0.743 0.9449, 7.8678 0.7185 0.9449, 7.2144 0.3406 0.3543, 7.1159 0.3406 0.3543, 7.2144 0.6594 0.3543, 7.1159 0.6594 0.3543, 7.215 0.6645 0.3543, 7.12 0.69 0.3543, 7.217 0.6693 0.3543, 7.1318 0.7185 0.3543, 7.2201 0.6734 0.3543, 7.1505 0.743 0.3543, 7.2242 0.6765 0.3543, 7.175 0.7617 0.3543, 7.229 0.6785 0.3543, 7.2035 0.7735 0.3543, 7.2341 0.6791 0.3543, 7.2341 0.7776 0.3543, 7.2636 0.6791 0.3543, 7.2636 0.7776 0.3543, 7.1159 0.6594 0.947, 7.1159 0.6161 1.1417, 7.1159 0.6161 1.0039, 7.1159 0.2224 1.1417, 7.1159 0.6182 0.9887, 7.1159 0.2224 0.4724, 7.1159 0.6241 0.9744, 7.1159 0.6334 0.9622, 7.1159 0.257 0.3889, 7.1159 0.2383 0.4134, 7.1159 0.2265 0.4419, 7.1159 0.6457 0.9528, 7.1159 0.31 0.3584, 7.1159 0.2815 0.3702, 7.116 0.6599 0.9469, 7.1162 0.6675 0.9454, 7.6525 0.7776 0.3197, 7.6337 0.7776 0.2953, 7.2942 0.7776 0.9489, 7.3777 0.7776 0.2668, 7.3659 0.7776 0.2953, 7.3471 0.7776 0.3197, 7.6219 0.7776 1.0324, 7.6337 0.7776 1.0039, 7.3659 0.7776 1.0039, 7.6525 0.7776 0.9795, 7.7656 0.7776 0.3543, 7.677 0.7776 0.3385, 7.3226 0.7776 0.9607, 7.7055 0.7776 0.3503, 7.3471 0.7776 0.9795, 7.6179 0.7776 0.2362, 7.6179 0.7776 0.1575, 7.3817 0.7776 0.1575, 7.3226 0.7776 0.3385, 7.2942 0.7776 0.3503, 7.677 0.7776 0.9607, 7.7055 0.7776 0.9489, 7.736 0.7776 0.3543, 7.3777 0.7776 1.0324, 7.3817 0.7776 1.063, 7.6179 0.7776 1.063, 7.6179 0.7776 2.2146, 7.6219 0.7776 0.2668, 7.3817 0.7776 0.2362, 7.3817 0.7776 2.2146, 7.3857 0.7776 2.2451, 7.6139 0.7776 2.2451, 7.3975 0.7776 2.2736, 7.4692 0.7776 2.3287, 7.4998 0.7776 2.3327, 7.5304 0.7776 2.3287, 7.4163 0.7776 2.2981, 7.4407 0.7776 2.3169, 7.6021 0.7776 2.2736, 7.5833 0.7776 2.2981, 7.5589 0.7776 2.3169, 7.8837 0.6594 0.3543, 7.8834 0.6675 0.9454, 7.8837 0.6599 0.9469, 7.8837 0.6594 0.947, 7.8796 0.69 0.3543, 7.8678 0.7185 0.3543, 7.8491 0.743 0.3543, 7.8246 0.7617 0.3543, 7.7961 0.7735 0.3543, 7.8837 0.3406 0.3543, 7.8837 0.6457 0.9528, 7.8837 0.6161 1.1417, 7.8837 0.2224 1.1417, 7.8837 0.6161 1.0039, 7.8837 0.6182 0.9887, 7.8837 0.6241 0.9744, 7.8837 0.2224 0.4724, 7.8837 0.6334 0.9622, 7.8837 0.2265 0.4419, 7.8837 0.2383 0.4134, 7.8837 0.257 0.3889, 7.8837 0.2815 0.3702, 7.8837 0.31 0.3584, 7.7852 0.2224 0.4724, 7.7852 0.2224 1.1417, 7.7835 0.2224 1.1572, 7.8794 0.2224 1.1794, 7.7762 0.2224 1.1886, 7.8772 0.2224 1.1886, 7.7852 0.6161 1.1417, 7.7852 0.6161 1.0039, 7.7852 0.6182 0.9887, 7.7852 0.6594 0.947, 7.7852 0.6594 0.3543, 7.7852 0.3406 0.3543, 7.7852 0.257 0.3889, 7.7852 0.2383 0.4134, 7.7852 0.6334 0.9622, 7.7852 0.6457 0.9528, 7.7852 0.31 0.3584, 7.7852 0.2815 0.3702, 7.7852 0.6241 0.9744, 7.7852 0.2265 0.4419, 7.7656 0.6791 0.3543, 7.7699 0.6786 0.3543, 7.7741 0.6772 0.3543, 7.7778 0.6748 0.9449, 7.7778 0.6748 0.3543, 7.7809 0.6717 0.3543, 7.7809 0.6717 0.945, 7.7833 0.668 0.3543, 7.7833 0.668 0.9453, 7.7847 0.6638 0.3543, 7.7847 0.6638 0.946, 7.7852 0.6599 0.9469, 7.3471 0.6791 0.3197, 7.3659 0.6791 0.2953, 7.6337 0.6791 0.2953, 7.3777 0.6791 0.2668, 7.6525 0.6791 0.9795, 7.6337 0.6791 1.0039, 7.3659 0.6791 1.0039, 7.6219 0.6791 1.0324, 7.7055 0.6791 0.3503, 7.3471 0.6791 0.9795, 7.677 0.6791 0.3385, 7.3226 0.6791 0.9607, 7.6525 0.6791 0.3197, 7.2942 0.6791 0.9489, 7.3817 0.6791 0.1575, 7.6179 0.6791 0.1575, 7.3817 0.6791 0.2362, 7.6179 0.6791 0.2362, 7.6219 0.6791 0.2668, 7.736 0.6791 0.3543, 7.7055 0.6791 0.9489, 7.677 0.6791 0.9607, 7.2942 0.6791 0.3503, 7.3226 0.6791 0.3385, 7.6179 0.6791 2.1704, 7.3817 0.6791 2.1704, 7.6179 0.6791 1.063, 7.3817 0.6791 1.063, 7.3777 0.6791 1.0324, 7.215 0.6645 0.9459, 7.2144 0.6599 0.9469, 7.2144 0.6594 0.947, 7.2201 0.6734 0.9449, 7.2184 0.6714 0.945, 7.217 0.6693 0.9452, 7.2159 0.667 0.9455, 7.2144 0.6161 1.0039, 7.2144 0.6161 1.1417, 7.2144 0.2224 1.1417, 7.2144 0.2224 0.4724, 7.2144 0.6334 0.9622, 7.2144 0.6241 0.9744, 7.2144 0.6457 0.9528, 7.2144 0.31 0.3584, 7.2144 0.6182 0.9887, 7.2144 0.2265 0.4419, 7.2144 0.2383 0.4134, 7.2144 0.257 0.3889, 7.2144 0.2815 0.3702, 7.2234 0.2224 1.1886, 7.1224 0.2224 1.1886, 7.2161 0.2224 1.1572, 7.1202 0.2224 1.1794, 7.6179 0.8366 0.0984, 7.3817 0.8366 0.0984, 7.6179 0.8213 0.1004, 7.3817 0.8213 0.1004, 7.6179 0.8071 0.1063, 7.3817 0.8071 0.1063, 7.6179 0.7949 0.1157, 7.3817 0.7949 0.1157, 7.6179 0.7855 0.128, 7.3817 0.7855 0.128, 7.6179 0.7796 0.1422, 7.3817 0.7796 0.1422, 7.6021 1.3189 0.0984, 7.5833 1.3434 0.0984, 7.3857 1.2904 0.0984, 7.3817 1.2598 0.0984, 7.6179 1.2598 0.0984, 7.6139 1.2904 0.0984, 7.5304 1.3739 0.0984, 7.4998 1.378 0.0984, 7.4692 1.3739 0.0984, 7.4407 1.3621 0.0984, 7.4163 1.3434 0.0984, 7.3975 1.3189 0.0984, 7.5589 1.3621 0.0984, 7.6179 1.2598 0.0, 7.6179 0.8366 0.0, 7.3817 0.8366 0.0, 7.3817 1.2598 0.0, 7.3857 1.2904 0.0, 7.6139 1.2904 0.0, 7.6021 1.3189 0.0, 7.4163 1.3434 0.0, 7.4407 1.3621 0.0, 7.5833 1.3434 0.0, 7.4692 1.3739 0.0, 7.3975 1.3189 0.0, 7.4998 1.378 0.0, 7.5304 1.3739 0.0, 7.5589 1.3621 0.0, 7.3817 0.6845 0.1167, 7.6179 0.6845 0.1167, 7.3817 0.7002 0.0787, 7.6179 0.7002 0.0787, 7.3817 0.7253 0.0461, 7.6179 0.7253 0.0461, 7.3817 0.7579 0.0211, 7.6179 0.7579 0.0211, 7.3817 0.7959 0.0054, 7.6179 0.7959 0.0054, 7.6179 0.6952 2.2146, 7.3817 0.6952 2.2146, 7.6139 0.7063 2.2451, 7.6021 0.7167 2.2736, 7.5833 0.7256 2.2981, 7.5717 0.7293 2.3083, 7.3857 0.7063 2.2451, 7.3975 0.7167 2.2736, 7.4546 0.7349 2.3237, 7.4407 0.7324 2.3169, 7.5589 0.7324 2.3169, 7.4279 0.7293 2.3083, 7.4163 0.7256 2.2981, 7.545 0.7349 2.3237, 7.5304 0.7367 2.3287, 7.4692 0.7367 2.3287, 7.5152 0.7378 2.3317, 7.4844 0.7378 2.3317, 7.4998 0.7382 2.3327, 7.6894 0.4142 2.3298, 7.5983 0.2961 2.0795, 7.649 0.2961 2.2188, 7.5983 0.6161 2.0795, 7.6894 0.498 2.3298, 7.649 0.6161 2.2188, 7.6594 0.3001 2.2476, 7.6692 0.3119 2.2743, 7.688 0.3836 2.326, 7.6775 0.3307 2.2973, 7.684 0.3552 2.315, 7.6775 0.5815 2.2973, 7.684 0.5571 2.315, 7.688 0.5286 2.326, 7.6692 0.6003 2.2743, 7.6594 0.6121 2.2476, 7.5925 0.6161 1.9846, 7.5925 0.2961 1.9846, 7.5883 0.2961 2.0164, 7.5883 0.6161 2.0164, 7.5902 0.2961 2.0484, 7.5902 0.6161 2.0484, 7.7835 0.6161 1.1572, 7.7212 0.2961 1.4271, 7.7319 0.2906 1.3808, 7.7419 0.2743 1.3371, 7.7655 0.228 1.2349, 7.7554 0.2442 1.2786, 7.8794 0.6161 1.1794, 7.6884 0.6161 2.0068, 7.6884 0.2961 2.0068, 7.8222 0.2961 1.4271, 7.8329 0.2906 1.3808, 7.843 0.2743 1.3371, 7.8565 0.2442 1.2786, 7.8665 0.228 1.2349, 7.6907 0.6161 2.0458, 7.6907 0.2961 2.0458, 7.6874 0.6161 2.033, 7.6874 0.2961 2.033, 7.6866 0.6161 2.0198, 7.6866 0.2961 2.0198, 7.7819 0.498 2.2962, 7.7819 0.4142 2.2962, 7.7415 0.2961 2.1852, 7.7805 0.3836 2.2924, 7.7765 0.3552 2.2813, 7.77 0.3307 2.2637, 7.7617 0.3119 2.2407, 7.7519 0.3001 2.2139, 7.7415 0.6161 2.1852, 7.7519 0.6121 2.2139, 7.7617 0.6003 2.2407, 7.77 0.5815 2.2637, 7.7765 0.5571 2.2813, 7.7805 0.5286 2.2924, 7.2161 0.6161 1.1572, 7.4072 0.6161 1.9846, 7.4072 0.2961 1.9846, 7.2784 0.2961 1.4271, 7.2678 0.2906 1.3808, 7.2577 0.2743 1.3371, 7.2442 0.2442 1.2786, 7.2341 0.228 1.2349, 7.4013 0.6161 2.0795, 7.4013 0.2961 2.0795, 7.4094 0.2961 2.0484, 7.4094 0.6161 2.0484, 7.4113 0.2961 2.0164, 7.4113 0.6161 2.0164, 7.3506 0.2961 2.2188, 7.3506 0.6161 2.2188, 7.3116 0.5286 2.326, 7.3102 0.498 2.3298, 7.3304 0.6003 2.2743, 7.3221 0.5815 2.2973, 7.3156 0.5571 2.315, 7.3102 0.4142 2.3298, 7.3116 0.3836 2.326, 7.3156 0.3552 2.315, 7.3221 0.3307 2.2973, 7.3402 0.3001 2.2476, 7.3304 0.3119 2.2743, 7.3402 0.6121 2.2476, 7.2177 0.498 2.2962, 7.2177 0.4142 2.2962, 7.3089 0.6161 2.0458, 7.3089 0.2961 2.0458, 7.2581 0.6161 2.1852, 7.2581 0.2961 2.1852, 7.2232 0.5571 2.2813, 7.2296 0.5815 2.2637, 7.2379 0.6003 2.2407, 7.2191 0.3836 2.2924, 7.2232 0.3552 2.2813, 7.2191 0.5286 2.2924, 7.2477 0.6121 2.2139, 7.2477 0.3001 2.2139, 7.2379 0.3119 2.2407, 7.2296 0.3307 2.2637, 7.3112 0.6161 2.0068, 7.3112 0.2961 2.0068, 7.313 0.6161 2.0198, 7.313 0.2961 2.0198, 7.3122 0.6161 2.033, 7.3122 0.2961 2.033, 7.1202 0.6161 1.1794, 7.1774 0.2961 1.4271, 7.1667 0.2906 1.3808, 7.1566 0.2743 1.3371, 7.1331 0.228 1.2349, 7.1432 0.2442 1.2786, 7.8837 0.6599 0.9469, 6.12 0.69 0.9449, 6.117 0.6752 0.9449, 6.2222 0.6752 0.9449, 6.1318 0.7185 0.9449, 6.2636 0.6791 0.9449, 6.2636 0.7776 0.9449, 6.2341 0.6791 0.9449, 6.2341 0.7776 0.9449, 6.229 0.6785 0.9449, 6.2035 0.7735 0.9449, 6.2242 0.6765 0.9449, 6.175 0.7617 0.9449, 6.1505 0.743 0.9449, 6.7774 0.6752 0.9449, 6.8826 0.6752 0.9449, 6.8796 0.69 0.9449, 6.736 0.7776 0.9449, 6.736 0.6791 0.9449, 6.7656 0.7776 0.9449, 6.7656 0.6791 0.9449, 6.7961 0.7735 0.9449, 6.7699 0.6786 0.9449, 6.8246 0.7617 0.9449, 6.7741 0.6772 0.9449, 6.8491 0.743 0.9449, 6.8678 0.7185 0.9449, 6.2144 0.3406 0.3543, 6.1159 0.3406 0.3543, 6.2144 0.6594 0.3543, 6.1159 0.6594 0.3543, 6.215 0.6645 0.3543, 6.12 0.69 0.3543, 6.217 0.6693 0.3543, 6.1318 0.7185 0.3543, 6.2201 0.6734 0.3543, 6.1505 0.743 0.3543, 6.2242 0.6765 0.3543, 6.175 0.7617 0.3543, 6.229 0.6785 0.3543, 6.2035 0.7735 0.3543, 6.2341 0.6791 0.3543, 6.2341 0.7776 0.3543, 6.2636 0.6791 0.3543, 6.2636 0.7776 0.3543, 6.1159 0.6594 0.947, 6.1159 0.6161 1.1417, 6.1159 0.6161 1.0039, 6.1159 0.2224 1.1417, 6.1159 0.6182 0.9887, 6.1159 0.2224 0.4724, 6.1159 0.6241 0.9744, 6.1159 0.6334 0.9622, 6.1159 0.257 0.3889, 6.1159 0.2383 0.4134, 6.1159 0.2265 0.4419, 6.1159 0.6457 0.9528, 6.1159 0.31 0.3584, 6.1159 0.2815 0.3702, 6.116 0.6599 0.9469, 6.1162 0.6675 0.9454, 6.6525 0.7776 0.3197, 6.6337 0.7776 0.2953, 6.2942 0.7776 0.9489, 6.3777 0.7776 0.2668, 6.3659 0.7776 0.2953, 6.3471 0.7776 0.3197, 6.6219 0.7776 1.0324, 6.6337 0.7776 1.0039, 6.3659 0.7776 1.0039, 6.6525 0.7776 0.9795, 6.7656 0.7776 0.3543, 6.677 0.7776 0.3385, 6.3226 0.7776 0.9607, 6.7055 0.7776 0.3503, 6.3471 0.7776 0.9795, 6.6179 0.7776 0.2362, 6.6179 0.7776 0.1575, 6.3817 0.7776 0.1575, 6.3226 0.7776 0.3385, 6.2942 0.7776 0.3503, 6.677 0.7776 0.9607, 6.7055 0.7776 0.9489, 6.736 0.7776 0.3543, 6.3777 0.7776 1.0324, 6.3817 0.7776 1.063, 6.6179 0.7776 1.063, 6.6179 0.7776 2.2146, 6.6219 0.7776 0.2668, 6.3817 0.7776 0.2362, 6.3817 0.7776 2.2146, 6.3857 0.7776 2.2451, 6.6139 0.7776 2.2451, 6.3975 0.7776 2.2736, 6.4692 0.7776 2.3287, 6.4998 0.7776 2.3327, 6.5304 0.7776 2.3287, 6.4163 0.7776 2.2981, 6.4407 0.7776 2.3169, 6.6021 0.7776 2.2736, 6.5833 0.7776 2.2981, 6.5589 0.7776 2.3169, 6.8837 0.6594 0.3543, 6.8834 0.6675 0.9454, 6.8837 0.6599 0.9469, 6.8837 0.6594 0.947, 6.8796 0.69 0.3543, 6.8678 0.7185 0.3543, 6.8491 0.743 0.3543, 6.8246 0.7617 0.3543, 6.7961 0.7735 0.3543, 6.8837 0.3406 0.3543, 6.8837 0.6457 0.9528, 6.8837 0.6161 1.1417, 6.8837 0.2224 1.1417, 6.8837 0.6161 1.0039, 6.8837 0.6182 0.9887, 6.8837 0.6241 0.9744, 6.8837 0.2224 0.4724, 6.8837 0.6334 0.9622, 6.8837 0.2265 0.4419, 6.8837 0.2383 0.4134, 6.8837 0.257 0.3889, 6.8837 0.2815 0.3702, 6.8837 0.31 0.3584, 6.7852 0.2224 0.4724, 6.7852 0.2224 1.1417, 6.7835 0.2224 1.1572, 6.8794 0.2224 1.1794, 6.7762 0.2224 1.1886, 6.8772 0.2224 1.1886, 6.7852 0.6161 1.1417, 6.7852 0.6161 1.0039, 6.7852 0.6182 0.9887, 6.7852 0.6594 0.947, 6.7852 0.6594 0.3543, 6.7852 0.3406 0.3543, 6.7852 0.257 0.3889, 6.7852 0.2383 0.4134, 6.7852 0.6334 0.9622, 6.7852 0.6457 0.9528, 6.7852 0.31 0.3584, 6.7852 0.2815 0.3702, 6.7852 0.6241 0.9744, 6.7852 0.2265 0.4419, 6.7656 0.6791 0.3543, 6.7699 0.6786 0.3543, 6.7741 0.6772 0.3543, 6.7778 0.6748 0.9449, 6.7778 0.6748 0.3543, 6.7809 0.6717 0.3543, 6.7809 0.6717 0.945, 6.7833 0.668 0.3543, 6.7833 0.668 0.9453, 6.7847 0.6638 0.3543, 6.7847 0.6638 0.946, 6.7852 0.6599 0.9469, 6.3471 0.6791 0.3197, 6.3659 0.6791 0.2953, 6.6337 0.6791 0.2953, 6.3777 0.6791 0.2668, 6.6525 0.6791 0.9795, 6.6337 0.6791 1.0039, 6.3659 0.6791 1.0039, 6.6219 0.6791 1.0324, 6.7055 0.6791 0.3503, 6.3471 0.6791 0.9795, 6.677 0.6791 0.3385, 6.3226 0.6791 0.9607, 6.6525 0.6791 0.3197, 6.2942 0.6791 0.9489, 6.3817 0.6791 0.1575, 6.6179 0.6791 0.1575, 6.3817 0.6791 0.2362, 6.6179 0.6791 0.2362, 6.6219 0.6791 0.2668, 6.736 0.6791 0.3543, 6.7055 0.6791 0.9489, 6.677 0.6791 0.9607, 6.2942 0.6791 0.3503, 6.3226 0.6791 0.3385, 6.6179 0.6791 2.1704, 6.3817 0.6791 2.1704, 6.6179 0.6791 1.063, 6.3817 0.6791 1.063, 6.3777 0.6791 1.0324, 6.215 0.6645 0.9459, 6.2144 0.6599 0.9469, 6.2144 0.6594 0.947, 6.2201 0.6734 0.9449, 6.2184 0.6714 0.945, 6.217 0.6693 0.9452, 6.2159 0.667 0.9455, 6.2144 0.6161 1.0039, 6.2144 0.6161 1.1417, 6.2144 0.2224 1.1417, 6.2144 0.2224 0.4724, 6.2144 0.6334 0.9622, 6.2144 0.6241 0.9744, 6.2144 0.6457 0.9528, 6.2144 0.31 0.3584, 6.2144 0.6182 0.9887, 6.2144 0.2265 0.4419, 6.2144 0.2383 0.4134, 6.2144 0.257 0.3889, 6.2144 0.2815 0.3702, 6.2234 0.2224 1.1886, 6.1224 0.2224 1.1886, 6.2161 0.2224 1.1572, 6.1202 0.2224 1.1794, 6.6179 0.8366 0.0984, 6.3817 0.8366 0.0984, 6.6179 0.8213 0.1004, 6.3817 0.8213 0.1004, 6.6179 0.8071 0.1063, 6.3817 0.8071 0.1063, 6.6179 0.7949 0.1157, 6.3817 0.7949 0.1157, 6.6179 0.7855 0.128, 6.3817 0.7855 0.128, 6.6179 0.7796 0.1422, 6.3817 0.7796 0.1422, 6.6021 1.3189 0.0984, 6.5833 1.3434 0.0984, 6.3857 1.2904 0.0984, 6.3817 1.2598 0.0984, 6.6179 1.2598 0.0984, 6.6139 1.2904 0.0984, 6.5304 1.3739 0.0984, 6.4998 1.378 0.0984, 6.4692 1.3739 0.0984, 6.4407 1.3621 0.0984, 6.4163 1.3434 0.0984, 6.3975 1.3189 0.0984, 6.5589 1.3621 0.0984, 6.6179 1.2598 0.0, 6.6179 0.8366 0.0, 6.3817 0.8366 0.0, 6.3817 1.2598 0.0, 6.3857 1.2904 0.0, 6.6139 1.2904 0.0, 6.6021 1.3189 0.0, 6.4163 1.3434 0.0, 6.4407 1.3621 0.0, 6.5833 1.3434 0.0, 6.4692 1.3739 0.0, 6.3975 1.3189 0.0, 6.4998 1.378 0.0, 6.5304 1.3739 0.0, 6.5589 1.3621 0.0, 6.3817 0.6845 0.1167, 6.6179 0.6845 0.1167, 6.3817 0.7002 0.0787, 6.6179 0.7002 0.0787, 6.3817 0.7253 0.0461, 6.6179 0.7253 0.0461, 6.3817 0.7579 0.0211, 6.6179 0.7579 0.0211, 6.3817 0.7959 0.0054, 6.6179 0.7959 0.0054, 6.6179 0.6952 2.2146, 6.3817 0.6952 2.2146, 6.6139 0.7063 2.2451, 6.6021 0.7167 2.2736, 6.5833 0.7256 2.2981, 6.5717 0.7293 2.3083, 6.3857 0.7063 2.2451, 6.3975 0.7167 2.2736, 6.4546 0.7349 2.3237, 6.4407 0.7324 2.3169, 6.5589 0.7324 2.3169, 6.4279 0.7293 2.3083, 6.4163 0.7256 2.2981, 6.545 0.7349 2.3237, 6.5304 0.7367 2.3287, 6.4692 0.7367 2.3287, 6.5152 0.7378 2.3317, 6.4844 0.7378 2.3317, 6.4998 0.7382 2.3327, 6.6894 0.4142 2.3298, 6.5983 0.2961 2.0795, 6.649 0.2961 2.2188, 6.5983 0.6161 2.0795, 6.6894 0.498 2.3298, 6.649 0.6161 2.2188, 6.6594 0.3001 2.2476, 6.6692 0.3119 2.2743, 6.688 0.3836 2.326, 6.6775 0.3307 2.2973, 6.684 0.3552 2.315, 6.6775 0.5815 2.2973, 6.684 0.5571 2.315, 6.688 0.5286 2.326, 6.6692 0.6003 2.2743, 6.6594 0.6121 2.2476, 6.5925 0.6161 1.9846, 6.5925 0.2961 1.9846, 6.5883 0.2961 2.0164, 6.5883 0.6161 2.0164, 6.5902 0.2961 2.0484, 6.5902 0.6161 2.0484, 6.7835 0.6161 1.1572, 6.7212 0.2961 1.4271, 6.7319 0.2906 1.3808, 6.7419 0.2743 1.3371, 6.7655 0.228 1.2349, 6.7554 0.2442 1.2786, 6.8794 0.6161 1.1794, 6.6884 0.6161 2.0068, 6.6884 0.2961 2.0068, 6.8222 0.2961 1.4271, 6.8329 0.2906 1.3808, 6.843 0.2743 1.3371, 6.8565 0.2442 1.2786, 6.8665 0.228 1.2349, 6.6907 0.6161 2.0458, 6.6907 0.2961 2.0458, 6.6874 0.6161 2.033, 6.6874 0.2961 2.033, 6.6866 0.6161 2.0198, 6.6866 0.2961 2.0198, 6.7819 0.498 2.2962, 6.7819 0.4142 2.2962, 6.7415 0.2961 2.1852, 6.7805 0.3836 2.2924, 6.7765 0.3552 2.2813, 6.77 0.3307 2.2637, 6.7617 0.3119 2.2407, 6.7519 0.3001 2.2139, 6.7415 0.6161 2.1852, 6.7519 0.6121 2.2139, 6.7617 0.6003 2.2407, 6.77 0.5815 2.2637, 6.7765 0.5571 2.2813, 6.7805 0.5286 2.2924, 6.2161 0.6161 1.1572, 6.4072 0.6161 1.9846, 6.4072 0.2961 1.9846, 6.2784 0.2961 1.4271, 6.2678 0.2906 1.3808, 6.2577 0.2743 1.3371, 6.2442 0.2442 1.2786, 6.2341 0.228 1.2349, 6.4014 0.6161 2.0795, 6.4014 0.2961 2.0795, 6.4094 0.2961 2.0484, 6.4094 0.6161 2.0484, 6.4113 0.2961 2.0164, 6.4113 0.6161 2.0164, 6.3506 0.2961 2.2188, 6.3506 0.6161 2.2188, 6.3116 0.5286 2.326, 6.3102 0.498 2.3298, 6.3304 0.6003 2.2743, 6.3221 0.5815 2.2973, 6.3156 0.5571 2.315, 6.3102 0.4142 2.3298, 6.3116 0.3836 2.326, 6.3156 0.3552 2.315, 6.3221 0.3307 2.2973, 6.3402 0.3001 2.2476, 6.3304 0.3119 2.2743, 6.3402 0.6121 2.2476, 6.2177 0.498 2.2962, 6.2177 0.4142 2.2962, 6.3089 0.6161 2.0458, 6.3089 0.2961 2.0458, 6.2581 0.6161 2.1852, 6.2581 0.2961 2.1852, 6.2232 0.5571 2.2813, 6.2296 0.5815 2.2637, 6.2379 0.6003 2.2407, 6.2191 0.3836 2.2924, 6.2232 0.3552 2.2813, 6.2191 0.5286 2.2924, 6.2477 0.6121 2.2139, 6.2477 0.3001 2.2139, 6.2379 0.3119 2.2407, 6.2296 0.3307 2.2637, 6.3112 0.6161 2.0068, 6.3112 0.2961 2.0068, 6.313 0.6161 2.0198, 6.313 0.2961 2.0198, 6.3122 0.6161 2.033, 6.3122 0.2961 2.033, 6.1202 0.6161 1.1794, 6.1774 0.2961 1.4271, 6.1667 0.2906 1.3808, 6.1566 0.2743 1.3371, 6.1331 0.228 1.2349, 6.1432 0.2442 1.2786, 6.8837 0.6599 0.9469, 5.12 0.69 0.9449, 5.117 0.6752 0.9449, 5.2222 0.6752 0.9449, 5.1318 0.7185 0.9449, 5.2636 0.6791 0.9449, 5.2636 0.7776 0.9449, 5.2341 0.6791 0.9449, 5.2341 0.7776 0.9449, 5.229 0.6785 0.9449, 5.2035 0.7735 0.9449, 5.2242 0.6765 0.9449, 5.175 0.7617 0.9449, 5.1505 0.743 0.9449, 5.7774 0.6752 0.9449, 5.8826 0.6752 0.9449, 5.8796 0.69 0.9449, 5.736 0.7776 0.9449, 5.736 0.6791 0.9449, 5.7656 0.7776 0.9449, 5.7656 0.6791 0.9449, 5.7961 0.7735 0.9449, 5.7699 0.6786 0.9449, 5.8246 0.7617 0.9449, 5.7741 0.6772 0.9449, 5.8491 0.743 0.9449, 5.8678 0.7185 0.9449, 5.2144 0.3406 0.3543, 5.1159 0.3406 0.3543, 5.2144 0.6594 0.3543, 5.1159 0.6594 0.3543, 5.215 0.6645 0.3543, 5.12 0.69 0.3543, 5.217 0.6693 0.3543, 5.1318 0.7185 0.3543, 5.2201 0.6734 0.3543, 5.1505 0.743 0.3543, 5.2242 0.6765 0.3543, 5.175 0.7617 0.3543, 5.229 0.6785 0.3543, 5.2035 0.7735 0.3543, 5.2341 0.6791 0.3543, 5.2341 0.7776 0.3543, 5.2636 0.6791 0.3543, 5.2636 0.7776 0.3543, 5.1159 0.6594 0.947, 5.1159 0.6161 1.1417, 5.1159 0.6161 1.0039, 5.1159 0.2224 1.1417, 5.1159 0.6182 0.9887, 5.1159 0.2224 0.4724, 5.1159 0.6241 0.9744, 5.1159 0.6334 0.9622, 5.1159 0.257 0.3889, 5.1159 0.2383 0.4134, 5.1159 0.2265 0.4419, 5.1159 0.6457 0.9528, 5.1159 0.31 0.3584, 5.1159 0.2815 0.3702, 5.116 0.6599 0.9469, 5.1162 0.6675 0.9454, 5.2942 0.7776 0.9489, 5.6219 0.7776 1.0324, 5.6337 0.7776 1.0039, 5.3471 0.7776 0.3197, 5.3226 0.7776 0.9607, 5.3471 0.7776 0.9795, 5.3659 0.7776 1.0039, 5.3777 0.7776 1.0324, 5.3817 0.7776 1.063, 5.6179 0.7776 1.063, 5.6139 0.7776 2.2451, 5.6179 0.7776 2.2146, 5.3975 0.7776 2.2736, 5.3777 0.7776 0.2668, 5.6525 0.7776 0.3197, 5.6337 0.7776 0.2953, 5.3659 0.7776 0.2953, 5.7055 0.7776 0.3503, 5.677 0.7776 0.3385, 5.6525 0.7776 0.9795, 5.2942 0.7776 0.3503, 5.6179 0.7776 0.2362, 5.6179 0.7776 0.1575, 5.3817 0.7776 0.1575, 5.3226 0.7776 0.3385, 5.677 0.7776 0.9607, 5.7055 0.7776 0.9489, 5.3857 0.7776 2.2451, 5.6219 0.7776 0.2668, 5.3817 0.7776 0.2362, 5.3817 0.7776 2.2146, 5.736 0.7776 0.3543, 5.7656 0.7776 0.3543, 5.4692 0.7776 2.3287, 5.4407 0.7776 2.3169, 5.4163 0.7776 2.2981, 5.4998 0.7776 2.3327, 5.5304 0.7776 2.3287, 5.5589 0.7776 2.3169, 5.5833 0.7776 2.2981, 5.6021 0.7776 2.2736, 5.8837 0.6594 0.3543, 5.8834 0.6675 0.9454, 5.8837 0.6599 0.9469, 5.8837 0.6594 0.947, 5.8796 0.69 0.3543, 5.8678 0.7185 0.3543, 5.8491 0.743 0.3543, 5.8246 0.7617 0.3543, 5.7961 0.7735 0.3543, 5.8837 0.3406 0.3543, 5.8837 0.6457 0.9528, 5.8837 0.6161 1.1417, 5.8837 0.2224 1.1417, 5.8837 0.6161 1.0039, 5.8837 0.6182 0.9887, 5.8837 0.6241 0.9744, 5.8837 0.2224 0.4724, 5.8837 0.6334 0.9622, 5.8837 0.2265 0.4419, 5.8837 0.2383 0.4134, 5.8837 0.257 0.3889, 5.8837 0.2815 0.3702, 5.8837 0.31 0.3584, 5.7852 0.2224 0.4724, 5.7852 0.2224 1.1417, 5.7835 0.2224 1.1572, 5.8794 0.2224 1.1794, 5.7762 0.2224 1.1886, 5.8772 0.2224 1.1886, 5.7852 0.6161 1.1417, 5.7852 0.6161 1.0039, 5.7852 0.6182 0.9887, 5.7852 0.6594 0.947, 5.7852 0.6594 0.3543, 5.7852 0.3406 0.3543, 5.7852 0.257 0.3889, 5.7852 0.2383 0.4134, 5.7852 0.6334 0.9622, 5.7852 0.6457 0.9528, 5.7852 0.31 0.3584, 5.7852 0.2815 0.3702, 5.7852 0.6241 0.9744, 5.7852 0.2265 0.4419, 5.7656 0.6791 0.3543, 5.7699 0.6786 0.3543, 5.7741 0.6772 0.3543, 5.7778 0.6748 0.9449, 5.7778 0.6748 0.3543, 5.7809 0.6717 0.3543, 5.7809 0.6717 0.945, 5.7833 0.668 0.3543, 5.7833 0.668 0.9453, 5.7847 0.6638 0.3543, 5.7847 0.6638 0.946, 5.7852 0.6599 0.9469, 5.6219 0.6791 0.2668, 5.3471 0.6791 0.3197, 5.3659 0.6791 0.2953, 5.3777 0.6791 1.0324, 5.6525 0.6791 0.9795, 5.6337 0.6791 1.0039, 5.3817 0.6791 0.2362, 5.3817 0.6791 0.1575, 5.6179 0.6791 0.1575, 5.6179 0.6791 1.063, 5.6179 0.6791 2.1704, 5.3817 0.6791 2.1704, 5.3659 0.6791 1.0039, 5.7055 0.6791 0.3503, 5.3471 0.6791 0.9795, 5.677 0.6791 0.3385, 5.3226 0.6791 0.9607, 5.6525 0.6791 0.3197, 5.2942 0.6791 0.9489, 5.6337 0.6791 0.2953, 5.3777 0.6791 0.2668, 5.6179 0.6791 0.2362, 5.6219 0.6791 1.0324, 5.3817 0.6791 1.063, 5.736 0.6791 0.3543, 5.7055 0.6791 0.9489, 5.677 0.6791 0.9607, 5.2942 0.6791 0.3503, 5.3226 0.6791 0.3385, 5.215 0.6645 0.9459, 5.2144 0.6599 0.9469, 5.2144 0.6594 0.947, 5.2201 0.6734 0.9449, 5.2184 0.6714 0.945, 5.217 0.6693 0.9452, 5.2159 0.667 0.9455, 5.2144 0.6161 1.0039, 5.2144 0.6161 1.1417, 5.2144 0.2224 1.1417, 5.2144 0.2224 0.4724, 5.2144 0.6334 0.9622, 5.2144 0.6241 0.9744, 5.2144 0.6457 0.9528, 5.2144 0.31 0.3584, 5.2144 0.6182 0.9887, 5.2144 0.2265 0.4419, 5.2144 0.2383 0.4134, 5.2144 0.257 0.3889, 5.2144 0.2815 0.3702, 5.2234 0.2224 1.1886, 5.1224 0.2224 1.1886, 5.2161 0.2224 1.1572, 5.1202 0.2224 1.1794, 5.6179 0.8366 0.0984, 5.3817 0.8366 0.0984, 5.6179 0.8213 0.1004, 5.3817 0.8213 0.1004, 5.6179 0.8071 0.1063, 5.3817 0.8071 0.1063, 5.6179 0.7949 0.1157, 5.3817 0.7949 0.1157, 5.6179 0.7855 0.128, 5.3817 0.7855 0.128, 5.6179 0.7796 0.1422, 5.3817 0.7796 0.1422, 5.3817 1.2598 0.0984, 5.6179 1.2598 0.0984, 5.3857 1.2904 0.0984, 5.3975 1.3189 0.0984, 5.6139 1.2904 0.0984, 5.6021 1.3189 0.0984, 5.5304 1.3739 0.0984, 5.4998 1.378 0.0984, 5.5589 1.3621 0.0984, 5.4692 1.3739 0.0984, 5.4407 1.3621 0.0984, 5.5833 1.3434 0.0984, 5.4163 1.3434 0.0984, 5.6179 1.2598 0.0, 5.6179 0.8366 0.0, 5.3817 0.8366 0.0, 5.3817 1.2598 0.0, 5.3857 1.2904 0.0, 5.3975 1.3189 0.0, 5.4163 1.3434 0.0, 5.6021 1.3189 0.0, 5.6139 1.2904 0.0, 5.5304 1.3739 0.0, 5.5589 1.3621 0.0, 5.4998 1.378 0.0, 5.4692 1.3739 0.0, 5.4407 1.3621 0.0, 5.5833 1.3434 0.0, 5.3817 0.6845 0.1167, 5.6179 0.6845 0.1167, 5.3817 0.7002 0.0787, 5.6179 0.7002 0.0787, 5.3817 0.7253 0.0461, 5.6179 0.7253 0.0461, 5.3817 0.7579 0.0211, 5.6179 0.7579 0.0211, 5.3817 0.7959 0.0054, 5.6179 0.7959 0.0054, 5.6179 0.6952 2.2146, 5.3817 0.6952 2.2146, 5.4407 0.7324 2.3169, 5.4279 0.7293 2.3083, 5.5589 0.7324 2.3169, 5.6139 0.7063 2.2451, 5.6021 0.7167 2.2736, 5.5833 0.7256 2.2981, 5.5717 0.7293 2.3083, 5.3857 0.7063 2.2451, 5.3975 0.7167 2.2736, 5.4692 0.7367 2.3287, 5.4546 0.7349 2.3237, 5.5304 0.7367 2.3287, 5.4163 0.7256 2.2981, 5.545 0.7349 2.3237, 5.4844 0.7378 2.3317, 5.5152 0.7378 2.3317, 5.4998 0.7382 2.3327, 5.6894 0.4142 2.3298, 5.5983 0.2961 2.0795, 5.649 0.2961 2.2188, 5.5983 0.6161 2.0795, 5.6894 0.498 2.3298, 5.649 0.6161 2.2188, 5.6692 0.3119 2.2743, 5.6775 0.3307 2.2973, 5.684 0.3552 2.315, 5.6594 0.3001 2.2476, 5.688 0.3836 2.326, 5.684 0.5571 2.315, 5.6775 0.5815 2.2973, 5.6692 0.6003 2.2743, 5.688 0.5286 2.326, 5.6594 0.6121 2.2476, 5.5925 0.6161 1.9846, 5.5925 0.2961 1.9846, 5.5883 0.2961 2.0164, 5.5883 0.6161 2.0164, 5.5902 0.2961 2.0484, 5.5902 0.6161 2.0484, 5.7835 0.6161 1.1572, 5.7212 0.2961 1.4271, 5.7319 0.2906 1.3808, 5.742 0.2743 1.3371, 5.7655 0.228 1.2349, 5.7554 0.2442 1.2786, 5.8794 0.6161 1.1794, 5.6884 0.6161 2.0068, 5.6884 0.2961 2.0068, 5.8222 0.2961 1.4271, 5.8329 0.2906 1.3808, 5.843 0.2743 1.3371, 5.8565 0.2442 1.2786, 5.8665 0.228 1.2349, 5.6907 0.6161 2.0458, 5.6907 0.2961 2.0458, 5.6874 0.6161 2.033, 5.6874 0.2961 2.033, 5.6866 0.6161 2.0198, 5.6866 0.2961 2.0198, 5.7415 0.2961 2.1852, 5.7819 0.4142 2.2962, 5.7805 0.5286 2.2924, 5.7819 0.498 2.2962, 5.7415 0.6161 2.1852, 5.7519 0.6121 2.2139, 5.7617 0.6003 2.2407, 5.77 0.3307 2.2637, 5.7765 0.3552 2.2813, 5.7805 0.3836 2.2924, 5.7617 0.3119 2.2407, 5.7519 0.3001 2.2139, 5.77 0.5815 2.2637, 5.7765 0.5571 2.2813, 5.2161 0.6161 1.1572, 5.4072 0.6161 1.9846, 5.4072 0.2961 1.9846, 5.2784 0.2961 1.4271, 5.2678 0.2906 1.3808, 5.2577 0.2743 1.3371, 5.2442 0.2442 1.2786, 5.2341 0.228 1.2349, 5.4014 0.6161 2.0795, 5.4014 0.2961 2.0795, 5.4094 0.2961 2.0484, 5.4094 0.6161 2.0484, 5.4113 0.2961 2.0164, 5.4113 0.6161 2.0164, 5.3506 0.2961 2.2188, 5.3506 0.6161 2.2188, 5.3402 0.6121 2.2476, 5.3304 0.6003 2.2743, 5.3221 0.5815 2.2973, 5.3156 0.5571 2.315, 5.3304 0.3119 2.2743, 5.3102 0.4142 2.3298, 5.3221 0.3307 2.2973, 5.3116 0.3836 2.326, 5.3156 0.3552 2.315, 5.3116 0.5286 2.326, 5.3102 0.498 2.3298, 5.3402 0.3001 2.2476, 5.2177 0.498 2.2962, 5.2177 0.4142 2.2962, 5.2581 0.6161 2.1852, 5.2191 0.5286 2.2924, 5.2232 0.3552 2.2813, 5.2191 0.3836 2.2924, 5.2296 0.3307 2.2637, 5.2379 0.3119 2.2407, 5.2232 0.5571 2.2813, 5.2296 0.5815 2.2637, 5.2477 0.6121 2.2139, 5.2379 0.6003 2.2407, 5.3089 0.6161 2.0458, 5.3089 0.2961 2.0458, 5.2581 0.2961 2.1852, 5.2477 0.3001 2.2139, 5.3113 0.6161 2.0068, 5.3113 0.2961 2.0068, 5.313 0.6161 2.0198, 5.313 0.2961 2.0198, 5.3122 0.6161 2.033, 5.3122 0.2961 2.033, 5.1202 0.6161 1.1794, 5.1774 0.2961 1.4271, 5.1667 0.2906 1.3808, 5.1566 0.2743 1.3371, 5.1331 0.228 1.2349, 5.1432 0.2442 1.2786, 5.8837 0.6599 0.9469, 4.12 0.69 0.9449, 4.117 0.6752 0.9449, 4.2222 0.6752 0.9449, 4.1318 0.7185 0.9449, 4.2636 0.6791 0.9449, 4.2636 0.7776 0.9449, 4.2341 0.6791 0.9449, 4.2341 0.7776 0.9449, 4.229 0.6785 0.9449, 4.2035 0.7735 0.9449, 4.2242 0.6765 0.9449, 4.175 0.7617 0.9449, 4.1505 0.743 0.9449, 4.7774 0.6752 0.9449, 4.8826 0.6752 0.9449, 4.8796 0.69 0.9449, 4.736 0.7776 0.9449, 4.736 0.6791 0.9449, 4.7656 0.7776 0.9449, 4.7656 0.6791 0.9449, 4.7961 0.7735 0.9449, 4.7699 0.6786 0.9449, 4.8246 0.7617 0.9449, 4.7741 0.6772 0.9449, 4.8491 0.743 0.9449, 4.8678 0.7185 0.9449, 4.2144 0.3406 0.3543, 4.1159 0.3406 0.3543, 4.2144 0.6594 0.3543, 4.1159 0.6594 0.3543, 4.215 0.6645 0.3543, 4.12 0.69 0.3543, 4.217 0.6693 0.3543, 4.1318 0.7185 0.3543, 4.2201 0.6734 0.3543, 4.1505 0.743 0.3543, 4.2242 0.6765 0.3543, 4.175 0.7617 0.3543, 4.229 0.6785 0.3543, 4.2035 0.7735 0.3543, 4.2341 0.6791 0.3543, 4.2341 0.7776 0.3543, 4.2636 0.6791 0.3543, 4.2636 0.7776 0.3543, 4.1159 0.6594 0.947, 4.1159 0.6161 1.1417, 4.1159 0.6161 1.0039, 4.1159 0.2224 1.1417, 4.1159 0.6182 0.9887, 4.1159 0.2224 0.4724, 4.1159 0.6241 0.9744, 4.1159 0.6334 0.9622, 4.1159 0.257 0.3889, 4.1159 0.2383 0.4134, 4.1159 0.2265 0.4419, 4.1159 0.6457 0.9528, 4.1159 0.31 0.3584, 4.1159 0.2815 0.3702, 4.116 0.6599 0.9469, 4.1162 0.6675 0.9454, 4.6525 0.7776 0.9795, 4.6219 0.7776 1.0324, 4.3471 0.7776 0.9795, 4.3659 0.7776 1.0039, 4.3777 0.7776 1.0324, 4.3817 0.7776 1.063, 4.6179 0.7776 1.063, 4.6337 0.7776 1.0039, 4.2942 0.7776 0.9489, 4.3226 0.7776 0.9607, 4.6139 0.7776 2.2451, 4.6179 0.7776 2.2146, 4.3975 0.7776 2.2736, 4.3777 0.7776 0.2668, 4.6525 0.7776 0.3197, 4.6337 0.7776 0.2953, 4.3659 0.7776 0.2953, 4.7055 0.7776 0.3503, 4.677 0.7776 0.3385, 4.6179 0.7776 0.2362, 4.6179 0.7776 0.1575, 4.3817 0.7776 0.1575, 4.3857 0.7776 2.2451, 4.6219 0.7776 0.2668, 4.3817 0.7776 0.2362, 4.3471 0.7776 0.3197, 4.7055 0.7776 0.9489, 4.677 0.7776 0.9607, 4.3226 0.7776 0.3385, 4.2942 0.7776 0.3503, 4.3817 0.7776 2.2146, 4.736 0.7776 0.3543, 4.7656 0.7776 0.3543, 4.4692 0.7776 2.3287, 4.4998 0.7776 2.3327, 4.5304 0.7776 2.3287, 4.4407 0.7776 2.3169, 4.5589 0.7776 2.3169, 4.5833 0.7776 2.2981, 4.6021 0.7776 2.2736, 4.4163 0.7776 2.2981, 4.8837 0.6594 0.3543, 4.8834 0.6675 0.9454, 4.8837 0.6599 0.9469, 4.8837 0.6594 0.947, 4.8796 0.69 0.3543, 4.8678 0.7185 0.3543, 4.8491 0.743 0.3543, 4.8246 0.7617 0.3543, 4.7961 0.7735 0.3543, 4.8837 0.3406 0.3543, 4.8837 0.6457 0.9528, 4.8837 0.6161 1.1417, 4.8837 0.2224 1.1417, 4.8837 0.6161 1.0039, 4.8837 0.6182 0.9887, 4.8837 0.6241 0.9744, 4.8837 0.2224 0.4724, 4.8837 0.6334 0.9622, 4.8837 0.2265 0.4419, 4.8837 0.2383 0.4134, 4.8837 0.257 0.3889, 4.8837 0.2815 0.3702, 4.8837 0.31 0.3584, 4.7852 0.2224 0.4724, 4.7852 0.2224 1.1417, 4.7835 0.2224 1.1572, 4.8794 0.2224 1.1794, 4.7762 0.2224 1.1886, 4.8772 0.2224 1.1886, 4.7852 0.6161 1.1417, 4.7852 0.6161 1.0039, 4.7852 0.6182 0.9887, 4.7852 0.6594 0.947, 4.7852 0.6594 0.3543, 4.7852 0.3406 0.3543, 4.7852 0.257 0.3889, 4.7852 0.2383 0.4134, 4.7852 0.6334 0.9622, 4.7852 0.6457 0.9528, 4.7852 0.31 0.3584, 4.7852 0.2815 0.3702, 4.7852 0.6241 0.9744, 4.7852 0.2265 0.4419, 4.7656 0.6791 0.3543, 4.7699 0.6786 0.3543, 4.7741 0.6772 0.3543, 4.7778 0.6748 0.9449, 4.7778 0.6748 0.3543, 4.7809 0.6717 0.3543, 4.7809 0.6717 0.945, 4.7833 0.668 0.3543, 4.7833 0.668 0.9453, 4.7847 0.6638 0.3543, 4.7847 0.6638 0.946, 4.7852 0.6599 0.9469, 4.6219 0.6791 0.2668, 4.3471 0.6791 0.3197, 4.3659 0.6791 0.2953, 4.7055 0.6791 0.9489, 4.3777 0.6791 1.0324, 4.3659 0.6791 1.0039, 4.736 0.6791 0.3543, 4.3471 0.6791 0.9795, 4.3817 0.6791 0.2362, 4.3817 0.6791 0.1575, 4.6179 0.6791 0.1575, 4.677 0.6791 0.9607, 4.6525 0.6791 0.9795, 4.6337 0.6791 1.0039, 4.3777 0.6791 0.2668, 4.6179 0.6791 0.2362, 4.6179 0.6791 1.063, 4.6179 0.6791 2.1704, 4.3817 0.6791 2.1704, 4.6219 0.6791 1.0324, 4.3817 0.6791 1.063, 4.2942 0.6791 0.9489, 4.2942 0.6791 0.3503, 4.3226 0.6791 0.3385, 4.6337 0.6791 0.2953, 4.6525 0.6791 0.3197, 4.3226 0.6791 0.9607, 4.677 0.6791 0.3385, 4.7055 0.6791 0.3503, 4.215 0.6645 0.9459, 4.2144 0.6599 0.9469, 4.2144 0.6594 0.947, 4.2201 0.6734 0.9449, 4.2184 0.6714 0.945, 4.217 0.6693 0.9452, 4.2159 0.667 0.9455, 4.2144 0.6161 1.0039, 4.2144 0.6161 1.1417, 4.2144 0.2224 1.1417, 4.2144 0.2224 0.4724, 4.2144 0.6334 0.9622, 4.2144 0.6241 0.9744, 4.2144 0.6457 0.9528, 4.2144 0.31 0.3584, 4.2144 0.6182 0.9887, 4.2144 0.2265 0.4419, 4.2144 0.2383 0.4134, 4.2144 0.257 0.3889, 4.2144 0.2815 0.3702, 4.2234 0.2224 1.1886, 4.1224 0.2224 1.1886, 4.2161 0.2224 1.1572, 4.1202 0.2224 1.1794, 4.6179 0.8366 0.0984, 4.3817 0.8366 0.0984, 4.6179 0.8213 0.1004, 4.3817 0.8213 0.1004, 4.6179 0.8071 0.1063, 4.3817 0.8071 0.1063, 4.6179 0.7949 0.1157, 4.3817 0.7949 0.1157, 4.6179 0.7855 0.128, 4.3817 0.7855 0.128, 4.6179 0.7796 0.1422, 4.3817 0.7796 0.1422, 4.3817 1.2598 0.0984, 4.6179 1.2598 0.0984, 4.6139 1.2904 0.0984, 4.6021 1.3189 0.0984, 4.3857 1.2904 0.0984, 4.3975 1.3189 0.0984, 4.5833 1.3434 0.0984, 4.5589 1.3621 0.0984, 4.4692 1.3739 0.0984, 4.4998 1.378 0.0984, 4.5304 1.3739 0.0984, 4.4407 1.3621 0.0984, 4.4163 1.3434 0.0984, 4.6179 0.8366 0.0, 4.3817 0.8366 0.0, 4.6179 1.2598 0.0, 4.3817 1.2598 0.0, 4.6021 1.3189 0.0, 4.3975 1.3189 0.0, 4.4163 1.3434 0.0, 4.3857 1.2904 0.0, 4.6139 1.2904 0.0, 4.5304 1.3739 0.0, 4.5589 1.3621 0.0, 4.4998 1.378 0.0, 4.4692 1.3739 0.0, 4.4407 1.3621 0.0, 4.5833 1.3434 0.0, 4.3817 0.6845 0.1167, 4.6179 0.6845 0.1167, 4.3817 0.7002 0.0787, 4.6179 0.7002 0.0787, 4.3817 0.7253 0.0461, 4.6179 0.7253 0.0461, 4.3817 0.7579 0.0211, 4.6179 0.7579 0.0211, 4.3817 0.7959 0.0054, 4.6179 0.7959 0.0054, 4.6179 0.6952 2.2146, 4.3817 0.6952 2.2146, 4.4407 0.7324 2.3169, 4.4279 0.7293 2.3083, 4.5589 0.7324 2.3169, 4.6139 0.7063 2.2451, 4.6021 0.7167 2.2736, 4.5833 0.7256 2.2981, 4.5717 0.7293 2.3083, 4.3857 0.7063 2.2451, 4.3975 0.7167 2.2736, 4.4692 0.7367 2.3287, 4.4546 0.7349 2.3237, 4.5304 0.7367 2.3287, 4.4163 0.7256 2.2981, 4.545 0.7349 2.3237, 4.4844 0.7378 2.3317, 4.5152 0.7378 2.3317, 4.4998 0.7382 2.3327, 4.5983 0.2961 2.0795, 4.649 0.2961 2.2188, 4.6894 0.4142 2.3298, 4.6594 0.3001 2.2476, 4.5983 0.6161 2.0795, 4.6894 0.498 2.3298, 4.649 0.6161 2.2188, 4.6692 0.3119 2.2743, 4.6775 0.3307 2.2973, 4.688 0.3836 2.326, 4.684 0.3552 2.315, 4.684 0.5571 2.315, 4.6775 0.5815 2.2973, 4.6692 0.6003 2.2743, 4.688 0.5286 2.326, 4.6594 0.6121 2.2476, 4.5925 0.6161 1.9846, 4.5925 0.2961 1.9846, 4.5883 0.2961 2.0164, 4.5883 0.6161 2.0164, 4.5902 0.2961 2.0484, 4.5902 0.6161 2.0484, 4.7835 0.6161 1.1572, 4.7212 0.2961 1.4271, 4.7319 0.2906 1.3808, 4.7419 0.2743 1.3371, 4.7655 0.228 1.2349, 4.7554 0.2442 1.2786, 4.8794 0.6161 1.1794, 4.6884 0.6161 2.0068, 4.6884 0.2961 2.0068, 4.8222 0.2961 1.4271, 4.8329 0.2906 1.3808, 4.843 0.2743 1.3371, 4.8565 0.2442 1.2786, 4.8665 0.228 1.2349, 4.6907 0.6161 2.0458, 4.6907 0.2961 2.0458, 4.6874 0.6161 2.033, 4.6874 0.2961 2.033, 4.6866 0.6161 2.0198, 4.6866 0.2961 2.0198, 4.7415 0.2961 2.1852, 4.7819 0.4142 2.2962, 4.7805 0.5286 2.2924, 4.7819 0.498 2.2962, 4.7415 0.6161 2.1852, 4.7519 0.6121 2.2139, 4.7617 0.6003 2.2407, 4.77 0.3307 2.2637, 4.7765 0.3552 2.2813, 4.7805 0.3836 2.2924, 4.7617 0.3119 2.2407, 4.7519 0.3001 2.2139, 4.77 0.5815 2.2637, 4.7765 0.5571 2.2813, 4.2161 0.6161 1.1572, 4.4072 0.6161 1.9846, 4.4072 0.2961 1.9846, 4.2784 0.2961 1.4271, 4.2678 0.2906 1.3808, 4.2577 0.2743 1.3371, 4.2442 0.2442 1.2786, 4.2341 0.228 1.2349, 4.4013 0.6161 2.0795, 4.4013 0.2961 2.0795, 4.4094 0.2961 2.0484, 4.4094 0.6161 2.0484, 4.4113 0.2961 2.0164, 4.4113 0.6161 2.0164, 4.3506 0.2961 2.2188, 4.3506 0.6161 2.2188, 4.3402 0.6121 2.2476, 4.3304 0.6003 2.2743, 4.3221 0.5815 2.2973, 4.3156 0.5571 2.315, 4.3304 0.3119 2.2743, 4.3102 0.4142 2.3298, 4.3221 0.3307 2.2973, 4.3116 0.3836 2.326, 4.3156 0.3552 2.315, 4.3116 0.5286 2.326, 4.3102 0.498 2.3298, 4.3402 0.3001 2.2476, 4.2177 0.498 2.2962, 4.2177 0.4142 2.2962, 4.2581 0.6161 2.1852, 4.2191 0.5286 2.2924, 4.3089 0.6161 2.0458, 4.3089 0.2961 2.0458, 4.2581 0.2961 2.1852, 4.2477 0.3001 2.2139, 4.2232 0.5571 2.2813, 4.2296 0.5815 2.2637, 4.2477 0.6121 2.2139, 4.2379 0.6003 2.2407, 4.2379 0.3119 2.2407, 4.2296 0.3307 2.2637, 4.2191 0.3836 2.2924, 4.2232 0.3552 2.2813, 4.3112 0.6161 2.0068, 4.3112 0.2961 2.0068, 4.313 0.6161 2.0198, 4.313 0.2961 2.0198, 4.3122 0.6161 2.033, 4.3122 0.2961 2.033, 4.1202 0.6161 1.1794, 4.1774 0.2961 1.4271, 4.1667 0.2906 1.3808, 4.1566 0.2743 1.3371, 4.1331 0.228 1.2349, 4.1432 0.2442 1.2786, 4.8837 0.6599 0.9469, 3.12 0.69 0.9449, 3.117 0.6752 0.9449, 3.2222 0.6752 0.9449, 3.1318 0.7185 0.9449, 3.2636 0.6791 0.9449, 3.2636 0.7776 0.9449, 3.2341 0.6791 0.9449, 3.2341 0.7776 0.9449, 3.229 0.6785 0.9449, 3.2035 0.7735 0.9449, 3.2242 0.6765 0.9449, 3.175 0.7617 0.9449, 3.1505 0.743 0.9449, 3.7774 0.6752 0.9449, 3.8826 0.6752 0.9449, 3.8796 0.69 0.9449, 3.736 0.7776 0.9449, 3.736 0.6791 0.9449, 3.7656 0.7776 0.9449, 3.7656 0.6791 0.9449, 3.7961 0.7735 0.9449, 3.7699 0.6786 0.9449, 3.8246 0.7617 0.9449, 3.7741 0.6772 0.9449, 3.8491 0.743 0.9449, 3.8678 0.7185 0.9449, 3.2144 0.3406 0.3543, 3.1159 0.3406 0.3543, 3.2144 0.6594 0.3543, 3.1159 0.6594 0.3543, 3.215 0.6645 0.3543, 3.12 0.69 0.3543, 3.217 0.6693 0.3543, 3.1318 0.7185 0.3543, 3.2201 0.6734 0.3543, 3.1505 0.743 0.3543, 3.2242 0.6765 0.3543, 3.175 0.7617 0.3543, 3.229 0.6785 0.3543, 3.2035 0.7735 0.3543, 3.2341 0.6791 0.3543, 3.2341 0.7776 0.3543, 3.2636 0.6791 0.3543, 3.2636 0.7776 0.3543, 3.1159 0.6594 0.947, 3.1159 0.6161 1.1417, 3.1159 0.6161 1.0039, 3.1159 0.2224 1.1417, 3.1159 0.6182 0.9887, 3.1159 0.2224 0.4724, 3.1159 0.6241 0.9744, 3.1159 0.6334 0.9622, 3.1159 0.257 0.3889, 3.1159 0.2383 0.4134, 3.1159 0.2265 0.4419, 3.1159 0.6457 0.9528, 3.1159 0.31 0.3584, 3.1159 0.2815 0.3702, 3.116 0.6599 0.9469, 3.1162 0.6675 0.9454, 3.6525 0.7776 0.9795, 3.6219 0.7776 1.0324, 3.3471 0.7776 0.9795, 3.3659 0.7776 1.0039, 3.3777 0.7776 1.0324, 3.3817 0.7776 1.063, 3.6179 0.7776 1.063, 3.6337 0.7776 1.0039, 3.2942 0.7776 0.9489, 3.3226 0.7776 0.9607, 3.6139 0.7776 2.2451, 3.6179 0.7776 2.2146, 3.3975 0.7776 2.2736, 3.3777 0.7776 0.2668, 3.6525 0.7776 0.3197, 3.6337 0.7776 0.2953, 3.3659 0.7776 0.2953, 3.7055 0.7776 0.3503, 3.677 0.7776 0.3385, 3.6179 0.7776 0.2362, 3.6179 0.7776 0.1575, 3.3817 0.7776 0.1575, 3.3857 0.7776 2.2451, 3.6219 0.7776 0.2668, 3.3817 0.7776 0.2362, 3.3471 0.7776 0.3197, 3.7055 0.7776 0.9489, 3.677 0.7776 0.9607, 3.3226 0.7776 0.3385, 3.2942 0.7776 0.3503, 3.3817 0.7776 2.2146, 3.736 0.7776 0.3543, 3.7656 0.7776 0.3543, 3.4692 0.7776 2.3287, 3.4998 0.7776 2.3327, 3.5304 0.7776 2.3287, 3.4407 0.7776 2.3169, 3.5589 0.7776 2.3169, 3.5833 0.7776 2.2981, 3.6021 0.7776 2.2736, 3.4163 0.7776 2.2981, 3.8837 0.6594 0.3543, 3.8834 0.6675 0.9454, 3.8837 0.6599 0.9469, 3.8837 0.6594 0.947, 3.8796 0.69 0.3543, 3.8678 0.7185 0.3543, 3.8491 0.743 0.3543, 3.8246 0.7617 0.3543, 3.7961 0.7735 0.3543, 3.8837 0.3406 0.3543, 3.8837 0.6457 0.9528, 3.8837 0.6161 1.1417, 3.8837 0.2224 1.1417, 3.8837 0.6161 1.0039, 3.8837 0.6182 0.9887, 3.8837 0.6241 0.9744, 3.8837 0.2224 0.4724, 3.8837 0.6334 0.9622, 3.8837 0.2265 0.4419, 3.8837 0.2383 0.4134, 3.8837 0.257 0.3889, 3.8837 0.2815 0.3702, 3.8837 0.31 0.3584, 3.7852 0.2224 0.4724, 3.7852 0.2224 1.1417, 3.7835 0.2224 1.1572, 3.8794 0.2224 1.1794, 3.7762 0.2224 1.1886, 3.8772 0.2224 1.1886, 3.7852 0.6161 1.1417, 3.7852 0.6161 1.0039, 3.7852 0.6182 0.9887, 3.7852 0.6594 0.947, 3.7852 0.6594 0.3543, 3.7852 0.3406 0.3543, 3.7852 0.257 0.3889, 3.7852 0.2383 0.4134, 3.7852 0.6334 0.9622, 3.7852 0.6457 0.9528, 3.7852 0.31 0.3584, 3.7852 0.2815 0.3702, 3.7852 0.6241 0.9744, 3.7852 0.2265 0.4419, 3.7656 0.6791 0.3543, 3.7699 0.6786 0.3543, 3.7741 0.6772 0.3543, 3.7778 0.6748 0.9449, 3.7778 0.6748 0.3543, 3.7809 0.6717 0.3543, 3.7809 0.6717 0.945, 3.7833 0.668 0.3543, 3.7833 0.668 0.9453, 3.7847 0.6638 0.3543, 3.7847 0.6638 0.946, 3.7852 0.6599 0.9469, 3.6219 0.6791 0.2668, 3.3471 0.6791 0.3197, 3.3659 0.6791 0.2953, 3.7055 0.6791 0.9489, 3.3777 0.6791 1.0324, 3.3659 0.6791 1.0039, 3.736 0.6791 0.3543, 3.3471 0.6791 0.9795, 3.3817 0.6791 0.2362, 3.3817 0.6791 0.1575, 3.6179 0.6791 0.1575, 3.677 0.6791 0.9607, 3.6525 0.6791 0.9795, 3.6337 0.6791 1.0039, 3.3777 0.6791 0.2668, 3.6179 0.6791 0.2362, 3.6179 0.6791 1.063, 3.6179 0.6791 2.1704, 3.3817 0.6791 2.1704, 3.6219 0.6791 1.0324, 3.3817 0.6791 1.063, 3.2942 0.6791 0.9489, 3.2942 0.6791 0.3503, 3.3226 0.6791 0.3385, 3.6337 0.6791 0.2953, 3.6525 0.6791 0.3197, 3.3226 0.6791 0.9607, 3.677 0.6791 0.3385, 3.7055 0.6791 0.3503, 3.215 0.6645 0.9459, 3.2144 0.6599 0.9469, 3.2144 0.6594 0.947, 3.2201 0.6734 0.9449, 3.2184 0.6714 0.945, 3.217 0.6693 0.9452, 3.2159 0.667 0.9455, 3.2144 0.6161 1.0039, 3.2144 0.6161 1.1417, 3.2144 0.2224 1.1417, 3.2144 0.2224 0.4724, 3.2144 0.6334 0.9622, 3.2144 0.6241 0.9744, 3.2144 0.6457 0.9528, 3.2144 0.31 0.3584, 3.2144 0.6182 0.9887, 3.2144 0.2265 0.4419, 3.2144 0.2383 0.4134, 3.2144 0.257 0.3889, 3.2144 0.2815 0.3702, 3.2234 0.2224 1.1886, 3.1224 0.2224 1.1886, 3.2161 0.2224 1.1572, 3.1202 0.2224 1.1794, 3.6179 0.8366 0.0984, 3.3817 0.8366 0.0984, 3.6179 0.8213 0.1004, 3.3817 0.8213 0.1004, 3.6179 0.8071 0.1063, 3.3817 0.8071 0.1063, 3.6179 0.7949 0.1157, 3.3817 0.7949 0.1157, 3.6179 0.7855 0.128, 3.3817 0.7855 0.128, 3.6179 0.7796 0.1422, 3.3817 0.7796 0.1422, 3.3817 1.2598 0.0984, 3.6179 1.2598 0.0984, 3.6139 1.2904 0.0984, 3.6021 1.3189 0.0984, 3.3857 1.2904 0.0984, 3.3975 1.3189 0.0984, 3.5833 1.3434 0.0984, 3.5589 1.3621 0.0984, 3.4692 1.3739 0.0984, 3.4998 1.378 0.0984, 3.5304 1.3739 0.0984, 3.4407 1.3621 0.0984, 3.4163 1.3434 0.0984, 3.6179 0.8366 0.0, 3.3817 0.8366 0.0, 3.6179 1.2598 0.0, 3.3817 1.2598 0.0, 3.6021 1.3189 0.0, 3.3975 1.3189 0.0, 3.4163 1.3434 0.0, 3.3857 1.2904 0.0, 3.6139 1.2904 0.0, 3.5304 1.3739 0.0, 3.5589 1.3621 0.0, 3.4998 1.378 0.0, 3.4692 1.3739 0.0, 3.4407 1.3621 0.0, 3.5833 1.3434 0.0, 3.3817 0.6845 0.1167, 3.6179 0.6845 0.1167, 3.3817 0.7002 0.0787, 3.6179 0.7002 0.0787, 3.3817 0.7253 0.0461, 3.6179 0.7253 0.0461, 3.3817 0.7579 0.0211, 3.6179 0.7579 0.0211, 3.3817 0.7959 0.0054, 3.6179 0.7959 0.0054, 3.6179 0.6952 2.2146, 3.3817 0.6952 2.2146, 3.4407 0.7324 2.3169, 3.4279 0.7293 2.3083, 3.5589 0.7324 2.3169, 3.6139 0.7063 2.2451, 3.6021 0.7167 2.2736, 3.5833 0.7256 2.2981, 3.5717 0.7293 2.3083, 3.3857 0.7063 2.2451, 3.3975 0.7167 2.2736, 3.4692 0.7367 2.3287, 3.4546 0.7349 2.3237, 3.5304 0.7367 2.3287, 3.4163 0.7256 2.2981, 3.545 0.7349 2.3237, 3.4844 0.7378 2.3317, 3.5152 0.7378 2.3317, 3.4998 0.7382 2.3327, 3.5983 0.2961 2.0795, 3.649 0.2961 2.2188, 3.6894 0.4142 2.3298, 3.6594 0.3001 2.2476, 3.5983 0.6161 2.0795, 3.6894 0.498 2.3298, 3.649 0.6161 2.2188, 3.6692 0.3119 2.2743, 3.6775 0.3307 2.2973, 3.688 0.3836 2.326, 3.684 0.3552 2.315, 3.684 0.5571 2.315, 3.6775 0.5815 2.2973, 3.6692 0.6003 2.2743, 3.688 0.5286 2.326, 3.6594 0.6121 2.2476, 3.5925 0.6161 1.9846, 3.5925 0.2961 1.9846, 3.5883 0.2961 2.0164, 3.5883 0.6161 2.0164, 3.5902 0.2961 2.0484, 3.5902 0.6161 2.0484, 3.7835 0.6161 1.1572, 3.7212 0.2961 1.4271, 3.7319 0.2906 1.3808, 3.742 0.2743 1.3371, 3.7655 0.228 1.2349, 3.7554 0.2442 1.2786, 3.8794 0.6161 1.1794, 3.6884 0.6161 2.0068, 3.6884 0.2961 2.0068, 3.8222 0.2961 1.4271, 3.8329 0.2906 1.3808, 3.843 0.2743 1.3371, 3.8565 0.2442 1.2786, 3.8665 0.228 1.2349, 3.6907 0.6161 2.0458, 3.6907 0.2961 2.0458, 3.6874 0.6161 2.033, 3.6874 0.2961 2.033, 3.6866 0.6161 2.0198, 3.6866 0.2961 2.0198, 3.7415 0.2961 2.1852, 3.7819 0.4142 2.2962, 3.7805 0.5286 2.2924, 3.7819 0.498 2.2962, 3.7415 0.6161 2.1852, 3.7519 0.6121 2.2139, 3.7617 0.6003 2.2407, 3.77 0.3307 2.2637, 3.7765 0.3552 2.2813, 3.7805 0.3836 2.2924, 3.7617 0.3119 2.2407, 3.7519 0.3001 2.2139, 3.77 0.5815 2.2637, 3.7765 0.5571 2.2813, 3.2161 0.6161 1.1572, 3.4072 0.6161 1.9846, 3.4072 0.2961 1.9846, 3.2784 0.2961 1.4271, 3.2678 0.2906 1.3808, 3.2577 0.2743 1.3371, 3.2442 0.2442 1.2786, 3.2341 0.228 1.2349, 3.4013 0.6161 2.0795, 3.4013 0.2961 2.0795, 3.4094 0.2961 2.0484, 3.4094 0.6161 2.0484, 3.4113 0.2961 2.0164, 3.4113 0.6161 2.0164, 3.3506 0.2961 2.2188, 3.3506 0.6161 2.2188, 3.3402 0.6121 2.2476, 3.3304 0.6003 2.2743, 3.3221 0.5815 2.2973, 3.3156 0.5571 2.315, 3.3304 0.3119 2.2743, 3.3102 0.4142 2.3298, 3.3221 0.3307 2.2973, 3.3116 0.3836 2.326, 3.3156 0.3552 2.315, 3.3116 0.5286 2.326, 3.3102 0.498 2.3298, 3.3402 0.3001 2.2476, 3.2177 0.498 2.2962, 3.2177 0.4142 2.2962, 3.2581 0.6161 2.1852, 3.2191 0.5286 2.2924, 3.3089 0.6161 2.0458, 3.3089 0.2961 2.0458, 3.2581 0.2961 2.1852, 3.2477 0.3001 2.2139, 3.2232 0.5571 2.2813, 3.2296 0.5815 2.2637, 3.2477 0.6121 2.2139, 3.2379 0.6003 2.2407, 3.2379 0.3119 2.2407, 3.2296 0.3307 2.2637, 3.2191 0.3836 2.2924, 3.2232 0.3552 2.2813, 3.3112 0.6161 2.0068, 3.3112 0.2961 2.0068, 3.313 0.6161 2.0198, 3.313 0.2961 2.0198, 3.3122 0.6161 2.033, 3.3122 0.2961 2.033, 3.1202 0.6161 1.1794, 3.1774 0.2961 1.4271, 3.1667 0.2906 1.3808, 3.1566 0.2743 1.3371, 3.1331 0.228 1.2349, 3.1432 0.2442 1.2786, 3.8837 0.6599 0.9469, 2.12 0.69 0.9449, 2.117 0.6752 0.9449, 2.2222 0.6752 0.9449, 2.2636 0.6791 0.9449, 2.2636 0.7776 0.9449, 2.2341 0.6791 0.9449, 2.2341 0.7776 0.9449, 2.229 0.6785 0.9449, 2.2035 0.7735 0.9449, 2.2242 0.6765 0.9449, 2.175 0.7617 0.9449, 2.1505 0.743 0.9449, 2.1318 0.7185 0.9449, 2.7774 0.6752 0.9449, 2.8826 0.6752 0.9449, 2.8796 0.69 0.9449, 2.736 0.7776 0.9449, 2.736 0.6791 0.9449, 2.7656 0.7776 0.9449, 2.7656 0.6791 0.9449, 2.7961 0.7735 0.9449, 2.7699 0.6786 0.9449, 2.8246 0.7617 0.9449, 2.7741 0.6772 0.9449, 2.8491 0.743 0.9449, 2.8678 0.7185 0.9449, 2.2144 0.3406 0.3543, 2.1159 0.3406 0.3543, 2.2144 0.6594 0.3543, 2.1159 0.6594 0.3543, 2.215 0.6645 0.3543, 2.12 0.69 0.3543, 2.217 0.6693 0.3543, 2.1318 0.7185 0.3543, 2.2201 0.6734 0.3543, 2.1505 0.743 0.3543, 2.2242 0.6765 0.3543, 2.175 0.7617 0.3543, 2.229 0.6785 0.3543, 2.2035 0.7735 0.3543, 2.2341 0.6791 0.3543, 2.2341 0.7776 0.3543, 2.2636 0.6791 0.3543, 2.2636 0.7776 0.3543, 2.1159 0.6594 0.947, 2.1159 0.6161 1.1417, 2.1159 0.6161 1.0039, 2.1159 0.2224 1.1417, 2.1159 0.6182 0.9887, 2.1159 0.2224 0.4724, 2.1159 0.6241 0.9744, 2.1159 0.6334 0.9622, 2.1159 0.257 0.3889, 2.1159 0.2383 0.4134, 2.1159 0.2265 0.4419, 2.1159 0.6457 0.9528, 2.1159 0.31 0.3584, 2.1159 0.2815 0.3702, 2.116 0.6599 0.9469, 2.1162 0.6675 0.9454, 2.3659 0.7776 0.2953, 2.3471 0.7776 0.3197, 2.2942 0.7776 0.9489, 2.3226 0.7776 0.3385, 2.6337 0.7776 1.0039, 2.6525 0.7776 0.9795, 2.3659 0.7776 1.0039, 2.3777 0.7776 0.2668, 2.6179 0.7776 0.1575, 2.3817 0.7776 0.2362, 2.3817 0.7776 0.1575, 2.6337 0.7776 0.2953, 2.6219 0.7776 0.2668, 2.6179 0.7776 1.063, 2.6219 0.7776 1.0324, 2.3817 0.7776 1.063, 2.677 0.7776 0.9607, 2.7656 0.7776 0.3543, 2.3471 0.7776 0.9795, 2.736 0.7776 0.3543, 2.7055 0.7776 0.3503, 2.3226 0.7776 0.9607, 2.677 0.7776 0.3385, 2.6525 0.7776 0.3197, 2.6179 0.7776 0.2362, 2.7055 0.7776 0.9489, 2.2942 0.7776 0.3503, 2.3777 0.7776 1.0324, 2.3975 0.7776 2.2736, 2.4163 0.7776 2.2981, 2.6139 0.7776 2.2451, 2.4407 0.7776 2.3169, 2.4692 0.7776 2.3287, 2.5589 0.7776 2.3169, 2.6021 0.7776 2.2736, 2.5833 0.7776 2.2981, 2.6179 0.7776 2.2146, 2.3817 0.7776 2.2146, 2.3857 0.7776 2.2451, 2.4998 0.7776 2.3327, 2.5304 0.7776 2.3287, 2.8837 0.6594 0.3543, 2.8834 0.6675 0.9454, 2.8837 0.6599 0.9469, 2.8837 0.6594 0.947, 2.8796 0.69 0.3543, 2.8678 0.7185 0.3543, 2.8491 0.743 0.3543, 2.8246 0.7617 0.3543, 2.7961 0.7735 0.3543, 2.8837 0.3406 0.3543, 2.8837 0.6457 0.9528, 2.8837 0.6161 1.1417, 2.8837 0.2224 1.1417, 2.8837 0.6161 1.0039, 2.8837 0.6182 0.9887, 2.8837 0.6241 0.9744, 2.8837 0.2224 0.4724, 2.8837 0.6334 0.9622, 2.8837 0.2265 0.4419, 2.8837 0.2383 0.4134, 2.8837 0.257 0.3889, 2.8837 0.2815 0.3702, 2.8837 0.31 0.3584, 2.7852 0.2224 0.4724, 2.7852 0.2224 1.1417, 2.7835 0.2224 1.1572, 2.8794 0.2224 1.1794, 2.7762 0.2224 1.1886, 2.8772 0.2224 1.1886, 2.7852 0.6161 1.1417, 2.7852 0.6161 1.0039, 2.7852 0.6182 0.9887, 2.7852 0.6594 0.947, 2.7852 0.6594 0.3543, 2.7852 0.3406 0.3543, 2.7852 0.257 0.3889, 2.7852 0.2383 0.4134, 2.7852 0.6334 0.9622, 2.7852 0.6457 0.9528, 2.7852 0.31 0.3584, 2.7852 0.2815 0.3702, 2.7852 0.6241 0.9744, 2.7852 0.2265 0.4419, 2.7656 0.6791 0.3543, 2.7699 0.6786 0.3543, 2.7741 0.6772 0.3543, 2.7778 0.6748 0.9449, 2.7778 0.6748 0.3543, 2.7809 0.6717 0.3543, 2.7809 0.6717 0.945, 2.7833 0.668 0.3543, 2.7833 0.668 0.9453, 2.7847 0.6638 0.3543, 2.7847 0.6638 0.946, 2.7852 0.6599 0.9469, 2.3226 0.6791 0.3385, 2.3471 0.6791 0.3197, 2.2942 0.6791 0.9489, 2.6219 0.6791 0.2668, 2.6337 0.6791 0.2953, 2.6525 0.6791 0.9795, 2.3226 0.6791 0.9607, 2.3471 0.6791 0.9795, 2.3659 0.6791 0.2953, 2.6179 0.6791 0.1575, 2.3659 0.6791 1.0039, 2.6337 0.6791 1.0039, 2.3777 0.6791 1.0324, 2.3777 0.6791 0.2668, 2.3817 0.6791 0.2362, 2.3817 0.6791 0.1575, 2.6179 0.6791 0.2362, 2.6525 0.6791 0.3197, 2.677 0.6791 0.3385, 2.7055 0.6791 0.3503, 2.677 0.6791 0.9607, 2.2942 0.6791 0.3503, 2.6179 0.6791 1.063, 2.6179 0.6791 2.1704, 2.3817 0.6791 2.1704, 2.736 0.6791 0.3543, 2.7055 0.6791 0.9489, 2.6219 0.6791 1.0324, 2.3817 0.6791 1.063, 2.215 0.6645 0.9459, 2.2144 0.6599 0.9469, 2.2144 0.6594 0.947, 2.2201 0.6734 0.9449, 2.2184 0.6714 0.945, 2.217 0.6693 0.9452, 2.2159 0.667 0.9455, 2.2144 0.6161 1.0039, 2.2144 0.6161 1.1417, 2.2144 0.2224 1.1417, 2.2144 0.2224 0.4724, 2.2144 0.6334 0.9622, 2.2144 0.6241 0.9744, 2.2144 0.6457 0.9528, 2.2144 0.31 0.3584, 2.2144 0.6182 0.9887, 2.2144 0.2265 0.4419, 2.2144 0.2383 0.4134, 2.2144 0.257 0.3889, 2.2144 0.2815 0.3702, 2.2234 0.2224 1.1886, 2.1224 0.2224 1.1886, 2.2161 0.2224 1.1572, 2.1202 0.2224 1.1794, 2.6179 0.8366 0.0984, 2.3817 0.8366 0.0984, 2.6179 0.8213 0.1004, 2.3817 0.8213 0.1004, 2.6179 0.8071 0.1063, 2.3817 0.8071 0.1063, 2.6179 0.7949 0.1157, 2.3817 0.7949 0.1157, 2.6179 0.7855 0.128, 2.3817 0.7855 0.128, 2.6179 0.7796 0.1422, 2.3817 0.7796 0.1422, 2.3817 1.2598 0.0984, 2.6179 1.2598 0.0984, 2.6139 1.2904 0.0984, 2.6021 1.3189 0.0984, 2.4692 1.3739 0.0984, 2.5589 1.3621 0.0984, 2.4998 1.378 0.0984, 2.5304 1.3739 0.0984, 2.4407 1.3621 0.0984, 2.4163 1.3434 0.0984, 2.3975 1.3189 0.0984, 2.5833 1.3434 0.0984, 2.3857 1.2904 0.0984, 2.6179 0.8366 0.0, 2.3817 0.8366 0.0, 2.6179 1.2598 0.0, 2.3817 1.2598 0.0, 2.6139 1.2904 0.0, 2.6021 1.3189 0.0, 2.3857 1.2904 0.0, 2.5589 1.3621 0.0, 2.5833 1.3434 0.0, 2.3975 1.3189 0.0, 2.4163 1.3434 0.0, 2.4407 1.3621 0.0, 2.4692 1.3739 0.0, 2.4998 1.378 0.0, 2.5304 1.3739 0.0, 2.3817 0.6845 0.1167, 2.6179 0.6845 0.1167, 2.3817 0.7002 0.0787, 2.6179 0.7002 0.0787, 2.3817 0.7253 0.0461, 2.6179 0.7253 0.0461, 2.3817 0.7579 0.0211, 2.6179 0.7579 0.0211, 2.3817 0.7959 0.0054, 2.6179 0.7959 0.0054, 2.6179 0.6952 2.2146, 2.3817 0.6952 2.2146, 2.6021 0.7167 2.2736, 2.5833 0.7256 2.2981, 2.4279 0.7293 2.3083, 2.5717 0.7293 2.3083, 2.5589 0.7324 2.3169, 2.4407 0.7324 2.3169, 2.4163 0.7256 2.2981, 2.3975 0.7167 2.2736, 2.3857 0.7063 2.2451, 2.6139 0.7063 2.2451, 2.4546 0.7349 2.3237, 2.545 0.7349 2.3237, 2.4692 0.7367 2.3287, 2.5304 0.7367 2.3287, 2.5152 0.7378 2.3317, 2.4844 0.7378 2.3317, 2.4998 0.7382 2.3327, 2.5983 0.2961 2.0795, 2.649 0.2961 2.2188, 2.6894 0.4142 2.3298, 2.6594 0.3001 2.2476, 2.6692 0.3119 2.2743, 2.6775 0.3307 2.2973, 2.684 0.3552 2.315, 2.688 0.3836 2.326, 2.5983 0.6161 2.0795, 2.6894 0.498 2.3298, 2.649 0.6161 2.2188, 2.688 0.5286 2.326, 2.684 0.5571 2.315, 2.6775 0.5815 2.2973, 2.6692 0.6003 2.2743, 2.6594 0.6121 2.2476, 2.5925 0.6161 1.9846, 2.5925 0.2961 1.9846, 2.5883 0.2961 2.0164, 2.5883 0.6161 2.0164, 2.5902 0.2961 2.0484, 2.5902 0.6161 2.0484, 2.7835 0.6161 1.1572, 2.7212 0.2961 1.4271, 2.7319 0.2906 1.3808, 2.742 0.2743 1.3371, 2.7655 0.228 1.2349, 2.7554 0.2442 1.2786, 2.8794 0.6161 1.1794, 2.6884 0.6161 2.0068, 2.6884 0.2961 2.0068, 2.8222 0.2961 1.4271, 2.8329 0.2906 1.3808, 2.843 0.2743 1.3371, 2.8565 0.2442 1.2786, 2.8665 0.228 1.2349, 2.6907 0.6161 2.0458, 2.6907 0.2961 2.0458, 2.6874 0.6161 2.033, 2.6874 0.2961 2.033, 2.6866 0.6161 2.0198, 2.6866 0.2961 2.0198, 2.7819 0.498 2.2962, 2.7819 0.4142 2.2962, 2.7415 0.2961 2.1852, 2.7805 0.3836 2.2924, 2.7765 0.3552 2.2813, 2.7415 0.6161 2.1852, 2.7805 0.5286 2.2924, 2.7765 0.5571 2.2813, 2.77 0.3307 2.2637, 2.7617 0.3119 2.2407, 2.7519 0.3001 2.2139, 2.7519 0.6121 2.2139, 2.7617 0.6003 2.2407, 2.77 0.5815 2.2637, 2.2161 0.6161 1.1572, 2.4072 0.6161 1.9846, 2.4072 0.2961 1.9846, 2.2784 0.2961 1.4271, 2.2678 0.2906 1.3808, 2.2577 0.2743 1.3371, 2.2442 0.2442 1.2786, 2.2341 0.228 1.2349, 2.4013 0.6161 2.0795, 2.4013 0.2961 2.0795, 2.4094 0.2961 2.0484, 2.4094 0.6161 2.0484, 2.4113 0.2961 2.0164, 2.4113 0.6161 2.0164, 2.3506 0.2961 2.2188, 2.3506 0.6161 2.2188, 2.3402 0.6121 2.2476, 2.3304 0.6003 2.2743, 2.3221 0.5815 2.2973, 2.3156 0.5571 2.315, 2.3116 0.3836 2.326, 2.3156 0.3552 2.315, 2.3221 0.3307 2.2973, 2.3402 0.3001 2.2476, 2.3304 0.3119 2.2743, 2.3116 0.5286 2.326, 2.3102 0.498 2.3298, 2.3102 0.4142 2.3298, 2.2177 0.498 2.2962, 2.2177 0.4142 2.2962, 2.3089 0.6161 2.0458, 2.3089 0.2961 2.0458, 2.2581 0.6161 2.1852, 2.2581 0.2961 2.1852, 2.2232 0.3552 2.2813, 2.2296 0.3307 2.2637, 2.2477 0.3001 2.2139, 2.2379 0.3119 2.2407, 2.2191 0.5286 2.2924, 2.2232 0.5571 2.2813, 2.2296 0.5815 2.2637, 2.2379 0.6003 2.2407, 2.2477 0.6121 2.2139, 2.2191 0.3836 2.2924, 2.3112 0.6161 2.0068, 2.3112 0.2961 2.0068, 2.313 0.6161 2.0198, 2.313 0.2961 2.0198, 2.3122 0.6161 2.033, 2.3122 0.2961 2.033, 2.1202 0.6161 1.1794, 2.1774 0.2961 1.4271, 2.1667 0.2906 1.3808, 2.1566 0.2743 1.3371, 2.1331 0.228 1.2349, 2.1432 0.2442 1.2786, 2.8837 0.6599 0.9469, 1.12 0.69 0.9449, 1.117 0.6752 0.9449, 1.2222 0.6752 0.9449, 1.1318 0.7185 0.9449, 1.2636 0.6791 0.9449, 1.2636 0.7776 0.9449, 1.2341 0.6791 0.9449, 1.2341 0.7776 0.9449, 1.229 0.6785 0.9449, 1.2035 0.7735 0.9449, 1.2242 0.6765 0.9449, 1.175 0.7617 0.9449, 1.1505 0.743 0.9449, 1.7774 0.6752 0.9449, 1.8826 0.6752 0.9449, 1.8796 0.69 0.9449, 1.736 0.7776 0.9449, 1.736 0.6791 0.9449, 1.7656 0.7776 0.9449, 1.7656 0.6791 0.9449, 1.7961 0.7735 0.9449, 1.7699 0.6786 0.9449, 1.8246 0.7617 0.9449, 1.7741 0.6772 0.9449, 1.8491 0.743 0.9449, 1.8678 0.7185 0.9449, 1.2144 0.3406 0.3543, 1.1159 0.3406 0.3543, 1.2144 0.6594 0.3543, 1.1159 0.6594 0.3543, 1.215 0.6645 0.3543, 1.12 0.69 0.3543, 1.217 0.6693 0.3543, 1.1318 0.7185 0.3543, 1.2201 0.6734 0.3543, 1.1505 0.743 0.3543, 1.2242 0.6765 0.3543, 1.175 0.7617 0.3543, 1.229 0.6785 0.3543, 1.2035 0.7735 0.3543, 1.2341 0.6791 0.3543, 1.2341 0.7776 0.3543, 1.2636 0.6791 0.3543, 1.2636 0.7776 0.3543, 1.1159 0.6594 0.947, 1.1159 0.6161 1.1417, 1.1159 0.6161 1.0039, 1.1159 0.2224 1.1417, 1.1159 0.6182 0.9887, 1.1159 0.2224 0.4724, 1.1159 0.6241 0.9744, 1.1159 0.6334 0.9622, 1.1159 0.257 0.3889, 1.1159 0.2383 0.4134, 1.1159 0.2265 0.4419, 1.1159 0.6457 0.9528, 1.1159 0.31 0.3584, 1.1159 0.2815 0.3702, 1.116 0.6599 0.9469, 1.1162 0.6675 0.9454, 1.6337 0.7776 1.0039, 1.6525 0.7776 0.9795, 1.3659 0.7776 1.0039, 1.3777 0.7776 0.2668, 1.6525 0.7776 0.3197, 1.6337 0.7776 0.2953, 1.3471 0.7776 0.3197, 1.2942 0.7776 0.3503, 1.6179 0.7776 1.063, 1.6219 0.7776 1.0324, 1.3817 0.7776 1.063, 1.3659 0.7776 0.2953, 1.7055 0.7776 0.3503, 1.677 0.7776 0.3385, 1.2942 0.7776 0.9489, 1.3226 0.7776 0.9607, 1.3471 0.7776 0.9795, 1.3777 0.7776 1.0324, 1.6179 0.7776 0.2362, 1.6179 0.7776 0.1575, 1.3817 0.7776 0.1575, 1.6219 0.7776 0.2668, 1.3817 0.7776 0.2362, 1.3226 0.7776 0.3385, 1.677 0.7776 0.9607, 1.7055 0.7776 0.9489, 1.736 0.7776 0.3543, 1.7656 0.7776 0.3543, 1.3975 0.7776 2.2736, 1.4163 0.7776 2.2981, 1.6139 0.7776 2.2451, 1.4407 0.7776 2.3169, 1.4692 0.7776 2.3287, 1.5589 0.7776 2.3169, 1.6021 0.7776 2.2736, 1.5833 0.7776 2.2981, 1.6179 0.7776 2.2146, 1.3817 0.7776 2.2146, 1.3857 0.7776 2.2451, 1.4998 0.7776 2.3327, 1.5304 0.7776 2.3287, 1.8837 0.6594 0.3543, 1.8834 0.6675 0.9454, 1.8837 0.6599 0.9469, 1.8837 0.6594 0.947, 1.8796 0.69 0.3543, 1.8678 0.7185 0.3543, 1.8491 0.743 0.3543, 1.8246 0.7617 0.3543, 1.7961 0.7735 0.3543, 1.8837 0.3406 0.3543, 1.8837 0.6457 0.9528, 1.8837 0.6161 1.1417, 1.8837 0.2224 1.1417, 1.8837 0.6161 1.0039, 1.8837 0.6182 0.9887, 1.8837 0.6241 0.9744, 1.8837 0.2224 0.4724, 1.8837 0.6334 0.9622, 1.8837 0.2265 0.4419, 1.8837 0.2383 0.4134, 1.8837 0.257 0.3889, 1.8837 0.2815 0.3702, 1.8837 0.31 0.3584, 1.7852 0.2224 0.4724, 1.7852 0.2224 1.1417, 1.7835 0.2224 1.1572, 1.8794 0.2224 1.1794, 1.7762 0.2224 1.1886, 1.8772 0.2224 1.1886, 1.7852 0.6161 1.1417, 1.7852 0.6161 1.0039, 1.7852 0.6182 0.9887, 1.7852 0.6594 0.947, 1.7852 0.6594 0.3543, 1.7852 0.3406 0.3543, 1.7852 0.257 0.3889, 1.7852 0.2383 0.4134, 1.7852 0.6334 0.9622, 1.7852 0.6457 0.9528, 1.7852 0.31 0.3584, 1.7852 0.2815 0.3702, 1.7852 0.6241 0.9744, 1.7852 0.2265 0.4419, 1.7656 0.6791 0.3543, 1.7699 0.6786 0.3543, 1.7741 0.6772 0.3543, 1.7778 0.6748 0.9449, 1.7778 0.6748 0.3543, 1.7809 0.6717 0.3543, 1.7809 0.6717 0.945, 1.7833 0.668 0.3543, 1.7833 0.668 0.9453, 1.7847 0.6638 0.3543, 1.7847 0.6638 0.946, 1.7852 0.6599 0.9469, 1.3777 0.6791 1.0324, 1.6525 0.6791 0.9795, 1.6337 0.6791 1.0039, 1.2942 0.6791 0.9489, 1.6219 0.6791 0.2668, 1.6337 0.6791 0.2953, 1.3659 0.6791 0.2953, 1.6525 0.6791 0.3197, 1.677 0.6791 0.3385, 1.7055 0.6791 0.3503, 1.677 0.6791 0.9607, 1.6179 0.6791 1.063, 1.6179 0.6791 2.1704, 1.3817 0.6791 2.1704, 1.2942 0.6791 0.3503, 1.3226 0.6791 0.3385, 1.3471 0.6791 0.3197, 1.6219 0.6791 1.0324, 1.3817 0.6791 1.063, 1.3659 0.6791 1.0039, 1.3471 0.6791 0.9795, 1.3226 0.6791 0.9607, 1.3817 0.6791 0.2362, 1.3817 0.6791 0.1575, 1.6179 0.6791 0.1575, 1.736 0.6791 0.3543, 1.7055 0.6791 0.9489, 1.3777 0.6791 0.2668, 1.6179 0.6791 0.2362, 1.215 0.6645 0.9459, 1.2144 0.6599 0.9469, 1.2144 0.6594 0.947, 1.2201 0.6734 0.9449, 1.2184 0.6714 0.945, 1.217 0.6693 0.9452, 1.2159 0.667 0.9455, 1.2144 0.6161 1.0039, 1.2144 0.6161 1.1417, 1.2144 0.2224 1.1417, 1.2144 0.2224 0.4724, 1.2144 0.6334 0.9622, 1.2144 0.6241 0.9744, 1.2144 0.6457 0.9528, 1.2144 0.31 0.3584, 1.2144 0.6182 0.9887, 1.2144 0.2265 0.4419, 1.2144 0.2383 0.4134, 1.2144 0.257 0.3889, 1.2144 0.2815 0.3702, 1.2234 0.2224 1.1886, 1.1224 0.2224 1.1886, 1.2161 0.2224 1.1572, 1.1202 0.2224 1.1794, 1.6179 0.8366 0.0984, 1.3817 0.8366 0.0984, 1.6179 0.8213 0.1004, 1.3817 0.8213 0.1004, 1.6179 0.8071 0.1063, 1.3817 0.8071 0.1063, 1.6179 0.7949 0.1157, 1.3817 0.7949 0.1157, 1.6179 0.7855 0.128, 1.3817 0.7855 0.128, 1.6179 0.7796 0.1422, 1.3817 0.7796 0.1422, 1.3817 1.2598 0.0984, 1.6179 1.2598 0.0984, 1.6139 1.2904 0.0984, 1.6021 1.3189 0.0984, 1.5833 1.3434 0.0984, 1.5589 1.3621 0.0984, 1.5304 1.3739 0.0984, 1.4998 1.378 0.0984, 1.4692 1.3739 0.0984, 1.4407 1.3621 0.0984, 1.4163 1.3434 0.0984, 1.3975 1.3189 0.0984, 1.3857 1.2904 0.0984, 1.6179 0.8366 0.0, 1.3817 0.8366 0.0, 1.6179 1.2598 0.0, 1.3817 1.2598 0.0, 1.5833 1.3434 0.0, 1.6021 1.3189 0.0, 1.6139 1.2904 0.0, 1.3975 1.3189 0.0, 1.4163 1.3434 0.0, 1.5589 1.3621 0.0, 1.4407 1.3621 0.0, 1.4692 1.3739 0.0, 1.5304 1.3739 0.0, 1.4998 1.378 0.0, 1.3857 1.2904 0.0, 1.3817 0.6845 0.1167, 1.6179 0.6845 0.1167, 1.3817 0.7002 0.0787, 1.6179 0.7002 0.0787, 1.3817 0.7253 0.0461, 1.6179 0.7253 0.0461, 1.3817 0.7579 0.0211, 1.6179 0.7579 0.0211, 1.3817 0.7959 0.0054, 1.6179 0.7959 0.0054, 1.6179 0.6952 2.2146, 1.3817 0.6952 2.2146, 1.4407 0.7324 2.3169, 1.4279 0.7293 2.3083, 1.5589 0.7324 2.3169, 1.6139 0.7063 2.2451, 1.6021 0.7167 2.2736, 1.5833 0.7256 2.2981, 1.5717 0.7293 2.3083, 1.3857 0.7063 2.2451, 1.3975 0.7167 2.2736, 1.4163 0.7256 2.2981, 1.4546 0.7349 2.3237, 1.545 0.7349 2.3237, 1.4692 0.7367 2.3287, 1.5304 0.7367 2.3287, 1.5152 0.7378 2.3317, 1.4844 0.7378 2.3317, 1.4998 0.7382 2.3327, 1.5983 0.2961 2.0795, 1.649 0.2961 2.2188, 1.6894 0.4142 2.3298, 1.6594 0.3001 2.2476, 1.6692 0.3119 2.2743, 1.6775 0.3307 2.2973, 1.684 0.3552 2.315, 1.688 0.3836 2.326, 1.5983 0.6161 2.0795, 1.6894 0.498 2.3298, 1.649 0.6161 2.2188, 1.688 0.5286 2.326, 1.684 0.5571 2.315, 1.6775 0.5815 2.2973, 1.6692 0.6003 2.2743, 1.6594 0.6121 2.2476, 1.5925 0.6161 1.9846, 1.5925 0.2961 1.9846, 1.5883 0.2961 2.0164, 1.5883 0.6161 2.0164, 1.5902 0.2961 2.0484, 1.5902 0.6161 2.0484, 1.7835 0.6161 1.1572, 1.7212 0.2961 1.4271, 1.7319 0.2906 1.3808, 1.742 0.2743 1.3371, 1.7655 0.228 1.2349, 1.7554 0.2442 1.2786, 1.8794 0.6161 1.1794, 1.6884 0.6161 2.0068, 1.6884 0.2961 2.0068, 1.8222 0.2961 1.4271, 1.8329 0.2906 1.3808, 1.843 0.2743 1.3371, 1.8565 0.2442 1.2786, 1.8665 0.228 1.2349, 1.6907 0.6161 2.0458, 1.6907 0.2961 2.0458, 1.6874 0.6161 2.033, 1.6874 0.2961 2.033, 1.6866 0.6161 2.0198, 1.6866 0.2961 2.0198, 1.7819 0.498 2.2962, 1.7819 0.4142 2.2962, 1.7415 0.2961 2.1852, 1.7805 0.3836 2.2924, 1.7765 0.3552 2.2813, 1.7415 0.6161 2.1852, 1.7805 0.5286 2.2924, 1.7765 0.5571 2.2813, 1.77 0.3307 2.2637, 1.7617 0.3119 2.2407, 1.7519 0.3001 2.2139, 1.7519 0.6121 2.2139, 1.7617 0.6003 2.2407, 1.77 0.5815 2.2637, 1.2161 0.6161 1.1572, 1.4072 0.6161 1.9846, 1.4072 0.2961 1.9846, 1.2784 0.2961 1.4271, 1.2678 0.2906 1.3808, 1.2577 0.2743 1.3371, 1.2442 0.2442 1.2786, 1.2341 0.228 1.2349, 1.4013 0.6161 2.0795, 1.4013 0.2961 2.0795, 1.4094 0.2961 2.0484, 1.4094 0.6161 2.0484, 1.4113 0.2961 2.0164, 1.4113 0.6161 2.0164, 1.3506 0.2961 2.2188, 1.3506 0.6161 2.2188, 1.3102 0.498 2.3298, 1.3102 0.4142 2.3298, 1.3116 0.3836 2.326, 1.3221 0.5815 2.2973, 1.3304 0.6003 2.2743, 1.3402 0.6121 2.2476, 1.3156 0.5571 2.315, 1.3116 0.5286 2.326, 1.3156 0.3552 2.315, 1.3221 0.3307 2.2973, 1.3402 0.3001 2.2476, 1.3304 0.3119 2.2743, 1.2177 0.498 2.2962, 1.2177 0.4142 2.2962, 1.2232 0.3552 2.2813, 1.2191 0.3836 2.2924, 1.2296 0.3307 2.2637, 1.2379 0.3119 2.2407, 1.2581 0.6161 2.1852, 1.2191 0.5286 2.2924, 1.2232 0.5571 2.2813, 1.2296 0.5815 2.2637, 1.2379 0.6003 2.2407, 1.2477 0.6121 2.2139, 1.3089 0.6161 2.0458, 1.3089 0.2961 2.0458, 1.2581 0.2961 2.1852, 1.2477 0.3001 2.2139, 1.3112 0.6161 2.0068, 1.3112 0.2961 2.0068, 1.313 0.6161 2.0198, 1.313 0.2961 2.0198, 1.3122 0.6161 2.033, 1.3122 0.2961 2.033, 1.1202 0.6161 1.1794, 1.1774 0.2961 1.4271, 1.1667 0.2906 1.3808, 1.1566 0.2743 1.3371, 1.1331 0.228 1.2349, 1.1432 0.2442 1.2786, 1.8837 0.6599 0.9469, 0.12 0.69 0.9449, 0.117 0.6752 0.9449, 0.2222 0.6752 0.9449, 0.1318 0.7185 0.9449, 0.2636 0.6791 0.9449, 0.2636 0.7776 0.9449, 0.2341 0.6791 0.9449, 0.2341 0.7776 0.9449, 0.229 0.6785 0.9449, 0.2035 0.7735 0.9449, 0.2242 0.6765 0.9449, 0.175 0.7617 0.9449, 0.1505 0.743 0.9449, 0.7774 0.6752 0.9449, 0.8826 0.6752 0.9449, 0.8796 0.69 0.9449, 0.736 0.7776 0.9449, 0.736 0.6791 0.9449, 0.7656 0.7776 0.9449, 0.7656 0.6791 0.9449, 0.7961 0.7735 0.9449, 0.7699 0.6786 0.9449, 0.8246 0.7617 0.9449, 0.7741 0.6772 0.9449, 0.8491 0.743 0.9449, 0.8678 0.7185 0.9449, 0.2144 0.3406 0.3543, 0.1159 0.3406 0.3543, 0.2144 0.6594 0.3543, 0.1159 0.6594 0.3543, 0.215 0.6645 0.3543, 0.12 0.69 0.3543, 0.217 0.6693 0.3543, 0.1318 0.7185 0.3543, 0.2201 0.6734 0.3543, 0.1505 0.743 0.3543, 0.2242 0.6765 0.3543, 0.175 0.7617 0.3543, 0.229 0.6785 0.3543, 0.2035 0.7735 0.3543, 0.2341 0.6791 0.3543, 0.2341 0.7776 0.3543, 0.2636 0.6791 0.3543, 0.2636 0.7776 0.3543, 0.1159 0.6594 0.947, 0.1159 0.6161 1.1417, 0.1159 0.6161 1.0039, 0.1159 0.2224 1.1417, 0.1159 0.6182 0.9887, 0.1159 0.2224 0.4724, 0.1159 0.6241 0.9744, 0.1159 0.6334 0.9622, 0.1159 0.257 0.3889, 0.1159 0.2383 0.4134, 0.1159 0.2265 0.4419, 0.1159 0.6457 0.9528, 0.1159 0.31 0.3584, 0.1159 0.2815 0.3702, 0.116 0.6599 0.9469, 0.1162 0.6675 0.9454, 0.7055 0.7776 0.9489, 0.677 0.7776 0.3385, 0.6525 0.7776 0.3197, 0.6179 0.7776 1.063, 0.6219 0.7776 1.0324, 0.3817 0.7776 1.063, 0.3777 0.7776 1.0324, 0.3659 0.7776 1.0039, 0.6337 0.7776 1.0039, 0.6525 0.7776 0.9795, 0.6337 0.7776 0.2953, 0.6219 0.7776 0.2668, 0.3817 0.7776 0.1575, 0.6179 0.7776 0.2362, 0.6179 0.7776 0.1575, 0.2942 0.7776 0.9489, 0.3817 0.7776 0.2362, 0.3777 0.7776 0.2668, 0.3659 0.7776 0.2953, 0.3471 0.7776 0.3197, 0.3226 0.7776 0.3385, 0.7656 0.7776 0.3543, 0.736 0.7776 0.3543, 0.7055 0.7776 0.3503, 0.677 0.7776 0.9607, 0.3471 0.7776 0.9795, 0.3226 0.7776 0.9607, 0.2942 0.7776 0.3503, 0.3975 0.7776 2.2736, 0.4163 0.7776 2.2981, 0.6139 0.7776 2.2451, 0.4407 0.7776 2.3169, 0.4692 0.7776 2.3287, 0.4998 0.7776 2.3327, 0.6179 0.7776 2.2146, 0.3817 0.7776 2.2146, 0.3857 0.7776 2.2451, 0.5304 0.7776 2.3287, 0.5589 0.7776 2.3169, 0.6021 0.7776 2.2736, 0.5833 0.7776 2.2981, 0.8837 0.6594 0.3543, 0.8834 0.6675 0.9454, 0.8837 0.6599 0.9469, 0.8837 0.6594 0.947, 0.8796 0.69 0.3543, 0.8678 0.7185 0.3543, 0.8491 0.743 0.3543, 0.8246 0.7617 0.3543, 0.7961 0.7735 0.3543, 0.8837 0.3406 0.3543, 0.8837 0.6457 0.9528, 0.8837 0.6161 1.1417, 0.8837 0.2224 1.1417, 0.8837 0.6161 1.0039, 0.8837 0.6182 0.9887, 0.8837 0.6241 0.9744, 0.8837 0.2224 0.4724, 0.8837 0.6334 0.9622, 0.8837 0.2265 0.4419, 0.8837 0.2383 0.4134, 0.8837 0.257 0.3889, 0.8837 0.2815 0.3702, 0.8837 0.31 0.3584, 0.7852 0.2224 0.4724, 0.7852 0.2224 1.1417, 0.7835 0.2224 1.1572, 0.8794 0.2224 1.1794, 0.7762 0.2224 1.1886, 0.8772 0.2224 1.1886, 0.7852 0.6161 1.1417, 0.7852 0.6161 1.0039, 0.7852 0.6182 0.9887, 0.7852 0.6594 0.947, 0.7852 0.6594 0.3543, 0.7852 0.3406 0.3543, 0.7852 0.257 0.3889, 0.7852 0.2383 0.4134, 0.7852 0.6334 0.9622, 0.7852 0.6457 0.9528, 0.7852 0.31 0.3584, 0.7852 0.2815 0.3702, 0.7852 0.6241 0.9744, 0.7852 0.2265 0.4419, 0.7656 0.6791 0.3543, 0.7699 0.6786 0.3543, 0.7741 0.6772 0.3543, 0.7778 0.6748 0.9449, 0.7778 0.6748 0.3543, 0.7809 0.6717 0.3543, 0.7809 0.6717 0.945, 0.7833 0.668 0.3543, 0.7833 0.668 0.9453, 0.7847 0.6638 0.3543, 0.7847 0.6638 0.946, 0.7852 0.6599 0.9469, 0.3817 0.6791 0.2362, 0.3817 0.6791 0.1575, 0.7055 0.6791 0.9489, 0.6179 0.6791 0.1575, 0.6179 0.6791 0.2362, 0.6219 0.6791 0.2668, 0.6337 0.6791 0.2953, 0.6525 0.6791 0.3197, 0.677 0.6791 0.3385, 0.736 0.6791 0.3543, 0.677 0.6791 0.9607, 0.3659 0.6791 1.0039, 0.6525 0.6791 0.9795, 0.3777 0.6791 1.0324, 0.6337 0.6791 1.0039, 0.7055 0.6791 0.3503, 0.3226 0.6791 0.3385, 0.3471 0.6791 0.3197, 0.2942 0.6791 0.9489, 0.3659 0.6791 0.2953, 0.3471 0.6791 0.9795, 0.3226 0.6791 0.9607, 0.3777 0.6791 0.2668, 0.6179 0.6791 1.063, 0.6179 0.6791 2.1704, 0.3817 0.6791 2.1704, 0.2942 0.6791 0.3503, 0.6219 0.6791 1.0324, 0.3817 0.6791 1.063, 0.215 0.6645 0.9459, 0.2144 0.6599 0.9469, 0.2144 0.6594 0.947, 0.2201 0.6734 0.9449, 0.2184 0.6714 0.945, 0.217 0.6693 0.9452, 0.2159 0.667 0.9455, 0.2144 0.6161 1.0039, 0.2144 0.6161 1.1417, 0.2144 0.2224 1.1417, 0.2144 0.2224 0.4724, 0.2144 0.6334 0.9622, 0.2144 0.6241 0.9744, 0.2144 0.6457 0.9528, 0.2144 0.31 0.3584, 0.2144 0.6182 0.9887, 0.2144 0.2265 0.4419, 0.2144 0.2383 0.4134, 0.2144 0.257 0.3889, 0.2144 0.2815 0.3702, 0.2234 0.2224 1.1886, 0.1224 0.2224 1.1886, 0.2161 0.2224 1.1572, 0.1202 0.2224 1.1794, 0.6179 0.8366 0.0984, 0.3817 0.8366 0.0984, 0.6179 0.8213 0.1004, 0.3817 0.8213 0.1004, 0.6179 0.8071 0.1063, 0.3817 0.8071 0.1063, 0.6179 0.7949 0.1157, 0.3817 0.7949 0.1157, 0.6179 0.7855 0.128, 0.3817 0.7855 0.128, 0.6179 0.7796 0.1422, 0.3817 0.7796 0.1422, 0.3817 1.2598 0.0984, 0.6179 1.2598 0.0984, 0.6139 1.2904 0.0984, 0.6021 1.3189 0.0984, 0.5833 1.3434 0.0984, 0.5589 1.3621 0.0984, 0.5304 1.3739 0.0984, 0.4163 1.3434 0.0984, 0.3975 1.3189 0.0984, 0.4407 1.3621 0.0984, 0.4692 1.3739 0.0984, 0.4998 1.378 0.0984, 0.3857 1.2904 0.0984, 0.6179 0.8366 0.0, 0.3817 0.8366 0.0, 0.6179 1.2598 0.0, 0.3817 1.2598 0.0, 0.6139 1.2904 0.0, 0.6021 1.3189 0.0, 0.3857 1.2904 0.0, 0.3975 1.3189 0.0, 0.5589 1.3621 0.0, 0.5833 1.3434 0.0, 0.4692 1.3739 0.0, 0.5304 1.3739 0.0, 0.4998 1.378 0.0, 0.4163 1.3434 0.0, 0.4407 1.3621 0.0, 0.3817 0.6845 0.1167, 0.6179 0.6845 0.1167, 0.3817 0.7002 0.0787, 0.6179 0.7002 0.0787, 0.3817 0.7253 0.0461, 0.6179 0.7253 0.0461, 0.3817 0.7579 0.0211, 0.6179 0.7579 0.0211, 0.3817 0.7959 0.0054, 0.6179 0.7959 0.0054, 0.6179 0.6952 2.2146, 0.3817 0.6952 2.2146, 0.6021 0.7167 2.2736, 0.5833 0.7256 2.2981, 0.4279 0.7293 2.3083, 0.5717 0.7293 2.3083, 0.5589 0.7324 2.3169, 0.4407 0.7324 2.3169, 0.4163 0.7256 2.2981, 0.3975 0.7167 2.2736, 0.3857 0.7063 2.2451, 0.6139 0.7063 2.2451, 0.4546 0.7349 2.3237, 0.545 0.7349 2.3237, 0.4692 0.7367 2.3287, 0.5304 0.7367 2.3287, 0.5152 0.7378 2.3317, 0.4844 0.7378 2.3317, 0.4998 0.7382 2.3327, 0.6894 0.4142 2.3298, 0.5983 0.2961 2.0795, 0.649 0.2961 2.2188, 0.6854 0.363 2.3188, 0.6665 0.3078 2.267, 0.6806 0.3406 2.3056, 0.6742 0.3219 2.288, 0.658 0.2991 2.2435, 0.6884 0.3879 2.327, 0.5983 0.6161 2.0795, 0.6894 0.498 2.3298, 0.649 0.6161 2.2188, 0.688 0.5286 2.326, 0.684 0.5571 2.315, 0.6775 0.5815 2.2973, 0.6692 0.6003 2.2743, 0.6594 0.6121 2.2476, 0.5925 0.6161 1.9846, 0.5925 0.2961 1.9846, 0.5883 0.2961 2.0164, 0.5883 0.6161 2.0164, 0.5902 0.2961 2.0484, 0.5902 0.6161 2.0484, 0.7835 0.6161 1.1572, 0.7212 0.2961 1.4271, 0.7319 0.2906 1.3808, 0.742 0.2743 1.3371, 0.7655 0.228 1.2349, 0.7554 0.2442 1.2786, 0.8794 0.6161 1.1794, 0.6884 0.6161 2.0068, 0.6884 0.2961 2.0068, 0.8222 0.2961 1.4271, 0.8329 0.2906 1.3808, 0.843 0.2743 1.3371, 0.8565 0.2442 1.2786, 0.8665 0.228 1.2349, 0.6907 0.6161 2.0458, 0.6907 0.2961 2.0458, 0.6874 0.6161 2.033, 0.6874 0.2961 2.033, 0.6866 0.6161 2.0198, 0.6866 0.2961 2.0198, 0.7415 0.2961 2.1852, 0.7819 0.4142 2.2962, 0.7415 0.6161 2.1852, 0.7519 0.6121 2.2139, 0.7667 0.3219 2.2544, 0.759 0.3078 2.2333, 0.773 0.3406 2.2719, 0.7779 0.363 2.2852, 0.7809 0.3879 2.2934, 0.7505 0.2991 2.2099, 0.7617 0.6003 2.2407, 0.77 0.5815 2.2637, 0.7765 0.5571 2.2813, 0.7805 0.5286 2.2924, 0.7819 0.498 2.2962, 0.2161 0.6161 1.1572, 0.4072 0.6161 1.9846, 0.4072 0.2961 1.9846, 0.2784 0.2961 1.4271, 0.2678 0.2906 1.3808, 0.2577 0.2743 1.3371, 0.2442 0.2442 1.2786, 0.2341 0.228 1.2349, 0.4013 0.6161 2.0795, 0.4013 0.2961 2.0795, 0.4094 0.2961 2.0484, 0.4094 0.6161 2.0484, 0.4113 0.2961 2.0164, 0.4113 0.6161 2.0164, 0.3506 0.2961 2.2188, 0.3506 0.6161 2.2188, 0.3156 0.5571 2.315, 0.3116 0.5286 2.326, 0.3221 0.5815 2.2973, 0.3304 0.6003 2.2743, 0.3116 0.3836 2.326, 0.3402 0.3001 2.2476, 0.3102 0.4142 2.3298, 0.3102 0.498 2.3298, 0.3402 0.6121 2.2476, 0.3156 0.3552 2.315, 0.3221 0.3307 2.2973, 0.3304 0.3119 2.2743, 0.2177 0.498 2.2962, 0.2177 0.4142 2.2962, 0.3089 0.6161 2.0458, 0.3089 0.2961 2.0458, 0.2581 0.6161 2.1852, 0.2581 0.2961 2.1852, 0.2477 0.3001 2.2139, 0.2191 0.3836 2.2924, 0.2191 0.5286 2.2924, 0.2232 0.5571 2.2813, 0.2296 0.5815 2.2637, 0.2379 0.6003 2.2407, 0.2477 0.6121 2.2139, 0.2379 0.3119 2.2407, 0.2296 0.3307 2.2637, 0.2232 0.3552 2.2813, 0.3112 0.6161 2.0068, 0.3112 0.2961 2.0068, 0.313 0.6161 2.0198, 0.313 0.2961 2.0198, 0.3122 0.6161 2.033, 0.3122 0.2961 2.033, 0.1202 0.6161 1.1794, 0.1774 0.2961 1.4271, 0.1667 0.2906 1.3808, 0.1566 0.2743 1.3371, 0.1331 0.228 1.2349, 0.1432 0.2442 1.2786, 0.8837 0.6599 0.9469, -0.88 0.69 0.9449, -0.883 0.6752 0.9449, -0.7778 0.6752 0.9449, -0.8682 0.7185 0.9449, -0.7364 0.6791 0.9449, -0.7364 0.7776 0.9449, -0.7659 0.6791 0.9449, -0.7659 0.7776 0.9449, -0.771 0.6785 0.9449, -0.7965 0.7735 0.9449, -0.7758 0.6765 0.9449, -0.825 0.7617 0.9449, -0.8495 0.743 0.9449, -0.2226 0.6752 0.9449, -0.1174 0.6752 0.9449, -0.1204 0.69 0.9449, -0.264 0.7776 0.9449, -0.264 0.6791 0.9449, -0.2344 0.7776 0.9449, -0.2344 0.6791 0.9449, -0.2039 0.7735 0.9449, -0.2301 0.6786 0.9449, -0.1754 0.7617 0.9449, -0.2259 0.6772 0.9449, -0.1509 0.743 0.9449, -0.1322 0.7185 0.9449, -0.7856 0.3406 0.3543, -0.8841 0.3406 0.3543, -0.7856 0.6594 0.3543, -0.8841 0.6594 0.3543, -0.785 0.6645 0.3543, -0.88 0.69 0.3543, -0.783 0.6693 0.3543, -0.8682 0.7185 0.3543, -0.7799 0.6734 0.3543, -0.8495 0.743 0.3543, -0.7758 0.6765 0.3543, -0.825 0.7617 0.3543, -0.771 0.6785 0.3543, -0.7965 0.7735 0.3543, -0.7659 0.6791 0.3543, -0.7659 0.7776 0.3543, -0.7364 0.6791 0.3543, -0.7364 0.7776 0.3543, -0.8841 0.6594 0.947, -0.8841 0.6161 1.1417, -0.8841 0.6161 1.0039, -0.8841 0.2224 1.1417, -0.8841 0.6182 0.9887, -0.8841 0.2224 0.4724, -0.8841 0.6241 0.9744, -0.8841 0.6334 0.9622, -0.8841 0.257 0.3889, -0.8841 0.2383 0.4134, -0.8841 0.2265 0.4419, -0.8841 0.6457 0.9528, -0.8841 0.31 0.3584, -0.8841 0.2815 0.3702, -0.884 0.6599 0.9469, -0.8838 0.6675 0.9454, -0.3821 0.7776 0.1575, -0.6183 0.7776 0.1575, -0.6183 0.7776 0.2362, -0.7058 0.7776 0.9489, -0.3781 0.7776 1.0324, -0.3663 0.7776 1.0039, -0.3821 0.7776 0.2362, -0.323 0.7776 0.3385, -0.3475 0.7776 0.3197, -0.2945 0.7776 0.9489, -0.3663 0.7776 0.2953, -0.6223 0.7776 0.2668, -0.6341 0.7776 0.2953, -0.6529 0.7776 0.3197, -0.6774 0.7776 0.3385, -0.7058 0.7776 0.3503, -0.6774 0.7776 0.9607, -0.6529 0.7776 0.9795, -0.6341 0.7776 1.0039, -0.6223 0.7776 1.0324, -0.6183 0.7776 1.063, -0.3821 0.7776 1.063, -0.3781 0.7776 0.2668, -0.323 0.7776 0.9607, -0.3475 0.7776 0.9795, -0.2344 0.7776 0.3543, -0.264 0.7776 0.3543, -0.2945 0.7776 0.3503, -0.6025 0.7776 2.2736, -0.5837 0.7776 2.2981, -0.3861 0.7776 2.2451, -0.5593 0.7776 2.3169, -0.5308 0.7776 2.3287, -0.5002 0.7776 2.3327, -0.3821 0.7776 2.2146, -0.6183 0.7776 2.2146, -0.6143 0.7776 2.2451, -0.4696 0.7776 2.3287, -0.4411 0.7776 2.3169, -0.3979 0.7776 2.2736, -0.4167 0.7776 2.2981, -0.1163 0.6594 0.3543, -0.1166 0.6675 0.9454, -0.1163 0.6599 0.9469, -0.1163 0.6594 0.947, -0.1204 0.69 0.3543, -0.1322 0.7185 0.3543, -0.1509 0.743 0.3543, -0.1754 0.7617 0.3543, -0.2039 0.7735 0.3543, -0.1163 0.3406 0.3543, -0.1163 0.6457 0.9528, -0.1163 0.6161 1.1417, -0.1163 0.2224 1.1417, -0.1163 0.6161 1.0039, -0.1163 0.6182 0.9887, -0.1163 0.6241 0.9744, -0.1163 0.2224 0.4724, -0.1163 0.6334 0.9622, -0.1163 0.2265 0.4419, -0.1163 0.2383 0.4134, -0.1163 0.257 0.3889, -0.1163 0.2815 0.3702, -0.1163 0.31 0.3584, -0.2148 0.2224 0.4724, -0.2148 0.2224 1.1417, -0.2165 0.2224 1.1572, -0.1206 0.2224 1.1794, -0.2238 0.2224 1.1886, -0.1228 0.2224 1.1886, -0.2148 0.6161 1.1417, -0.2148 0.6161 1.0039, -0.2148 0.6182 0.9887, -0.2148 0.6594 0.947, -0.2148 0.6594 0.3543, -0.2148 0.3406 0.3543, -0.2148 0.257 0.3889, -0.2148 0.2383 0.4134, -0.2148 0.6334 0.9622, -0.2148 0.6457 0.9528, -0.2148 0.31 0.3584, -0.2148 0.2815 0.3702, -0.2148 0.6241 0.9744, -0.2148 0.2265 0.4419, -0.2344 0.6791 0.3543, -0.2301 0.6786 0.3543, -0.2259 0.6772 0.3543, -0.2222 0.6748 0.9449, -0.2222 0.6748 0.3543, -0.2191 0.6717 0.3543, -0.2191 0.6717 0.945, -0.2167 0.668 0.3543, -0.2167 0.668 0.9453, -0.2153 0.6638 0.3543, -0.2153 0.6638 0.946, -0.2148 0.6599 0.9469, -0.3475 0.6791 0.3197, -0.323 0.6791 0.3385, -0.2945 0.6791 0.9489, -0.3821 0.6791 0.2362, -0.323 0.6791 0.9607, -0.3475 0.6791 0.9795, -0.3663 0.6791 0.2953, -0.6341 0.6791 0.2953, -0.3821 0.6791 0.1575, -0.6529 0.6791 0.3197, -0.7058 0.6791 0.9489, -0.6774 0.6791 0.3385, -0.6223 0.6791 0.2668, -0.6183 0.6791 0.2362, -0.6183 0.6791 0.1575, -0.3781 0.6791 0.2668, -0.264 0.6791 0.3543, -0.3663 0.6791 1.0039, -0.6223 0.6791 1.0324, -0.6341 0.6791 1.0039, -0.6529 0.6791 0.9795, -0.6774 0.6791 0.9607, -0.7058 0.6791 0.3503, -0.2945 0.6791 0.3503, -0.3821 0.6791 1.063, -0.3821 0.6791 2.1704, -0.6183 0.6791 2.1704, -0.3781 0.6791 1.0324, -0.6183 0.6791 1.063, -0.785 0.6645 0.9459, -0.7856 0.6599 0.9469, -0.7856 0.6594 0.947, -0.7799 0.6734 0.9449, -0.7816 0.6714 0.945, -0.783 0.6693 0.9452, -0.7841 0.667 0.9455, -0.7856 0.6161 1.0039, -0.7856 0.6161 1.1417, -0.7856 0.2224 1.1417, -0.7856 0.2224 0.4724, -0.7856 0.6334 0.9622, -0.7856 0.6241 0.9744, -0.7856 0.6457 0.9528, -0.7856 0.31 0.3584, -0.7856 0.6182 0.9887, -0.7856 0.2265 0.4419, -0.7856 0.2383 0.4134, -0.7856 0.257 0.3889, -0.7856 0.2815 0.3702, -0.7766 0.2224 1.1886, -0.8776 0.2224 1.1886, -0.7839 0.2224 1.1572, -0.8798 0.2224 1.1794, -0.3821 0.8366 0.0984, -0.6183 0.8366 0.0984, -0.3821 0.8213 0.1004, -0.6183 0.8213 0.1004, -0.3821 0.8071 0.1063, -0.6183 0.8071 0.1063, -0.3821 0.7949 0.1157, -0.6183 0.7949 0.1157, -0.3821 0.7855 0.128, -0.6183 0.7855 0.128, -0.3821 0.7796 0.1422, -0.6183 0.7796 0.1422, -0.6183 1.2598 0.0984, -0.3821 1.2598 0.0984, -0.3861 1.2904 0.0984, -0.3979 1.3189 0.0984, -0.4167 1.3434 0.0984, -0.4411 1.3621 0.0984, -0.4696 1.3739 0.0984, -0.5837 1.3434 0.0984, -0.6025 1.3189 0.0984, -0.5593 1.3621 0.0984, -0.5308 1.3739 0.0984, -0.5002 1.378 0.0984, -0.6143 1.2904 0.0984, -0.3821 0.8366 0.0, -0.6183 0.8366 0.0, -0.3821 1.2598 0.0, -0.6183 1.2598 0.0, -0.3861 1.2904 0.0, -0.3979 1.3189 0.0, -0.6143 1.2904 0.0, -0.6025 1.3189 0.0, -0.4411 1.3621 0.0, -0.4167 1.3434 0.0, -0.5308 1.3739 0.0, -0.4696 1.3739 0.0, -0.5002 1.378 0.0, -0.5837 1.3434 0.0, -0.5593 1.3621 0.0, -0.6183 0.6845 0.1167, -0.3821 0.6845 0.1167, -0.6183 0.7002 0.0787, -0.3821 0.7002 0.0787, -0.6183 0.7253 0.0461, -0.3821 0.7253 0.0461, -0.6183 0.7579 0.0211, -0.3821 0.7579 0.0211, -0.6183 0.7959 0.0054, -0.3821 0.7959 0.0054, -0.3821 0.6952 2.2146, -0.6183 0.6952 2.2146, -0.3979 0.7167 2.2736, -0.4167 0.7256 2.2981, -0.5721 0.7293 2.3083, -0.4283 0.7293 2.3083, -0.4411 0.7324 2.3169, -0.5593 0.7324 2.3169, -0.5837 0.7256 2.2981, -0.6025 0.7167 2.2736, -0.6143 0.7063 2.2451, -0.3861 0.7063 2.2451, -0.5454 0.7349 2.3237, -0.455 0.7349 2.3237, -0.5308 0.7367 2.3287, -0.4696 0.7367 2.3287, -0.4848 0.7378 2.3317, -0.5156 0.7378 2.3317, -0.5002 0.7382 2.3327, -0.3106 0.498 2.3298, -0.4017 0.6161 2.0795, -0.3106 0.4142 2.3298, -0.4017 0.2961 2.0795, -0.351 0.2961 2.2188, -0.3146 0.363 2.3188, -0.3335 0.3078 2.267, -0.3194 0.3406 2.3056, -0.3258 0.3219 2.288, -0.342 0.2991 2.2435, -0.3116 0.3879 2.327, -0.312 0.5286 2.326, -0.316 0.5571 2.315, -0.3225 0.5815 2.2973, -0.3308 0.6003 2.2743, -0.3406 0.6121 2.2476, -0.351 0.6161 2.2188, -0.4075 0.6161 1.9846, -0.4075 0.2961 1.9846, -0.4117 0.2961 2.0164, -0.4117 0.6161 2.0164, -0.4098 0.2961 2.0484, -0.4098 0.6161 2.0484, -0.2165 0.6161 1.1572, -0.2788 0.2961 1.4271, -0.2681 0.2906 1.3808, -0.258 0.2743 1.3371, -0.2345 0.228 1.2349, -0.2446 0.2442 1.2786, -0.1206 0.6161 1.1794, -0.3116 0.6161 2.0068, -0.3116 0.2961 2.0068, -0.1778 0.2961 1.4271, -0.1671 0.2906 1.3808, -0.157 0.2743 1.3371, -0.1435 0.2442 1.2786, -0.1335 0.228 1.2349, -0.3093 0.6161 2.0458, -0.3093 0.2961 2.0458, -0.3126 0.6161 2.033, -0.3126 0.2961 2.033, -0.3134 0.6161 2.0198, -0.3134 0.2961 2.0198, -0.2585 0.2961 2.1852, -0.2181 0.4142 2.2962, -0.2181 0.498 2.2962, -0.2585 0.6161 2.1852, -0.2195 0.5286 2.2924, -0.2235 0.5571 2.2813, -0.23 0.5815 2.2637, -0.2191 0.3879 2.2934, -0.241 0.3078 2.2333, -0.2495 0.2991 2.2099, -0.2221 0.363 2.2852, -0.227 0.3406 2.2719, -0.2333 0.3219 2.2544, -0.2481 0.6121 2.2139, -0.2383 0.6003 2.2407, -0.7839 0.6161 1.1572, -0.5928 0.6161 1.9846, -0.5928 0.2961 1.9846, -0.7216 0.2961 1.4271, -0.7322 0.2906 1.3808, -0.7423 0.2743 1.3371, -0.7558 0.2442 1.2786, -0.7659 0.228 1.2349, -0.5987 0.6161 2.0795, -0.5987 0.2961 2.0795, -0.5906 0.2961 2.0484, -0.5906 0.6161 2.0484, -0.5887 0.2961 2.0164, -0.5887 0.6161 2.0164, -0.6494 0.2961 2.2188, -0.6494 0.6161 2.2188, -0.6844 0.5571 2.315, -0.6884 0.5286 2.326, -0.6779 0.5815 2.2973, -0.6696 0.6003 2.2743, -0.6884 0.3836 2.326, -0.6598 0.3001 2.2476, -0.6898 0.4142 2.3298, -0.6898 0.498 2.3298, -0.6598 0.6121 2.2476, -0.6844 0.3552 2.315, -0.6779 0.3307 2.2973, -0.6696 0.3119 2.2743, -0.7823 0.498 2.2962, -0.7823 0.4142 2.2962, -0.6911 0.6161 2.0458, -0.6911 0.2961 2.0458, -0.7419 0.6161 2.1852, -0.7419 0.2961 2.1852, -0.7523 0.3001 2.2139, -0.7809 0.3836 2.2924, -0.7809 0.5286 2.2924, -0.7768 0.5571 2.2813, -0.7704 0.5815 2.2637, -0.7621 0.6003 2.2407, -0.7523 0.6121 2.2139, -0.7621 0.3119 2.2407, -0.7704 0.3307 2.2637, -0.7768 0.3552 2.2813, -0.6888 0.6161 2.0068, -0.6888 0.2961 2.0068, -0.687 0.6161 2.0198, -0.687 0.2961 2.0198, -0.6878 0.6161 2.033, -0.6878 0.2961 2.033, -0.8798 0.6161 1.1794, -0.8226 0.2961 1.4271, -0.8333 0.2906 1.3808, -0.8434 0.2743 1.3371, -0.8669 0.228 1.2349, -0.8568 0.2442 1.2786, -0.1163 0.6599 0.9469, -1.88 0.69 0.9449, -1.883 0.6752 0.9449, -1.7778 0.6752 0.9449, -1.7364 0.6791 0.9449, -1.7364 0.7776 0.9449, -1.7659 0.6791 0.9449, -1.7659 0.7776 0.9449, -1.771 0.6785 0.9449, -1.7965 0.7735 0.9449, -1.7758 0.6765 0.9449, -1.825 0.7617 0.9449, -1.8495 0.743 0.9449, -1.8682 0.7185 0.9449, -1.2226 0.6752 0.9449, -1.1174 0.6752 0.9449, -1.1204 0.69 0.9449, -1.264 0.7776 0.9449, -1.264 0.6791 0.9449, -1.2344 0.7776 0.9449, -1.2344 0.6791 0.9449, -1.2039 0.7735 0.9449, -1.2301 0.6786 0.9449, -1.1754 0.7617 0.9449, -1.2259 0.6772 0.9449, -1.1509 0.743 0.9449, -1.1322 0.7185 0.9449, -1.7856 0.3406 0.3543, -1.8841 0.3406 0.3543, -1.7856 0.6594 0.3543, -1.8841 0.6594 0.3543, -1.785 0.6645 0.3543, -1.88 0.69 0.3543, -1.783 0.6693 0.3543, -1.8682 0.7185 0.3543, -1.7799 0.6734 0.3543, -1.8495 0.743 0.3543, -1.7758 0.6765 0.3543, -1.825 0.7617 0.3543, -1.771 0.6785 0.3543, -1.7965 0.7735 0.3543, -1.7659 0.6791 0.3543, -1.7659 0.7776 0.3543, -1.7364 0.6791 0.3543, -1.7364 0.7776 0.3543, -1.8841 0.6594 0.947, -1.8841 0.6161 1.1417, -1.8841 0.6161 1.0039, -1.8841 0.2224 1.1417, -1.8841 0.6182 0.9887, -1.8841 0.2224 0.4724, -1.8841 0.6241 0.9744, -1.8841 0.6334 0.9622, -1.8841 0.257 0.3889, -1.8841 0.2383 0.4134, -1.8841 0.2265 0.4419, -1.8841 0.6457 0.9528, -1.8841 0.31 0.3584, -1.8841 0.2815 0.3702, -1.884 0.6599 0.9469, -1.8838 0.6675 0.9454, -1.6341 0.7776 0.2953, -1.6529 0.7776 0.3197, -1.7058 0.7776 0.9489, -1.6774 0.7776 0.3385, -1.323 0.7776 0.9607, -1.2945 0.7776 0.9489, -1.2344 0.7776 0.3543, -1.6223 0.7776 0.2668, -1.3821 0.7776 0.1575, -1.6183 0.7776 0.2362, -1.6183 0.7776 0.1575, -1.3663 0.7776 0.2953, -1.3781 0.7776 0.2668, -1.264 0.7776 0.3543, -1.6529 0.7776 0.9795, -1.2945 0.7776 0.3503, -1.6774 0.7776 0.9607, -1.323 0.7776 0.3385, -1.3475 0.7776 0.3197, -1.3821 0.7776 0.2362, -1.3821 0.7776 1.063, -1.3781 0.7776 1.0324, -1.6183 0.7776 1.063, -1.7058 0.7776 0.3503, -1.3475 0.7776 0.9795, -1.3663 0.7776 1.0039, -1.6341 0.7776 1.0039, -1.6223 0.7776 1.0324, -1.6025 0.7776 2.2736, -1.5837 0.7776 2.2981, -1.3861 0.7776 2.2451, -1.3821 0.7776 2.2146, -1.6183 0.7776 2.2146, -1.6143 0.7776 2.2451, -1.5593 0.7776 2.3169, -1.5308 0.7776 2.3287, -1.3979 0.7776 2.2736, -1.5002 0.7776 2.3327, -1.4696 0.7776 2.3287, -1.4411 0.7776 2.3169, -1.4167 0.7776 2.2981, -1.1163 0.6594 0.3543, -1.1166 0.6675 0.9454, -1.1163 0.6599 0.9469, -1.1163 0.6594 0.947, -1.1204 0.69 0.3543, -1.1322 0.7185 0.3543, -1.1509 0.743 0.3543, -1.1754 0.7617 0.3543, -1.2039 0.7735 0.3543, -1.1163 0.3406 0.3543, -1.1163 0.6457 0.9528, -1.1163 0.6161 1.1417, -1.1163 0.2224 1.1417, -1.1163 0.6161 1.0039, -1.1163 0.6182 0.9887, -1.1163 0.6241 0.9744, -1.1163 0.2224 0.4724, -1.1163 0.6334 0.9622, -1.1163 0.2265 0.4419, -1.1163 0.2383 0.4134, -1.1163 0.257 0.3889, -1.1163 0.2815 0.3702, -1.1163 0.31 0.3584, -1.2148 0.2224 0.4724, -1.2148 0.2224 1.1417, -1.2165 0.2224 1.1572, -1.1206 0.2224 1.1794, -1.2238 0.2224 1.1886, -1.1228 0.2224 1.1886, -1.2148 0.6161 1.1417, -1.2148 0.6161 1.0039, -1.2148 0.6182 0.9887, -1.2148 0.6594 0.947, -1.2148 0.6594 0.3543, -1.2148 0.3406 0.3543, -1.2148 0.257 0.3889, -1.2148 0.2383 0.4134, -1.2148 0.6334 0.9622, -1.2148 0.6457 0.9528, -1.2148 0.31 0.3584, -1.2148 0.2815 0.3702, -1.2148 0.6241 0.9744, -1.2148 0.2265 0.4419, -1.2344 0.6791 0.3543, -1.2301 0.6786 0.3543, -1.2259 0.6772 0.3543, -1.2222 0.6748 0.9449, -1.2222 0.6748 0.3543, -1.2191 0.6717 0.3543, -1.2191 0.6717 0.945, -1.2167 0.668 0.3543, -1.2167 0.668 0.9453, -1.2153 0.6638 0.3543, -1.2153 0.6638 0.946, -1.2148 0.6599 0.9469, -1.264 0.6791 0.3543, -1.6529 0.6791 0.9795, -1.6341 0.6791 1.0039, -1.3663 0.6791 1.0039, -1.6774 0.6791 0.3385, -1.6529 0.6791 0.3197, -1.7058 0.6791 0.9489, -1.3821 0.6791 0.2362, -1.3781 0.6791 0.2668, -1.3821 0.6791 0.1575, -1.6341 0.6791 0.2953, -1.6223 0.6791 1.0324, -1.6223 0.6791 0.2668, -1.6183 0.6791 0.2362, -1.6183 0.6791 0.1575, -1.2945 0.6791 0.9489, -1.323 0.6791 0.9607, -1.3475 0.6791 0.9795, -1.3663 0.6791 0.2953, -1.3475 0.6791 0.3197, -1.6774 0.6791 0.9607, -1.323 0.6791 0.3385, -1.2945 0.6791 0.3503, -1.7058 0.6791 0.3503, -1.3821 0.6791 1.063, -1.3821 0.6791 2.1704, -1.6183 0.6791 2.1704, -1.3781 0.6791 1.0324, -1.6183 0.6791 1.063, -1.785 0.6645 0.9459, -1.7856 0.6599 0.9469, -1.7856 0.6594 0.947, -1.7799 0.6734 0.9449, -1.7816 0.6714 0.945, -1.783 0.6693 0.9452, -1.7841 0.667 0.9455, -1.7856 0.6161 1.0039, -1.7856 0.6161 1.1417, -1.7856 0.2224 1.1417, -1.7856 0.2224 0.4724, -1.7856 0.6334 0.9622, -1.7856 0.6241 0.9744, -1.7856 0.6457 0.9528, -1.7856 0.31 0.3584, -1.7856 0.6182 0.9887, -1.7856 0.2265 0.4419, -1.7856 0.2383 0.4134, -1.7856 0.257 0.3889, -1.7856 0.2815 0.3702, -1.7766 0.2224 1.1886, -1.8776 0.2224 1.1886, -1.7839 0.2224 1.1572, -1.8798 0.2224 1.1794, -1.3821 0.8366 0.0984, -1.6183 0.8366 0.0984, -1.3821 0.8213 0.1004, -1.6183 0.8213 0.1004, -1.3821 0.8071 0.1063, -1.6183 0.8071 0.1063, -1.3821 0.7949 0.1157, -1.6183 0.7949 0.1157, -1.3821 0.7855 0.128, -1.6183 0.7855 0.128, -1.3821 0.7796 0.1422, -1.6183 0.7796 0.1422, -1.5837 1.3434 0.0984, -1.6025 1.3189 0.0984, -1.3821 1.2598 0.0984, -1.6183 1.2598 0.0984, -1.6143 1.2904 0.0984, -1.5593 1.3621 0.0984, -1.3861 1.2904 0.0984, -1.3979 1.3189 0.0984, -1.4167 1.3434 0.0984, -1.4411 1.3621 0.0984, -1.5308 1.3739 0.0984, -1.4696 1.3739 0.0984, -1.5002 1.378 0.0984, -1.3821 0.8366 0.0, -1.6183 0.8366 0.0, -1.3821 1.2598 0.0, -1.6183 1.2598 0.0, -1.3861 1.2904 0.0, -1.6143 1.2904 0.0, -1.6025 1.3189 0.0, -1.5837 1.3434 0.0, -1.5593 1.3621 0.0, -1.3979 1.3189 0.0, -1.5002 1.378 0.0, -1.4696 1.3739 0.0, -1.5308 1.3739 0.0, -1.4411 1.3621 0.0, -1.4167 1.3434 0.0, -1.6183 0.6845 0.1167, -1.3821 0.6845 0.1167, -1.6183 0.7002 0.0787, -1.3821 0.7002 0.0787, -1.6183 0.7253 0.0461, -1.3821 0.7253 0.0461, -1.6183 0.7579 0.0211, -1.3821 0.7579 0.0211, -1.6183 0.7959 0.0054, -1.3821 0.7959 0.0054, -1.3821 0.6952 2.2146, -1.6183 0.6952 2.2146, -1.3979 0.7167 2.2736, -1.4167 0.7256 2.2981, -1.5721 0.7293 2.3083, -1.4283 0.7293 2.3083, -1.4411 0.7324 2.3169, -1.5593 0.7324 2.3169, -1.5837 0.7256 2.2981, -1.6025 0.7167 2.2736, -1.6143 0.7063 2.2451, -1.3861 0.7063 2.2451, -1.5454 0.7349 2.3237, -1.455 0.7349 2.3237, -1.5308 0.7367 2.3287, -1.4696 0.7367 2.3287, -1.4848 0.7378 2.3317, -1.5156 0.7378 2.3317, -1.5002 0.7382 2.3327, -1.351 0.6161 2.2188, -1.4017 0.6161 2.0795, -1.4017 0.2961 2.0795, -1.3406 0.6121 2.2476, -1.3308 0.3119 2.2743, -1.3106 0.4142 2.3298, -1.3406 0.3001 2.2476, -1.351 0.2961 2.2188, -1.3225 0.3307 2.2973, -1.316 0.3552 2.315, -1.312 0.3836 2.326, -1.312 0.5286 2.326, -1.316 0.5571 2.315, -1.3106 0.498 2.3298, -1.3225 0.5815 2.2973, -1.3308 0.6003 2.2743, -1.4075 0.6161 1.9846, -1.4075 0.2961 1.9846, -1.4117 0.2961 2.0164, -1.4117 0.6161 2.0164, -1.4098 0.2961 2.0484, -1.4098 0.6161 2.0484, -1.2165 0.6161 1.1572, -1.2788 0.2961 1.4271, -1.2681 0.2906 1.3808, -1.258 0.2743 1.3371, -1.2345 0.228 1.2349, -1.2446 0.2442 1.2786, -1.1206 0.6161 1.1794, -1.3116 0.6161 2.0068, -1.3116 0.2961 2.0068, -1.1778 0.2961 1.4271, -1.1671 0.2906 1.3808, -1.157 0.2743 1.3371, -1.1435 0.2442 1.2786, -1.1335 0.228 1.2349, -1.3093 0.6161 2.0458, -1.3093 0.2961 2.0458, -1.3126 0.6161 2.033, -1.3126 0.2961 2.033, -1.3134 0.6161 2.0198, -1.3134 0.2961 2.0198, -1.2585 0.2961 2.1852, -1.2181 0.4142 2.2962, -1.2481 0.3001 2.2139, -1.2195 0.3836 2.2924, -1.2235 0.3552 2.2813, -1.2585 0.6161 2.1852, -1.2481 0.6121 2.2139, -1.23 0.3307 2.2637, -1.2383 0.3119 2.2407, -1.2383 0.6003 2.2407, -1.23 0.5815 2.2637, -1.2235 0.5571 2.2813, -1.2195 0.5286 2.2924, -1.2181 0.498 2.2962, -1.7839 0.6161 1.1572, -1.5928 0.6161 1.9846, -1.5928 0.2961 1.9846, -1.7216 0.2961 1.4271, -1.7322 0.2906 1.3808, -1.7423 0.2743 1.3371, -1.7558 0.2442 1.2786, -1.7659 0.228 1.2349, -1.5987 0.6161 2.0795, -1.5987 0.2961 2.0795, -1.5906 0.2961 2.0484, -1.5906 0.6161 2.0484, -1.5887 0.2961 2.0164, -1.5887 0.6161 2.0164, -1.6494 0.2961 2.2188, -1.6494 0.6161 2.2188, -1.6598 0.6121 2.2476, -1.6696 0.6003 2.2743, -1.6779 0.5815 2.2973, -1.6844 0.5571 2.315, -1.6884 0.3836 2.326, -1.6844 0.3552 2.315, -1.6779 0.3307 2.2973, -1.6598 0.3001 2.2476, -1.6696 0.3119 2.2743, -1.6884 0.5286 2.326, -1.6898 0.498 2.3298, -1.6898 0.4142 2.3298, -1.7823 0.498 2.2962, -1.7823 0.4142 2.2962, -1.6911 0.6161 2.0458, -1.6911 0.2961 2.0458, -1.7419 0.6161 2.1852, -1.7419 0.2961 2.1852, -1.7768 0.3552 2.2813, -1.7704 0.3307 2.2637, -1.7523 0.3001 2.2139, -1.7621 0.3119 2.2407, -1.7809 0.5286 2.2924, -1.7768 0.5571 2.2813, -1.7704 0.5815 2.2637, -1.7621 0.6003 2.2407, -1.7523 0.6121 2.2139, -1.7809 0.3836 2.2924, -1.6888 0.6161 2.0068, -1.6888 0.2961 2.0068, -1.687 0.6161 2.0198, -1.687 0.2961 2.0198, -1.6878 0.6161 2.033, -1.6878 0.2961 2.033, -1.8798 0.6161 1.1794, -1.8226 0.2961 1.4271, -1.8333 0.2906 1.3808, -1.8434 0.2743 1.3371, -1.8669 0.228 1.2349, -1.8568 0.2442 1.2786, -1.1163 0.6599 0.9469, -2.88 0.69 0.9449, -2.883 0.6752 0.9449, -2.7778 0.6752 0.9449, -2.7364 0.6791 0.9449, -2.7364 0.7776 0.9449, -2.7659 0.6791 0.9449, -2.7659 0.7776 0.9449, -2.771 0.6785 0.9449, -2.7965 0.7735 0.9449, -2.7758 0.6765 0.9449, -2.825 0.7617 0.9449, -2.8495 0.743 0.9449, -2.8682 0.7185 0.9449, -2.2226 0.6752 0.9449, -2.1174 0.6752 0.9449, -2.1204 0.69 0.9449, -2.264 0.7776 0.9449, -2.264 0.6791 0.9449, -2.2344 0.7776 0.9449, -2.2344 0.6791 0.9449, -2.2039 0.7735 0.9449, -2.2301 0.6786 0.9449, -2.1754 0.7617 0.9449, -2.2259 0.6772 0.9449, -2.1509 0.743 0.9449, -2.1322 0.7185 0.9449, -2.7856 0.3406 0.3543, -2.8841 0.3406 0.3543, -2.7856 0.6594 0.3543, -2.8841 0.6594 0.3543, -2.785 0.6645 0.3543, -2.88 0.69 0.3543, -2.783 0.6693 0.3543, -2.8682 0.7185 0.3543, -2.7799 0.6734 0.3543, -2.8495 0.743 0.3543, -2.7758 0.6765 0.3543, -2.825 0.7617 0.3543, -2.771 0.6785 0.3543, -2.7965 0.7735 0.3543, -2.7659 0.6791 0.3543, -2.7659 0.7776 0.3543, -2.7364 0.6791 0.3543, -2.7364 0.7776 0.3543, -2.8841 0.6594 0.947, -2.8841 0.6161 1.1417, -2.8841 0.6161 1.0039, -2.8841 0.2224 1.1417, -2.8841 0.6182 0.9887, -2.8841 0.2224 0.4724, -2.8841 0.6241 0.9744, -2.8841 0.6334 0.9622, -2.8841 0.257 0.3889, -2.8841 0.2383 0.4134, -2.8841 0.2265 0.4419, -2.8841 0.6457 0.9528, -2.8841 0.31 0.3584, -2.8841 0.2815 0.3702, -2.884 0.6599 0.9469, -2.8838 0.6675 0.9454, -2.6341 0.7776 0.2953, -2.6529 0.7776 0.3197, -2.7058 0.7776 0.9489, -2.6774 0.7776 0.3385, -2.3663 0.7776 1.0039, -2.3475 0.7776 0.9795, -2.6341 0.7776 1.0039, -2.6223 0.7776 0.2668, -2.3821 0.7776 0.1575, -2.6183 0.7776 0.2362, -2.6183 0.7776 0.1575, -2.3663 0.7776 0.2953, -2.3781 0.7776 0.2668, -2.3821 0.7776 1.063, -2.3781 0.7776 1.0324, -2.6183 0.7776 1.063, -2.323 0.7776 0.9607, -2.2344 0.7776 0.3543, -2.6529 0.7776 0.9795, -2.264 0.7776 0.3543, -2.2945 0.7776 0.3503, -2.6774 0.7776 0.9607, -2.323 0.7776 0.3385, -2.3475 0.7776 0.3197, -2.3821 0.7776 0.2362, -2.2945 0.7776 0.9489, -2.7058 0.7776 0.3503, -2.6223 0.7776 1.0324, -2.6025 0.7776 2.2736, -2.5837 0.7776 2.2981, -2.3861 0.7776 2.2451, -2.5593 0.7776 2.3169, -2.5308 0.7776 2.3287, -2.4411 0.7776 2.3169, -2.3979 0.7776 2.2736, -2.4167 0.7776 2.2981, -2.3821 0.7776 2.2146, -2.6183 0.7776 2.2146, -2.6143 0.7776 2.2451, -2.5002 0.7776 2.3327, -2.4696 0.7776 2.3287, -2.1163 0.6594 0.3543, -2.1166 0.6675 0.9454, -2.1163 0.6599 0.9469, -2.1163 0.6594 0.947, -2.1204 0.69 0.3543, -2.1322 0.7185 0.3543, -2.1509 0.743 0.3543, -2.1754 0.7617 0.3543, -2.2039 0.7735 0.3543, -2.1163 0.3406 0.3543, -2.1163 0.6457 0.9528, -2.1163 0.6161 1.1417, -2.1163 0.2224 1.1417, -2.1163 0.6161 1.0039, -2.1163 0.6182 0.9887, -2.1163 0.6241 0.9744, -2.1163 0.2224 0.4724, -2.1163 0.6334 0.9622, -2.1163 0.2265 0.4419, -2.1163 0.2383 0.4134, -2.1163 0.257 0.3889, -2.1163 0.2815 0.3702, -2.1163 0.31 0.3584, -2.2148 0.2224 0.4724, -2.2148 0.2224 1.1417, -2.2165 0.2224 1.1572, -2.1206 0.2224 1.1794, -2.2238 0.2224 1.1886, -2.1228 0.2224 1.1886, -2.2148 0.6161 1.1417, -2.2148 0.6161 1.0039, -2.2148 0.6182 0.9887, -2.2148 0.6594 0.947, -2.2148 0.6594 0.3543, -2.2148 0.3406 0.3543, -2.2148 0.257 0.3889, -2.2148 0.2383 0.4134, -2.2148 0.6334 0.9622, -2.2148 0.6457 0.9528, -2.2148 0.31 0.3584, -2.2148 0.2815 0.3702, -2.2148 0.6241 0.9744, -2.2148 0.2265 0.4419, -2.2344 0.6791 0.3543, -2.2301 0.6786 0.3543, -2.2259 0.6772 0.3543, -2.2222 0.6748 0.9449, -2.2222 0.6748 0.3543, -2.2191 0.6717 0.3543, -2.2191 0.6717 0.945, -2.2167 0.668 0.3543, -2.2167 0.668 0.9453, -2.2153 0.6638 0.3543, -2.2153 0.6638 0.946, -2.2148 0.6599 0.9469, -2.6774 0.6791 0.3385, -2.6529 0.6791 0.3197, -2.7058 0.6791 0.9489, -2.3781 0.6791 0.2668, -2.3663 0.6791 0.2953, -2.3475 0.6791 0.9795, -2.6774 0.6791 0.9607, -2.6529 0.6791 0.9795, -2.6341 0.6791 0.2953, -2.3821 0.6791 0.1575, -2.6341 0.6791 1.0039, -2.3663 0.6791 1.0039, -2.6223 0.6791 1.0324, -2.6223 0.6791 0.2668, -2.6183 0.6791 0.2362, -2.6183 0.6791 0.1575, -2.3821 0.6791 0.2362, -2.3475 0.6791 0.3197, -2.323 0.6791 0.3385, -2.2945 0.6791 0.3503, -2.323 0.6791 0.9607, -2.7058 0.6791 0.3503, -2.3821 0.6791 1.063, -2.3821 0.6791 2.1704, -2.6183 0.6791 2.1704, -2.264 0.6791 0.3543, -2.2945 0.6791 0.9489, -2.3781 0.6791 1.0324, -2.6183 0.6791 1.063, -2.785 0.6645 0.9459, -2.7856 0.6599 0.9469, -2.7856 0.6594 0.947, -2.7799 0.6734 0.9449, -2.7816 0.6714 0.945, -2.783 0.6693 0.9452, -2.7841 0.667 0.9455, -2.7856 0.6161 1.0039, -2.7856 0.6161 1.1417, -2.7856 0.2224 1.1417, -2.7856 0.2224 0.4724, -2.7856 0.6334 0.9622, -2.7856 0.6241 0.9744, -2.7856 0.6457 0.9528, -2.7856 0.31 0.3584, -2.7856 0.6182 0.9887, -2.7856 0.2265 0.4419, -2.7856 0.2383 0.4134, -2.7856 0.257 0.3889, -2.7856 0.2815 0.3702, -2.7766 0.2224 1.1886, -2.8776 0.2224 1.1886, -2.7839 0.2224 1.1572, -2.8798 0.2224 1.1794, -2.3821 0.8366 0.0984, -2.6183 0.8366 0.0984, -2.3821 0.8213 0.1004, -2.6183 0.8213 0.1004, -2.3821 0.8071 0.1063, -2.6183 0.8071 0.1063, -2.3821 0.7949 0.1157, -2.6183 0.7949 0.1157, -2.3821 0.7855 0.128, -2.6183 0.7855 0.128, -2.3821 0.7796 0.1422, -2.6183 0.7796 0.1422, -2.6183 1.2598 0.0984, -2.3821 1.2598 0.0984, -2.3861 1.2904 0.0984, -2.3979 1.3189 0.0984, -2.5308 1.3739 0.0984, -2.4411 1.3621 0.0984, -2.5002 1.378 0.0984, -2.4696 1.3739 0.0984, -2.5593 1.3621 0.0984, -2.5837 1.3434 0.0984, -2.6025 1.3189 0.0984, -2.4167 1.3434 0.0984, -2.6143 1.2904 0.0984, -2.3821 0.8366 0.0, -2.6183 0.8366 0.0, -2.3821 1.2598 0.0, -2.6183 1.2598 0.0, -2.3861 1.2904 0.0, -2.3979 1.3189 0.0, -2.6143 1.2904 0.0, -2.4411 1.3621 0.0, -2.4167 1.3434 0.0, -2.6025 1.3189 0.0, -2.5837 1.3434 0.0, -2.5593 1.3621 0.0, -2.5308 1.3739 0.0, -2.5002 1.378 0.0, -2.4696 1.3739 0.0, -2.6183 0.6845 0.1167, -2.3821 0.6845 0.1167, -2.6183 0.7002 0.0787, -2.3821 0.7002 0.0787, -2.6183 0.7253 0.0461, -2.3821 0.7253 0.0461, -2.6183 0.7579 0.0211, -2.3821 0.7579 0.0211, -2.6183 0.7959 0.0054, -2.3821 0.7959 0.0054, -2.3821 0.6952 2.2146, -2.6183 0.6952 2.2146, -2.3979 0.7167 2.2736, -2.4167 0.7256 2.2981, -2.5721 0.7293 2.3083, -2.4283 0.7293 2.3083, -2.4411 0.7324 2.3169, -2.5593 0.7324 2.3169, -2.5837 0.7256 2.2981, -2.6025 0.7167 2.2736, -2.6143 0.7063 2.2451, -2.3861 0.7063 2.2451, -2.5454 0.7349 2.3237, -2.455 0.7349 2.3237, -2.5308 0.7367 2.3287, -2.4696 0.7367 2.3287, -2.4848 0.7378 2.3317, -2.5156 0.7378 2.3317, -2.5002 0.7382 2.3327, -2.4017 0.2961 2.0795, -2.351 0.2961 2.2188, -2.3106 0.4142 2.3298, -2.3406 0.3001 2.2476, -2.3308 0.3119 2.2743, -2.3225 0.3307 2.2973, -2.316 0.3552 2.315, -2.312 0.3836 2.326, -2.4017 0.6161 2.0795, -2.3106 0.498 2.3298, -2.351 0.6161 2.2188, -2.312 0.5286 2.326, -2.316 0.5571 2.315, -2.3225 0.5815 2.2973, -2.3308 0.6003 2.2743, -2.3406 0.6121 2.2476, -2.4075 0.6161 1.9846, -2.4075 0.2961 1.9846, -2.4117 0.2961 2.0164, -2.4117 0.6161 2.0164, -2.4098 0.2961 2.0484, -2.4098 0.6161 2.0484, -2.2165 0.6161 1.1572, -2.2788 0.2961 1.4271, -2.2681 0.2906 1.3808, -2.2581 0.2743 1.3371, -2.2345 0.228 1.2349, -2.2446 0.2442 1.2786, -2.1206 0.6161 1.1794, -2.3116 0.6161 2.0068, -2.3116 0.2961 2.0068, -2.1778 0.2961 1.4271, -2.1671 0.2906 1.3808, -2.157 0.2743 1.3371, -2.1435 0.2442 1.2786, -2.1335 0.228 1.2349, -2.3093 0.6161 2.0458, -2.3093 0.2961 2.0458, -2.3126 0.6161 2.033, -2.3126 0.2961 2.033, -2.3134 0.6161 2.0198, -2.3134 0.2961 2.0198, -2.2181 0.498 2.2962, -2.2181 0.4142 2.2962, -2.2585 0.2961 2.1852, -2.2195 0.3836 2.2924, -2.2235 0.3552 2.2813, -2.2585 0.6161 2.1852, -2.2195 0.5286 2.2924, -2.2235 0.5571 2.2813, -2.23 0.3307 2.2637, -2.2383 0.3119 2.2407, -2.2481 0.3001 2.2139, -2.2481 0.6121 2.2139, -2.2383 0.6003 2.2407, -2.23 0.5815 2.2637, -2.7839 0.6161 1.1572, -2.5928 0.6161 1.9846, -2.5928 0.2961 1.9846, -2.7216 0.2961 1.4271, -2.7322 0.2906 1.3808, -2.7423 0.2743 1.3371, -2.7558 0.2442 1.2786, -2.7659 0.228 1.2349, -2.5987 0.6161 2.0795, -2.5987 0.2961 2.0795, -2.5906 0.2961 2.0484, -2.5906 0.6161 2.0484, -2.5887 0.2961 2.0164, -2.5887 0.6161 2.0164, -2.6494 0.2961 2.2188, -2.6494 0.6161 2.2188, -2.6598 0.6121 2.2476, -2.6696 0.6003 2.2743, -2.6779 0.5815 2.2973, -2.6844 0.5571 2.315, -2.6884 0.3836 2.326, -2.6844 0.3552 2.315, -2.6779 0.3307 2.2973, -2.6598 0.3001 2.2476, -2.6696 0.3119 2.2743, -2.6884 0.5286 2.326, -2.6898 0.498 2.3298, -2.6898 0.4142 2.3298, -2.7823 0.498 2.2962, -2.7823 0.4142 2.2962, -2.6911 0.6161 2.0458, -2.6911 0.2961 2.0458, -2.7419 0.6161 2.1852, -2.7419 0.2961 2.1852, -2.7768 0.3552 2.2813, -2.7704 0.3307 2.2637, -2.7523 0.3001 2.2139, -2.7621 0.3119 2.2407, -2.7809 0.5286 2.2924, -2.7768 0.5571 2.2813, -2.7704 0.5815 2.2637, -2.7621 0.6003 2.2407, -2.7523 0.6121 2.2139, -2.7809 0.3836 2.2924, -2.6888 0.6161 2.0068, -2.6888 0.2961 2.0068, -2.687 0.6161 2.0198, -2.687 0.2961 2.0198, -2.6878 0.6161 2.033, -2.6878 0.2961 2.033, -2.8798 0.6161 1.1794, -2.8226 0.2961 1.4271, -2.8333 0.2906 1.3808, -2.8434 0.2743 1.3371, -2.8669 0.228 1.2349, -2.8568 0.2442 1.2786, -2.1163 0.6599 0.9469, -3.88 0.69 0.9449, -3.883 0.6752 0.9449, -3.7778 0.6752 0.9449, -3.8682 0.7185 0.9449, -3.7364 0.6791 0.9449, -3.7364 0.7776 0.9449, -3.7659 0.6791 0.9449, -3.7659 0.7776 0.9449, -3.771 0.6785 0.9449, -3.7965 0.7735 0.9449, -3.7758 0.6765 0.9449, -3.825 0.7617 0.9449, -3.8495 0.743 0.9449, -3.2226 0.6752 0.9449, -3.1174 0.6752 0.9449, -3.1204 0.69 0.9449, -3.264 0.7776 0.9449, -3.264 0.6791 0.9449, -3.2344 0.7776 0.9449, -3.2344 0.6791 0.9449, -3.2039 0.7735 0.9449, -3.2301 0.6786 0.9449, -3.1754 0.7617 0.9449, -3.2259 0.6772 0.9449, -3.1509 0.743 0.9449, -3.1322 0.7185 0.9449, -3.7856 0.3406 0.3543, -3.8841 0.3406 0.3543, -3.7856 0.6594 0.3543, -3.8841 0.6594 0.3543, -3.785 0.6645 0.3543, -3.88 0.69 0.3543, -3.783 0.6693 0.3543, -3.8682 0.7185 0.3543, -3.7799 0.6734 0.3543, -3.8495 0.743 0.3543, -3.7758 0.6765 0.3543, -3.825 0.7617 0.3543, -3.771 0.6785 0.3543, -3.7965 0.7735 0.3543, -3.7659 0.6791 0.3543, -3.7659 0.7776 0.3543, -3.7364 0.6791 0.3543, -3.7364 0.7776 0.3543, -3.8841 0.6594 0.947, -3.8841 0.6161 1.1417, -3.8841 0.6161 1.0039, -3.8841 0.2224 1.1417, -3.8841 0.6182 0.9887, -3.8841 0.2224 0.4724, -3.8841 0.6241 0.9744, -3.8841 0.6334 0.9622, -3.8841 0.257 0.3889, -3.8841 0.2383 0.4134, -3.8841 0.2265 0.4419, -3.8841 0.6457 0.9528, -3.8841 0.31 0.3584, -3.8841 0.2815 0.3702, -3.884 0.6599 0.9469, -3.8838 0.6675 0.9454, -3.7058 0.7776 0.9489, -3.3781 0.7776 1.0324, -3.3663 0.7776 1.0039, -3.6529 0.7776 0.3197, -3.6774 0.7776 0.9607, -3.6529 0.7776 0.9795, -3.6341 0.7776 1.0039, -3.6223 0.7776 1.0324, -3.6183 0.7776 1.063, -3.3821 0.7776 1.063, -3.3861 0.7776 2.2451, -3.3821 0.7776 2.2146, -3.6025 0.7776 2.2736, -3.6223 0.7776 0.2668, -3.3475 0.7776 0.3197, -3.3663 0.7776 0.2953, -3.6341 0.7776 0.2953, -3.2945 0.7776 0.3503, -3.323 0.7776 0.3385, -3.3475 0.7776 0.9795, -3.7058 0.7776 0.3503, -3.3821 0.7776 0.2362, -3.3821 0.7776 0.1575, -3.6183 0.7776 0.1575, -3.6774 0.7776 0.3385, -3.323 0.7776 0.9607, -3.2945 0.7776 0.9489, -3.6143 0.7776 2.2451, -3.3781 0.7776 0.2668, -3.6183 0.7776 0.2362, -3.6183 0.7776 2.2146, -3.264 0.7776 0.3543, -3.2344 0.7776 0.3543, -3.5308 0.7776 2.3287, -3.5593 0.7776 2.3169, -3.5837 0.7776 2.2981, -3.5002 0.7776 2.3327, -3.4696 0.7776 2.3287, -3.4411 0.7776 2.3169, -3.4167 0.7776 2.2981, -3.3979 0.7776 2.2736, -3.1163 0.6594 0.3543, -3.1166 0.6675 0.9454, -3.1163 0.6599 0.9469, -3.1163 0.6594 0.947, -3.1204 0.69 0.3543, -3.1322 0.7185 0.3543, -3.1509 0.743 0.3543, -3.1754 0.7617 0.3543, -3.2039 0.7735 0.3543, -3.1163 0.3406 0.3543, -3.1163 0.6457 0.9528, -3.1163 0.6161 1.1417, -3.1163 0.2224 1.1417, -3.1163 0.6161 1.0039, -3.1163 0.6182 0.9887, -3.1163 0.6241 0.9744, -3.1163 0.2224 0.4724, -3.1163 0.6334 0.9622, -3.1163 0.2265 0.4419, -3.1163 0.2383 0.4134, -3.1163 0.257 0.3889, -3.1163 0.2815 0.3702, -3.1163 0.31 0.3584, -3.2148 0.2224 0.4724, -3.2148 0.2224 1.1417, -3.2165 0.2224 1.1572, -3.1206 0.2224 1.1794, -3.2238 0.2224 1.1886, -3.1228 0.2224 1.1886, -3.2148 0.6161 1.1417, -3.2148 0.6161 1.0039, -3.2148 0.6182 0.9887, -3.2148 0.6594 0.947, -3.2148 0.6594 0.3543, -3.2148 0.3406 0.3543, -3.2148 0.257 0.3889, -3.2148 0.2383 0.4134, -3.2148 0.6334 0.9622, -3.2148 0.6457 0.9528, -3.2148 0.31 0.3584, -3.2148 0.2815 0.3702, -3.2148 0.6241 0.9744, -3.2148 0.2265 0.4419, -3.2344 0.6791 0.3543, -3.2301 0.6786 0.3543, -3.2259 0.6772 0.3543, -3.2222 0.6748 0.9449, -3.2222 0.6748 0.3543, -3.2191 0.6717 0.3543, -3.2191 0.6717 0.945, -3.2167 0.668 0.3543, -3.2167 0.668 0.9453, -3.2153 0.6638 0.3543, -3.2153 0.6638 0.946, -3.2148 0.6599 0.9469, -3.3781 0.6791 0.2668, -3.6529 0.6791 0.3197, -3.6341 0.6791 0.2953, -3.6223 0.6791 1.0324, -3.3475 0.6791 0.9795, -3.3663 0.6791 1.0039, -3.6183 0.6791 0.2362, -3.6183 0.6791 0.1575, -3.3821 0.6791 0.1575, -3.3821 0.6791 1.063, -3.3821 0.6791 2.1704, -3.6183 0.6791 2.1704, -3.6341 0.6791 1.0039, -3.2945 0.6791 0.3503, -3.6529 0.6791 0.9795, -3.323 0.6791 0.3385, -3.6774 0.6791 0.9607, -3.3475 0.6791 0.3197, -3.7058 0.6791 0.9489, -3.3663 0.6791 0.2953, -3.6223 0.6791 0.2668, -3.3821 0.6791 0.2362, -3.3781 0.6791 1.0324, -3.6183 0.6791 1.063, -3.264 0.6791 0.3543, -3.2945 0.6791 0.9489, -3.323 0.6791 0.9607, -3.7058 0.6791 0.3503, -3.6774 0.6791 0.3385, -3.785 0.6645 0.9459, -3.7856 0.6599 0.9469, -3.7856 0.6594 0.947, -3.7799 0.6734 0.9449, -3.7816 0.6714 0.945, -3.783 0.6693 0.9452, -3.7841 0.667 0.9455, -3.7856 0.6161 1.0039, -3.7856 0.6161 1.1417, -3.7856 0.2224 1.1417, -3.7856 0.2224 0.4724, -3.7856 0.6334 0.9622, -3.7856 0.6241 0.9744, -3.7856 0.6457 0.9528, -3.7856 0.31 0.3584, -3.7856 0.6182 0.9887, -3.7856 0.2265 0.4419, -3.7856 0.2383 0.4134, -3.7856 0.257 0.3889, -3.7856 0.2815 0.3702, -3.7766 0.2224 1.1886, -3.8776 0.2224 1.1886, -3.7839 0.2224 1.1572, -3.8798 0.2224 1.1794, -3.3821 0.8366 0.0984, -3.6183 0.8366 0.0984, -3.3821 0.8213 0.1004, -3.6183 0.8213 0.1004, -3.3821 0.8071 0.1063, -3.6183 0.8071 0.1063, -3.3821 0.7949 0.1157, -3.6183 0.7949 0.1157, -3.3821 0.7855 0.128, -3.6183 0.7855 0.128, -3.3821 0.7796 0.1422, -3.6183 0.7796 0.1422, -3.6183 1.2598 0.0984, -3.3821 1.2598 0.0984, -3.6143 1.2904 0.0984, -3.6025 1.3189 0.0984, -3.3861 1.2904 0.0984, -3.3979 1.3189 0.0984, -3.4696 1.3739 0.0984, -3.5002 1.378 0.0984, -3.4411 1.3621 0.0984, -3.5308 1.3739 0.0984, -3.5593 1.3621 0.0984, -3.4167 1.3434 0.0984, -3.5837 1.3434 0.0984, -3.3821 1.2598 0.0, -3.3821 0.8366 0.0, -3.6183 0.8366 0.0, -3.6183 1.2598 0.0, -3.6143 1.2904 0.0, -3.6025 1.3189 0.0, -3.5837 1.3434 0.0, -3.3979 1.3189 0.0, -3.3861 1.2904 0.0, -3.4696 1.3739 0.0, -3.4411 1.3621 0.0, -3.5002 1.378 0.0, -3.5308 1.3739 0.0, -3.5593 1.3621 0.0, -3.4167 1.3434 0.0, -3.6183 0.6845 0.1167, -3.3821 0.6845 0.1167, -3.6183 0.7002 0.0787, -3.3821 0.7002 0.0787, -3.6183 0.7253 0.0461, -3.3821 0.7253 0.0461, -3.6183 0.7579 0.0211, -3.3821 0.7579 0.0211, -3.6183 0.7959 0.0054, -3.3821 0.7959 0.0054, -3.3821 0.6952 2.2146, -3.6183 0.6952 2.2146, -3.5593 0.7324 2.3169, -3.5721 0.7293 2.3083, -3.4411 0.7324 2.3169, -3.3861 0.7063 2.2451, -3.3979 0.7167 2.2736, -3.4167 0.7256 2.2981, -3.4283 0.7293 2.3083, -3.6143 0.7063 2.2451, -3.6025 0.7167 2.2736, -3.5308 0.7367 2.3287, -3.5454 0.7349 2.3237, -3.4696 0.7367 2.3287, -3.5837 0.7256 2.2981, -3.455 0.7349 2.3237, -3.5156 0.7378 2.3317, -3.4848 0.7378 2.3317, -3.5002 0.7382 2.3327, -3.3106 0.4142 2.3298, -3.4017 0.2961 2.0795, -3.351 0.2961 2.2188, -3.4017 0.6161 2.0795, -3.3106 0.498 2.3298, -3.351 0.6161 2.2188, -3.3308 0.3119 2.2743, -3.3225 0.3307 2.2973, -3.316 0.3552 2.315, -3.3406 0.3001 2.2476, -3.312 0.3836 2.326, -3.316 0.5571 2.315, -3.3225 0.5815 2.2973, -3.3308 0.6003 2.2743, -3.312 0.5286 2.326, -3.3406 0.6121 2.2476, -3.4075 0.6161 1.9846, -3.4075 0.2961 1.9846, -3.4117 0.2961 2.0164, -3.4117 0.6161 2.0164, -3.4098 0.2961 2.0484, -3.4098 0.6161 2.0484, -3.2165 0.6161 1.1572, -3.2788 0.2961 1.4271, -3.2681 0.2906 1.3808, -3.258 0.2743 1.3371, -3.2345 0.228 1.2349, -3.2446 0.2442 1.2786, -3.1206 0.6161 1.1794, -3.3116 0.6161 2.0068, -3.3116 0.2961 2.0068, -3.1778 0.2961 1.4271, -3.1671 0.2906 1.3808, -3.157 0.2743 1.3371, -3.1435 0.2442 1.2786, -3.1335 0.228 1.2349, -3.3093 0.6161 2.0458, -3.3093 0.2961 2.0458, -3.3126 0.6161 2.033, -3.3126 0.2961 2.033, -3.3134 0.6161 2.0198, -3.3134 0.2961 2.0198, -3.2585 0.2961 2.1852, -3.2181 0.4142 2.2962, -3.2195 0.5286 2.2924, -3.2181 0.498 2.2962, -3.2585 0.6161 2.1852, -3.2481 0.6121 2.2139, -3.2383 0.6003 2.2407, -3.23 0.3307 2.2637, -3.2235 0.3552 2.2813, -3.2195 0.3836 2.2924, -3.2383 0.3119 2.2407, -3.2481 0.3001 2.2139, -3.23 0.5815 2.2637, -3.2235 0.5571 2.2813, -3.7839 0.6161 1.1572, -3.5928 0.6161 1.9846, -3.5928 0.2961 1.9846, -3.7216 0.2961 1.4271, -3.7322 0.2906 1.3808, -3.7423 0.2743 1.3371, -3.7558 0.2442 1.2786, -3.7659 0.228 1.2349, -3.5987 0.6161 2.0795, -3.5987 0.2961 2.0795, -3.5906 0.2961 2.0484, -3.5906 0.6161 2.0484, -3.5887 0.2961 2.0164, -3.5887 0.6161 2.0164, -3.6494 0.2961 2.2188, -3.6494 0.6161 2.2188, -3.6598 0.6121 2.2476, -3.6696 0.6003 2.2743, -3.6779 0.5815 2.2973, -3.6844 0.5571 2.315, -3.6696 0.3119 2.2743, -3.6898 0.4142 2.3298, -3.6779 0.3307 2.2973, -3.6884 0.3836 2.326, -3.6844 0.3552 2.315, -3.6884 0.5286 2.326, -3.6898 0.498 2.3298, -3.6598 0.3001 2.2476, -3.7823 0.498 2.2962, -3.7823 0.4142 2.2962, -3.7419 0.6161 2.1852, -3.7809 0.5286 2.2924, -3.7768 0.3552 2.2813, -3.7809 0.3836 2.2924, -3.7704 0.3307 2.2637, -3.7621 0.3119 2.2407, -3.7768 0.5571 2.2813, -3.7704 0.5815 2.2637, -3.7523 0.6121 2.2139, -3.7621 0.6003 2.2407, -3.6911 0.6161 2.0458, -3.6911 0.2961 2.0458, -3.7419 0.2961 2.1852, -3.7523 0.3001 2.2139, -3.6888 0.6161 2.0068, -3.6888 0.2961 2.0068, -3.687 0.6161 2.0198, -3.687 0.2961 2.0198, -3.6878 0.6161 2.033, -3.6878 0.2961 2.033, -3.8798 0.6161 1.1794, -3.8226 0.2961 1.4271, -3.8333 0.2906 1.3808, -3.8434 0.2743 1.3371, -3.8669 0.228 1.2349, -3.8568 0.2442 1.2786, -3.1163 0.6599 0.9469, -4.88 0.69 0.9449, -4.883 0.6752 0.9449, -4.7778 0.6752 0.9449, -4.8682 0.7185 0.9449, -4.7364 0.6791 0.9449, -4.7364 0.7776 0.9449, -4.7659 0.6791 0.9449, -4.7659 0.7776 0.9449, -4.771 0.6785 0.9449, -4.7965 0.7735 0.9449, -4.7758 0.6765 0.9449, -4.825 0.7617 0.9449, -4.8495 0.743 0.9449, -4.2226 0.6752 0.9449, -4.1174 0.6752 0.9449, -4.1204 0.69 0.9449, -4.264 0.7776 0.9449, -4.264 0.6791 0.9449, -4.2344 0.7776 0.9449, -4.2344 0.6791 0.9449, -4.2039 0.7735 0.9449, -4.2301 0.6786 0.9449, -4.1754 0.7617 0.9449, -4.2259 0.6772 0.9449, -4.1509 0.743 0.9449, -4.1322 0.7185 0.9449, -4.7856 0.3406 0.3543, -4.8841 0.3406 0.3543, -4.7856 0.6594 0.3543, -4.8841 0.6594 0.3543, -4.785 0.6645 0.3543, -4.88 0.69 0.3543, -4.783 0.6693 0.3543, -4.8682 0.7185 0.3543, -4.7799 0.6734 0.3543, -4.8495 0.743 0.3543, -4.7758 0.6765 0.3543, -4.825 0.7617 0.3543, -4.771 0.6785 0.3543, -4.7965 0.7735 0.3543, -4.7659 0.6791 0.3543, -4.7659 0.7776 0.3543, -4.7364 0.6791 0.3543, -4.7364 0.7776 0.3543, -4.8841 0.6594 0.947, -4.8841 0.6161 1.1417, -4.8841 0.6161 1.0039, -4.8841 0.2224 1.1417, -4.8841 0.6182 0.9887, -4.8841 0.2224 0.4724, -4.8841 0.6241 0.9744, -4.8841 0.6334 0.9622, -4.8841 0.257 0.3889, -4.8841 0.2383 0.4134, -4.8841 0.2265 0.4419, -4.8841 0.6457 0.9528, -4.8841 0.31 0.3584, -4.8841 0.2815 0.3702, -4.884 0.6599 0.9469, -4.8838 0.6675 0.9454, -4.7058 0.7776 0.9489, -4.3781 0.7776 1.0324, -4.3663 0.7776 1.0039, -4.6529 0.7776 0.3197, -4.6774 0.7776 0.9607, -4.6529 0.7776 0.9795, -4.6341 0.7776 1.0039, -4.6223 0.7776 1.0324, -4.6183 0.7776 1.063, -4.3821 0.7776 1.063, -4.3861 0.7776 2.2451, -4.3821 0.7776 2.2146, -4.6025 0.7776 2.2736, -4.6223 0.7776 0.2668, -4.3475 0.7776 0.3197, -4.3663 0.7776 0.2953, -4.6341 0.7776 0.2953, -4.2945 0.7776 0.3503, -4.323 0.7776 0.3385, -4.3475 0.7776 0.9795, -4.7058 0.7776 0.3503, -4.3821 0.7776 0.2362, -4.3821 0.7776 0.1575, -4.6183 0.7776 0.1575, -4.6774 0.7776 0.3385, -4.323 0.7776 0.9607, -4.2945 0.7776 0.9489, -4.6143 0.7776 2.2451, -4.3781 0.7776 0.2668, -4.6183 0.7776 0.2362, -4.6183 0.7776 2.2146, -4.264 0.7776 0.3543, -4.2344 0.7776 0.3543, -4.5308 0.7776 2.3287, -4.5593 0.7776 2.3169, -4.5837 0.7776 2.2981, -4.5002 0.7776 2.3327, -4.4696 0.7776 2.3287, -4.4411 0.7776 2.3169, -4.4167 0.7776 2.2981, -4.3979 0.7776 2.2736, -4.1163 0.6594 0.3543, -4.1166 0.6675 0.9454, -4.1163 0.6599 0.9469, -4.1163 0.6594 0.947, -4.1204 0.69 0.3543, -4.1322 0.7185 0.3543, -4.1509 0.743 0.3543, -4.1754 0.7617 0.3543, -4.2039 0.7735 0.3543, -4.1163 0.3406 0.3543, -4.1163 0.6457 0.9528, -4.1163 0.6161 1.1417, -4.1163 0.2224 1.1417, -4.1163 0.6161 1.0039, -4.1163 0.6182 0.9887, -4.1163 0.6241 0.9744, -4.1163 0.2224 0.4724, -4.1163 0.6334 0.9622, -4.1163 0.2265 0.4419, -4.1163 0.2383 0.4134, -4.1163 0.257 0.3889, -4.1163 0.2815 0.3702, -4.1163 0.31 0.3584, -4.2148 0.2224 0.4724, -4.2148 0.2224 1.1417, -4.2165 0.2224 1.1572, -4.1206 0.2224 1.1794, -4.2238 0.2224 1.1886, -4.1228 0.2224 1.1886, -4.2148 0.6161 1.1417, -4.2148 0.6161 1.0039, -4.2148 0.6182 0.9887, -4.2148 0.6594 0.947, -4.2148 0.6594 0.3543, -4.2148 0.3406 0.3543, -4.2148 0.257 0.3889, -4.2148 0.2383 0.4134, -4.2148 0.6334 0.9622, -4.2148 0.6457 0.9528, -4.2148 0.31 0.3584, -4.2148 0.2815 0.3702, -4.2148 0.6241 0.9744, -4.2148 0.2265 0.4419, -4.2344 0.6791 0.3543, -4.2301 0.6786 0.3543, -4.2259 0.6772 0.3543, -4.2222 0.6748 0.9449, -4.2222 0.6748 0.3543, -4.2191 0.6717 0.3543, -4.2191 0.6717 0.945, -4.2167 0.668 0.3543, -4.2167 0.668 0.9453, -4.2153 0.6638 0.3543, -4.2153 0.6638 0.946, -4.2148 0.6599 0.9469, -4.3781 0.6791 0.2668, -4.6529 0.6791 0.3197, -4.6341 0.6791 0.2953, -4.6223 0.6791 1.0324, -4.3475 0.6791 0.9795, -4.3663 0.6791 1.0039, -4.6183 0.6791 0.2362, -4.6183 0.6791 0.1575, -4.3821 0.6791 0.1575, -4.3821 0.6791 1.063, -4.3821 0.6791 2.1704, -4.6183 0.6791 2.1704, -4.6341 0.6791 1.0039, -4.2945 0.6791 0.3503, -4.6529 0.6791 0.9795, -4.323 0.6791 0.3385, -4.6774 0.6791 0.9607, -4.3475 0.6791 0.3197, -4.7058 0.6791 0.9489, -4.3663 0.6791 0.2953, -4.6223 0.6791 0.2668, -4.3821 0.6791 0.2362, -4.3781 0.6791 1.0324, -4.6183 0.6791 1.063, -4.264 0.6791 0.3543, -4.2945 0.6791 0.9489, -4.323 0.6791 0.9607, -4.7058 0.6791 0.3503, -4.6774 0.6791 0.3385, -4.785 0.6645 0.9459, -4.7856 0.6599 0.9469, -4.7856 0.6594 0.947, -4.7799 0.6734 0.9449, -4.7816 0.6714 0.945, -4.783 0.6693 0.9452, -4.7841 0.667 0.9455, -4.7856 0.6161 1.0039, -4.7856 0.6161 1.1417, -4.7856 0.2224 1.1417, -4.7856 0.2224 0.4724, -4.7856 0.6334 0.9622, -4.7856 0.6241 0.9744, -4.7856 0.6457 0.9528, -4.7856 0.31 0.3584, -4.7856 0.6182 0.9887, -4.7856 0.2265 0.4419, -4.7856 0.2383 0.4134, -4.7856 0.257 0.3889, -4.7856 0.2815 0.3702, -4.7766 0.2224 1.1886, -4.8776 0.2224 1.1886, -4.7839 0.2224 1.1572, -4.8798 0.2224 1.1794, -4.3821 0.8366 0.0984, -4.6183 0.8366 0.0984, -4.3821 0.8213 0.1004, -4.6183 0.8213 0.1004, -4.3821 0.8071 0.1063, -4.6183 0.8071 0.1063, -4.3821 0.7949 0.1157, -4.6183 0.7949 0.1157, -4.3821 0.7855 0.128, -4.6183 0.7855 0.128, -4.3821 0.7796 0.1422, -4.6183 0.7796 0.1422, -4.6183 1.2598 0.0984, -4.3821 1.2598 0.0984, -4.6143 1.2904 0.0984, -4.6025 1.3189 0.0984, -4.3861 1.2904 0.0984, -4.3979 1.3189 0.0984, -4.4696 1.3739 0.0984, -4.5002 1.378 0.0984, -4.4411 1.3621 0.0984, -4.5308 1.3739 0.0984, -4.5593 1.3621 0.0984, -4.4167 1.3434 0.0984, -4.5837 1.3434 0.0984, -4.3821 1.2598 0.0, -4.3821 0.8366 0.0, -4.6183 0.8366 0.0, -4.6183 1.2598 0.0, -4.6143 1.2904 0.0, -4.6025 1.3189 0.0, -4.5837 1.3434 0.0, -4.3979 1.3189 0.0, -4.3861 1.2904 0.0, -4.4696 1.3739 0.0, -4.4411 1.3621 0.0, -4.5002 1.378 0.0, -4.5308 1.3739 0.0, -4.5593 1.3621 0.0, -4.4167 1.3434 0.0, -4.6183 0.6845 0.1167, -4.3821 0.6845 0.1167, -4.6183 0.7002 0.0787, -4.3821 0.7002 0.0787, -4.6183 0.7253 0.0461, -4.3821 0.7253 0.0461, -4.6183 0.7579 0.0211, -4.3821 0.7579 0.0211, -4.6183 0.7959 0.0054, -4.3821 0.7959 0.0054, -4.3821 0.6952 2.2146, -4.6183 0.6952 2.2146, -4.5593 0.7324 2.3169, -4.5721 0.7293 2.3083, -4.4411 0.7324 2.3169, -4.3861 0.7063 2.2451, -4.3979 0.7167 2.2736, -4.4167 0.7256 2.2981, -4.4283 0.7293 2.3083, -4.6143 0.7063 2.2451, -4.6025 0.7167 2.2736, -4.5308 0.7367 2.3287, -4.5454 0.7349 2.3237, -4.4696 0.7367 2.3287, -4.5837 0.7256 2.2981, -4.455 0.7349 2.3237, -4.5156 0.7378 2.3317, -4.4848 0.7378 2.3317, -4.5002 0.7382 2.3327, -4.3106 0.4142 2.3298, -4.4017 0.2961 2.0795, -4.351 0.2961 2.2188, -4.4017 0.6161 2.0795, -4.3106 0.498 2.3298, -4.351 0.6161 2.2188, -4.3308 0.3119 2.2743, -4.3225 0.3307 2.2973, -4.316 0.3552 2.315, -4.3406 0.3001 2.2476, -4.312 0.3836 2.326, -4.316 0.5571 2.315, -4.3225 0.5815 2.2973, -4.3308 0.6003 2.2743, -4.312 0.5286 2.326, -4.3406 0.6121 2.2476, -4.4075 0.6161 1.9846, -4.4075 0.2961 1.9846, -4.4117 0.2961 2.0164, -4.4117 0.6161 2.0164, -4.4098 0.2961 2.0484, -4.4098 0.6161 2.0484, -4.2165 0.6161 1.1572, -4.2788 0.2961 1.4271, -4.2681 0.2906 1.3808, -4.258 0.2743 1.3371, -4.2345 0.228 1.2349, -4.2446 0.2442 1.2786, -4.1206 0.6161 1.1794, -4.3116 0.6161 2.0068, -4.3116 0.2961 2.0068, -4.1778 0.2961 1.4271, -4.1671 0.2906 1.3808, -4.157 0.2743 1.3371, -4.1435 0.2442 1.2786, -4.1335 0.228 1.2349, -4.3093 0.6161 2.0458, -4.3093 0.2961 2.0458, -4.3126 0.6161 2.033, -4.3126 0.2961 2.033, -4.3134 0.6161 2.0198, -4.3134 0.2961 2.0198, -4.2585 0.2961 2.1852, -4.2181 0.4142 2.2962, -4.2195 0.5286 2.2924, -4.2181 0.498 2.2962, -4.2585 0.6161 2.1852, -4.2481 0.6121 2.2139, -4.2383 0.6003 2.2407, -4.23 0.3307 2.2637, -4.2235 0.3552 2.2813, -4.2195 0.3836 2.2924, -4.2383 0.3119 2.2407, -4.2481 0.3001 2.2139, -4.23 0.5815 2.2637, -4.2235 0.5571 2.2813, -4.7839 0.6161 1.1572, -4.5928 0.6161 1.9846, -4.5928 0.2961 1.9846, -4.7216 0.2961 1.4271, -4.7323 0.2906 1.3808, -4.7423 0.2743 1.3371, -4.7558 0.2442 1.2786, -4.7659 0.228 1.2349, -4.5987 0.6161 2.0795, -4.5987 0.2961 2.0795, -4.5906 0.2961 2.0484, -4.5906 0.6161 2.0484, -4.5887 0.2961 2.0164, -4.5887 0.6161 2.0164, -4.6494 0.2961 2.2188, -4.6494 0.6161 2.2188, -4.6598 0.6121 2.2476, -4.6696 0.6003 2.2743, -4.6779 0.5815 2.2973, -4.6844 0.5571 2.315, -4.6696 0.3119 2.2743, -4.6898 0.4142 2.3298, -4.6779 0.3307 2.2973, -4.6884 0.3836 2.326, -4.6844 0.3552 2.315, -4.6884 0.5286 2.326, -4.6898 0.498 2.3298, -4.6598 0.3001 2.2476, -4.7823 0.498 2.2962, -4.7823 0.4142 2.2962, -4.7419 0.6161 2.1852, -4.7809 0.5286 2.2924, -4.7768 0.3552 2.2813, -4.7809 0.3836 2.2924, -4.7704 0.3307 2.2637, -4.7621 0.3119 2.2407, -4.7768 0.5571 2.2813, -4.7704 0.5815 2.2637, -4.7523 0.6121 2.2139, -4.7621 0.6003 2.2407, -4.6911 0.6161 2.0458, -4.6911 0.2961 2.0458, -4.7419 0.2961 2.1852, -4.7523 0.3001 2.2139, -4.6888 0.6161 2.0068, -4.6888 0.2961 2.0068, -4.687 0.6161 2.0198, -4.687 0.2961 2.0198, -4.6878 0.6161 2.033, -4.6878 0.2961 2.033, -4.8798 0.6161 1.1794, -4.8226 0.2961 1.4271, -4.8333 0.2906 1.3808, -4.8434 0.2743 1.3371, -4.8669 0.228 1.2349, -4.8568 0.2442 1.2786, -4.1163 0.6599 0.9469, -5.88 0.69 0.9449, -5.883 0.6752 0.9449, -5.7778 0.6752 0.9449, -5.8682 0.7185 0.9449, -5.7364 0.6791 0.9449, -5.7364 0.7776 0.9449, -5.7659 0.6791 0.9449, -5.7659 0.7776 0.9449, -5.771 0.6785 0.9449, -5.7965 0.7735 0.9449, -5.7758 0.6765 0.9449, -5.825 0.7617 0.9449, -5.8495 0.743 0.9449, -5.2226 0.6752 0.9449, -5.1174 0.6752 0.9449, -5.1204 0.69 0.9449, -5.264 0.7776 0.9449, -5.264 0.6791 0.9449, -5.2344 0.7776 0.9449, -5.2344 0.6791 0.9449, -5.2039 0.7735 0.9449, -5.2301 0.6786 0.9449, -5.1754 0.7617 0.9449, -5.2259 0.6772 0.9449, -5.1509 0.743 0.9449, -5.1322 0.7185 0.9449, -5.7856 0.3406 0.3543, -5.8841 0.3406 0.3543, -5.7856 0.6594 0.3543, -5.8841 0.6594 0.3543, -5.785 0.6645 0.3543, -5.88 0.69 0.3543, -5.783 0.6693 0.3543, -5.8682 0.7185 0.3543, -5.7799 0.6734 0.3543, -5.8495 0.743 0.3543, -5.7758 0.6765 0.3543, -5.825 0.7617 0.3543, -5.771 0.6785 0.3543, -5.7965 0.7735 0.3543, -5.7659 0.6791 0.3543, -5.7659 0.7776 0.3543, -5.7364 0.6791 0.3543, -5.7364 0.7776 0.3543, -5.8841 0.6594 0.947, -5.8841 0.6161 1.1417, -5.8841 0.6161 1.0039, -5.8841 0.2224 1.1417, -5.8841 0.6182 0.9887, -5.8841 0.2224 0.4724, -5.8841 0.6241 0.9744, -5.8841 0.6334 0.9622, -5.8841 0.257 0.3889, -5.8841 0.2383 0.4134, -5.8841 0.2265 0.4419, -5.8841 0.6457 0.9528, -5.8841 0.31 0.3584, -5.8841 0.2815 0.3702, -5.884 0.6599 0.9469, -5.8838 0.6675 0.9454, -5.7058 0.7776 0.9489, -5.3781 0.7776 1.0324, -5.3663 0.7776 1.0039, -5.6529 0.7776 0.3197, -5.6774 0.7776 0.9607, -5.6529 0.7776 0.9795, -5.6341 0.7776 1.0039, -5.6223 0.7776 1.0324, -5.6183 0.7776 1.063, -5.3821 0.7776 1.063, -5.3861 0.7776 2.2451, -5.3821 0.7776 2.2146, -5.6025 0.7776 2.2736, -5.6223 0.7776 0.2668, -5.3475 0.7776 0.3197, -5.3663 0.7776 0.2953, -5.6341 0.7776 0.2953, -5.2945 0.7776 0.3503, -5.323 0.7776 0.3385, -5.3475 0.7776 0.9795, -5.7058 0.7776 0.3503, -5.3821 0.7776 0.2362, -5.3821 0.7776 0.1575, -5.6183 0.7776 0.1575, -5.6774 0.7776 0.3385, -5.323 0.7776 0.9607, -5.2945 0.7776 0.9489, -5.6143 0.7776 2.2451, -5.3781 0.7776 0.2668, -5.6183 0.7776 0.2362, -5.6183 0.7776 2.2146, -5.264 0.7776 0.3543, -5.2344 0.7776 0.3543, -5.5308 0.7776 2.3287, -5.5593 0.7776 2.3169, -5.5837 0.7776 2.2981, -5.5002 0.7776 2.3327, -5.4696 0.7776 2.3287, -5.4411 0.7776 2.3169, -5.4167 0.7776 2.2981, -5.3979 0.7776 2.2736, -5.1163 0.6594 0.3543, -5.1166 0.6675 0.9454, -5.1163 0.6599 0.9469, -5.1163 0.6594 0.947, -5.1204 0.69 0.3543, -5.1322 0.7185 0.3543, -5.1509 0.743 0.3543, -5.1754 0.7617 0.3543, -5.2039 0.7735 0.3543, -5.1163 0.3406 0.3543, -5.1163 0.6457 0.9528, -5.1163 0.6161 1.1417, -5.1163 0.2224 1.1417, -5.1163 0.6161 1.0039, -5.1163 0.6182 0.9887, -5.1163 0.6241 0.9744, -5.1163 0.2224 0.4724, -5.1163 0.6334 0.9622, -5.1163 0.2265 0.4419, -5.1163 0.2383 0.4134, -5.1163 0.257 0.3889, -5.1163 0.2815 0.3702, -5.1163 0.31 0.3584, -5.2148 0.2224 0.4724, -5.2148 0.2224 1.1417, -5.2165 0.2224 1.1572, -5.1206 0.2224 1.1794, -5.2238 0.2224 1.1886, -5.1228 0.2224 1.1886, -5.2148 0.6161 1.1417, -5.2148 0.6161 1.0039, -5.2148 0.6182 0.9887, -5.2148 0.6594 0.947, -5.2148 0.6594 0.3543, -5.2148 0.3406 0.3543, -5.2148 0.257 0.3889, -5.2148 0.2383 0.4134, -5.2148 0.6334 0.9622, -5.2148 0.6457 0.9528, -5.2148 0.31 0.3584, -5.2148 0.2815 0.3702, -5.2148 0.6241 0.9744, -5.2148 0.2265 0.4419, -5.2344 0.6791 0.3543, -5.2301 0.6786 0.3543, -5.2259 0.6772 0.3543, -5.2222 0.6748 0.9449, -5.2222 0.6748 0.3543, -5.2191 0.6717 0.3543, -5.2191 0.6717 0.945, -5.2167 0.668 0.3543, -5.2167 0.668 0.9453, -5.2153 0.6638 0.3543, -5.2153 0.6638 0.946, -5.2148 0.6599 0.9469, -5.3781 0.6791 0.2668, -5.6529 0.6791 0.3197, -5.6341 0.6791 0.2953, -5.6223 0.6791 1.0324, -5.3475 0.6791 0.9795, -5.3663 0.6791 1.0039, -5.6183 0.6791 0.2362, -5.6183 0.6791 0.1575, -5.3821 0.6791 0.1575, -5.3821 0.6791 1.063, -5.3821 0.6791 2.1704, -5.6183 0.6791 2.1704, -5.6341 0.6791 1.0039, -5.2945 0.6791 0.3503, -5.6529 0.6791 0.9795, -5.323 0.6791 0.3385, -5.6774 0.6791 0.9607, -5.3475 0.6791 0.3197, -5.7058 0.6791 0.9489, -5.3663 0.6791 0.2953, -5.6223 0.6791 0.2668, -5.3821 0.6791 0.2362, -5.3781 0.6791 1.0324, -5.6183 0.6791 1.063, -5.264 0.6791 0.3543, -5.2945 0.6791 0.9489, -5.323 0.6791 0.9607, -5.7058 0.6791 0.3503, -5.6774 0.6791 0.3385, -5.785 0.6645 0.9459, -5.7856 0.6599 0.9469, -5.7856 0.6594 0.947, -5.7799 0.6734 0.9449, -5.7816 0.6714 0.945, -5.783 0.6693 0.9452, -5.7841 0.667 0.9455, -5.7856 0.6161 1.0039, -5.7856 0.6161 1.1417, -5.7856 0.2224 1.1417, -5.7856 0.2224 0.4724, -5.7856 0.6334 0.9622, -5.7856 0.6241 0.9744, -5.7856 0.6457 0.9528, -5.7856 0.31 0.3584, -5.7856 0.6182 0.9887, -5.7856 0.2265 0.4419, -5.7856 0.2383 0.4134, -5.7856 0.257 0.3889, -5.7856 0.2815 0.3702, -5.7766 0.2224 1.1886, -5.8776 0.2224 1.1886, -5.7839 0.2224 1.1572, -5.8798 0.2224 1.1794, -5.3821 0.8366 0.0984, -5.6183 0.8366 0.0984, -5.3821 0.8213 0.1004, -5.6183 0.8213 0.1004, -5.3821 0.8071 0.1063, -5.6183 0.8071 0.1063, -5.3821 0.7949 0.1157, -5.6183 0.7949 0.1157, -5.3821 0.7855 0.128, -5.6183 0.7855 0.128, -5.3821 0.7796 0.1422, -5.6183 0.7796 0.1422, -5.6183 1.2598 0.0984, -5.3821 1.2598 0.0984, -5.6143 1.2904 0.0984, -5.6025 1.3189 0.0984, -5.3861 1.2904 0.0984, -5.3979 1.3189 0.0984, -5.4696 1.3739 0.0984, -5.5002 1.378 0.0984, -5.4411 1.3621 0.0984, -5.5308 1.3739 0.0984, -5.5593 1.3621 0.0984, -5.4167 1.3434 0.0984, -5.5837 1.3434 0.0984, -5.3821 1.2598 0.0, -5.3821 0.8366 0.0, -5.6183 0.8366 0.0, -5.6183 1.2598 0.0, -5.6143 1.2904 0.0, -5.6025 1.3189 0.0, -5.5837 1.3434 0.0, -5.3979 1.3189 0.0, -5.3861 1.2904 0.0, -5.4696 1.3739 0.0, -5.4411 1.3621 0.0, -5.5002 1.378 0.0, -5.5308 1.3739 0.0, -5.5593 1.3621 0.0, -5.4167 1.3434 0.0, -5.6183 0.6845 0.1167, -5.3821 0.6845 0.1167, -5.6183 0.7002 0.0787, -5.3821 0.7002 0.0787, -5.6183 0.7253 0.0461, -5.3821 0.7253 0.0461, -5.6183 0.7579 0.0211, -5.3821 0.7579 0.0211, -5.6183 0.7959 0.0054, -5.3821 0.7959 0.0054, -5.3821 0.6952 2.2146, -5.6183 0.6952 2.2146, -5.5593 0.7324 2.3169, -5.5721 0.7293 2.3083, -5.4411 0.7324 2.3169, -5.3861 0.7063 2.2451, -5.3979 0.7167 2.2736, -5.4167 0.7256 2.2981, -5.4283 0.7293 2.3083, -5.6143 0.7063 2.2451, -5.6025 0.7167 2.2736, -5.5308 0.7367 2.3287, -5.5454 0.7349 2.3237, -5.4696 0.7367 2.3287, -5.5837 0.7256 2.2981, -5.455 0.7349 2.3237, -5.5156 0.7378 2.3317, -5.4848 0.7378 2.3317, -5.5002 0.7382 2.3327, -5.3106 0.4142 2.3298, -5.4017 0.2961 2.0795, -5.351 0.2961 2.2188, -5.4017 0.6161 2.0795, -5.3106 0.498 2.3298, -5.351 0.6161 2.2188, -5.3308 0.3119 2.2743, -5.3225 0.3307 2.2973, -5.316 0.3552 2.315, -5.3406 0.3001 2.2476, -5.312 0.3836 2.326, -5.316 0.5571 2.315, -5.3225 0.5815 2.2973, -5.3308 0.6003 2.2743, -5.312 0.5286 2.326, -5.3406 0.6121 2.2476, -5.4075 0.6161 1.9846, -5.4075 0.2961 1.9846, -5.4117 0.2961 2.0164, -5.4117 0.6161 2.0164, -5.4098 0.2961 2.0484, -5.4098 0.6161 2.0484, -5.2165 0.6161 1.1572, -5.2788 0.2961 1.4271, -5.2681 0.2906 1.3808, -5.258 0.2743 1.3371, -5.2345 0.228 1.2349, -5.2446 0.2442 1.2786, -5.1206 0.6161 1.1794, -5.3116 0.6161 2.0068, -5.3116 0.2961 2.0068, -5.1778 0.2961 1.4271, -5.1671 0.2906 1.3808, -5.157 0.2743 1.3371, -5.1435 0.2442 1.2786, -5.1335 0.228 1.2349, -5.3093 0.6161 2.0458, -5.3093 0.2961 2.0458, -5.3126 0.6161 2.033, -5.3126 0.2961 2.033, -5.3134 0.6161 2.0198, -5.3134 0.2961 2.0198, -5.2585 0.2961 2.1852, -5.2181 0.4142 2.2962, -5.2195 0.5286 2.2924, -5.2181 0.498 2.2962, -5.2585 0.6161 2.1852, -5.2481 0.6121 2.2139, -5.2383 0.6003 2.2407, -5.23 0.3307 2.2637, -5.2235 0.3552 2.2813, -5.2195 0.3836 2.2924, -5.2383 0.3119 2.2407, -5.2481 0.3001 2.2139, -5.23 0.5815 2.2637, -5.2235 0.5571 2.2813, -5.7839 0.6161 1.1572, -5.5928 0.6161 1.9846, -5.5928 0.2961 1.9846, -5.7216 0.2961 1.4271, -5.7322 0.2906 1.3808, -5.7423 0.2743 1.3371, -5.7558 0.2442 1.2786, -5.7659 0.228 1.2349, -5.5987 0.6161 2.0795, -5.5987 0.2961 2.0795, -5.5906 0.2961 2.0484, -5.5906 0.6161 2.0484, -5.5887 0.2961 2.0164, -5.5887 0.6161 2.0164, -5.6494 0.2961 2.2188, -5.6494 0.6161 2.2188, -5.6598 0.6121 2.2476, -5.6696 0.6003 2.2743, -5.6779 0.5815 2.2973, -5.6844 0.5571 2.315, -5.6696 0.3119 2.2743, -5.6898 0.4142 2.3298, -5.6779 0.3307 2.2973, -5.6884 0.3836 2.326, -5.6844 0.3552 2.315, -5.6884 0.5286 2.326, -5.6898 0.498 2.3298, -5.6598 0.3001 2.2476, -5.7823 0.498 2.2962, -5.7823 0.4142 2.2962, -5.7419 0.6161 2.1852, -5.7809 0.5286 2.2924, -5.7768 0.3552 2.2813, -5.7809 0.3836 2.2924, -5.7704 0.3307 2.2637, -5.7621 0.3119 2.2407, -5.7768 0.5571 2.2813, -5.7704 0.5815 2.2637, -5.7523 0.6121 2.2139, -5.7621 0.6003 2.2407, -5.6911 0.6161 2.0458, -5.6911 0.2961 2.0458, -5.7419 0.2961 2.1852, -5.7523 0.3001 2.2139, -5.6888 0.6161 2.0068, -5.6888 0.2961 2.0068, -5.687 0.6161 2.0198, -5.687 0.2961 2.0198, -5.6878 0.6161 2.033, -5.6878 0.2961 2.033, -5.8798 0.6161 1.1794, -5.8226 0.2961 1.4271, -5.8333 0.2906 1.3808, -5.8434 0.2743 1.3371, -5.8669 0.228 1.2349, -5.8568 0.2442 1.2786, -5.1163 0.6599 0.9469, -6.88 0.69 0.9449, -6.883 0.6752 0.9449, -6.7778 0.6752 0.9449, -6.7364 0.6791 0.9449, -6.7364 0.7776 0.9449, -6.7659 0.6791 0.9449, -6.7659 0.7776 0.9449, -6.771 0.6785 0.9449, -6.7965 0.7735 0.9449, -6.7758 0.6765 0.9449, -6.825 0.7617 0.9449, -6.8495 0.743 0.9449, -6.8682 0.7185 0.9449, -6.2226 0.6752 0.9449, -6.1174 0.6752 0.9449, -6.1204 0.69 0.9449, -6.264 0.7776 0.9449, -6.264 0.6791 0.9449, -6.2344 0.7776 0.9449, -6.2344 0.6791 0.9449, -6.2039 0.7735 0.9449, -6.2301 0.6786 0.9449, -6.1754 0.7617 0.9449, -6.2259 0.6772 0.9449, -6.1509 0.743 0.9449, -6.1322 0.7185 0.9449, -6.7856 0.3406 0.3543, -6.8841 0.3406 0.3543, -6.7856 0.6594 0.3543, -6.8841 0.6594 0.3543, -6.785 0.6645 0.3543, -6.88 0.69 0.3543, -6.783 0.6693 0.3543, -6.8682 0.7185 0.3543, -6.7799 0.6734 0.3543, -6.8495 0.743 0.3543, -6.7758 0.6765 0.3543, -6.825 0.7617 0.3543, -6.771 0.6785 0.3543, -6.7965 0.7735 0.3543, -6.7659 0.6791 0.3543, -6.7659 0.7776 0.3543, -6.7364 0.6791 0.3543, -6.7364 0.7776 0.3543, -6.8841 0.6594 0.947, -6.8841 0.6161 1.1417, -6.8841 0.6161 1.0039, -6.8841 0.2224 1.1417, -6.8841 0.6182 0.9887, -6.8841 0.2224 0.4724, -6.8841 0.6241 0.9744, -6.8841 0.6334 0.9622, -6.8841 0.257 0.3889, -6.8841 0.2383 0.4134, -6.8841 0.2265 0.4419, -6.8841 0.6457 0.9528, -6.8841 0.31 0.3584, -6.8841 0.2815 0.3702, -6.884 0.6599 0.9469, -6.8838 0.6675 0.9454, -6.3475 0.7776 0.3197, -6.3663 0.7776 0.2953, -6.7058 0.7776 0.9489, -6.6223 0.7776 0.2668, -6.6341 0.7776 0.2953, -6.6529 0.7776 0.3197, -6.3781 0.7776 1.0324, -6.3663 0.7776 1.0039, -6.6341 0.7776 1.0039, -6.3475 0.7776 0.9795, -6.2344 0.7776 0.3543, -6.323 0.7776 0.3385, -6.6774 0.7776 0.9607, -6.2945 0.7776 0.3503, -6.6529 0.7776 0.9795, -6.3821 0.7776 0.2362, -6.3821 0.7776 0.1575, -6.6183 0.7776 0.1575, -6.6774 0.7776 0.3385, -6.7058 0.7776 0.3503, -6.323 0.7776 0.9607, -6.2945 0.7776 0.9489, -6.264 0.7776 0.3543, -6.6223 0.7776 1.0324, -6.6183 0.7776 1.063, -6.3821 0.7776 1.063, -6.3821 0.7776 2.2146, -6.3781 0.7776 0.2668, -6.6183 0.7776 0.2362, -6.6183 0.7776 2.2146, -6.6143 0.7776 2.2451, -6.3861 0.7776 2.2451, -6.6025 0.7776 2.2736, -6.5308 0.7776 2.3287, -6.5002 0.7776 2.3327, -6.4696 0.7776 2.3287, -6.5837 0.7776 2.2981, -6.5593 0.7776 2.3169, -6.3979 0.7776 2.2736, -6.4167 0.7776 2.2981, -6.4411 0.7776 2.3169, -6.1163 0.6594 0.3543, -6.1166 0.6675 0.9454, -6.1163 0.6599 0.9469, -6.1163 0.6594 0.947, -6.1204 0.69 0.3543, -6.1322 0.7185 0.3543, -6.1509 0.743 0.3543, -6.1754 0.7617 0.3543, -6.2039 0.7735 0.3543, -6.1163 0.3406 0.3543, -6.1163 0.6457 0.9528, -6.1163 0.6161 1.1417, -6.1163 0.2224 1.1417, -6.1163 0.6161 1.0039, -6.1163 0.6182 0.9887, -6.1163 0.6241 0.9744, -6.1163 0.2224 0.4724, -6.1163 0.6334 0.9622, -6.1163 0.2265 0.4419, -6.1163 0.2383 0.4134, -6.1163 0.257 0.3889, -6.1163 0.2815 0.3702, -6.1163 0.31 0.3584, -6.2148 0.2224 0.4724, -6.2148 0.2224 1.1417, -6.2165 0.2224 1.1572, -6.1206 0.2224 1.1794, -6.2238 0.2224 1.1886, -6.1228 0.2224 1.1886, -6.2148 0.6161 1.1417, -6.2148 0.6161 1.0039, -6.2148 0.6182 0.9887, -6.2148 0.6594 0.947, -6.2148 0.6594 0.3543, -6.2148 0.3406 0.3543, -6.2148 0.257 0.3889, -6.2148 0.2383 0.4134, -6.2148 0.6334 0.9622, -6.2148 0.6457 0.9528, -6.2148 0.31 0.3584, -6.2148 0.2815 0.3702, -6.2148 0.6241 0.9744, -6.2148 0.2265 0.4419, -6.2344 0.6791 0.3543, -6.2301 0.6786 0.3543, -6.2259 0.6772 0.3543, -6.2222 0.6748 0.9449, -6.2222 0.6748 0.3543, -6.2191 0.6717 0.3543, -6.2191 0.6717 0.945, -6.2167 0.668 0.3543, -6.2167 0.668 0.9453, -6.2153 0.6638 0.3543, -6.2153 0.6638 0.946, -6.2148 0.6599 0.9469, -6.6529 0.6791 0.3197, -6.6341 0.6791 0.2953, -6.3663 0.6791 0.2953, -6.6223 0.6791 0.2668, -6.3475 0.6791 0.9795, -6.3663 0.6791 1.0039, -6.6341 0.6791 1.0039, -6.3781 0.6791 1.0324, -6.2945 0.6791 0.3503, -6.6529 0.6791 0.9795, -6.323 0.6791 0.3385, -6.6774 0.6791 0.9607, -6.3475 0.6791 0.3197, -6.7058 0.6791 0.9489, -6.6183 0.6791 0.1575, -6.3821 0.6791 0.1575, -6.6183 0.6791 0.2362, -6.3821 0.6791 0.2362, -6.3781 0.6791 0.2668, -6.264 0.6791 0.3543, -6.2945 0.6791 0.9489, -6.323 0.6791 0.9607, -6.7058 0.6791 0.3503, -6.6774 0.6791 0.3385, -6.3821 0.6791 2.1704, -6.6183 0.6791 2.1704, -6.3821 0.6791 1.063, -6.6183 0.6791 1.063, -6.6223 0.6791 1.0324, -6.785 0.6645 0.9459, -6.7856 0.6599 0.9469, -6.7856 0.6594 0.947, -6.7799 0.6734 0.9449, -6.7816 0.6714 0.945, -6.783 0.6693 0.9452, -6.7841 0.667 0.9455, -6.7856 0.6161 1.0039, -6.7856 0.6161 1.1417, -6.7856 0.2224 1.1417, -6.7856 0.2224 0.4724, -6.7856 0.6334 0.9622, -6.7856 0.6241 0.9744, -6.7856 0.6457 0.9528, -6.7856 0.31 0.3584, -6.7856 0.6182 0.9887, -6.7856 0.2265 0.4419, -6.7856 0.2383 0.4134, -6.7856 0.257 0.3889, -6.7856 0.2815 0.3702, -6.7766 0.2224 1.1886, -6.8776 0.2224 1.1886, -6.7839 0.2224 1.1572, -6.8798 0.2224 1.1794, -6.3821 0.8366 0.0984, -6.6183 0.8366 0.0984, -6.3821 0.8213 0.1004, -6.6183 0.8213 0.1004, -6.3821 0.8071 0.1063, -6.6183 0.8071 0.1063, -6.3821 0.7949 0.1157, -6.6183 0.7949 0.1157, -6.3821 0.7855 0.128, -6.6183 0.7855 0.128, -6.3821 0.7796 0.1422, -6.6183 0.7796 0.1422, -6.3979 1.3189 0.0984, -6.4167 1.3434 0.0984, -6.6143 1.2904 0.0984, -6.6183 1.2598 0.0984, -6.3821 1.2598 0.0984, -6.3861 1.2904 0.0984, -6.4696 1.3739 0.0984, -6.5002 1.378 0.0984, -6.5308 1.3739 0.0984, -6.5593 1.3621 0.0984, -6.5837 1.3434 0.0984, -6.6025 1.3189 0.0984, -6.4411 1.3621 0.0984, -6.3821 1.2598 0.0, -6.3821 0.8366 0.0, -6.6183 0.8366 0.0, -6.6183 1.2598 0.0, -6.6143 1.2904 0.0, -6.3861 1.2904 0.0, -6.3979 1.3189 0.0, -6.5837 1.3434 0.0, -6.5593 1.3621 0.0, -6.4167 1.3434 0.0, -6.5308 1.3739 0.0, -6.6025 1.3189 0.0, -6.5002 1.378 0.0, -6.4696 1.3739 0.0, -6.4411 1.3621 0.0, -6.6183 0.6845 0.1167, -6.3821 0.6845 0.1167, -6.6183 0.7002 0.0787, -6.3821 0.7002 0.0787, -6.6183 0.7253 0.0461, -6.3821 0.7253 0.0461, -6.6183 0.7579 0.0211, -6.3821 0.7579 0.0211, -6.6183 0.7959 0.0054, -6.3821 0.7959 0.0054, -6.3821 0.6952 2.2146, -6.6183 0.6952 2.2146, -6.3861 0.7063 2.2451, -6.3979 0.7167 2.2736, -6.4167 0.7256 2.2981, -6.4283 0.7293 2.3083, -6.6143 0.7063 2.2451, -6.6025 0.7167 2.2736, -6.5454 0.7349 2.3237, -6.5593 0.7324 2.3169, -6.4411 0.7324 2.3169, -6.5721 0.7293 2.3083, -6.5837 0.7256 2.2981, -6.455 0.7349 2.3237, -6.4696 0.7367 2.3287, -6.5308 0.7367 2.3287, -6.4848 0.7378 2.3317, -6.5156 0.7378 2.3317, -6.5002 0.7382 2.3327, -6.3106 0.4142 2.3298, -6.4017 0.2961 2.0795, -6.351 0.2961 2.2188, -6.4017 0.6161 2.0795, -6.3106 0.498 2.3298, -6.351 0.6161 2.2188, -6.3406 0.3001 2.2476, -6.3308 0.3119 2.2743, -6.312 0.3836 2.326, -6.3225 0.3307 2.2973, -6.316 0.3552 2.315, -6.3225 0.5815 2.2973, -6.316 0.5571 2.315, -6.312 0.5286 2.326, -6.3308 0.6003 2.2743, -6.3406 0.6121 2.2476, -6.4075 0.6161 1.9846, -6.4075 0.2961 1.9846, -6.4117 0.2961 2.0164, -6.4117 0.6161 2.0164, -6.4098 0.2961 2.0484, -6.4098 0.6161 2.0484, -6.2165 0.6161 1.1572, -6.2788 0.2961 1.4271, -6.2681 0.2906 1.3808, -6.258 0.2743 1.3371, -6.2345 0.228 1.2349, -6.2446 0.2442 1.2786, -6.1206 0.6161 1.1794, -6.3116 0.6161 2.0068, -6.3116 0.2961 2.0068, -6.1778 0.2961 1.4271, -6.1671 0.2906 1.3808, -6.157 0.2743 1.3371, -6.1435 0.2442 1.2786, -6.1335 0.228 1.2349, -6.3093 0.6161 2.0458, -6.3093 0.2961 2.0458, -6.3126 0.6161 2.033, -6.3126 0.2961 2.033, -6.3134 0.6161 2.0198, -6.3134 0.2961 2.0198, -6.2181 0.498 2.2962, -6.2181 0.4142 2.2962, -6.2585 0.2961 2.1852, -6.2195 0.3836 2.2924, -6.2235 0.3552 2.2813, -6.23 0.3307 2.2637, -6.2383 0.3119 2.2407, -6.2481 0.3001 2.2139, -6.2585 0.6161 2.1852, -6.2481 0.6121 2.2139, -6.2383 0.6003 2.2407, -6.23 0.5815 2.2637, -6.2235 0.5571 2.2813, -6.2195 0.5286 2.2924, -6.7839 0.6161 1.1572, -6.5928 0.6161 1.9846, -6.5928 0.2961 1.9846, -6.7216 0.2961 1.4271, -6.7323 0.2906 1.3808, -6.7423 0.2743 1.3371, -6.7558 0.2442 1.2786, -6.7659 0.228 1.2349, -6.5986 0.6161 2.0795, -6.5986 0.2961 2.0795, -6.5906 0.2961 2.0484, -6.5906 0.6161 2.0484, -6.5887 0.2961 2.0164, -6.5887 0.6161 2.0164, -6.6494 0.2961 2.2188, -6.6494 0.6161 2.2188, -6.6884 0.5286 2.326, -6.6898 0.498 2.3298, -6.6696 0.6003 2.2743, -6.6779 0.5815 2.2973, -6.6844 0.5571 2.315, -6.6898 0.4142 2.3298, -6.6884 0.3836 2.326, -6.6844 0.3552 2.315, -6.6779 0.3307 2.2973, -6.6598 0.3001 2.2476, -6.6696 0.3119 2.2743, -6.6598 0.6121 2.2476, -6.7823 0.498 2.2962, -6.7823 0.4142 2.2962, -6.6911 0.6161 2.0458, -6.6911 0.2961 2.0458, -6.7419 0.6161 2.1852, -6.7419 0.2961 2.1852, -6.7768 0.5571 2.2813, -6.7704 0.5815 2.2637, -6.7621 0.6003 2.2407, -6.7809 0.3836 2.2924, -6.7768 0.3552 2.2813, -6.7809 0.5286 2.2924, -6.7523 0.6121 2.2139, -6.7523 0.3001 2.2139, -6.7621 0.3119 2.2407, -6.7704 0.3307 2.2637, -6.6888 0.6161 2.0068, -6.6888 0.2961 2.0068, -6.687 0.6161 2.0198, -6.687 0.2961 2.0198, -6.6878 0.6161 2.033, -6.6878 0.2961 2.033, -6.8798 0.6161 1.1794, -6.8226 0.2961 1.4271, -6.8333 0.2906 1.3808, -6.8434 0.2743 1.3371, -6.8669 0.228 1.2349, -6.8568 0.2442 1.2786, -6.1163 0.6599 0.9469, -7.88 0.69 0.9449, -7.883 0.6752 0.9449, -7.7778 0.6752 0.9449, -7.7364 0.6791 0.9449, -7.7364 0.7776 0.9449, -7.7659 0.6791 0.9449, -7.7659 0.7776 0.9449, -7.771 0.6785 0.9449, -7.7965 0.7735 0.9449, -7.7758 0.6765 0.9449, -7.825 0.7617 0.9449, -7.8495 0.743 0.9449, -7.8682 0.7185 0.9449, -7.2226 0.6752 0.9449, -7.1174 0.6752 0.9449, -7.1204 0.69 0.9449, -7.264 0.7776 0.9449, -7.264 0.6791 0.9449, -7.2344 0.7776 0.9449, -7.2344 0.6791 0.9449, -7.2039 0.7735 0.9449, -7.2301 0.6786 0.9449, -7.1754 0.7617 0.9449, -7.2259 0.6772 0.9449, -7.1509 0.743 0.9449, -7.1322 0.7185 0.9449, -7.7856 0.3406 0.3543, -7.8841 0.3406 0.3543, -7.7856 0.6594 0.3543, -7.8841 0.6594 0.3543, -7.785 0.6645 0.3543, -7.88 0.69 0.3543, -7.783 0.6693 0.3543, -7.8682 0.7185 0.3543, -7.7799 0.6734 0.3543, -7.8495 0.743 0.3543, -7.7758 0.6765 0.3543, -7.825 0.7617 0.3543, -7.771 0.6785 0.3543, -7.7965 0.7735 0.3543, -7.7659 0.6791 0.3543, -7.7659 0.7776 0.3543, -7.7364 0.6791 0.3543, -7.7364 0.7776 0.3543, -7.8841 0.6594 0.947, -7.8841 0.6161 1.1417, -7.8841 0.6161 1.0039, -7.8841 0.2224 1.1417, -7.8841 0.6182 0.9887, -7.8841 0.2224 0.4724, -7.8841 0.6241 0.9744, -7.8841 0.6334 0.9622, -7.8841 0.257 0.3889, -7.8841 0.2383 0.4134, -7.8841 0.2265 0.4419, -7.8841 0.6457 0.9528, -7.8841 0.31 0.3584, -7.8841 0.2815 0.3702, -7.884 0.6599 0.9469, -7.8838 0.6675 0.9454, -7.3475 0.7776 0.3197, -7.3663 0.7776 0.2953, -7.7058 0.7776 0.9489, -7.6223 0.7776 0.2668, -7.6341 0.7776 0.2953, -7.6529 0.7776 0.3197, -7.3781 0.7776 1.0324, -7.3663 0.7776 1.0039, -7.6341 0.7776 1.0039, -7.3475 0.7776 0.9795, -7.2344 0.7776 0.3543, -7.323 0.7776 0.3385, -7.6774 0.7776 0.9607, -7.2945 0.7776 0.3503, -7.6529 0.7776 0.9795, -7.3821 0.7776 0.2362, -7.3821 0.7776 0.1575, -7.6183 0.7776 0.1575, -7.6774 0.7776 0.3385, -7.7058 0.7776 0.3503, -7.323 0.7776 0.9607, -7.2945 0.7776 0.9489, -7.264 0.7776 0.3543, -7.6223 0.7776 1.0324, -7.6183 0.7776 1.063, -7.3821 0.7776 1.063, -7.3821 0.7776 2.2146, -7.3781 0.7776 0.2668, -7.6183 0.7776 0.2362, -7.6183 0.7776 2.2146, -7.6143 0.7776 2.2451, -7.3861 0.7776 2.2451, -7.6025 0.7776 2.2736, -7.5308 0.7776 2.3287, -7.5002 0.7776 2.3327, -7.4696 0.7776 2.3287, -7.5837 0.7776 2.2981, -7.5593 0.7776 2.3169, -7.3979 0.7776 2.2736, -7.4167 0.7776 2.2981, -7.4411 0.7776 2.3169, -7.1163 0.6594 0.3543, -7.1166 0.6675 0.9454, -7.1163 0.6599 0.9469, -7.1163 0.6594 0.947, -7.1204 0.69 0.3543, -7.1322 0.7185 0.3543, -7.1509 0.743 0.3543, -7.1754 0.7617 0.3543, -7.2039 0.7735 0.3543, -7.1163 0.3406 0.3543, -7.1163 0.6457 0.9528, -7.1163 0.6161 1.1417, -7.1163 0.2224 1.1417, -7.1163 0.6161 1.0039, -7.1163 0.6182 0.9887, -7.1163 0.6241 0.9744, -7.1163 0.2224 0.4724, -7.1163 0.6334 0.9622, -7.1163 0.2265 0.4419, -7.1163 0.2383 0.4134, -7.1163 0.257 0.3889, -7.1163 0.2815 0.3702, -7.1163 0.31 0.3584, -7.2148 0.2224 0.4724, -7.2148 0.2224 1.1417, -7.2165 0.2224 1.1572, -7.1206 0.2224 1.1794, -7.2238 0.2224 1.1886, -7.1228 0.2224 1.1886, -7.2148 0.6161 1.1417, -7.2148 0.6161 1.0039, -7.2148 0.6182 0.9887, -7.2148 0.6594 0.947, -7.2148 0.6594 0.3543, -7.2148 0.3406 0.3543, -7.2148 0.257 0.3889, -7.2148 0.2383 0.4134, -7.2148 0.6334 0.9622, -7.2148 0.6457 0.9528, -7.2148 0.31 0.3584, -7.2148 0.2815 0.3702, -7.2148 0.6241 0.9744, -7.2148 0.2265 0.4419, -7.2344 0.6791 0.3543, -7.2301 0.6786 0.3543, -7.2259 0.6772 0.3543, -7.2222 0.6748 0.9449, -7.2222 0.6748 0.3543, -7.2191 0.6717 0.3543, -7.2191 0.6717 0.945, -7.2167 0.668 0.3543, -7.2167 0.668 0.9453, -7.2153 0.6638 0.3543, -7.2153 0.6638 0.946, -7.2148 0.6599 0.9469, -7.6529 0.6791 0.3197, -7.6341 0.6791 0.2953, -7.3663 0.6791 0.2953, -7.6223 0.6791 0.2668, -7.3475 0.6791 0.9795, -7.3663 0.6791 1.0039, -7.6341 0.6791 1.0039, -7.3781 0.6791 1.0324, -7.2945 0.6791 0.3503, -7.6529 0.6791 0.9795, -7.323 0.6791 0.3385, -7.6774 0.6791 0.9607, -7.3475 0.6791 0.3197, -7.7058 0.6791 0.9489, -7.6183 0.6791 0.1575, -7.3821 0.6791 0.1575, -7.6183 0.6791 0.2362, -7.3821 0.6791 0.2362, -7.3781 0.6791 0.2668, -7.264 0.6791 0.3543, -7.2945 0.6791 0.9489, -7.323 0.6791 0.9607, -7.7058 0.6791 0.3503, -7.6774 0.6791 0.3385, -7.3821 0.6791 2.1704, -7.6183 0.6791 2.1704, -7.3821 0.6791 1.063, -7.6183 0.6791 1.063, -7.6223 0.6791 1.0324, -7.785 0.6645 0.9459, -7.7856 0.6599 0.9469, -7.7856 0.6594 0.947, -7.7799 0.6734 0.9449, -7.7816 0.6714 0.945, -7.783 0.6693 0.9452, -7.7841 0.667 0.9455, -7.7856 0.6161 1.0039, -7.7856 0.6161 1.1417, -7.7856 0.2224 1.1417, -7.7856 0.2224 0.4724, -7.7856 0.6334 0.9622, -7.7856 0.6241 0.9744, -7.7856 0.6457 0.9528, -7.7856 0.31 0.3584, -7.7856 0.6182 0.9887, -7.7856 0.2265 0.4419, -7.7856 0.2383 0.4134, -7.7856 0.257 0.3889, -7.7856 0.2815 0.3702, -7.7766 0.2224 1.1886, -7.8776 0.2224 1.1886, -7.7839 0.2224 1.1572, -7.8798 0.2224 1.1794, -7.3821 0.8366 0.0984, -7.6183 0.8366 0.0984, -7.3821 0.8213 0.1004, -7.6183 0.8213 0.1004, -7.3821 0.8071 0.1063, -7.6183 0.8071 0.1063, -7.3821 0.7949 0.1157, -7.6183 0.7949 0.1157, -7.3821 0.7855 0.128, -7.6183 0.7855 0.128, -7.3821 0.7796 0.1422, -7.6183 0.7796 0.1422, -7.3979 1.3189 0.0984, -7.4167 1.3434 0.0984, -7.6143 1.2904 0.0984, -7.6183 1.2598 0.0984, -7.3821 1.2598 0.0984, -7.3861 1.2904 0.0984, -7.4696 1.3739 0.0984, -7.5002 1.378 0.0984, -7.5308 1.3739 0.0984, -7.5593 1.3621 0.0984, -7.5837 1.3434 0.0984, -7.6025 1.3189 0.0984, -7.4411 1.3621 0.0984, -7.3821 1.2598 0.0, -7.3821 0.8366 0.0, -7.6183 0.8366 0.0, -7.6183 1.2598 0.0, -7.6143 1.2904 0.0, -7.3861 1.2904 0.0, -7.3979 1.3189 0.0, -7.5837 1.3434 0.0, -7.5593 1.3621 0.0, -7.4167 1.3434 0.0, -7.5308 1.3739 0.0, -7.6025 1.3189 0.0, -7.5002 1.378 0.0, -7.4696 1.3739 0.0, -7.4411 1.3621 0.0, -7.6183 0.6845 0.1167, -7.3821 0.6845 0.1167, -7.6183 0.7002 0.0787, -7.3821 0.7002 0.0787, -7.6183 0.7253 0.0461, -7.3821 0.7253 0.0461, -7.6183 0.7579 0.0211, -7.3821 0.7579 0.0211, -7.6183 0.7959 0.0054, -7.3821 0.7959 0.0054, -7.3821 0.6952 2.2146, -7.6183 0.6952 2.2146, -7.3861 0.7063 2.2451, -7.3979 0.7167 2.2736, -7.4167 0.7256 2.2981, -7.4283 0.7293 2.3083, -7.6143 0.7063 2.2451, -7.6025 0.7167 2.2736, -7.5454 0.7349 2.3237, -7.5593 0.7324 2.3169, -7.4411 0.7324 2.3169, -7.5721 0.7293 2.3083, -7.5837 0.7256 2.2981, -7.455 0.7349 2.3237, -7.4696 0.7367 2.3287, -7.5308 0.7367 2.3287, -7.4848 0.7378 2.3317, -7.5156 0.7378 2.3317, -7.5002 0.7382 2.3327, -7.3106 0.4142 2.3298, -7.4017 0.2961 2.0795, -7.351 0.2961 2.2188, -7.4017 0.6161 2.0795, -7.3106 0.498 2.3298, -7.351 0.6161 2.2188, -7.3406 0.3001 2.2476, -7.3308 0.3119 2.2743, -7.312 0.3836 2.326, -7.3225 0.3307 2.2973, -7.316 0.3552 2.315, -7.3225 0.5815 2.2973, -7.316 0.5571 2.315, -7.312 0.5286 2.326, -7.3308 0.6003 2.2743, -7.3406 0.6121 2.2476, -7.4075 0.6161 1.9846, -7.4075 0.2961 1.9846, -7.4117 0.2961 2.0164, -7.4117 0.6161 2.0164, -7.4098 0.2961 2.0484, -7.4098 0.6161 2.0484, -7.2165 0.6161 1.1572, -7.2788 0.2961 1.4271, -7.2681 0.2906 1.3808, -7.2581 0.2743 1.3371, -7.2345 0.228 1.2349, -7.2446 0.2442 1.2786, -7.1206 0.6161 1.1794, -7.3116 0.6161 2.0068, -7.3116 0.2961 2.0068, -7.1778 0.2961 1.4271, -7.1671 0.2906 1.3808, -7.157 0.2743 1.3371, -7.1435 0.2442 1.2786, -7.1335 0.228 1.2349, -7.3093 0.6161 2.0458, -7.3093 0.2961 2.0458, -7.3126 0.6161 2.033, -7.3126 0.2961 2.033, -7.3134 0.6161 2.0198, -7.3134 0.2961 2.0198, -7.2181 0.498 2.2962, -7.2181 0.4142 2.2962, -7.2585 0.2961 2.1852, -7.2195 0.3836 2.2924, -7.2235 0.3552 2.2813, -7.23 0.3307 2.2637, -7.2383 0.3119 2.2407, -7.2481 0.3001 2.2139, -7.2585 0.6161 2.1852, -7.2481 0.6121 2.2139, -7.2383 0.6003 2.2407, -7.23 0.5815 2.2637, -7.2235 0.5571 2.2813, -7.2195 0.5286 2.2924, -7.7839 0.6161 1.1572, -7.5928 0.6161 1.9846, -7.5928 0.2961 1.9846, -7.7216 0.2961 1.4271, -7.7322 0.2906 1.3808, -7.7423 0.2743 1.3371, -7.7558 0.2442 1.2786, -7.7659 0.228 1.2349, -7.5987 0.6161 2.0795, -7.5987 0.2961 2.0795, -7.5906 0.2961 2.0484, -7.5906 0.6161 2.0484, -7.5887 0.2961 2.0164, -7.5887 0.6161 2.0164, -7.6494 0.2961 2.2188, -7.6494 0.6161 2.2188, -7.6884 0.5286 2.326, -7.6898 0.498 2.3298, -7.6696 0.6003 2.2743, -7.6779 0.5815 2.2973, -7.6844 0.5571 2.315, -7.6898 0.4142 2.3298, -7.6884 0.3836 2.326, -7.6844 0.3552 2.315, -7.6779 0.3307 2.2973, -7.6598 0.3001 2.2476, -7.6696 0.3119 2.2743, -7.6598 0.6121 2.2476, -7.7823 0.498 2.2962, -7.7823 0.4142 2.2962, -7.6911 0.6161 2.0458, -7.6911 0.2961 2.0458, -7.7419 0.6161 2.1852, -7.7419 0.2961 2.1852, -7.7768 0.5571 2.2813, -7.7704 0.5815 2.2637, -7.7621 0.6003 2.2407, -7.7809 0.3836 2.2924, -7.7768 0.3552 2.2813, -7.7809 0.5286 2.2924, -7.7523 0.6121 2.2139, -7.7523 0.3001 2.2139, -7.7621 0.3119 2.2407, -7.7704 0.3307 2.2637, -7.6888 0.6161 2.0068, -7.6888 0.2961 2.0068, -7.687 0.6161 2.0198, -7.687 0.2961 2.0198, -7.6878 0.6161 2.033, -7.6878 0.2961 2.033, -7.8798 0.6161 1.1794, -7.8226 0.2961 1.4271, -7.8333 0.2906 1.3808, -7.8434 0.2743 1.3371, -7.8669 0.228 1.2349, -7.8568 0.2442 1.2786, -7.1163 0.6599 0.9469, 6.2222 -0.6752 0.9449, 6.117 -0.6752 0.9449, 6.12 -0.69 0.9449, 6.2636 -0.7776 0.9449, 6.2636 -0.6791 0.9449, 6.2341 -0.7776 0.9449, 6.2341 -0.6791 0.9449, 6.2035 -0.7735 0.9449, 6.229 -0.6785 0.9449, 6.175 -0.7617 0.9449, 6.2242 -0.6765 0.9449, 6.1505 -0.743 0.9449, 6.1318 -0.7185 0.9449, 6.8796 -0.69 0.9449, 6.8826 -0.6752 0.9449, 6.7774 -0.6752 0.9449, 6.736 -0.6791 0.9449, 6.736 -0.7776 0.9449, 6.7656 -0.6791 0.9449, 6.7656 -0.7776 0.9449, 6.7699 -0.6786 0.9449, 6.7961 -0.7735 0.9449, 6.7741 -0.6772 0.9449, 6.8246 -0.7617 0.9449, 6.8491 -0.743 0.9449, 6.8678 -0.7185 0.9449, 6.2636 -0.6791 0.3543, 6.2636 -0.7776 0.3543, 6.2341 -0.6791 0.3543, 6.2341 -0.7776 0.3543, 6.229 -0.6785 0.3543, 6.2035 -0.7735 0.3543, 6.2242 -0.6765 0.3543, 6.175 -0.7617 0.3543, 6.2201 -0.6734 0.3543, 6.1505 -0.743 0.3543, 6.217 -0.6693 0.3543, 6.1318 -0.7185 0.3543, 6.215 -0.6645 0.3543, 6.12 -0.69 0.3543, 6.2144 -0.6594 0.3543, 6.1159 -0.6594 0.3543, 6.2144 -0.3406 0.3543, 6.1159 -0.3406 0.3543, 6.1159 -0.6161 1.1417, 6.1159 -0.2224 1.1417, 6.1159 -0.6161 1.0039, 6.1159 -0.6182 0.9887, 6.1159 -0.6241 0.9744, 6.1159 -0.2224 0.4724, 6.1159 -0.6334 0.9622, 6.1159 -0.6594 0.947, 6.1159 -0.6457 0.9528, 6.1159 -0.31 0.3584, 6.1159 -0.2265 0.4419, 6.1159 -0.2383 0.4134, 6.1159 -0.257 0.3889, 6.1159 -0.2815 0.3702, 6.1162 -0.6675 0.9454, 6.116 -0.6599 0.9469, 6.3471 -0.7776 0.3197, 6.3659 -0.7776 0.2953, 6.7055 -0.7776 0.9489, 6.6219 -0.7776 0.2668, 6.6337 -0.7776 0.2953, 6.6525 -0.7776 0.3197, 6.3226 -0.7776 0.3385, 6.677 -0.7776 0.9607, 6.2942 -0.7776 0.3503, 6.6525 -0.7776 0.9795, 6.6337 -0.7776 1.0039, 6.3471 -0.7776 0.9795, 6.3659 -0.7776 1.0039, 6.6219 -0.7776 1.0324, 6.3777 -0.7776 1.0324, 6.6179 -0.7776 1.063, 6.3817 -0.7776 1.063, 6.3817 -0.7776 0.2362, 6.3817 -0.7776 0.1575, 6.6179 -0.7776 0.1575, 6.7656 -0.7776 0.3543, 6.736 -0.7776 0.3543, 6.7055 -0.7776 0.3503, 6.677 -0.7776 0.3385, 6.3226 -0.7776 0.9607, 6.2942 -0.7776 0.9489, 6.3777 -0.7776 0.2668, 6.6179 -0.7776 0.2362, 6.3817 -0.7776 2.2146, 6.6179 -0.7776 2.2146, 6.6139 -0.7776 2.2451, 6.6021 -0.7776 2.2736, 6.5833 -0.7776 2.2981, 6.4692 -0.7776 2.3287, 6.4163 -0.7776 2.2981, 6.3975 -0.7776 2.2736, 6.3857 -0.7776 2.2451, 6.5589 -0.7776 2.3169, 6.5304 -0.7776 2.3287, 6.4998 -0.7776 2.3327, 6.4407 -0.7776 2.3169, 6.8796 -0.69 0.3543, 6.8678 -0.7185 0.3543, 6.8491 -0.743 0.3543, 6.8246 -0.7617 0.3543, 6.7961 -0.7735 0.3543, 6.8837 -0.6594 0.3543, 6.8837 -0.6594 0.947, 6.8837 -0.6599 0.9469, 6.8834 -0.6675 0.9454, 6.8837 -0.6161 1.1417, 6.8837 -0.6161 1.0039, 6.8837 -0.2224 1.1417, 6.8837 -0.6182 0.9887, 6.8837 -0.2224 0.4724, 6.8837 -0.3406 0.3543, 6.8837 -0.257 0.3889, 6.8837 -0.2383 0.4134, 6.8837 -0.6334 0.9622, 6.8837 -0.6457 0.9528, 6.8837 -0.31 0.3584, 6.8837 -0.2815 0.3702, 6.8837 -0.6241 0.9744, 6.8837 -0.2265 0.4419, 6.7762 -0.2224 1.1886, 6.8772 -0.2224 1.1886, 6.7835 -0.2224 1.1572, 6.8794 -0.2224 1.1794, 6.7852 -0.2224 1.1417, 6.7852 -0.2224 0.4724, 6.7852 -0.6161 1.0039, 6.7852 -0.6161 1.1417, 6.7852 -0.6334 0.9622, 6.7852 -0.6241 0.9744, 6.7852 -0.6182 0.9887, 6.7852 -0.6594 0.3543, 6.7852 -0.6594 0.947, 6.7852 -0.3406 0.3543, 6.7852 -0.6457 0.9528, 6.7852 -0.2383 0.4134, 6.7852 -0.257 0.3889, 6.7852 -0.2265 0.4419, 6.7852 -0.2815 0.3702, 6.7852 -0.31 0.3584, 6.7852 -0.6599 0.9469, 6.7847 -0.6638 0.3543, 6.7847 -0.6638 0.946, 6.7833 -0.668 0.3543, 6.7833 -0.668 0.9453, 6.7809 -0.6717 0.3543, 6.7809 -0.6717 0.945, 6.7778 -0.6748 0.3543, 6.7778 -0.6748 0.9449, 6.7656 -0.6791 0.3543, 6.7699 -0.6786 0.3543, 6.7741 -0.6772 0.3543, 6.7055 -0.6791 0.3503, 6.677 -0.6791 0.3385, 6.3659 -0.6791 0.2953, 6.6525 -0.6791 0.3197, 6.6179 -0.6791 0.2362, 6.6179 -0.6791 0.1575, 6.3817 -0.6791 0.1575, 6.7055 -0.6791 0.9489, 6.3471 -0.6791 0.3197, 6.677 -0.6791 0.9607, 6.3226 -0.6791 0.3385, 6.6525 -0.6791 0.9795, 6.2942 -0.6791 0.3503, 6.6337 -0.6791 1.0039, 6.6337 -0.6791 0.2953, 6.6219 -0.6791 0.2668, 6.3777 -0.6791 0.2668, 6.3817 -0.6791 0.2362, 6.3817 -0.6791 1.063, 6.3817 -0.6791 2.1704, 6.6179 -0.6791 2.1704, 6.2942 -0.6791 0.9489, 6.3226 -0.6791 0.9607, 6.3471 -0.6791 0.9795, 6.736 -0.6791 0.3543, 6.3659 -0.6791 1.0039, 6.3777 -0.6791 1.0324, 6.6219 -0.6791 1.0324, 6.6179 -0.6791 1.063, 6.217 -0.6693 0.9452, 6.2184 -0.6714 0.945, 6.2201 -0.6734 0.9449, 6.2144 -0.6594 0.947, 6.2144 -0.6599 0.9469, 6.215 -0.6645 0.9459, 6.2159 -0.667 0.9455, 6.2144 -0.6161 1.1417, 6.2144 -0.6161 1.0039, 6.2144 -0.2224 1.1417, 6.2144 -0.6182 0.9887, 6.2144 -0.2224 0.4724, 6.2144 -0.6241 0.9744, 6.2144 -0.6334 0.9622, 6.2144 -0.2265 0.4419, 6.2144 -0.6457 0.9528, 6.2144 -0.31 0.3584, 6.2144 -0.2815 0.3702, 6.2144 -0.257 0.3889, 6.2144 -0.2383 0.4134, 6.2161 -0.2224 1.1572, 6.1202 -0.2224 1.1794, 6.2234 -0.2224 1.1886, 6.1224 -0.2224 1.1886, 6.6179 -0.7796 0.1422, 6.3817 -0.7796 0.1422, 6.6179 -0.7855 0.128, 6.3817 -0.7855 0.128, 6.6179 -0.7949 0.1157, 6.3817 -0.7949 0.1157, 6.6179 -0.8071 0.1063, 6.3817 -0.8071 0.1063, 6.6179 -0.8213 0.1004, 6.3817 -0.8213 0.1004, 6.6179 -0.8366 0.0984, 6.3817 -0.8366 0.0984, 6.6179 -1.2598 0.0984, 6.3817 -1.2598 0.0984, 6.3857 -1.2904 0.0984, 6.6139 -1.2904 0.0984, 6.3975 -1.3189 0.0984, 6.4998 -1.378 0.0984, 6.5304 -1.3739 0.0984, 6.5589 -1.3621 0.0984, 6.4163 -1.3434 0.0984, 6.4407 -1.3621 0.0984, 6.6021 -1.3189 0.0984, 6.5833 -1.3434 0.0984, 6.4692 -1.3739 0.0984, 6.3817 -0.8366 0.0, 6.6179 -0.8366 0.0, 6.3817 -1.2598 0.0, 6.6179 -1.2598 0.0, 6.3857 -1.2904 0.0, 6.6139 -1.2904 0.0, 6.3975 -1.3189 0.0, 6.6021 -1.3189 0.0, 6.5833 -1.3434 0.0, 6.4407 -1.3621 0.0, 6.5589 -1.3621 0.0, 6.4163 -1.3434 0.0, 6.5304 -1.3739 0.0, 6.4998 -1.378 0.0, 6.4692 -1.3739 0.0, 6.3817 -0.7959 0.0054, 6.6179 -0.7959 0.0054, 6.3817 -0.7579 0.0211, 6.6179 -0.7579 0.0211, 6.3817 -0.7253 0.0461, 6.6179 -0.7253 0.0461, 6.3817 -0.7002 0.0787, 6.6179 -0.7002 0.0787, 6.3817 -0.6845 0.1167, 6.6179 -0.6845 0.1167, 6.6179 -0.6952 2.2146, 6.3817 -0.6952 2.2146, 6.545 -0.7349 2.3237, 6.5589 -0.7324 2.3169, 6.4546 -0.7349 2.3237, 6.5833 -0.7256 2.2981, 6.6021 -0.7167 2.2736, 6.6139 -0.7063 2.2451, 6.5717 -0.7293 2.3083, 6.3857 -0.7063 2.2451, 6.3975 -0.7167 2.2736, 6.4163 -0.7256 2.2981, 6.4279 -0.7293 2.3083, 6.4407 -0.7324 2.3169, 6.5304 -0.7367 2.3287, 6.4692 -0.7367 2.3287, 6.5152 -0.7378 2.3317, 6.4844 -0.7378 2.3317, 6.4998 -0.7382 2.3327, 6.684 -0.5571 2.315, 6.688 -0.5286 2.326, 6.6894 -0.498 2.3298, 6.649 -0.6161 2.2188, 6.6594 -0.6121 2.2476, 6.688 -0.3836 2.326, 6.649 -0.2961 2.2188, 6.6894 -0.4142 2.3298, 6.5983 -0.2961 2.0795, 6.5983 -0.6161 2.0795, 6.6692 -0.6003 2.2743, 6.6775 -0.5815 2.2973, 6.684 -0.3552 2.315, 6.6775 -0.3307 2.2973, 6.6594 -0.3001 2.2476, 6.6692 -0.3119 2.2743, 6.5902 -0.2961 2.0484, 6.5902 -0.6161 2.0484, 6.5883 -0.2961 2.0164, 6.5883 -0.6161 2.0164, 6.5925 -0.2961 1.9846, 6.5925 -0.6161 1.9846, 6.7835 -0.6161 1.1572, 6.7212 -0.2961 1.4271, 6.7319 -0.2906 1.3808, 6.7419 -0.2743 1.3371, 6.7554 -0.2442 1.2786, 6.7655 -0.228 1.2349, 6.8794 -0.6161 1.1794, 6.6884 -0.2961 2.0068, 6.6884 -0.6161 2.0068, 6.8222 -0.2961 1.4271, 6.8329 -0.2906 1.3808, 6.843 -0.2743 1.3371, 6.8665 -0.228 1.2349, 6.8565 -0.2442 1.2786, 6.6866 -0.6161 2.0198, 6.6866 -0.2961 2.0198, 6.6874 -0.6161 2.033, 6.6874 -0.2961 2.033, 6.6907 -0.6161 2.0458, 6.6907 -0.2961 2.0458, 6.7415 -0.6161 2.1852, 6.7765 -0.5571 2.2813, 6.77 -0.5815 2.2637, 6.7519 -0.3001 2.2139, 6.7617 -0.3119 2.2407, 6.7805 -0.3836 2.2924, 6.77 -0.3307 2.2637, 6.7765 -0.3552 2.2813, 6.7805 -0.5286 2.2924, 6.7415 -0.2961 2.1852, 6.7819 -0.4142 2.2962, 6.7819 -0.498 2.2962, 6.7617 -0.6003 2.2407, 6.7519 -0.6121 2.2139, 6.2161 -0.6161 1.1572, 6.4072 -0.2961 1.9846, 6.4072 -0.6161 1.9846, 6.2784 -0.2961 1.4271, 6.2678 -0.2906 1.3808, 6.2577 -0.2743 1.3371, 6.2341 -0.228 1.2349, 6.2442 -0.2442 1.2786, 6.4113 -0.2961 2.0164, 6.4113 -0.6161 2.0164, 6.4094 -0.2961 2.0484, 6.4094 -0.6161 2.0484, 6.4014 -0.2961 2.0795, 6.4014 -0.6161 2.0795, 6.3506 -0.6161 2.2188, 6.3102 -0.498 2.3298, 6.3156 -0.5571 2.315, 6.3221 -0.5815 2.2973, 6.3304 -0.6003 2.2743, 6.3506 -0.2961 2.2188, 6.3402 -0.3001 2.2476, 6.3116 -0.5286 2.326, 6.3402 -0.6121 2.2476, 6.3304 -0.3119 2.2743, 6.3221 -0.3307 2.2973, 6.3156 -0.3552 2.315, 6.3116 -0.3836 2.326, 6.3102 -0.4142 2.3298, 6.2177 -0.4142 2.2962, 6.2177 -0.498 2.2962, 6.3089 -0.2961 2.0458, 6.3089 -0.6161 2.0458, 6.2581 -0.2961 2.1852, 6.2581 -0.6161 2.1852, 6.2232 -0.3552 2.2813, 6.2191 -0.3836 2.2924, 6.2191 -0.5286 2.2924, 6.2477 -0.6121 2.2139, 6.2232 -0.5571 2.2813, 6.2379 -0.6003 2.2407, 6.2296 -0.5815 2.2637, 6.2296 -0.3307 2.2637, 6.2379 -0.3119 2.2407, 6.2477 -0.3001 2.2139, 6.3122 -0.6161 2.033, 6.3122 -0.2961 2.033, 6.313 -0.6161 2.0198, 6.313 -0.2961 2.0198, 6.3112 -0.6161 2.0068, 6.3112 -0.2961 2.0068, 6.1202 -0.6161 1.1794, 6.1774 -0.2961 1.4271, 6.1667 -0.2906 1.3808, 6.1566 -0.2743 1.3371, 6.1432 -0.2442 1.2786, 6.1331 -0.228 1.2349, 6.8837 -0.6599 0.9469, 5.2222 -0.6752 0.9449, 5.117 -0.6752 0.9449, 5.12 -0.69 0.9449, 5.2636 -0.7776 0.9449, 5.2636 -0.6791 0.9449, 5.2341 -0.7776 0.9449, 5.2341 -0.6791 0.9449, 5.2035 -0.7735 0.9449, 5.229 -0.6785 0.9449, 5.175 -0.7617 0.9449, 5.2242 -0.6765 0.9449, 5.1505 -0.743 0.9449, 5.1318 -0.7185 0.9449, 5.8796 -0.69 0.9449, 5.8826 -0.6752 0.9449, 5.7774 -0.6752 0.9449, 5.736 -0.6791 0.9449, 5.736 -0.7776 0.9449, 5.7656 -0.6791 0.9449, 5.7656 -0.7776 0.9449, 5.7699 -0.6786 0.9449, 5.7961 -0.7735 0.9449, 5.7741 -0.6772 0.9449, 5.8246 -0.7617 0.9449, 5.8491 -0.743 0.9449, 5.8678 -0.7185 0.9449, 5.2636 -0.6791 0.3543, 5.2636 -0.7776 0.3543, 5.2341 -0.6791 0.3543, 5.2341 -0.7776 0.3543, 5.229 -0.6785 0.3543, 5.2035 -0.7735 0.3543, 5.2242 -0.6765 0.3543, 5.175 -0.7617 0.3543, 5.2201 -0.6734 0.3543, 5.1505 -0.743 0.3543, 5.217 -0.6693 0.3543, 5.1318 -0.7185 0.3543, 5.215 -0.6645 0.3543, 5.12 -0.69 0.3543, 5.2144 -0.6594 0.3543, 5.1159 -0.6594 0.3543, 5.2144 -0.3406 0.3543, 5.1159 -0.3406 0.3543, 5.1159 -0.6161 1.1417, 5.1159 -0.2224 1.1417, 5.1159 -0.6161 1.0039, 5.1159 -0.6182 0.9887, 5.1159 -0.6241 0.9744, 5.1159 -0.2224 0.4724, 5.1159 -0.6334 0.9622, 5.1159 -0.6594 0.947, 5.1159 -0.6457 0.9528, 5.1159 -0.31 0.3584, 5.1159 -0.2265 0.4419, 5.1159 -0.2383 0.4134, 5.1159 -0.257 0.3889, 5.1159 -0.2815 0.3702, 5.1162 -0.6675 0.9454, 5.116 -0.6599 0.9469, 5.2942 -0.7776 0.3503, 5.3226 -0.7776 0.3385, 5.6219 -0.7776 0.2668, 5.3471 -0.7776 0.3197, 5.3659 -0.7776 0.2953, 5.3659 -0.7776 1.0039, 5.7055 -0.7776 0.9489, 5.3777 -0.7776 1.0324, 5.677 -0.7776 0.9607, 5.6525 -0.7776 0.9795, 5.6337 -0.7776 1.0039, 5.6219 -0.7776 1.0324, 5.6179 -0.7776 1.063, 5.7656 -0.7776 0.3543, 5.3471 -0.7776 0.9795, 5.736 -0.7776 0.3543, 5.7055 -0.7776 0.3503, 5.3817 -0.7776 0.2362, 5.3817 -0.7776 0.1575, 5.6179 -0.7776 0.1575, 5.677 -0.7776 0.3385, 5.3226 -0.7776 0.9607, 5.6525 -0.7776 0.3197, 5.2942 -0.7776 0.9489, 5.6337 -0.7776 0.2953, 5.3777 -0.7776 0.2668, 5.6179 -0.7776 0.2362, 5.3975 -0.7776 2.2736, 5.3857 -0.7776 2.2451, 5.6179 -0.7776 2.2146, 5.3817 -0.7776 2.2146, 5.3817 -0.7776 1.063, 5.6139 -0.7776 2.2451, 5.6021 -0.7776 2.2736, 5.5833 -0.7776 2.2981, 5.5589 -0.7776 2.3169, 5.5304 -0.7776 2.3287, 5.4998 -0.7776 2.3327, 5.4692 -0.7776 2.3287, 5.4407 -0.7776 2.3169, 5.4163 -0.7776 2.2981, 5.8796 -0.69 0.3543, 5.8678 -0.7185 0.3543, 5.8491 -0.743 0.3543, 5.8246 -0.7617 0.3543, 5.7961 -0.7735 0.3543, 5.8837 -0.6594 0.3543, 5.8837 -0.6594 0.947, 5.8837 -0.6599 0.9469, 5.8834 -0.6675 0.9454, 5.8837 -0.6161 1.1417, 5.8837 -0.6161 1.0039, 5.8837 -0.2224 1.1417, 5.8837 -0.6182 0.9887, 5.8837 -0.2224 0.4724, 5.8837 -0.3406 0.3543, 5.8837 -0.257 0.3889, 5.8837 -0.2383 0.4134, 5.8837 -0.6334 0.9622, 5.8837 -0.6457 0.9528, 5.8837 -0.31 0.3584, 5.8837 -0.2815 0.3702, 5.8837 -0.6241 0.9744, 5.8837 -0.2265 0.4419, 5.7762 -0.2224 1.1886, 5.8772 -0.2224 1.1886, 5.7835 -0.2224 1.1572, 5.8794 -0.2224 1.1794, 5.7852 -0.2224 1.1417, 5.7852 -0.2224 0.4724, 5.7852 -0.6161 1.0039, 5.7852 -0.6161 1.1417, 5.7852 -0.6334 0.9622, 5.7852 -0.6241 0.9744, 5.7852 -0.6182 0.9887, 5.7852 -0.6594 0.3543, 5.7852 -0.6594 0.947, 5.7852 -0.3406 0.3543, 5.7852 -0.6457 0.9528, 5.7852 -0.2383 0.4134, 5.7852 -0.257 0.3889, 5.7852 -0.2265 0.4419, 5.7852 -0.2815 0.3702, 5.7852 -0.31 0.3584, 5.7852 -0.6599 0.9469, 5.7847 -0.6638 0.3543, 5.7847 -0.6638 0.946, 5.7833 -0.668 0.3543, 5.7833 -0.668 0.9453, 5.7809 -0.6717 0.3543, 5.7809 -0.6717 0.945, 5.7778 -0.6748 0.3543, 5.7778 -0.6748 0.9449, 5.7656 -0.6791 0.3543, 5.7699 -0.6786 0.3543, 5.7741 -0.6772 0.3543, 5.3471 -0.6791 0.3197, 5.6337 -0.6791 1.0039, 5.6525 -0.6791 0.9795, 5.3777 -0.6791 1.0324, 5.7055 -0.6791 0.3503, 5.3777 -0.6791 0.2668, 5.3659 -0.6791 0.2953, 5.677 -0.6791 0.9607, 5.7055 -0.6791 0.9489, 5.3659 -0.6791 1.0039, 5.3471 -0.6791 0.9795, 5.3817 -0.6791 2.1704, 5.6179 -0.6791 2.1704, 5.3817 -0.6791 1.063, 5.6179 -0.6791 1.063, 5.6219 -0.6791 1.0324, 5.677 -0.6791 0.3385, 5.6525 -0.6791 0.3197, 5.6337 -0.6791 0.2953, 5.3226 -0.6791 0.3385, 5.2942 -0.6791 0.3503, 5.3226 -0.6791 0.9607, 5.6179 -0.6791 0.2362, 5.6179 -0.6791 0.1575, 5.3817 -0.6791 0.1575, 5.6219 -0.6791 0.2668, 5.3817 -0.6791 0.2362, 5.736 -0.6791 0.3543, 5.2942 -0.6791 0.9489, 5.217 -0.6693 0.9452, 5.2184 -0.6714 0.945, 5.2201 -0.6734 0.9449, 5.2144 -0.6594 0.947, 5.2144 -0.6599 0.9469, 5.215 -0.6645 0.9459, 5.2159 -0.667 0.9455, 5.2144 -0.6161 1.1417, 5.2144 -0.6161 1.0039, 5.2144 -0.2224 1.1417, 5.2144 -0.6182 0.9887, 5.2144 -0.2224 0.4724, 5.2144 -0.6241 0.9744, 5.2144 -0.6334 0.9622, 5.2144 -0.2265 0.4419, 5.2144 -0.6457 0.9528, 5.2144 -0.31 0.3584, 5.2144 -0.2815 0.3702, 5.2144 -0.257 0.3889, 5.2144 -0.2383 0.4134, 5.2161 -0.2224 1.1572, 5.1202 -0.2224 1.1794, 5.2234 -0.2224 1.1886, 5.1224 -0.2224 1.1886, 5.6179 -0.7796 0.1422, 5.3817 -0.7796 0.1422, 5.6179 -0.7855 0.128, 5.3817 -0.7855 0.128, 5.6179 -0.7949 0.1157, 5.3817 -0.7949 0.1157, 5.6179 -0.8071 0.1063, 5.3817 -0.8071 0.1063, 5.6179 -0.8213 0.1004, 5.3817 -0.8213 0.1004, 5.6179 -0.8366 0.0984, 5.3817 -0.8366 0.0984, 5.6179 -1.2598 0.0984, 5.3817 -1.2598 0.0984, 5.5833 -1.3434 0.0984, 5.6021 -1.3189 0.0984, 5.3975 -1.3189 0.0984, 5.3857 -1.2904 0.0984, 5.6139 -1.2904 0.0984, 5.4998 -1.378 0.0984, 5.5304 -1.3739 0.0984, 5.4692 -1.3739 0.0984, 5.5589 -1.3621 0.0984, 5.4407 -1.3621 0.0984, 5.4163 -1.3434 0.0984, 5.3817 -0.8366 0.0, 5.6179 -0.8366 0.0, 5.3817 -1.2598 0.0, 5.6179 -1.2598 0.0, 5.3857 -1.2904 0.0, 5.3975 -1.3189 0.0, 5.6139 -1.2904 0.0, 5.6021 -1.3189 0.0, 5.4407 -1.3621 0.0, 5.5589 -1.3621 0.0, 5.4692 -1.3739 0.0, 5.5304 -1.3739 0.0, 5.4998 -1.378 0.0, 5.5833 -1.3434 0.0, 5.4163 -1.3434 0.0, 5.3817 -0.7959 0.0054, 5.6179 -0.7959 0.0054, 5.3817 -0.7579 0.0211, 5.6179 -0.7579 0.0211, 5.3817 -0.7253 0.0461, 5.6179 -0.7253 0.0461, 5.3817 -0.7002 0.0787, 5.6179 -0.7002 0.0787, 5.3817 -0.6845 0.1167, 5.6179 -0.6845 0.1167, 5.6179 -0.6952 2.2146, 5.3817 -0.6952 2.2146, 5.3975 -0.7167 2.2736, 5.4163 -0.7256 2.2981, 5.5717 -0.7293 2.3083, 5.5833 -0.7256 2.2981, 5.6021 -0.7167 2.2736, 5.6139 -0.7063 2.2451, 5.3857 -0.7063 2.2451, 5.4279 -0.7293 2.3083, 5.4407 -0.7324 2.3169, 5.5589 -0.7324 2.3169, 5.4546 -0.7349 2.3237, 5.545 -0.7349 2.3237, 5.5304 -0.7367 2.3287, 5.4692 -0.7367 2.3287, 5.4844 -0.7378 2.3317, 5.5152 -0.7378 2.3317, 5.4998 -0.7382 2.3327, 5.5983 -0.2961 2.0795, 5.5983 -0.6161 2.0795, 5.649 -0.2961 2.2188, 5.649 -0.6161 2.2188, 5.688 -0.5286 2.326, 5.6894 -0.498 2.3298, 5.688 -0.3836 2.326, 5.684 -0.3552 2.315, 5.6692 -0.6003 2.2743, 5.6775 -0.5815 2.2973, 5.684 -0.5571 2.315, 5.6894 -0.4142 2.3298, 5.6775 -0.3307 2.2973, 5.6692 -0.3119 2.2743, 5.6594 -0.3001 2.2476, 5.6594 -0.6121 2.2476, 5.5902 -0.2961 2.0484, 5.5902 -0.6161 2.0484, 5.5883 -0.2961 2.0164, 5.5883 -0.6161 2.0164, 5.5925 -0.2961 1.9846, 5.5925 -0.6161 1.9846, 5.7835 -0.6161 1.1572, 5.7212 -0.2961 1.4271, 5.7319 -0.2906 1.3808, 5.742 -0.2743 1.3371, 5.7554 -0.2442 1.2786, 5.7655 -0.228 1.2349, 5.8794 -0.6161 1.1794, 5.6884 -0.2961 2.0068, 5.6884 -0.6161 2.0068, 5.8222 -0.2961 1.4271, 5.8329 -0.2906 1.3808, 5.843 -0.2743 1.3371, 5.8665 -0.228 1.2349, 5.8565 -0.2442 1.2786, 5.6866 -0.6161 2.0198, 5.6866 -0.2961 2.0198, 5.6874 -0.6161 2.033, 5.6874 -0.2961 2.033, 5.6907 -0.6161 2.0458, 5.6907 -0.2961 2.0458, 5.7765 -0.3552 2.2813, 5.7519 -0.3001 2.2139, 5.77 -0.3307 2.2637, 5.7617 -0.3119 2.2407, 5.7805 -0.3836 2.2924, 5.7819 -0.4142 2.2962, 5.7415 -0.2961 2.1852, 5.7819 -0.498 2.2962, 5.7805 -0.5286 2.2924, 5.7765 -0.5571 2.2813, 5.77 -0.5815 2.2637, 5.7617 -0.6003 2.2407, 5.7519 -0.6121 2.2139, 5.7415 -0.6161 2.1852, 5.2161 -0.6161 1.1572, 5.4072 -0.2961 1.9846, 5.4072 -0.6161 1.9846, 5.2784 -0.2961 1.4271, 5.2678 -0.2906 1.3808, 5.2577 -0.2743 1.3371, 5.2341 -0.228 1.2349, 5.2442 -0.2442 1.2786, 5.4113 -0.2961 2.0164, 5.4113 -0.6161 2.0164, 5.4094 -0.2961 2.0484, 5.4094 -0.6161 2.0484, 5.4014 -0.2961 2.0795, 5.4014 -0.6161 2.0795, 5.3102 -0.4142 2.3298, 5.3102 -0.498 2.3298, 5.3506 -0.6161 2.2188, 5.3116 -0.5286 2.326, 5.3506 -0.2961 2.2188, 5.3402 -0.3001 2.2476, 5.3304 -0.6003 2.2743, 5.3402 -0.6121 2.2476, 5.3221 -0.5815 2.2973, 5.3156 -0.5571 2.315, 5.3304 -0.3119 2.2743, 5.3221 -0.3307 2.2973, 5.3116 -0.3836 2.326, 5.3156 -0.3552 2.315, 5.2177 -0.4142 2.2962, 5.2177 -0.498 2.2962, 5.3089 -0.2961 2.0458, 5.3089 -0.6161 2.0458, 5.2581 -0.2961 2.1852, 5.2581 -0.6161 2.1852, 5.2232 -0.5571 2.2813, 5.2296 -0.5815 2.2637, 5.2477 -0.6121 2.2139, 5.2379 -0.6003 2.2407, 5.2191 -0.5286 2.2924, 5.2477 -0.3001 2.2139, 5.2379 -0.3119 2.2407, 5.2296 -0.3307 2.2637, 5.2191 -0.3836 2.2924, 5.2232 -0.3552 2.2813, 5.3122 -0.6161 2.033, 5.3122 -0.2961 2.033, 5.313 -0.6161 2.0198, 5.313 -0.2961 2.0198, 5.3113 -0.6161 2.0068, 5.3113 -0.2961 2.0068, 5.1202 -0.6161 1.1794, 5.1774 -0.2961 1.4271, 5.1667 -0.2906 1.3808, 5.1566 -0.2743 1.3371, 5.1432 -0.2442 1.2786, 5.1331 -0.228 1.2349, 5.8837 -0.6599 0.9469, 4.2222 -0.6752 0.9449, 4.117 -0.6752 0.9449, 4.12 -0.69 0.9449, 4.2636 -0.7776 0.9449, 4.2636 -0.6791 0.9449, 4.2341 -0.7776 0.9449, 4.2341 -0.6791 0.9449, 4.2035 -0.7735 0.9449, 4.229 -0.6785 0.9449, 4.175 -0.7617 0.9449, 4.2242 -0.6765 0.9449, 4.1505 -0.743 0.9449, 4.1318 -0.7185 0.9449, 4.8796 -0.69 0.9449, 4.8826 -0.6752 0.9449, 4.7774 -0.6752 0.9449, 4.8678 -0.7185 0.9449, 4.736 -0.6791 0.9449, 4.736 -0.7776 0.9449, 4.7656 -0.6791 0.9449, 4.7656 -0.7776 0.9449, 4.7699 -0.6786 0.9449, 4.7961 -0.7735 0.9449, 4.7741 -0.6772 0.9449, 4.8246 -0.7617 0.9449, 4.8491 -0.743 0.9449, 4.2636 -0.6791 0.3543, 4.2636 -0.7776 0.3543, 4.2341 -0.6791 0.3543, 4.2341 -0.7776 0.3543, 4.229 -0.6785 0.3543, 4.2035 -0.7735 0.3543, 4.2242 -0.6765 0.3543, 4.175 -0.7617 0.3543, 4.2201 -0.6734 0.3543, 4.1505 -0.743 0.3543, 4.217 -0.6693 0.3543, 4.1318 -0.7185 0.3543, 4.215 -0.6645 0.3543, 4.12 -0.69 0.3543, 4.2144 -0.6594 0.3543, 4.1159 -0.6594 0.3543, 4.2144 -0.3406 0.3543, 4.1159 -0.3406 0.3543, 4.1159 -0.6161 1.1417, 4.1159 -0.2224 1.1417, 4.1159 -0.6161 1.0039, 4.1159 -0.6182 0.9887, 4.1159 -0.6241 0.9744, 4.1159 -0.2224 0.4724, 4.1159 -0.6334 0.9622, 4.1159 -0.6594 0.947, 4.1159 -0.6457 0.9528, 4.1159 -0.31 0.3584, 4.1159 -0.2265 0.4419, 4.1159 -0.2383 0.4134, 4.1159 -0.257 0.3889, 4.1159 -0.2815 0.3702, 4.1162 -0.6675 0.9454, 4.116 -0.6599 0.9469, 4.2942 -0.7776 0.3503, 4.3226 -0.7776 0.3385, 4.6219 -0.7776 0.2668, 4.3471 -0.7776 0.3197, 4.3659 -0.7776 0.2953, 4.3777 -0.7776 1.0324, 4.6525 -0.7776 0.9795, 4.6337 -0.7776 1.0039, 4.3659 -0.7776 1.0039, 4.7055 -0.7776 0.9489, 4.677 -0.7776 0.9607, 4.6219 -0.7776 1.0324, 4.6179 -0.7776 1.063, 4.3817 -0.7776 1.063, 4.7656 -0.7776 0.3543, 4.3471 -0.7776 0.9795, 4.736 -0.7776 0.3543, 4.7055 -0.7776 0.3503, 4.3817 -0.7776 0.2362, 4.3817 -0.7776 0.1575, 4.6179 -0.7776 0.1575, 4.3857 -0.7776 2.2451, 4.3817 -0.7776 2.2146, 4.6021 -0.7776 2.2736, 4.677 -0.7776 0.3385, 4.3226 -0.7776 0.9607, 4.6525 -0.7776 0.3197, 4.2942 -0.7776 0.9489, 4.6337 -0.7776 0.2953, 4.3777 -0.7776 0.2668, 4.6179 -0.7776 0.2362, 4.6139 -0.7776 2.2451, 4.6179 -0.7776 2.2146, 4.5589 -0.7776 2.3169, 4.5304 -0.7776 2.3287, 4.3975 -0.7776 2.2736, 4.5833 -0.7776 2.2981, 4.4998 -0.7776 2.3327, 4.4692 -0.7776 2.3287, 4.4407 -0.7776 2.3169, 4.4163 -0.7776 2.2981, 4.8796 -0.69 0.3543, 4.8678 -0.7185 0.3543, 4.8491 -0.743 0.3543, 4.8246 -0.7617 0.3543, 4.7961 -0.7735 0.3543, 4.8837 -0.6594 0.3543, 4.8837 -0.6594 0.947, 4.8837 -0.6599 0.9469, 4.8834 -0.6675 0.9454, 4.8837 -0.6161 1.1417, 4.8837 -0.6161 1.0039, 4.8837 -0.2224 1.1417, 4.8837 -0.6182 0.9887, 4.8837 -0.2224 0.4724, 4.8837 -0.3406 0.3543, 4.8837 -0.257 0.3889, 4.8837 -0.2383 0.4134, 4.8837 -0.6334 0.9622, 4.8837 -0.6457 0.9528, 4.8837 -0.31 0.3584, 4.8837 -0.2815 0.3702, 4.8837 -0.6241 0.9744, 4.8837 -0.2265 0.4419, 4.7762 -0.2224 1.1886, 4.8772 -0.2224 1.1886, 4.7835 -0.2224 1.1572, 4.8794 -0.2224 1.1794, 4.7852 -0.2224 1.1417, 4.7852 -0.2224 0.4724, 4.7852 -0.6161 1.0039, 4.7852 -0.6161 1.1417, 4.7852 -0.6334 0.9622, 4.7852 -0.6241 0.9744, 4.7852 -0.6182 0.9887, 4.7852 -0.6594 0.3543, 4.7852 -0.6594 0.947, 4.7852 -0.3406 0.3543, 4.7852 -0.6457 0.9528, 4.7852 -0.2383 0.4134, 4.7852 -0.257 0.3889, 4.7852 -0.2265 0.4419, 4.7852 -0.2815 0.3702, 4.7852 -0.31 0.3584, 4.7852 -0.6599 0.9469, 4.7847 -0.6638 0.3543, 4.7847 -0.6638 0.946, 4.7833 -0.668 0.3543, 4.7833 -0.668 0.9453, 4.7809 -0.6717 0.3543, 4.7809 -0.6717 0.945, 4.7778 -0.6748 0.3543, 4.7778 -0.6748 0.9449, 4.7656 -0.6791 0.3543, 4.7699 -0.6786 0.3543, 4.7741 -0.6772 0.3543, 4.3471 -0.6791 0.3197, 4.6337 -0.6791 1.0039, 4.6525 -0.6791 0.9795, 4.3777 -0.6791 1.0324, 4.7055 -0.6791 0.3503, 4.3777 -0.6791 0.2668, 4.3659 -0.6791 0.2953, 4.677 -0.6791 0.9607, 4.7055 -0.6791 0.9489, 4.3659 -0.6791 1.0039, 4.3471 -0.6791 0.9795, 4.3817 -0.6791 2.1704, 4.6179 -0.6791 2.1704, 4.3817 -0.6791 1.063, 4.6179 -0.6791 1.063, 4.6219 -0.6791 1.0324, 4.677 -0.6791 0.3385, 4.6525 -0.6791 0.3197, 4.6337 -0.6791 0.2953, 4.3226 -0.6791 0.3385, 4.2942 -0.6791 0.3503, 4.3226 -0.6791 0.9607, 4.6179 -0.6791 0.2362, 4.6179 -0.6791 0.1575, 4.3817 -0.6791 0.1575, 4.6219 -0.6791 0.2668, 4.3817 -0.6791 0.2362, 4.736 -0.6791 0.3543, 4.2942 -0.6791 0.9489, 4.217 -0.6693 0.9452, 4.2184 -0.6714 0.945, 4.2201 -0.6734 0.9449, 4.2144 -0.6594 0.947, 4.2144 -0.6599 0.9469, 4.215 -0.6645 0.9459, 4.2159 -0.667 0.9455, 4.2144 -0.6161 1.1417, 4.2144 -0.6161 1.0039, 4.2144 -0.2224 1.1417, 4.2144 -0.6182 0.9887, 4.2144 -0.2224 0.4724, 4.2144 -0.6241 0.9744, 4.2144 -0.6334 0.9622, 4.2144 -0.2265 0.4419, 4.2144 -0.6457 0.9528, 4.2144 -0.31 0.3584, 4.2144 -0.2815 0.3702, 4.2144 -0.257 0.3889, 4.2144 -0.2383 0.4134, 4.2161 -0.2224 1.1572, 4.1202 -0.2224 1.1794, 4.2234 -0.2224 1.1886, 4.1224 -0.2224 1.1886, 4.6179 -0.7796 0.1422, 4.3817 -0.7796 0.1422, 4.6179 -0.7855 0.128, 4.3817 -0.7855 0.128, 4.6179 -0.7949 0.1157, 4.3817 -0.7949 0.1157, 4.6179 -0.8071 0.1063, 4.3817 -0.8071 0.1063, 4.6179 -0.8213 0.1004, 4.3817 -0.8213 0.1004, 4.6179 -0.8366 0.0984, 4.3817 -0.8366 0.0984, 4.6179 -1.2598 0.0984, 4.3817 -1.2598 0.0984, 4.6139 -1.2904 0.0984, 4.6021 -1.3189 0.0984, 4.5589 -1.3621 0.0984, 4.3975 -1.3189 0.0984, 4.4163 -1.3434 0.0984, 4.3857 -1.2904 0.0984, 4.5833 -1.3434 0.0984, 4.4407 -1.3621 0.0984, 4.4692 -1.3739 0.0984, 4.5304 -1.3739 0.0984, 4.4998 -1.378 0.0984, 4.3817 -0.8366 0.0, 4.6179 -0.8366 0.0, 4.3817 -1.2598 0.0, 4.6179 -1.2598 0.0, 4.6139 -1.2904 0.0, 4.6021 -1.3189 0.0, 4.3857 -1.2904 0.0, 4.4163 -1.3434 0.0, 4.3975 -1.3189 0.0, 4.5589 -1.3621 0.0, 4.5833 -1.3434 0.0, 4.5304 -1.3739 0.0, 4.4998 -1.378 0.0, 4.4692 -1.3739 0.0, 4.4407 -1.3621 0.0, 4.3817 -0.7959 0.0054, 4.6179 -0.7959 0.0054, 4.3817 -0.7579 0.0211, 4.6179 -0.7579 0.0211, 4.3817 -0.7253 0.0461, 4.6179 -0.7253 0.0461, 4.3817 -0.7002 0.0787, 4.6179 -0.7002 0.0787, 4.3817 -0.6845 0.1167, 4.6179 -0.6845 0.1167, 4.6179 -0.6952 2.2146, 4.3817 -0.6952 2.2146, 4.3857 -0.7063 2.2451, 4.5589 -0.7324 2.3169, 4.5717 -0.7293 2.3083, 4.4279 -0.7293 2.3083, 4.5833 -0.7256 2.2981, 4.3975 -0.7167 2.2736, 4.4163 -0.7256 2.2981, 4.6021 -0.7167 2.2736, 4.6139 -0.7063 2.2451, 4.4407 -0.7324 2.3169, 4.4546 -0.7349 2.3237, 4.545 -0.7349 2.3237, 4.5304 -0.7367 2.3287, 4.4692 -0.7367 2.3287, 4.4844 -0.7378 2.3317, 4.5152 -0.7378 2.3317, 4.4998 -0.7382 2.3327, 4.5983 -0.2961 2.0795, 4.5983 -0.6161 2.0795, 4.649 -0.2961 2.2188, 4.649 -0.6161 2.2188, 4.688 -0.5286 2.326, 4.6894 -0.498 2.3298, 4.6692 -0.6003 2.2743, 4.6775 -0.5815 2.2973, 4.684 -0.5571 2.315, 4.6894 -0.4142 2.3298, 4.688 -0.3836 2.326, 4.6594 -0.6121 2.2476, 4.684 -0.3552 2.315, 4.6775 -0.3307 2.2973, 4.6594 -0.3001 2.2476, 4.6692 -0.3119 2.2743, 4.5902 -0.2961 2.0484, 4.5902 -0.6161 2.0484, 4.5883 -0.2961 2.0164, 4.5883 -0.6161 2.0164, 4.5925 -0.2961 1.9846, 4.5925 -0.6161 1.9846, 4.7835 -0.6161 1.1572, 4.7212 -0.2961 1.4271, 4.7319 -0.2906 1.3808, 4.7419 -0.2743 1.3371, 4.7554 -0.2442 1.2786, 4.7655 -0.228 1.2349, 4.8794 -0.6161 1.1794, 4.6884 -0.2961 2.0068, 4.6884 -0.6161 2.0068, 4.8222 -0.2961 1.4271, 4.8329 -0.2906 1.3808, 4.843 -0.2743 1.3371, 4.8665 -0.228 1.2349, 4.8565 -0.2442 1.2786, 4.6866 -0.6161 2.0198, 4.6866 -0.2961 2.0198, 4.6874 -0.6161 2.033, 4.6874 -0.2961 2.033, 4.6907 -0.6161 2.0458, 4.6907 -0.2961 2.0458, 4.7765 -0.3552 2.2813, 4.7519 -0.3001 2.2139, 4.77 -0.3307 2.2637, 4.7617 -0.3119 2.2407, 4.7805 -0.3836 2.2924, 4.7819 -0.4142 2.2962, 4.7415 -0.2961 2.1852, 4.7819 -0.498 2.2962, 4.7805 -0.5286 2.2924, 4.7765 -0.5571 2.2813, 4.77 -0.5815 2.2637, 4.7617 -0.6003 2.2407, 4.7519 -0.6121 2.2139, 4.7415 -0.6161 2.1852, 4.2161 -0.6161 1.1572, 4.4072 -0.2961 1.9846, 4.4072 -0.6161 1.9846, 4.2784 -0.2961 1.4271, 4.2678 -0.2906 1.3808, 4.2577 -0.2743 1.3371, 4.2341 -0.228 1.2349, 4.2442 -0.2442 1.2786, 4.4113 -0.2961 2.0164, 4.4113 -0.6161 2.0164, 4.4094 -0.2961 2.0484, 4.4094 -0.6161 2.0484, 4.4013 -0.2961 2.0795, 4.4013 -0.6161 2.0795, 4.3102 -0.4142 2.3298, 4.3102 -0.498 2.3298, 4.3506 -0.6161 2.2188, 4.3116 -0.5286 2.326, 4.3506 -0.2961 2.2188, 4.3402 -0.3001 2.2476, 4.3304 -0.6003 2.2743, 4.3402 -0.6121 2.2476, 4.3221 -0.5815 2.2973, 4.3156 -0.5571 2.315, 4.3304 -0.3119 2.2743, 4.3221 -0.3307 2.2973, 4.3116 -0.3836 2.326, 4.3156 -0.3552 2.315, 4.2177 -0.4142 2.2962, 4.2177 -0.498 2.2962, 4.3089 -0.2961 2.0458, 4.3089 -0.6161 2.0458, 4.2581 -0.2961 2.1852, 4.2581 -0.6161 2.1852, 4.2232 -0.5571 2.2813, 4.2296 -0.5815 2.2637, 4.2477 -0.6121 2.2139, 4.2379 -0.6003 2.2407, 4.2191 -0.5286 2.2924, 4.2477 -0.3001 2.2139, 4.2379 -0.3119 2.2407, 4.2296 -0.3307 2.2637, 4.2191 -0.3836 2.2924, 4.2232 -0.3552 2.2813, 4.3122 -0.6161 2.033, 4.3122 -0.2961 2.033, 4.313 -0.6161 2.0198, 4.313 -0.2961 2.0198, 4.3112 -0.6161 2.0068, 4.3112 -0.2961 2.0068, 4.1202 -0.6161 1.1794, 4.1774 -0.2961 1.4271, 4.1667 -0.2906 1.3808, 4.1566 -0.2743 1.3371, 4.1432 -0.2442 1.2786, 4.1331 -0.228 1.2349, 4.8837 -0.6599 0.9469, 3.2222 -0.6752 0.9449, 3.117 -0.6752 0.9449, 3.12 -0.69 0.9449, 3.2636 -0.7776 0.9449, 3.2636 -0.6791 0.9449, 3.2341 -0.7776 0.9449, 3.2341 -0.6791 0.9449, 3.2035 -0.7735 0.9449, 3.229 -0.6785 0.9449, 3.175 -0.7617 0.9449, 3.2242 -0.6765 0.9449, 3.1505 -0.743 0.9449, 3.1318 -0.7185 0.9449, 3.8796 -0.69 0.9449, 3.8826 -0.6752 0.9449, 3.7774 -0.6752 0.9449, 3.8678 -0.7185 0.9449, 3.736 -0.6791 0.9449, 3.736 -0.7776 0.9449, 3.7656 -0.6791 0.9449, 3.7656 -0.7776 0.9449, 3.7699 -0.6786 0.9449, 3.7961 -0.7735 0.9449, 3.7741 -0.6772 0.9449, 3.8246 -0.7617 0.9449, 3.8491 -0.743 0.9449, 3.2636 -0.6791 0.3543, 3.2636 -0.7776 0.3543, 3.2341 -0.6791 0.3543, 3.2341 -0.7776 0.3543, 3.229 -0.6785 0.3543, 3.2035 -0.7735 0.3543, 3.2242 -0.6765 0.3543, 3.175 -0.7617 0.3543, 3.2201 -0.6734 0.3543, 3.1505 -0.743 0.3543, 3.217 -0.6693 0.3543, 3.1318 -0.7185 0.3543, 3.215 -0.6645 0.3543, 3.12 -0.69 0.3543, 3.2144 -0.6594 0.3543, 3.1159 -0.6594 0.3543, 3.2144 -0.3406 0.3543, 3.1159 -0.3406 0.3543, 3.1159 -0.6161 1.1417, 3.1159 -0.2224 1.1417, 3.1159 -0.6161 1.0039, 3.1159 -0.6182 0.9887, 3.1159 -0.6241 0.9744, 3.1159 -0.2224 0.4724, 3.1159 -0.6334 0.9622, 3.1159 -0.6594 0.947, 3.1159 -0.6457 0.9528, 3.1159 -0.31 0.3584, 3.1159 -0.2265 0.4419, 3.1159 -0.2383 0.4134, 3.1159 -0.257 0.3889, 3.1159 -0.2815 0.3702, 3.1162 -0.6675 0.9454, 3.116 -0.6599 0.9469, 3.2942 -0.7776 0.3503, 3.3226 -0.7776 0.3385, 3.6219 -0.7776 0.2668, 3.3471 -0.7776 0.3197, 3.3659 -0.7776 0.2953, 3.3777 -0.7776 1.0324, 3.6525 -0.7776 0.9795, 3.6337 -0.7776 1.0039, 3.3659 -0.7776 1.0039, 3.7055 -0.7776 0.9489, 3.677 -0.7776 0.9607, 3.6219 -0.7776 1.0324, 3.6179 -0.7776 1.063, 3.3817 -0.7776 1.063, 3.7656 -0.7776 0.3543, 3.3471 -0.7776 0.9795, 3.736 -0.7776 0.3543, 3.7055 -0.7776 0.3503, 3.3817 -0.7776 0.2362, 3.3817 -0.7776 0.1575, 3.6179 -0.7776 0.1575, 3.3857 -0.7776 2.2451, 3.3817 -0.7776 2.2146, 3.6021 -0.7776 2.2736, 3.677 -0.7776 0.3385, 3.3226 -0.7776 0.9607, 3.6525 -0.7776 0.3197, 3.2942 -0.7776 0.9489, 3.6337 -0.7776 0.2953, 3.3777 -0.7776 0.2668, 3.6179 -0.7776 0.2362, 3.6139 -0.7776 2.2451, 3.6179 -0.7776 2.2146, 3.5589 -0.7776 2.3169, 3.5304 -0.7776 2.3287, 3.3975 -0.7776 2.2736, 3.5833 -0.7776 2.2981, 3.4998 -0.7776 2.3327, 3.4692 -0.7776 2.3287, 3.4407 -0.7776 2.3169, 3.4163 -0.7776 2.2981, 3.8796 -0.69 0.3543, 3.8678 -0.7185 0.3543, 3.8491 -0.743 0.3543, 3.8246 -0.7617 0.3543, 3.7961 -0.7735 0.3543, 3.8837 -0.6594 0.3543, 3.8837 -0.6594 0.947, 3.8837 -0.6599 0.9469, 3.8834 -0.6675 0.9454, 3.8837 -0.6161 1.1417, 3.8837 -0.6161 1.0039, 3.8837 -0.2224 1.1417, 3.8837 -0.6182 0.9887, 3.8837 -0.2224 0.4724, 3.8837 -0.3406 0.3543, 3.8837 -0.257 0.3889, 3.8837 -0.2383 0.4134, 3.8837 -0.6334 0.9622, 3.8837 -0.6457 0.9528, 3.8837 -0.31 0.3584, 3.8837 -0.2815 0.3702, 3.8837 -0.6241 0.9744, 3.8837 -0.2265 0.4419, 3.7762 -0.2224 1.1886, 3.8772 -0.2224 1.1886, 3.7835 -0.2224 1.1572, 3.8794 -0.2224 1.1794, 3.7852 -0.2224 1.1417, 3.7852 -0.2224 0.4724, 3.7852 -0.6161 1.0039, 3.7852 -0.6161 1.1417, 3.7852 -0.6334 0.9622, 3.7852 -0.6241 0.9744, 3.7852 -0.6182 0.9887, 3.7852 -0.6594 0.3543, 3.7852 -0.6594 0.947, 3.7852 -0.3406 0.3543, 3.7852 -0.6457 0.9528, 3.7852 -0.2383 0.4134, 3.7852 -0.257 0.3889, 3.7852 -0.2265 0.4419, 3.7852 -0.2815 0.3702, 3.7852 -0.31 0.3584, 3.7852 -0.6599 0.9469, 3.7847 -0.6638 0.3543, 3.7847 -0.6638 0.946, 3.7833 -0.668 0.3543, 3.7833 -0.668 0.9453, 3.7809 -0.6717 0.3543, 3.7809 -0.6717 0.945, 3.7778 -0.6748 0.3543, 3.7778 -0.6748 0.9449, 3.7656 -0.6791 0.3543, 3.7699 -0.6786 0.3543, 3.7741 -0.6772 0.3543, 3.3471 -0.6791 0.3197, 3.6337 -0.6791 1.0039, 3.6525 -0.6791 0.9795, 3.3777 -0.6791 1.0324, 3.7055 -0.6791 0.3503, 3.3777 -0.6791 0.2668, 3.3659 -0.6791 0.2953, 3.677 -0.6791 0.9607, 3.7055 -0.6791 0.9489, 3.3659 -0.6791 1.0039, 3.3471 -0.6791 0.9795, 3.3817 -0.6791 2.1704, 3.6179 -0.6791 2.1704, 3.3817 -0.6791 1.063, 3.6179 -0.6791 1.063, 3.6219 -0.6791 1.0324, 3.677 -0.6791 0.3385, 3.6525 -0.6791 0.3197, 3.6337 -0.6791 0.2953, 3.3226 -0.6791 0.3385, 3.2942 -0.6791 0.3503, 3.3226 -0.6791 0.9607, 3.6179 -0.6791 0.2362, 3.6179 -0.6791 0.1575, 3.3817 -0.6791 0.1575, 3.6219 -0.6791 0.2668, 3.3817 -0.6791 0.2362, 3.736 -0.6791 0.3543, 3.2942 -0.6791 0.9489, 3.217 -0.6693 0.9452, 3.2184 -0.6714 0.945, 3.2201 -0.6734 0.9449, 3.2144 -0.6594 0.947, 3.2144 -0.6599 0.9469, 3.215 -0.6645 0.9459, 3.2159 -0.667 0.9455, 3.2144 -0.6161 1.1417, 3.2144 -0.6161 1.0039, 3.2144 -0.2224 1.1417, 3.2144 -0.6182 0.9887, 3.2144 -0.2224 0.4724, 3.2144 -0.6241 0.9744, 3.2144 -0.6334 0.9622, 3.2144 -0.2265 0.4419, 3.2144 -0.6457 0.9528, 3.2144 -0.31 0.3584, 3.2144 -0.2815 0.3702, 3.2144 -0.257 0.3889, 3.2144 -0.2383 0.4134, 3.2161 -0.2224 1.1572, 3.1202 -0.2224 1.1794, 3.2234 -0.2224 1.1886, 3.1224 -0.2224 1.1886, 3.6179 -0.7796 0.1422, 3.3817 -0.7796 0.1422, 3.6179 -0.7855 0.128, 3.3817 -0.7855 0.128, 3.6179 -0.7949 0.1157, 3.3817 -0.7949 0.1157, 3.6179 -0.8071 0.1063, 3.3817 -0.8071 0.1063, 3.6179 -0.8213 0.1004, 3.3817 -0.8213 0.1004, 3.6179 -0.8366 0.0984, 3.3817 -0.8366 0.0984, 3.6179 -1.2598 0.0984, 3.3817 -1.2598 0.0984, 3.6139 -1.2904 0.0984, 3.6021 -1.3189 0.0984, 3.5589 -1.3621 0.0984, 3.3975 -1.3189 0.0984, 3.4163 -1.3434 0.0984, 3.3857 -1.2904 0.0984, 3.5833 -1.3434 0.0984, 3.4407 -1.3621 0.0984, 3.4692 -1.3739 0.0984, 3.5304 -1.3739 0.0984, 3.4998 -1.378 0.0984, 3.3817 -0.8366 0.0, 3.6179 -0.8366 0.0, 3.3817 -1.2598 0.0, 3.6179 -1.2598 0.0, 3.6139 -1.2904 0.0, 3.6021 -1.3189 0.0, 3.3857 -1.2904 0.0, 3.4163 -1.3434 0.0, 3.3975 -1.3189 0.0, 3.5589 -1.3621 0.0, 3.5833 -1.3434 0.0, 3.5304 -1.3739 0.0, 3.4998 -1.378 0.0, 3.4692 -1.3739 0.0, 3.4407 -1.3621 0.0, 3.3817 -0.7959 0.0054, 3.6179 -0.7959 0.0054, 3.3817 -0.7579 0.0211, 3.6179 -0.7579 0.0211, 3.3817 -0.7253 0.0461, 3.6179 -0.7253 0.0461, 3.3817 -0.7002 0.0787, 3.6179 -0.7002 0.0787, 3.3817 -0.6845 0.1167, 3.6179 -0.6845 0.1167, 3.6179 -0.6952 2.2146, 3.3817 -0.6952 2.2146, 3.3857 -0.7063 2.2451, 3.5589 -0.7324 2.3169, 3.5717 -0.7293 2.3083, 3.4279 -0.7293 2.3083, 3.5833 -0.7256 2.2981, 3.3975 -0.7167 2.2736, 3.4163 -0.7256 2.2981, 3.6021 -0.7167 2.2736, 3.6139 -0.7063 2.2451, 3.4407 -0.7324 2.3169, 3.4546 -0.7349 2.3237, 3.545 -0.7349 2.3237, 3.5304 -0.7367 2.3287, 3.4692 -0.7367 2.3287, 3.4844 -0.7378 2.3317, 3.5152 -0.7378 2.3317, 3.4998 -0.7382 2.3327, 3.5983 -0.2961 2.0795, 3.5983 -0.6161 2.0795, 3.649 -0.2961 2.2188, 3.649 -0.6161 2.2188, 3.688 -0.5286 2.326, 3.6894 -0.498 2.3298, 3.6692 -0.6003 2.2743, 3.6775 -0.5815 2.2973, 3.684 -0.5571 2.315, 3.6894 -0.4142 2.3298, 3.688 -0.3836 2.326, 3.6594 -0.6121 2.2476, 3.684 -0.3552 2.315, 3.6775 -0.3307 2.2973, 3.6594 -0.3001 2.2476, 3.6692 -0.3119 2.2743, 3.5902 -0.2961 2.0484, 3.5902 -0.6161 2.0484, 3.5883 -0.2961 2.0164, 3.5883 -0.6161 2.0164, 3.5925 -0.2961 1.9846, 3.5925 -0.6161 1.9846, 3.7835 -0.6161 1.1572, 3.7212 -0.2961 1.4271, 3.7319 -0.2906 1.3808, 3.742 -0.2743 1.3371, 3.7554 -0.2442 1.2786, 3.7655 -0.228 1.2349, 3.8794 -0.6161 1.1794, 3.6884 -0.2961 2.0068, 3.6884 -0.6161 2.0068, 3.8222 -0.2961 1.4271, 3.8329 -0.2906 1.3808, 3.843 -0.2743 1.3371, 3.8665 -0.228 1.2349, 3.8565 -0.2442 1.2786, 3.6866 -0.6161 2.0198, 3.6866 -0.2961 2.0198, 3.6874 -0.6161 2.033, 3.6874 -0.2961 2.033, 3.6907 -0.6161 2.0458, 3.6907 -0.2961 2.0458, 3.7765 -0.3552 2.2813, 3.7519 -0.3001 2.2139, 3.77 -0.3307 2.2637, 3.7617 -0.3119 2.2407, 3.7805 -0.3836 2.2924, 3.7819 -0.4142 2.2962, 3.7415 -0.2961 2.1852, 3.7819 -0.498 2.2962, 3.7805 -0.5286 2.2924, 3.7765 -0.5571 2.2813, 3.77 -0.5815 2.2637, 3.7617 -0.6003 2.2407, 3.7519 -0.6121 2.2139, 3.7415 -0.6161 2.1852, 3.2161 -0.6161 1.1572, 3.4072 -0.2961 1.9846, 3.4072 -0.6161 1.9846, 3.2784 -0.2961 1.4271, 3.2678 -0.2906 1.3808, 3.2577 -0.2743 1.3371, 3.2341 -0.228 1.2349, 3.2442 -0.2442 1.2786, 3.4113 -0.2961 2.0164, 3.4113 -0.6161 2.0164, 3.4094 -0.2961 2.0484, 3.4094 -0.6161 2.0484, 3.4013 -0.2961 2.0795, 3.4013 -0.6161 2.0795, 3.3102 -0.4142 2.3298, 3.3102 -0.498 2.3298, 3.3506 -0.6161 2.2188, 3.3116 -0.5286 2.326, 3.3506 -0.2961 2.2188, 3.3402 -0.3001 2.2476, 3.3304 -0.6003 2.2743, 3.3402 -0.6121 2.2476, 3.3221 -0.5815 2.2973, 3.3156 -0.5571 2.315, 3.3304 -0.3119 2.2743, 3.3221 -0.3307 2.2973, 3.3116 -0.3836 2.326, 3.3156 -0.3552 2.315, 3.2177 -0.4142 2.2962, 3.2177 -0.498 2.2962, 3.3089 -0.2961 2.0458, 3.3089 -0.6161 2.0458, 3.2581 -0.2961 2.1852, 3.2581 -0.6161 2.1852, 3.2232 -0.5571 2.2813, 3.2296 -0.5815 2.2637, 3.2477 -0.6121 2.2139, 3.2379 -0.6003 2.2407, 3.2191 -0.5286 2.2924, 3.2477 -0.3001 2.2139, 3.2379 -0.3119 2.2407, 3.2296 -0.3307 2.2637, 3.2191 -0.3836 2.2924, 3.2232 -0.3552 2.2813, 3.3122 -0.6161 2.033, 3.3122 -0.2961 2.033, 3.313 -0.6161 2.0198, 3.313 -0.2961 2.0198, 3.3112 -0.6161 2.0068, 3.3112 -0.2961 2.0068, 3.1202 -0.6161 1.1794, 3.1774 -0.2961 1.4271, 3.1667 -0.2906 1.3808, 3.1566 -0.2743 1.3371, 3.1432 -0.2442 1.2786, 3.1331 -0.228 1.2349, 3.8837 -0.6599 0.9469, 2.2222 -0.6752 0.9449, 2.117 -0.6752 0.9449, 2.12 -0.69 0.9449, 2.2636 -0.7776 0.9449, 2.2636 -0.6791 0.9449, 2.2341 -0.7776 0.9449, 2.2341 -0.6791 0.9449, 2.2035 -0.7735 0.9449, 2.229 -0.6785 0.9449, 2.175 -0.7617 0.9449, 2.2242 -0.6765 0.9449, 2.1505 -0.743 0.9449, 2.1318 -0.7185 0.9449, 2.8796 -0.69 0.9449, 2.8826 -0.6752 0.9449, 2.7774 -0.6752 0.9449, 2.8678 -0.7185 0.9449, 2.736 -0.6791 0.9449, 2.736 -0.7776 0.9449, 2.7656 -0.6791 0.9449, 2.7656 -0.7776 0.9449, 2.7699 -0.6786 0.9449, 2.7961 -0.7735 0.9449, 2.7741 -0.6772 0.9449, 2.8246 -0.7617 0.9449, 2.8491 -0.743 0.9449, 2.2636 -0.6791 0.3543, 2.2636 -0.7776 0.3543, 2.2341 -0.6791 0.3543, 2.2341 -0.7776 0.3543, 2.229 -0.6785 0.3543, 2.2035 -0.7735 0.3543, 2.2242 -0.6765 0.3543, 2.175 -0.7617 0.3543, 2.2201 -0.6734 0.3543, 2.1505 -0.743 0.3543, 2.217 -0.6693 0.3543, 2.1318 -0.7185 0.3543, 2.215 -0.6645 0.3543, 2.12 -0.69 0.3543, 2.2144 -0.6594 0.3543, 2.1159 -0.6594 0.3543, 2.2144 -0.3406 0.3543, 2.1159 -0.3406 0.3543, 2.1159 -0.6161 1.1417, 2.1159 -0.2224 1.1417, 2.1159 -0.6161 1.0039, 2.1159 -0.6182 0.9887, 2.1159 -0.6241 0.9744, 2.1159 -0.2224 0.4724, 2.1159 -0.6334 0.9622, 2.1159 -0.6594 0.947, 2.1159 -0.6457 0.9528, 2.1159 -0.31 0.3584, 2.1159 -0.2265 0.4419, 2.1159 -0.2383 0.4134, 2.1159 -0.257 0.3889, 2.1159 -0.2815 0.3702, 2.1162 -0.6675 0.9454, 2.116 -0.6599 0.9469, 2.677 -0.7776 0.9607, 2.6525 -0.7776 0.9795, 2.3471 -0.7776 0.9795, 2.6337 -0.7776 1.0039, 2.3659 -0.7776 1.0039, 2.6337 -0.7776 0.2953, 2.6525 -0.7776 0.3197, 2.3659 -0.7776 0.2953, 2.7055 -0.7776 0.9489, 2.7656 -0.7776 0.3543, 2.3817 -0.7776 1.063, 2.3777 -0.7776 1.0324, 2.6179 -0.7776 1.063, 2.3226 -0.7776 0.9607, 2.2942 -0.7776 0.3503, 2.3226 -0.7776 0.3385, 2.3471 -0.7776 0.3197, 2.6219 -0.7776 0.2668, 2.736 -0.7776 0.3543, 2.7055 -0.7776 0.3503, 2.677 -0.7776 0.3385, 2.6219 -0.7776 1.0324, 2.2942 -0.7776 0.9489, 2.3817 -0.7776 0.2362, 2.3817 -0.7776 0.1575, 2.6179 -0.7776 0.1575, 2.3817 -0.7776 2.2146, 2.6179 -0.7776 2.2146, 2.6139 -0.7776 2.2451, 2.3777 -0.7776 0.2668, 2.6179 -0.7776 0.2362, 2.4407 -0.7776 2.3169, 2.4163 -0.7776 2.2981, 2.3975 -0.7776 2.2736, 2.3857 -0.7776 2.2451, 2.4692 -0.7776 2.3287, 2.6021 -0.7776 2.2736, 2.5833 -0.7776 2.2981, 2.5589 -0.7776 2.3169, 2.5304 -0.7776 2.3287, 2.4998 -0.7776 2.3327, 2.8796 -0.69 0.3543, 2.8678 -0.7185 0.3543, 2.8491 -0.743 0.3543, 2.8246 -0.7617 0.3543, 2.7961 -0.7735 0.3543, 2.8837 -0.6594 0.3543, 2.8837 -0.6594 0.947, 2.8837 -0.6599 0.9469, 2.8834 -0.6675 0.9454, 2.8837 -0.6161 1.1417, 2.8837 -0.6161 1.0039, 2.8837 -0.2224 1.1417, 2.8837 -0.6182 0.9887, 2.8837 -0.2224 0.4724, 2.8837 -0.3406 0.3543, 2.8837 -0.257 0.3889, 2.8837 -0.2383 0.4134, 2.8837 -0.6334 0.9622, 2.8837 -0.6457 0.9528, 2.8837 -0.31 0.3584, 2.8837 -0.2815 0.3702, 2.8837 -0.6241 0.9744, 2.8837 -0.2265 0.4419, 2.7762 -0.2224 1.1886, 2.8772 -0.2224 1.1886, 2.7835 -0.2224 1.1572, 2.8794 -0.2224 1.1794, 2.7852 -0.2224 1.1417, 2.7852 -0.2224 0.4724, 2.7852 -0.6161 1.0039, 2.7852 -0.6161 1.1417, 2.7852 -0.6334 0.9622, 2.7852 -0.6241 0.9744, 2.7852 -0.6182 0.9887, 2.7852 -0.6594 0.3543, 2.7852 -0.6594 0.947, 2.7852 -0.3406 0.3543, 2.7852 -0.6457 0.9528, 2.7852 -0.2383 0.4134, 2.7852 -0.257 0.3889, 2.7852 -0.2265 0.4419, 2.7852 -0.2815 0.3702, 2.7852 -0.31 0.3584, 2.7852 -0.6599 0.9469, 2.7847 -0.6638 0.3543, 2.7847 -0.6638 0.946, 2.7833 -0.668 0.3543, 2.7833 -0.668 0.9453, 2.7809 -0.6717 0.3543, 2.7809 -0.6717 0.945, 2.7778 -0.6748 0.3543, 2.7778 -0.6748 0.9449, 2.7656 -0.6791 0.3543, 2.7699 -0.6786 0.3543, 2.7741 -0.6772 0.3543, 2.7055 -0.6791 0.3503, 2.6525 -0.6791 0.9795, 2.677 -0.6791 0.9607, 2.2942 -0.6791 0.9489, 2.3659 -0.6791 0.2953, 2.677 -0.6791 0.3385, 2.6525 -0.6791 0.3197, 2.6337 -0.6791 0.2953, 2.3777 -0.6791 0.2668, 2.3226 -0.6791 0.3385, 2.2942 -0.6791 0.3503, 2.3471 -0.6791 0.3197, 2.3226 -0.6791 0.9607, 2.7055 -0.6791 0.9489, 2.736 -0.6791 0.3543, 2.3817 -0.6791 1.063, 2.3817 -0.6791 2.1704, 2.6179 -0.6791 2.1704, 2.3471 -0.6791 0.9795, 2.3659 -0.6791 1.0039, 2.6337 -0.6791 1.0039, 2.3777 -0.6791 1.0324, 2.6219 -0.6791 1.0324, 2.6179 -0.6791 1.063, 2.6179 -0.6791 0.2362, 2.6179 -0.6791 0.1575, 2.3817 -0.6791 0.1575, 2.6219 -0.6791 0.2668, 2.3817 -0.6791 0.2362, 2.217 -0.6693 0.9452, 2.2184 -0.6714 0.945, 2.2201 -0.6734 0.9449, 2.2144 -0.6594 0.947, 2.2144 -0.6599 0.9469, 2.215 -0.6645 0.9459, 2.2159 -0.667 0.9455, 2.2144 -0.6161 1.1417, 2.2144 -0.6161 1.0039, 2.2144 -0.2224 1.1417, 2.2144 -0.6182 0.9887, 2.2144 -0.2224 0.4724, 2.2144 -0.6241 0.9744, 2.2144 -0.6334 0.9622, 2.2144 -0.2265 0.4419, 2.2144 -0.6457 0.9528, 2.2144 -0.31 0.3584, 2.2144 -0.2815 0.3702, 2.2144 -0.257 0.3889, 2.2144 -0.2383 0.4134, 2.2161 -0.2224 1.1572, 2.1202 -0.2224 1.1794, 2.2234 -0.2224 1.1886, 2.1224 -0.2224 1.1886, 2.6179 -0.7796 0.1422, 2.3817 -0.7796 0.1422, 2.6179 -0.7855 0.128, 2.3817 -0.7855 0.128, 2.6179 -0.7949 0.1157, 2.3817 -0.7949 0.1157, 2.6179 -0.8071 0.1063, 2.3817 -0.8071 0.1063, 2.6179 -0.8213 0.1004, 2.3817 -0.8213 0.1004, 2.6179 -0.8366 0.0984, 2.3817 -0.8366 0.0984, 2.6179 -1.2598 0.0984, 2.3817 -1.2598 0.0984, 2.6139 -1.2904 0.0984, 2.6021 -1.3189 0.0984, 2.3857 -1.2904 0.0984, 2.5589 -1.3621 0.0984, 2.5833 -1.3434 0.0984, 2.3975 -1.3189 0.0984, 2.4163 -1.3434 0.0984, 2.4407 -1.3621 0.0984, 2.4692 -1.3739 0.0984, 2.4998 -1.378 0.0984, 2.5304 -1.3739 0.0984, 2.3817 -1.2598 0.0, 2.3817 -0.8366 0.0, 2.6179 -0.8366 0.0, 2.5833 -1.3434 0.0, 2.5589 -1.3621 0.0, 2.3857 -1.2904 0.0, 2.6179 -1.2598 0.0, 2.6139 -1.2904 0.0, 2.6021 -1.3189 0.0, 2.5304 -1.3739 0.0, 2.4998 -1.378 0.0, 2.4692 -1.3739 0.0, 2.4407 -1.3621 0.0, 2.4163 -1.3434 0.0, 2.3975 -1.3189 0.0, 2.3817 -0.7959 0.0054, 2.6179 -0.7959 0.0054, 2.3817 -0.7579 0.0211, 2.6179 -0.7579 0.0211, 2.3817 -0.7253 0.0461, 2.6179 -0.7253 0.0461, 2.3817 -0.7002 0.0787, 2.6179 -0.7002 0.0787, 2.3817 -0.6845 0.1167, 2.6179 -0.6845 0.1167, 2.6179 -0.6952 2.2146, 2.3817 -0.6952 2.2146, 2.3857 -0.7063 2.2451, 2.5589 -0.7324 2.3169, 2.5717 -0.7293 2.3083, 2.4279 -0.7293 2.3083, 2.5833 -0.7256 2.2981, 2.3975 -0.7167 2.2736, 2.4163 -0.7256 2.2981, 2.6021 -0.7167 2.2736, 2.6139 -0.7063 2.2451, 2.4407 -0.7324 2.3169, 2.4546 -0.7349 2.3237, 2.545 -0.7349 2.3237, 2.4692 -0.7367 2.3287, 2.5304 -0.7367 2.3287, 2.5152 -0.7378 2.3317, 2.4844 -0.7378 2.3317, 2.4998 -0.7382 2.3327, 2.649 -0.2961 2.2188, 2.5983 -0.2961 2.0795, 2.5983 -0.6161 2.0795, 2.6594 -0.3001 2.2476, 2.6594 -0.6121 2.2476, 2.6692 -0.6003 2.2743, 2.649 -0.6161 2.2188, 2.6775 -0.5815 2.2973, 2.684 -0.5571 2.315, 2.688 -0.3836 2.326, 2.684 -0.3552 2.315, 2.688 -0.5286 2.326, 2.6894 -0.498 2.3298, 2.6894 -0.4142 2.3298, 2.6775 -0.3307 2.2973, 2.6692 -0.3119 2.2743, 2.5902 -0.2961 2.0484, 2.5902 -0.6161 2.0484, 2.5883 -0.2961 2.0164, 2.5883 -0.6161 2.0164, 2.5925 -0.2961 1.9846, 2.5925 -0.6161 1.9846, 2.7835 -0.6161 1.1572, 2.7212 -0.2961 1.4271, 2.7319 -0.2906 1.3808, 2.742 -0.2743 1.3371, 2.7554 -0.2442 1.2786, 2.7655 -0.228 1.2349, 2.8794 -0.6161 1.1794, 2.6884 -0.2961 2.0068, 2.6884 -0.6161 2.0068, 2.8222 -0.2961 1.4271, 2.8329 -0.2906 1.3808, 2.843 -0.2743 1.3371, 2.8665 -0.228 1.2349, 2.8565 -0.2442 1.2786, 2.6866 -0.6161 2.0198, 2.6866 -0.2961 2.0198, 2.6874 -0.6161 2.033, 2.6874 -0.2961 2.033, 2.6907 -0.6161 2.0458, 2.6907 -0.2961 2.0458, 2.7415 -0.2961 2.1852, 2.7519 -0.3001 2.2139, 2.7765 -0.3552 2.2813, 2.7617 -0.3119 2.2407, 2.77 -0.3307 2.2637, 2.7805 -0.3836 2.2924, 2.7819 -0.4142 2.2962, 2.7819 -0.498 2.2962, 2.7805 -0.5286 2.2924, 2.7765 -0.5571 2.2813, 2.77 -0.5815 2.2637, 2.7617 -0.6003 2.2407, 2.7519 -0.6121 2.2139, 2.7415 -0.6161 2.1852, 2.2161 -0.6161 1.1572, 2.4072 -0.2961 1.9846, 2.4072 -0.6161 1.9846, 2.2784 -0.2961 1.4271, 2.2678 -0.2906 1.3808, 2.2577 -0.2743 1.3371, 2.2341 -0.228 1.2349, 2.2442 -0.2442 1.2786, 2.4113 -0.2961 2.0164, 2.4113 -0.6161 2.0164, 2.4094 -0.2961 2.0484, 2.4094 -0.6161 2.0484, 2.4013 -0.2961 2.0795, 2.4013 -0.6161 2.0795, 2.3506 -0.6161 2.2188, 2.3506 -0.2961 2.2188, 2.3102 -0.4142 2.3298, 2.3102 -0.498 2.3298, 2.3116 -0.5286 2.326, 2.3156 -0.5571 2.315, 2.3221 -0.5815 2.2973, 2.3402 -0.6121 2.2476, 2.3304 -0.6003 2.2743, 2.3304 -0.3119 2.2743, 2.3221 -0.3307 2.2973, 2.3402 -0.3001 2.2476, 2.3156 -0.3552 2.315, 2.3116 -0.3836 2.326, 2.2177 -0.4142 2.2962, 2.2177 -0.498 2.2962, 2.3089 -0.2961 2.0458, 2.3089 -0.6161 2.0458, 2.2581 -0.2961 2.1852, 2.2581 -0.6161 2.1852, 2.2232 -0.5571 2.2813, 2.2296 -0.5815 2.2637, 2.2477 -0.6121 2.2139, 2.2379 -0.6003 2.2407, 2.2191 -0.5286 2.2924, 2.2191 -0.3836 2.2924, 2.2232 -0.3552 2.2813, 2.2296 -0.3307 2.2637, 2.2477 -0.3001 2.2139, 2.2379 -0.3119 2.2407, 2.3122 -0.6161 2.033, 2.3122 -0.2961 2.033, 2.313 -0.6161 2.0198, 2.313 -0.2961 2.0198, 2.3112 -0.6161 2.0068, 2.3112 -0.2961 2.0068, 2.1202 -0.6161 1.1794, 2.1774 -0.2961 1.4271, 2.1667 -0.2906 1.3808, 2.1566 -0.2743 1.3371, 2.1432 -0.2442 1.2786, 2.1331 -0.228 1.2349, 2.8837 -0.6599 0.9469, 1.2222 -0.6752 0.9449, 1.117 -0.6752 0.9449, 1.12 -0.69 0.9449, 1.2636 -0.7776 0.9449, 1.2636 -0.6791 0.9449, 1.2341 -0.7776 0.9449, 1.2341 -0.6791 0.9449, 1.2035 -0.7735 0.9449, 1.229 -0.6785 0.9449, 1.175 -0.7617 0.9449, 1.2242 -0.6765 0.9449, 1.1505 -0.743 0.9449, 1.1318 -0.7185 0.9449, 1.8796 -0.69 0.9449, 1.8826 -0.6752 0.9449, 1.7774 -0.6752 0.9449, 1.8678 -0.7185 0.9449, 1.736 -0.6791 0.9449, 1.736 -0.7776 0.9449, 1.7656 -0.6791 0.9449, 1.7656 -0.7776 0.9449, 1.7699 -0.6786 0.9449, 1.7961 -0.7735 0.9449, 1.7741 -0.6772 0.9449, 1.8246 -0.7617 0.9449, 1.8491 -0.743 0.9449, 1.2636 -0.6791 0.3543, 1.2636 -0.7776 0.3543, 1.2341 -0.6791 0.3543, 1.2341 -0.7776 0.3543, 1.229 -0.6785 0.3543, 1.2035 -0.7735 0.3543, 1.2242 -0.6765 0.3543, 1.175 -0.7617 0.3543, 1.2201 -0.6734 0.3543, 1.1505 -0.743 0.3543, 1.217 -0.6693 0.3543, 1.1318 -0.7185 0.3543, 1.215 -0.6645 0.3543, 1.12 -0.69 0.3543, 1.2144 -0.6594 0.3543, 1.1159 -0.6594 0.3543, 1.2144 -0.3406 0.3543, 1.1159 -0.3406 0.3543, 1.1159 -0.6161 1.1417, 1.1159 -0.2224 1.1417, 1.1159 -0.6161 1.0039, 1.1159 -0.6182 0.9887, 1.1159 -0.6241 0.9744, 1.1159 -0.2224 0.4724, 1.1159 -0.6334 0.9622, 1.1159 -0.6594 0.947, 1.1159 -0.6457 0.9528, 1.1159 -0.31 0.3584, 1.1159 -0.2265 0.4419, 1.1159 -0.2383 0.4134, 1.1159 -0.257 0.3889, 1.1159 -0.2815 0.3702, 1.1162 -0.6675 0.9454, 1.116 -0.6599 0.9469, 1.677 -0.7776 0.9607, 1.6525 -0.7776 0.9795, 1.7055 -0.7776 0.3503, 1.6219 -0.7776 0.2668, 1.6337 -0.7776 0.2953, 1.3659 -0.7776 0.2953, 1.6337 -0.7776 1.0039, 1.3777 -0.7776 1.0324, 1.6219 -0.7776 1.0324, 1.6179 -0.7776 1.063, 1.2942 -0.7776 0.9489, 1.677 -0.7776 0.3385, 1.6525 -0.7776 0.3197, 1.3659 -0.7776 1.0039, 1.3471 -0.7776 0.9795, 1.3226 -0.7776 0.9607, 1.2942 -0.7776 0.3503, 1.3226 -0.7776 0.3385, 1.3471 -0.7776 0.3197, 1.7656 -0.7776 0.3543, 1.736 -0.7776 0.3543, 1.7055 -0.7776 0.9489, 1.3817 -0.7776 0.2362, 1.3817 -0.7776 0.1575, 1.6179 -0.7776 0.1575, 1.3777 -0.7776 0.2668, 1.6179 -0.7776 0.2362, 1.4163 -0.7776 2.2981, 1.3975 -0.7776 2.2736, 1.6139 -0.7776 2.2451, 1.3857 -0.7776 2.2451, 1.6179 -0.7776 2.2146, 1.3817 -0.7776 2.2146, 1.3817 -0.7776 1.063, 1.5304 -0.7776 2.3287, 1.6021 -0.7776 2.2736, 1.5589 -0.7776 2.3169, 1.5833 -0.7776 2.2981, 1.4998 -0.7776 2.3327, 1.4692 -0.7776 2.3287, 1.4407 -0.7776 2.3169, 1.8796 -0.69 0.3543, 1.8678 -0.7185 0.3543, 1.8491 -0.743 0.3543, 1.8246 -0.7617 0.3543, 1.7961 -0.7735 0.3543, 1.8837 -0.6594 0.3543, 1.8837 -0.6594 0.947, 1.8837 -0.6599 0.9469, 1.8834 -0.6675 0.9454, 1.8837 -0.6161 1.1417, 1.8837 -0.6161 1.0039, 1.8837 -0.2224 1.1417, 1.8837 -0.6182 0.9887, 1.8837 -0.2224 0.4724, 1.8837 -0.3406 0.3543, 1.8837 -0.257 0.3889, 1.8837 -0.2383 0.4134, 1.8837 -0.6334 0.9622, 1.8837 -0.6457 0.9528, 1.8837 -0.31 0.3584, 1.8837 -0.2815 0.3702, 1.8837 -0.6241 0.9744, 1.8837 -0.2265 0.4419, 1.7762 -0.2224 1.1886, 1.8772 -0.2224 1.1886, 1.7835 -0.2224 1.1572, 1.8794 -0.2224 1.1794, 1.7852 -0.2224 1.1417, 1.7852 -0.2224 0.4724, 1.7852 -0.6161 1.0039, 1.7852 -0.6161 1.1417, 1.7852 -0.6334 0.9622, 1.7852 -0.6241 0.9744, 1.7852 -0.6182 0.9887, 1.7852 -0.6594 0.3543, 1.7852 -0.6594 0.947, 1.7852 -0.3406 0.3543, 1.7852 -0.6457 0.9528, 1.7852 -0.2383 0.4134, 1.7852 -0.257 0.3889, 1.7852 -0.2265 0.4419, 1.7852 -0.2815 0.3702, 1.7852 -0.31 0.3584, 1.7852 -0.6599 0.9469, 1.7847 -0.6638 0.3543, 1.7847 -0.6638 0.946, 1.7833 -0.668 0.3543, 1.7833 -0.668 0.9453, 1.7809 -0.6717 0.3543, 1.7809 -0.6717 0.945, 1.7778 -0.6748 0.3543, 1.7778 -0.6748 0.9449, 1.7656 -0.6791 0.3543, 1.7699 -0.6786 0.3543, 1.7741 -0.6772 0.3543, 1.6337 -0.6791 1.0039, 1.6525 -0.6791 0.9795, 1.3777 -0.6791 1.0324, 1.3659 -0.6791 1.0039, 1.3471 -0.6791 0.3197, 1.3777 -0.6791 0.2668, 1.6525 -0.6791 0.3197, 1.6337 -0.6791 0.2953, 1.3659 -0.6791 0.2953, 1.7055 -0.6791 0.3503, 1.677 -0.6791 0.3385, 1.2942 -0.6791 0.3503, 1.2942 -0.6791 0.9489, 1.3226 -0.6791 0.9607, 1.3471 -0.6791 0.9795, 1.3817 -0.6791 2.1704, 1.6179 -0.6791 2.1704, 1.3817 -0.6791 1.063, 1.6179 -0.6791 1.063, 1.6219 -0.6791 1.0324, 1.6179 -0.6791 0.2362, 1.6179 -0.6791 0.1575, 1.3817 -0.6791 0.1575, 1.3226 -0.6791 0.3385, 1.677 -0.6791 0.9607, 1.7055 -0.6791 0.9489, 1.6219 -0.6791 0.2668, 1.3817 -0.6791 0.2362, 1.736 -0.6791 0.3543, 1.217 -0.6693 0.9452, 1.2184 -0.6714 0.945, 1.2201 -0.6734 0.9449, 1.2144 -0.6594 0.947, 1.2144 -0.6599 0.9469, 1.215 -0.6645 0.9459, 1.2159 -0.667 0.9455, 1.2144 -0.6161 1.1417, 1.2144 -0.6161 1.0039, 1.2144 -0.2224 1.1417, 1.2144 -0.6182 0.9887, 1.2144 -0.2224 0.4724, 1.2144 -0.6241 0.9744, 1.2144 -0.6334 0.9622, 1.2144 -0.2265 0.4419, 1.2144 -0.6457 0.9528, 1.2144 -0.31 0.3584, 1.2144 -0.2815 0.3702, 1.2144 -0.257 0.3889, 1.2144 -0.2383 0.4134, 1.2161 -0.2224 1.1572, 1.1202 -0.2224 1.1794, 1.2234 -0.2224 1.1886, 1.1224 -0.2224 1.1886, 1.6179 -0.7796 0.1422, 1.3817 -0.7796 0.1422, 1.6179 -0.7855 0.128, 1.3817 -0.7855 0.128, 1.6179 -0.7949 0.1157, 1.3817 -0.7949 0.1157, 1.6179 -0.8071 0.1063, 1.3817 -0.8071 0.1063, 1.6179 -0.8213 0.1004, 1.3817 -0.8213 0.1004, 1.6179 -0.8366 0.0984, 1.3817 -0.8366 0.0984, 1.3975 -1.3189 0.0984, 1.4163 -1.3434 0.0984, 1.6139 -1.2904 0.0984, 1.4407 -1.3621 0.0984, 1.6021 -1.3189 0.0984, 1.6179 -1.2598 0.0984, 1.3817 -1.2598 0.0984, 1.3857 -1.2904 0.0984, 1.4998 -1.378 0.0984, 1.5304 -1.3739 0.0984, 1.4692 -1.3739 0.0984, 1.5589 -1.3621 0.0984, 1.5833 -1.3434 0.0984, 1.6021 -1.3189 0.0, 1.4407 -1.3621 0.0, 1.6139 -1.2904 0.0, 1.4163 -1.3434 0.0, 1.3817 -0.8366 0.0, 1.6179 -0.8366 0.0, 1.3817 -1.2598 0.0, 1.6179 -1.2598 0.0, 1.3857 -1.2904 0.0, 1.3975 -1.3189 0.0, 1.5833 -1.3434 0.0, 1.5589 -1.3621 0.0, 1.4692 -1.3739 0.0, 1.5304 -1.3739 0.0, 1.4998 -1.378 0.0, 1.3817 -0.7959 0.0054, 1.6179 -0.7959 0.0054, 1.3817 -0.7579 0.0211, 1.6179 -0.7579 0.0211, 1.3817 -0.7253 0.0461, 1.6179 -0.7253 0.0461, 1.3817 -0.7002 0.0787, 1.6179 -0.7002 0.0787, 1.3817 -0.6845 0.1167, 1.6179 -0.6845 0.1167, 1.6179 -0.6952 2.2146, 1.3817 -0.6952 2.2146, 1.5833 -0.7256 2.2981, 1.6021 -0.7167 2.2736, 1.6139 -0.7063 2.2451, 1.5717 -0.7293 2.3083, 1.3857 -0.7063 2.2451, 1.3975 -0.7167 2.2736, 1.5304 -0.7367 2.3287, 1.545 -0.7349 2.3237, 1.4692 -0.7367 2.3287, 1.4163 -0.7256 2.2981, 1.4279 -0.7293 2.3083, 1.5589 -0.7324 2.3169, 1.4407 -0.7324 2.3169, 1.4546 -0.7349 2.3237, 1.5152 -0.7378 2.3317, 1.4844 -0.7378 2.3317, 1.4998 -0.7382 2.3327, 1.649 -0.2961 2.2188, 1.5983 -0.2961 2.0795, 1.5983 -0.6161 2.0795, 1.6594 -0.3001 2.2476, 1.6594 -0.6121 2.2476, 1.6692 -0.6003 2.2743, 1.649 -0.6161 2.2188, 1.6775 -0.5815 2.2973, 1.684 -0.5571 2.315, 1.688 -0.3836 2.326, 1.684 -0.3552 2.315, 1.688 -0.5286 2.326, 1.6894 -0.498 2.3298, 1.6894 -0.4142 2.3298, 1.6775 -0.3307 2.2973, 1.6692 -0.3119 2.2743, 1.5902 -0.2961 2.0484, 1.5902 -0.6161 2.0484, 1.5883 -0.2961 2.0164, 1.5883 -0.6161 2.0164, 1.5925 -0.2961 1.9846, 1.5925 -0.6161 1.9846, 1.7835 -0.6161 1.1572, 1.7212 -0.2961 1.4271, 1.7319 -0.2906 1.3808, 1.742 -0.2743 1.3371, 1.7554 -0.2442 1.2786, 1.7655 -0.228 1.2349, 1.8794 -0.6161 1.1794, 1.6884 -0.2961 2.0068, 1.6884 -0.6161 2.0068, 1.8222 -0.2961 1.4271, 1.8329 -0.2906 1.3808, 1.843 -0.2743 1.3371, 1.8665 -0.228 1.2349, 1.8565 -0.2442 1.2786, 1.6866 -0.6161 2.0198, 1.6866 -0.2961 2.0198, 1.6874 -0.6161 2.033, 1.6874 -0.2961 2.033, 1.6907 -0.6161 2.0458, 1.6907 -0.2961 2.0458, 1.7415 -0.2961 2.1852, 1.7519 -0.3001 2.2139, 1.7765 -0.3552 2.2813, 1.7617 -0.3119 2.2407, 1.77 -0.3307 2.2637, 1.7805 -0.3836 2.2924, 1.7819 -0.4142 2.2962, 1.7819 -0.498 2.2962, 1.7805 -0.5286 2.2924, 1.7765 -0.5571 2.2813, 1.77 -0.5815 2.2637, 1.7617 -0.6003 2.2407, 1.7519 -0.6121 2.2139, 1.7415 -0.6161 2.1852, 1.2161 -0.6161 1.1572, 1.4072 -0.2961 1.9846, 1.4072 -0.6161 1.9846, 1.2784 -0.2961 1.4271, 1.2678 -0.2906 1.3808, 1.2577 -0.2743 1.3371, 1.2341 -0.228 1.2349, 1.2442 -0.2442 1.2786, 1.4113 -0.2961 2.0164, 1.4113 -0.6161 2.0164, 1.4094 -0.2961 2.0484, 1.4094 -0.6161 2.0484, 1.4013 -0.2961 2.0795, 1.4013 -0.6161 2.0795, 1.3506 -0.6161 2.2188, 1.3506 -0.2961 2.2188, 1.3116 -0.5286 2.326, 1.3156 -0.5571 2.315, 1.3221 -0.5815 2.2973, 1.3304 -0.6003 2.2743, 1.3402 -0.6121 2.2476, 1.3402 -0.3001 2.2476, 1.3116 -0.3836 2.326, 1.3102 -0.4142 2.3298, 1.3102 -0.498 2.3298, 1.3304 -0.3119 2.2743, 1.3221 -0.3307 2.2973, 1.3156 -0.3552 2.315, 1.2177 -0.4142 2.2962, 1.2177 -0.498 2.2962, 1.2581 -0.2961 2.1852, 1.3089 -0.2961 2.0458, 1.3089 -0.6161 2.0458, 1.2581 -0.6161 2.1852, 1.2296 -0.5815 2.2637, 1.2379 -0.6003 2.2407, 1.2477 -0.6121 2.2139, 1.2232 -0.5571 2.2813, 1.2191 -0.5286 2.2924, 1.2232 -0.3552 2.2813, 1.2296 -0.3307 2.2637, 1.2379 -0.3119 2.2407, 1.2191 -0.3836 2.2924, 1.2477 -0.3001 2.2139, 1.3122 -0.6161 2.033, 1.3122 -0.2961 2.033, 1.313 -0.6161 2.0198, 1.313 -0.2961 2.0198, 1.3112 -0.6161 2.0068, 1.3112 -0.2961 2.0068, 1.1202 -0.6161 1.1794, 1.1774 -0.2961 1.4271, 1.1667 -0.2906 1.3808, 1.1566 -0.2743 1.3371, 1.1432 -0.2442 1.2786, 1.1331 -0.228 1.2349, 1.8837 -0.6599 0.9469, 0.2222 -0.6752 0.9449, 0.117 -0.6752 0.9449, 0.12 -0.69 0.9449, 0.2636 -0.7776 0.9449, 0.2636 -0.6791 0.9449, 0.2341 -0.7776 0.9449, 0.2341 -0.6791 0.9449, 0.2035 -0.7735 0.9449, 0.229 -0.6785 0.9449, 0.175 -0.7617 0.9449, 0.2242 -0.6765 0.9449, 0.1505 -0.743 0.9449, 0.1318 -0.7185 0.9449, 0.8796 -0.69 0.9449, 0.8826 -0.6752 0.9449, 0.7774 -0.6752 0.9449, 0.8678 -0.7185 0.9449, 0.736 -0.6791 0.9449, 0.736 -0.7776 0.9449, 0.7656 -0.6791 0.9449, 0.7656 -0.7776 0.9449, 0.7699 -0.6786 0.9449, 0.7961 -0.7735 0.9449, 0.7741 -0.6772 0.9449, 0.8246 -0.7617 0.9449, 0.8491 -0.743 0.9449, 0.2636 -0.6791 0.3543, 0.2636 -0.7776 0.3543, 0.2341 -0.6791 0.3543, 0.2341 -0.7776 0.3543, 0.229 -0.6785 0.3543, 0.2035 -0.7735 0.3543, 0.2242 -0.6765 0.3543, 0.175 -0.7617 0.3543, 0.2201 -0.6734 0.3543, 0.1505 -0.743 0.3543, 0.217 -0.6693 0.3543, 0.1318 -0.7185 0.3543, 0.215 -0.6645 0.3543, 0.12 -0.69 0.3543, 0.2144 -0.6594 0.3543, 0.1159 -0.6594 0.3543, 0.2144 -0.3406 0.3543, 0.1159 -0.3406 0.3543, 0.1159 -0.6161 1.1417, 0.1159 -0.2224 1.1417, 0.1159 -0.6161 1.0039, 0.1159 -0.6182 0.9887, 0.1159 -0.6241 0.9744, 0.1159 -0.2224 0.4724, 0.1159 -0.6334 0.9622, 0.1159 -0.6594 0.947, 0.1159 -0.6457 0.9528, 0.1159 -0.31 0.3584, 0.1159 -0.2265 0.4419, 0.1159 -0.2383 0.4134, 0.1159 -0.257 0.3889, 0.1159 -0.2815 0.3702, 0.1162 -0.6675 0.9454, 0.116 -0.6599 0.9469, 0.677 -0.7776 0.9607, 0.6525 -0.7776 0.9795, 0.3777 -0.7776 1.0324, 0.3471 -0.7776 0.3197, 0.3659 -0.7776 0.2953, 0.6179 -0.7776 0.1575, 0.6219 -0.7776 0.2668, 0.7055 -0.7776 0.9489, 0.6179 -0.7776 0.2362, 0.3777 -0.7776 0.2668, 0.3817 -0.7776 0.2362, 0.3817 -0.7776 0.1575, 0.6337 -0.7776 0.2953, 0.6525 -0.7776 0.3197, 0.677 -0.7776 0.3385, 0.7055 -0.7776 0.3503, 0.736 -0.7776 0.3543, 0.7656 -0.7776 0.3543, 0.3659 -0.7776 1.0039, 0.3226 -0.7776 0.3385, 0.2942 -0.7776 0.9489, 0.3226 -0.7776 0.9607, 0.3471 -0.7776 0.9795, 0.2942 -0.7776 0.3503, 0.6337 -0.7776 1.0039, 0.6219 -0.7776 1.0324, 0.6179 -0.7776 1.063, 0.4163 -0.7776 2.2981, 0.3975 -0.7776 2.2736, 0.6139 -0.7776 2.2451, 0.3857 -0.7776 2.2451, 0.6179 -0.7776 2.2146, 0.3817 -0.7776 2.2146, 0.3817 -0.7776 1.063, 0.5304 -0.7776 2.3287, 0.6021 -0.7776 2.2736, 0.5589 -0.7776 2.3169, 0.5833 -0.7776 2.2981, 0.4998 -0.7776 2.3327, 0.4692 -0.7776 2.3287, 0.4407 -0.7776 2.3169, 0.8796 -0.69 0.3543, 0.8678 -0.7185 0.3543, 0.8491 -0.743 0.3543, 0.8246 -0.7617 0.3543, 0.7961 -0.7735 0.3543, 0.8837 -0.6594 0.3543, 0.8837 -0.6594 0.947, 0.8837 -0.6599 0.9469, 0.8834 -0.6675 0.9454, 0.8837 -0.6161 1.1417, 0.8837 -0.6161 1.0039, 0.8837 -0.2224 1.1417, 0.8837 -0.6182 0.9887, 0.8837 -0.2224 0.4724, 0.8837 -0.3406 0.3543, 0.8837 -0.257 0.3889, 0.8837 -0.2383 0.4134, 0.8837 -0.6334 0.9622, 0.8837 -0.6457 0.9528, 0.8837 -0.31 0.3584, 0.8837 -0.2815 0.3702, 0.8837 -0.6241 0.9744, 0.8837 -0.2265 0.4419, 0.7762 -0.2224 1.1886, 0.8772 -0.2224 1.1886, 0.7835 -0.2224 1.1572, 0.8794 -0.2224 1.1794, 0.7852 -0.2224 1.1417, 0.7852 -0.2224 0.4724, 0.7852 -0.6161 1.0039, 0.7852 -0.6161 1.1417, 0.7852 -0.6334 0.9622, 0.7852 -0.6241 0.9744, 0.7852 -0.6182 0.9887, 0.7852 -0.6594 0.3543, 0.7852 -0.6594 0.947, 0.7852 -0.3406 0.3543, 0.7852 -0.6457 0.9528, 0.7852 -0.2383 0.4134, 0.7852 -0.257 0.3889, 0.7852 -0.2265 0.4419, 0.7852 -0.2815 0.3702, 0.7852 -0.31 0.3584, 0.7852 -0.6599 0.9469, 0.7847 -0.6638 0.3543, 0.7847 -0.6638 0.946, 0.7833 -0.668 0.3543, 0.7833 -0.668 0.9453, 0.7809 -0.6717 0.3543, 0.7809 -0.6717 0.945, 0.7778 -0.6748 0.3543, 0.7778 -0.6748 0.9449, 0.7656 -0.6791 0.3543, 0.7699 -0.6786 0.3543, 0.7741 -0.6772 0.3543, 0.3777 -0.6791 0.2668, 0.6179 -0.6791 0.1575, 0.3817 -0.6791 0.2362, 0.3817 -0.6791 0.1575, 0.3659 -0.6791 0.2953, 0.3471 -0.6791 0.3197, 0.2942 -0.6791 0.9489, 0.3226 -0.6791 0.3385, 0.677 -0.6791 0.3385, 0.6525 -0.6791 0.3197, 0.7055 -0.6791 0.9489, 0.6337 -0.6791 0.2953, 0.6219 -0.6791 0.2668, 0.6179 -0.6791 0.2362, 0.3471 -0.6791 0.9795, 0.2942 -0.6791 0.3503, 0.3226 -0.6791 0.9607, 0.3817 -0.6791 1.063, 0.3817 -0.6791 2.1704, 0.6179 -0.6791 2.1704, 0.3659 -0.6791 1.0039, 0.3777 -0.6791 1.0324, 0.677 -0.6791 0.9607, 0.6525 -0.6791 0.9795, 0.6179 -0.6791 1.063, 0.6219 -0.6791 1.0324, 0.6337 -0.6791 1.0039, 0.736 -0.6791 0.3543, 0.7055 -0.6791 0.3503, 0.217 -0.6693 0.9452, 0.2184 -0.6714 0.945, 0.2201 -0.6734 0.9449, 0.2144 -0.6594 0.947, 0.2144 -0.6599 0.9469, 0.215 -0.6645 0.9459, 0.2159 -0.667 0.9455, 0.2144 -0.6161 1.1417, 0.2144 -0.6161 1.0039, 0.2144 -0.2224 1.1417, 0.2144 -0.6182 0.9887, 0.2144 -0.2224 0.4724, 0.2144 -0.6241 0.9744, 0.2144 -0.6334 0.9622, 0.2144 -0.2265 0.4419, 0.2144 -0.6457 0.9528, 0.2144 -0.31 0.3584, 0.2144 -0.2815 0.3702, 0.2144 -0.257 0.3889, 0.2144 -0.2383 0.4134, 0.2161 -0.2224 1.1572, 0.1202 -0.2224 1.1794, 0.2234 -0.2224 1.1886, 0.1224 -0.2224 1.1886, 0.6179 -0.7796 0.1422, 0.3817 -0.7796 0.1422, 0.6179 -0.7855 0.128, 0.3817 -0.7855 0.128, 0.6179 -0.7949 0.1157, 0.3817 -0.7949 0.1157, 0.6179 -0.8071 0.1063, 0.3817 -0.8071 0.1063, 0.6179 -0.8213 0.1004, 0.3817 -0.8213 0.1004, 0.6179 -0.8366 0.0984, 0.3817 -0.8366 0.0984, 0.6179 -1.2598 0.0984, 0.3817 -1.2598 0.0984, 0.6139 -1.2904 0.0984, 0.3857 -1.2904 0.0984, 0.3975 -1.3189 0.0984, 0.4163 -1.3434 0.0984, 0.4407 -1.3621 0.0984, 0.4692 -1.3739 0.0984, 0.6021 -1.3189 0.0984, 0.5833 -1.3434 0.0984, 0.4998 -1.378 0.0984, 0.5304 -1.3739 0.0984, 0.5589 -1.3621 0.0984, 0.3817 -0.8366 0.0, 0.6179 -0.8366 0.0, 0.3817 -1.2598 0.0, 0.6179 -1.2598 0.0, 0.3857 -1.2904 0.0, 0.6139 -1.2904 0.0, 0.3975 -1.3189 0.0, 0.4163 -1.3434 0.0, 0.6021 -1.3189 0.0, 0.5833 -1.3434 0.0, 0.4692 -1.3739 0.0, 0.4407 -1.3621 0.0, 0.5589 -1.3621 0.0, 0.5304 -1.3739 0.0, 0.4998 -1.378 0.0, 0.3817 -0.7959 0.0054, 0.6179 -0.7959 0.0054, 0.3817 -0.7579 0.0211, 0.6179 -0.7579 0.0211, 0.3817 -0.7253 0.0461, 0.6179 -0.7253 0.0461, 0.3817 -0.7002 0.0787, 0.6179 -0.7002 0.0787, 0.3817 -0.6845 0.1167, 0.6179 -0.6845 0.1167, 0.6179 -0.6952 2.2146, 0.3817 -0.6952 2.2146, 0.3857 -0.7063 2.2451, 0.4279 -0.7293 2.3083, 0.5717 -0.7293 2.3083, 0.5833 -0.7256 2.2981, 0.3975 -0.7167 2.2736, 0.4163 -0.7256 2.2981, 0.5304 -0.7367 2.3287, 0.545 -0.7349 2.3237, 0.4692 -0.7367 2.3287, 0.6021 -0.7167 2.2736, 0.6139 -0.7063 2.2451, 0.5589 -0.7324 2.3169, 0.4407 -0.7324 2.3169, 0.4546 -0.7349 2.3237, 0.5152 -0.7378 2.3317, 0.4844 -0.7378 2.3317, 0.4998 -0.7382 2.3327, 0.5983 -0.6161 2.0795, 0.649 -0.6161 2.2188, 0.6894 -0.498 2.3298, 0.6594 -0.6121 2.2476, 0.6692 -0.6003 2.2743, 0.6775 -0.5815 2.2973, 0.684 -0.5571 2.315, 0.688 -0.5286 2.326, 0.5983 -0.2961 2.0795, 0.6894 -0.4142 2.3298, 0.649 -0.2961 2.2188, 0.688 -0.3836 2.326, 0.684 -0.3552 2.315, 0.6775 -0.3307 2.2973, 0.6692 -0.3119 2.2743, 0.6594 -0.3001 2.2476, 0.5902 -0.2961 2.0484, 0.5902 -0.6161 2.0484, 0.5883 -0.2961 2.0164, 0.5883 -0.6161 2.0164, 0.5925 -0.2961 1.9846, 0.5925 -0.6161 1.9846, 0.7835 -0.6161 1.1572, 0.7212 -0.2961 1.4271, 0.7319 -0.2906 1.3808, 0.742 -0.2743 1.3371, 0.7554 -0.2442 1.2786, 0.7655 -0.228 1.2349, 0.8794 -0.6161 1.1794, 0.6884 -0.2961 2.0068, 0.6884 -0.6161 2.0068, 0.8222 -0.2961 1.4271, 0.8329 -0.2906 1.3808, 0.843 -0.2743 1.3371, 0.8665 -0.228 1.2349, 0.8565 -0.2442 1.2786, 0.6866 -0.6161 2.0198, 0.6866 -0.2961 2.0198, 0.6874 -0.6161 2.033, 0.6874 -0.2961 2.033, 0.6907 -0.6161 2.0458, 0.6907 -0.2961 2.0458, 0.7415 -0.6161 2.1852, 0.7519 -0.6121 2.2139, 0.7519 -0.3001 2.2139, 0.7617 -0.3119 2.2407, 0.7415 -0.2961 2.1852, 0.77 -0.3307 2.2637, 0.7765 -0.3552 2.2813, 0.7805 -0.5286 2.2924, 0.7765 -0.5571 2.2813, 0.7805 -0.3836 2.2924, 0.7819 -0.4142 2.2962, 0.7819 -0.498 2.2962, 0.77 -0.5815 2.2637, 0.7617 -0.6003 2.2407, 0.2161 -0.6161 1.1572, 0.4072 -0.2961 1.9846, 0.4072 -0.6161 1.9846, 0.2784 -0.2961 1.4271, 0.2678 -0.2906 1.3808, 0.2577 -0.2743 1.3371, 0.2341 -0.228 1.2349, 0.2442 -0.2442 1.2786, 0.4113 -0.2961 2.0164, 0.4113 -0.6161 2.0164, 0.4094 -0.2961 2.0484, 0.4094 -0.6161 2.0484, 0.4013 -0.2961 2.0795, 0.4013 -0.6161 2.0795, 0.3116 -0.3836 2.326, 0.3102 -0.4142 2.3298, 0.3506 -0.2961 2.2188, 0.3506 -0.6161 2.2188, 0.3402 -0.3001 2.2476, 0.3304 -0.3119 2.2743, 0.3221 -0.3307 2.2973, 0.3102 -0.498 2.3298, 0.3116 -0.5286 2.326, 0.3156 -0.5571 2.315, 0.3221 -0.5815 2.2973, 0.3304 -0.6003 2.2743, 0.3402 -0.6121 2.2476, 0.3156 -0.3552 2.315, 0.2177 -0.4142 2.2962, 0.2177 -0.498 2.2962, 0.3089 -0.2961 2.0458, 0.3089 -0.6161 2.0458, 0.2581 -0.2961 2.1852, 0.2581 -0.6161 2.1852, 0.2191 -0.3836 2.2924, 0.2296 -0.5815 2.2637, 0.2379 -0.6003 2.2407, 0.2477 -0.6121 2.2139, 0.2232 -0.5571 2.2813, 0.2191 -0.5286 2.2924, 0.2232 -0.3552 2.2813, 0.2296 -0.3307 2.2637, 0.2477 -0.3001 2.2139, 0.2379 -0.3119 2.2407, 0.3122 -0.6161 2.033, 0.3122 -0.2961 2.033, 0.313 -0.6161 2.0198, 0.313 -0.2961 2.0198, 0.3112 -0.6161 2.0068, 0.3112 -0.2961 2.0068, 0.1202 -0.6161 1.1794, 0.1774 -0.2961 1.4271, 0.1667 -0.2906 1.3808, 0.1566 -0.2743 1.3371, 0.1432 -0.2442 1.2786, 0.1331 -0.228 1.2349, 0.8837 -0.6599 0.9469, -0.7778 -0.6752 0.9449, -0.883 -0.6752 0.9449, -0.88 -0.69 0.9449, -0.7364 -0.7776 0.9449, -0.7364 -0.6791 0.9449, -0.7659 -0.7776 0.9449, -0.7659 -0.6791 0.9449, -0.7965 -0.7735 0.9449, -0.771 -0.6785 0.9449, -0.825 -0.7617 0.9449, -0.7758 -0.6765 0.9449, -0.8495 -0.743 0.9449, -0.8682 -0.7185 0.9449, -0.1204 -0.69 0.9449, -0.1174 -0.6752 0.9449, -0.2226 -0.6752 0.9449, -0.264 -0.6791 0.9449, -0.264 -0.7776 0.9449, -0.2344 -0.6791 0.9449, -0.2344 -0.7776 0.9449, -0.2301 -0.6786 0.9449, -0.2039 -0.7735 0.9449, -0.2259 -0.6772 0.9449, -0.1754 -0.7617 0.9449, -0.1509 -0.743 0.9449, -0.1322 -0.7185 0.9449, -0.7364 -0.6791 0.3543, -0.7364 -0.7776 0.3543, -0.7659 -0.6791 0.3543, -0.7659 -0.7776 0.3543, -0.771 -0.6785 0.3543, -0.7965 -0.7735 0.3543, -0.7758 -0.6765 0.3543, -0.825 -0.7617 0.3543, -0.7799 -0.6734 0.3543, -0.8495 -0.743 0.3543, -0.783 -0.6693 0.3543, -0.8682 -0.7185 0.3543, -0.785 -0.6645 0.3543, -0.88 -0.69 0.3543, -0.7856 -0.6594 0.3543, -0.8841 -0.6594 0.3543, -0.7856 -0.3406 0.3543, -0.8841 -0.3406 0.3543, -0.8841 -0.6161 1.1417, -0.8841 -0.2224 1.1417, -0.8841 -0.6161 1.0039, -0.8841 -0.6182 0.9887, -0.8841 -0.6241 0.9744, -0.8841 -0.2224 0.4724, -0.8841 -0.6334 0.9622, -0.8841 -0.6594 0.947, -0.8841 -0.6457 0.9528, -0.8841 -0.31 0.3584, -0.8841 -0.2265 0.4419, -0.8841 -0.2383 0.4134, -0.8841 -0.257 0.3889, -0.8841 -0.2815 0.3702, -0.8838 -0.6675 0.9454, -0.884 -0.6599 0.9469, -0.264 -0.7776 0.3543, -0.2344 -0.7776 0.3543, -0.6529 -0.7776 0.9795, -0.6774 -0.7776 0.3385, -0.6529 -0.7776 0.3197, -0.7058 -0.7776 0.9489, -0.6341 -0.7776 0.2953, -0.3821 -0.7776 0.1575, -0.3821 -0.7776 0.2362, -0.3781 -0.7776 0.2668, -0.6341 -0.7776 1.0039, -0.2945 -0.7776 0.9489, -0.6223 -0.7776 1.0324, -0.323 -0.7776 0.9607, -0.3475 -0.7776 0.9795, -0.6223 -0.7776 0.2668, -0.6183 -0.7776 0.2362, -0.6183 -0.7776 0.1575, -0.3663 -0.7776 1.0039, -0.3781 -0.7776 1.0324, -0.3821 -0.7776 1.063, -0.3663 -0.7776 0.2953, -0.3475 -0.7776 0.3197, -0.6774 -0.7776 0.9607, -0.323 -0.7776 0.3385, -0.2945 -0.7776 0.3503, -0.7058 -0.7776 0.3503, -0.5837 -0.7776 2.2981, -0.6025 -0.7776 2.2736, -0.3861 -0.7776 2.2451, -0.6143 -0.7776 2.2451, -0.3821 -0.7776 2.2146, -0.6183 -0.7776 2.2146, -0.6183 -0.7776 1.063, -0.4696 -0.7776 2.3287, -0.3979 -0.7776 2.2736, -0.4411 -0.7776 2.3169, -0.4167 -0.7776 2.2981, -0.5002 -0.7776 2.3327, -0.5308 -0.7776 2.3287, -0.5593 -0.7776 2.3169, -0.1204 -0.69 0.3543, -0.1322 -0.7185 0.3543, -0.1509 -0.743 0.3543, -0.1754 -0.7617 0.3543, -0.2039 -0.7735 0.3543, -0.1163 -0.6594 0.3543, -0.1163 -0.6594 0.947, -0.1163 -0.6599 0.9469, -0.1166 -0.6675 0.9454, -0.1163 -0.6161 1.1417, -0.1163 -0.6161 1.0039, -0.1163 -0.2224 1.1417, -0.1163 -0.6182 0.9887, -0.1163 -0.2224 0.4724, -0.1163 -0.3406 0.3543, -0.1163 -0.257 0.3889, -0.1163 -0.2383 0.4134, -0.1163 -0.6334 0.9622, -0.1163 -0.6457 0.9528, -0.1163 -0.31 0.3584, -0.1163 -0.2815 0.3702, -0.1163 -0.6241 0.9744, -0.1163 -0.2265 0.4419, -0.2238 -0.2224 1.1886, -0.1228 -0.2224 1.1886, -0.2165 -0.2224 1.1572, -0.1206 -0.2224 1.1794, -0.2148 -0.2224 1.1417, -0.2148 -0.2224 0.4724, -0.2148 -0.6161 1.0039, -0.2148 -0.6161 1.1417, -0.2148 -0.6334 0.9622, -0.2148 -0.6241 0.9744, -0.2148 -0.6182 0.9887, -0.2148 -0.6594 0.3543, -0.2148 -0.6594 0.947, -0.2148 -0.3406 0.3543, -0.2148 -0.6457 0.9528, -0.2148 -0.2383 0.4134, -0.2148 -0.257 0.3889, -0.2148 -0.2265 0.4419, -0.2148 -0.2815 0.3702, -0.2148 -0.31 0.3584, -0.2148 -0.6599 0.9469, -0.2153 -0.6638 0.3543, -0.2153 -0.6638 0.946, -0.2167 -0.668 0.3543, -0.2167 -0.668 0.9453, -0.2191 -0.6717 0.3543, -0.2191 -0.6717 0.945, -0.2222 -0.6748 0.3543, -0.2222 -0.6748 0.9449, -0.2344 -0.6791 0.3543, -0.2301 -0.6786 0.3543, -0.2259 -0.6772 0.3543, -0.6341 -0.6791 0.2953, -0.6529 -0.6791 0.3197, -0.7058 -0.6791 0.9489, -0.6774 -0.6791 0.3385, -0.3663 -0.6791 1.0039, -0.3475 -0.6791 0.9795, -0.6223 -0.6791 1.0324, -0.6223 -0.6791 0.2668, -0.3821 -0.6791 0.1575, -0.6183 -0.6791 0.2362, -0.6183 -0.6791 0.1575, -0.3663 -0.6791 0.2953, -0.3781 -0.6791 0.2668, -0.2945 -0.6791 0.9489, -0.3821 -0.6791 0.2362, -0.7058 -0.6791 0.3503, -0.6529 -0.6791 0.9795, -0.2945 -0.6791 0.3503, -0.6774 -0.6791 0.9607, -0.323 -0.6791 0.3385, -0.3475 -0.6791 0.3197, -0.6183 -0.6791 2.1704, -0.3821 -0.6791 2.1704, -0.6183 -0.6791 1.063, -0.3821 -0.6791 1.063, -0.3781 -0.6791 1.0324, -0.323 -0.6791 0.9607, -0.6341 -0.6791 1.0039, -0.264 -0.6791 0.3543, -0.783 -0.6693 0.9452, -0.7816 -0.6714 0.945, -0.7799 -0.6734 0.9449, -0.7856 -0.6594 0.947, -0.7856 -0.6599 0.9469, -0.785 -0.6645 0.9459, -0.7841 -0.667 0.9455, -0.7856 -0.6161 1.1417, -0.7856 -0.6161 1.0039, -0.7856 -0.2224 1.1417, -0.7856 -0.6182 0.9887, -0.7856 -0.2224 0.4724, -0.7856 -0.6241 0.9744, -0.7856 -0.6334 0.9622, -0.7856 -0.2265 0.4419, -0.7856 -0.6457 0.9528, -0.7856 -0.31 0.3584, -0.7856 -0.2815 0.3702, -0.7856 -0.257 0.3889, -0.7856 -0.2383 0.4134, -0.7839 -0.2224 1.1572, -0.8798 -0.2224 1.1794, -0.7766 -0.2224 1.1886, -0.8776 -0.2224 1.1886, -0.3821 -0.7796 0.1422, -0.6183 -0.7796 0.1422, -0.3821 -0.7855 0.128, -0.6183 -0.7855 0.128, -0.3821 -0.7949 0.1157, -0.6183 -0.7949 0.1157, -0.3821 -0.8071 0.1063, -0.6183 -0.8071 0.1063, -0.3821 -0.8213 0.1004, -0.6183 -0.8213 0.1004, -0.3821 -0.8366 0.0984, -0.6183 -0.8366 0.0984, -0.3821 -1.2598 0.0984, -0.6183 -1.2598 0.0984, -0.3861 -1.2904 0.0984, -0.6143 -1.2904 0.0984, -0.6025 -1.3189 0.0984, -0.5837 -1.3434 0.0984, -0.5593 -1.3621 0.0984, -0.5308 -1.3739 0.0984, -0.3979 -1.3189 0.0984, -0.4167 -1.3434 0.0984, -0.5002 -1.378 0.0984, -0.4696 -1.3739 0.0984, -0.4411 -1.3621 0.0984, -0.6183 -0.8366 0.0, -0.3821 -0.8366 0.0, -0.6183 -1.2598 0.0, -0.3821 -1.2598 0.0, -0.6143 -1.2904 0.0, -0.3861 -1.2904 0.0, -0.6025 -1.3189 0.0, -0.5837 -1.3434 0.0, -0.3979 -1.3189 0.0, -0.4167 -1.3434 0.0, -0.5308 -1.3739 0.0, -0.5593 -1.3621 0.0, -0.4411 -1.3621 0.0, -0.4696 -1.3739 0.0, -0.5002 -1.378 0.0, -0.6183 -0.7959 0.0054, -0.3821 -0.7959 0.0054, -0.6183 -0.7579 0.0211, -0.3821 -0.7579 0.0211, -0.6183 -0.7253 0.0461, -0.3821 -0.7253 0.0461, -0.6183 -0.7002 0.0787, -0.3821 -0.7002 0.0787, -0.6183 -0.6845 0.1167, -0.3821 -0.6845 0.1167, -0.3821 -0.6952 2.2146, -0.6183 -0.6952 2.2146, -0.6143 -0.7063 2.2451, -0.5721 -0.7293 2.3083, -0.4283 -0.7293 2.3083, -0.4167 -0.7256 2.2981, -0.6025 -0.7167 2.2736, -0.5837 -0.7256 2.2981, -0.4696 -0.7367 2.3287, -0.455 -0.7349 2.3237, -0.5308 -0.7367 2.3287, -0.3979 -0.7167 2.2736, -0.3861 -0.7063 2.2451, -0.4411 -0.7324 2.3169, -0.5593 -0.7324 2.3169, -0.5454 -0.7349 2.3237, -0.4848 -0.7378 2.3317, -0.5156 -0.7378 2.3317, -0.5002 -0.7382 2.3327, -0.4017 -0.6161 2.0795, -0.351 -0.6161 2.2188, -0.3106 -0.498 2.3298, -0.3406 -0.6121 2.2476, -0.3308 -0.6003 2.2743, -0.3225 -0.5815 2.2973, -0.316 -0.5571 2.315, -0.312 -0.5286 2.326, -0.4017 -0.2961 2.0795, -0.3106 -0.4142 2.3298, -0.351 -0.2961 2.2188, -0.312 -0.3836 2.326, -0.316 -0.3552 2.315, -0.3225 -0.3307 2.2973, -0.3308 -0.3119 2.2743, -0.3406 -0.3001 2.2476, -0.4098 -0.2961 2.0484, -0.4098 -0.6161 2.0484, -0.4117 -0.2961 2.0164, -0.4117 -0.6161 2.0164, -0.4075 -0.2961 1.9846, -0.4075 -0.6161 1.9846, -0.2165 -0.6161 1.1572, -0.2788 -0.2961 1.4271, -0.2681 -0.2906 1.3808, -0.258 -0.2743 1.3371, -0.2446 -0.2442 1.2786, -0.2345 -0.228 1.2349, -0.1206 -0.6161 1.1794, -0.3116 -0.2961 2.0068, -0.3116 -0.6161 2.0068, -0.1778 -0.2961 1.4271, -0.1671 -0.2906 1.3808, -0.157 -0.2743 1.3371, -0.1335 -0.228 1.2349, -0.1435 -0.2442 1.2786, -0.3134 -0.6161 2.0198, -0.3134 -0.2961 2.0198, -0.3126 -0.6161 2.033, -0.3126 -0.2961 2.033, -0.3093 -0.6161 2.0458, -0.3093 -0.2961 2.0458, -0.2585 -0.6161 2.1852, -0.2481 -0.6121 2.2139, -0.2481 -0.3001 2.2139, -0.2383 -0.3119 2.2407, -0.2585 -0.2961 2.1852, -0.23 -0.3307 2.2637, -0.2235 -0.3552 2.2813, -0.2195 -0.5286 2.2924, -0.2235 -0.5571 2.2813, -0.2195 -0.3836 2.2924, -0.2181 -0.4142 2.2962, -0.2181 -0.498 2.2962, -0.23 -0.5815 2.2637, -0.2383 -0.6003 2.2407, -0.7839 -0.6161 1.1572, -0.5928 -0.2961 1.9846, -0.5928 -0.6161 1.9846, -0.7216 -0.2961 1.4271, -0.7322 -0.2906 1.3808, -0.7423 -0.2743 1.3371, -0.7659 -0.228 1.2349, -0.7558 -0.2442 1.2786, -0.5887 -0.2961 2.0164, -0.5887 -0.6161 2.0164, -0.5906 -0.2961 2.0484, -0.5906 -0.6161 2.0484, -0.5987 -0.2961 2.0795, -0.5987 -0.6161 2.0795, -0.6494 -0.6161 2.2188, -0.6494 -0.2961 2.2188, -0.6898 -0.4142 2.3298, -0.6898 -0.498 2.3298, -0.6884 -0.5286 2.326, -0.6844 -0.5571 2.315, -0.6779 -0.5815 2.2973, -0.6696 -0.6003 2.2743, -0.6598 -0.6121 2.2476, -0.6696 -0.3119 2.2743, -0.6779 -0.3307 2.2973, -0.6598 -0.3001 2.2476, -0.6844 -0.3552 2.315, -0.6884 -0.3836 2.326, -0.7823 -0.4142 2.2962, -0.7823 -0.498 2.2962, -0.6911 -0.2961 2.0458, -0.6911 -0.6161 2.0458, -0.7419 -0.2961 2.1852, -0.7419 -0.6161 2.1852, -0.7704 -0.5815 2.2637, -0.7621 -0.6003 2.2407, -0.7523 -0.6121 2.2139, -0.7768 -0.5571 2.2813, -0.7809 -0.5286 2.2924, -0.7809 -0.3836 2.2924, -0.7768 -0.3552 2.2813, -0.7704 -0.3307 2.2637, -0.7621 -0.3119 2.2407, -0.7523 -0.3001 2.2139, -0.6878 -0.6161 2.033, -0.6878 -0.2961 2.033, -0.687 -0.6161 2.0198, -0.687 -0.2961 2.0198, -0.6888 -0.6161 2.0068, -0.6888 -0.2961 2.0068, -0.8798 -0.6161 1.1794, -0.8226 -0.2961 1.4271, -0.8333 -0.2906 1.3808, -0.8434 -0.2743 1.3371, -0.8568 -0.2442 1.2786, -0.8669 -0.228 1.2349, -0.1163 -0.6599 0.9469, -1.7778 -0.6752 0.9449, -1.883 -0.6752 0.9449, -1.88 -0.69 0.9449, -1.7364 -0.7776 0.9449, -1.7364 -0.6791 0.9449, -1.7659 -0.7776 0.9449, -1.7659 -0.6791 0.9449, -1.7965 -0.7735 0.9449, -1.771 -0.6785 0.9449, -1.825 -0.7617 0.9449, -1.7758 -0.6765 0.9449, -1.8495 -0.743 0.9449, -1.8682 -0.7185 0.9449, -1.1204 -0.69 0.9449, -1.1174 -0.6752 0.9449, -1.2226 -0.6752 0.9449, -1.1322 -0.7185 0.9449, -1.264 -0.6791 0.9449, -1.264 -0.7776 0.9449, -1.2344 -0.6791 0.9449, -1.2344 -0.7776 0.9449, -1.2301 -0.6786 0.9449, -1.2039 -0.7735 0.9449, -1.2259 -0.6772 0.9449, -1.1754 -0.7617 0.9449, -1.1509 -0.743 0.9449, -1.7364 -0.6791 0.3543, -1.7364 -0.7776 0.3543, -1.7659 -0.6791 0.3543, -1.7659 -0.7776 0.3543, -1.771 -0.6785 0.3543, -1.7965 -0.7735 0.3543, -1.7758 -0.6765 0.3543, -1.825 -0.7617 0.3543, -1.7799 -0.6734 0.3543, -1.8495 -0.743 0.3543, -1.783 -0.6693 0.3543, -1.8682 -0.7185 0.3543, -1.785 -0.6645 0.3543, -1.88 -0.69 0.3543, -1.7856 -0.6594 0.3543, -1.8841 -0.6594 0.3543, -1.7856 -0.3406 0.3543, -1.8841 -0.3406 0.3543, -1.8841 -0.6161 1.1417, -1.8841 -0.2224 1.1417, -1.8841 -0.6161 1.0039, -1.8841 -0.6182 0.9887, -1.8841 -0.6241 0.9744, -1.8841 -0.2224 0.4724, -1.8841 -0.6334 0.9622, -1.8841 -0.6594 0.947, -1.8841 -0.6457 0.9528, -1.8841 -0.31 0.3584, -1.8841 -0.2265 0.4419, -1.8841 -0.2383 0.4134, -1.8841 -0.257 0.3889, -1.8841 -0.2815 0.3702, -1.8838 -0.6675 0.9454, -1.884 -0.6599 0.9469, -1.3475 -0.7776 0.3197, -1.2344 -0.7776 0.3543, -1.2945 -0.7776 0.9489, -1.323 -0.7776 0.9607, -1.6529 -0.7776 0.3197, -1.6341 -0.7776 0.2953, -1.3781 -0.7776 0.2668, -1.6341 -0.7776 1.0039, -1.6529 -0.7776 0.9795, -1.264 -0.7776 0.3543, -1.2945 -0.7776 0.3503, -1.6183 -0.7776 1.063, -1.6223 -0.7776 1.0324, -1.3821 -0.7776 1.063, -1.3663 -0.7776 0.2953, -1.7058 -0.7776 0.3503, -1.6774 -0.7776 0.3385, -1.3475 -0.7776 0.9795, -1.3663 -0.7776 1.0039, -1.3781 -0.7776 1.0324, -1.6183 -0.7776 0.2362, -1.6183 -0.7776 0.1575, -1.3821 -0.7776 0.1575, -1.323 -0.7776 0.3385, -1.6774 -0.7776 0.9607, -1.7058 -0.7776 0.9489, -1.6223 -0.7776 0.2668, -1.3821 -0.7776 0.2362, -1.6183 -0.7776 2.2146, -1.3821 -0.7776 2.2146, -1.3861 -0.7776 2.2451, -1.5837 -0.7776 2.2981, -1.5593 -0.7776 2.3169, -1.5308 -0.7776 2.3287, -1.6025 -0.7776 2.2736, -1.6143 -0.7776 2.2451, -1.4167 -0.7776 2.2981, -1.4411 -0.7776 2.3169, -1.3979 -0.7776 2.2736, -1.4696 -0.7776 2.3287, -1.5002 -0.7776 2.3327, -1.1204 -0.69 0.3543, -1.1322 -0.7185 0.3543, -1.1509 -0.743 0.3543, -1.1754 -0.7617 0.3543, -1.2039 -0.7735 0.3543, -1.1163 -0.6594 0.3543, -1.1163 -0.6594 0.947, -1.1163 -0.6599 0.9469, -1.1166 -0.6675 0.9454, -1.1163 -0.6161 1.1417, -1.1163 -0.6161 1.0039, -1.1163 -0.2224 1.1417, -1.1163 -0.6182 0.9887, -1.1163 -0.2224 0.4724, -1.1163 -0.3406 0.3543, -1.1163 -0.257 0.3889, -1.1163 -0.2383 0.4134, -1.1163 -0.6334 0.9622, -1.1163 -0.6457 0.9528, -1.1163 -0.31 0.3584, -1.1163 -0.2815 0.3702, -1.1163 -0.6241 0.9744, -1.1163 -0.2265 0.4419, -1.2238 -0.2224 1.1886, -1.1228 -0.2224 1.1886, -1.2165 -0.2224 1.1572, -1.1206 -0.2224 1.1794, -1.2148 -0.2224 1.1417, -1.2148 -0.2224 0.4724, -1.2148 -0.6161 1.0039, -1.2148 -0.6161 1.1417, -1.2148 -0.6334 0.9622, -1.2148 -0.6241 0.9744, -1.2148 -0.6182 0.9887, -1.2148 -0.6594 0.3543, -1.2148 -0.6594 0.947, -1.2148 -0.3406 0.3543, -1.2148 -0.6457 0.9528, -1.2148 -0.2383 0.4134, -1.2148 -0.257 0.3889, -1.2148 -0.2265 0.4419, -1.2148 -0.2815 0.3702, -1.2148 -0.31 0.3584, -1.2148 -0.6599 0.9469, -1.2153 -0.6638 0.3543, -1.2153 -0.6638 0.946, -1.2167 -0.668 0.3543, -1.2167 -0.668 0.9453, -1.2191 -0.6717 0.3543, -1.2191 -0.6717 0.945, -1.2222 -0.6748 0.3543, -1.2222 -0.6748 0.9449, -1.2344 -0.6791 0.3543, -1.2301 -0.6786 0.3543, -1.2259 -0.6772 0.3543, -1.2945 -0.6791 0.3503, -1.6529 -0.6791 0.9795, -1.264 -0.6791 0.3543, -1.3781 -0.6791 1.0324, -1.6341 -0.6791 1.0039, -1.6223 -0.6791 0.2668, -1.6341 -0.6791 0.2953, -1.3663 -0.6791 0.2953, -1.3475 -0.6791 0.3197, -1.6774 -0.6791 0.9607, -1.7058 -0.6791 0.3503, -1.6774 -0.6791 0.3385, -1.2945 -0.6791 0.9489, -1.6529 -0.6791 0.3197, -1.323 -0.6791 0.3385, -1.6183 -0.6791 1.063, -1.6183 -0.6791 2.1704, -1.3821 -0.6791 2.1704, -1.3663 -0.6791 1.0039, -1.3475 -0.6791 0.9795, -1.323 -0.6791 0.9607, -1.6223 -0.6791 1.0324, -1.3821 -0.6791 1.063, -1.3821 -0.6791 0.2362, -1.3821 -0.6791 0.1575, -1.6183 -0.6791 0.1575, -1.3781 -0.6791 0.2668, -1.6183 -0.6791 0.2362, -1.7058 -0.6791 0.9489, -1.783 -0.6693 0.9452, -1.7816 -0.6714 0.945, -1.7799 -0.6734 0.9449, -1.7856 -0.6594 0.947, -1.7856 -0.6599 0.9469, -1.785 -0.6645 0.9459, -1.7841 -0.667 0.9455, -1.7856 -0.6161 1.1417, -1.7856 -0.6161 1.0039, -1.7856 -0.2224 1.1417, -1.7856 -0.6182 0.9887, -1.7856 -0.2224 0.4724, -1.7856 -0.6241 0.9744, -1.7856 -0.6334 0.9622, -1.7856 -0.2265 0.4419, -1.7856 -0.6457 0.9528, -1.7856 -0.31 0.3584, -1.7856 -0.2815 0.3702, -1.7856 -0.257 0.3889, -1.7856 -0.2383 0.4134, -1.7839 -0.2224 1.1572, -1.8798 -0.2224 1.1794, -1.7766 -0.2224 1.1886, -1.8776 -0.2224 1.1886, -1.3821 -0.7796 0.1422, -1.6183 -0.7796 0.1422, -1.3821 -0.7855 0.128, -1.6183 -0.7855 0.128, -1.3821 -0.7949 0.1157, -1.6183 -0.7949 0.1157, -1.3821 -0.8071 0.1063, -1.6183 -0.8071 0.1063, -1.3821 -0.8213 0.1004, -1.6183 -0.8213 0.1004, -1.3821 -0.8366 0.0984, -1.6183 -0.8366 0.0984, -1.3821 -1.2598 0.0984, -1.6183 -1.2598 0.0984, -1.3861 -1.2904 0.0984, -1.6143 -1.2904 0.0984, -1.6025 -1.3189 0.0984, -1.5837 -1.3434 0.0984, -1.5593 -1.3621 0.0984, -1.3979 -1.3189 0.0984, -1.5002 -1.378 0.0984, -1.4696 -1.3739 0.0984, -1.5308 -1.3739 0.0984, -1.4411 -1.3621 0.0984, -1.4167 -1.3434 0.0984, -1.6143 -1.2904 0.0, -1.6183 -1.2598 0.0, -1.3861 -1.2904 0.0, -1.6183 -0.8366 0.0, -1.3821 -0.8366 0.0, -1.3821 -1.2598 0.0, -1.5593 -1.3621 0.0, -1.3979 -1.3189 0.0, -1.5837 -1.3434 0.0, -1.6025 -1.3189 0.0, -1.4167 -1.3434 0.0, -1.4411 -1.3621 0.0, -1.5308 -1.3739 0.0, -1.4696 -1.3739 0.0, -1.5002 -1.378 0.0, -1.6183 -0.7959 0.0054, -1.3821 -0.7959 0.0054, -1.6183 -0.7579 0.0211, -1.3821 -0.7579 0.0211, -1.6183 -0.7253 0.0461, -1.3821 -0.7253 0.0461, -1.6183 -0.7002 0.0787, -1.3821 -0.7002 0.0787, -1.6183 -0.6845 0.1167, -1.3821 -0.6845 0.1167, -1.3821 -0.6952 2.2146, -1.6183 -0.6952 2.2146, -1.6143 -0.7063 2.2451, -1.4411 -0.7324 2.3169, -1.4283 -0.7293 2.3083, -1.5721 -0.7293 2.3083, -1.4167 -0.7256 2.2981, -1.6025 -0.7167 2.2736, -1.5837 -0.7256 2.2981, -1.3979 -0.7167 2.2736, -1.3861 -0.7063 2.2451, -1.5593 -0.7324 2.3169, -1.5454 -0.7349 2.3237, -1.455 -0.7349 2.3237, -1.5308 -0.7367 2.3287, -1.4696 -0.7367 2.3287, -1.4848 -0.7378 2.3317, -1.5156 -0.7378 2.3317, -1.5002 -0.7382 2.3327, -1.4017 -0.6161 2.0795, -1.3106 -0.498 2.3298, -1.4017 -0.2961 2.0795, -1.3106 -0.4142 2.3298, -1.351 -0.2961 2.2188, -1.312 -0.3836 2.326, -1.316 -0.3552 2.315, -1.351 -0.6161 2.2188, -1.3406 -0.6121 2.2476, -1.3308 -0.6003 2.2743, -1.3225 -0.3307 2.2973, -1.3308 -0.3119 2.2743, -1.3406 -0.3001 2.2476, -1.3225 -0.5815 2.2973, -1.316 -0.5571 2.315, -1.312 -0.5286 2.326, -1.4098 -0.2961 2.0484, -1.4098 -0.6161 2.0484, -1.4117 -0.2961 2.0164, -1.4117 -0.6161 2.0164, -1.4075 -0.2961 1.9846, -1.4075 -0.6161 1.9846, -1.2165 -0.6161 1.1572, -1.2788 -0.2961 1.4271, -1.2681 -0.2906 1.3808, -1.258 -0.2743 1.3371, -1.2446 -0.2442 1.2786, -1.2345 -0.228 1.2349, -1.1206 -0.6161 1.1794, -1.3116 -0.2961 2.0068, -1.3116 -0.6161 2.0068, -1.1778 -0.2961 1.4271, -1.1671 -0.2906 1.3808, -1.157 -0.2743 1.3371, -1.1335 -0.228 1.2349, -1.1435 -0.2442 1.2786, -1.3134 -0.6161 2.0198, -1.3134 -0.2961 2.0198, -1.3126 -0.6161 2.033, -1.3126 -0.2961 2.033, -1.3093 -0.6161 2.0458, -1.3093 -0.2961 2.0458, -1.2585 -0.6161 2.1852, -1.2481 -0.6121 2.2139, -1.2481 -0.3001 2.2139, -1.2383 -0.3119 2.2407, -1.2585 -0.2961 2.1852, -1.23 -0.3307 2.2637, -1.2235 -0.3552 2.2813, -1.2195 -0.5286 2.2924, -1.2235 -0.5571 2.2813, -1.2195 -0.3836 2.2924, -1.2181 -0.4142 2.2962, -1.2181 -0.498 2.2962, -1.23 -0.5815 2.2637, -1.2383 -0.6003 2.2407, -1.7839 -0.6161 1.1572, -1.5928 -0.2961 1.9846, -1.5928 -0.6161 1.9846, -1.7216 -0.2961 1.4271, -1.7322 -0.2906 1.3808, -1.7423 -0.2743 1.3371, -1.7659 -0.228 1.2349, -1.7558 -0.2442 1.2786, -1.5887 -0.2961 2.0164, -1.5887 -0.6161 2.0164, -1.5906 -0.2961 2.0484, -1.5906 -0.6161 2.0484, -1.5987 -0.2961 2.0795, -1.5987 -0.6161 2.0795, -1.6494 -0.6161 2.2188, -1.6494 -0.2961 2.2188, -1.6898 -0.4142 2.3298, -1.6898 -0.498 2.3298, -1.6884 -0.5286 2.326, -1.6844 -0.5571 2.315, -1.6779 -0.5815 2.2973, -1.6598 -0.6121 2.2476, -1.6696 -0.6003 2.2743, -1.6696 -0.3119 2.2743, -1.6779 -0.3307 2.2973, -1.6598 -0.3001 2.2476, -1.6844 -0.3552 2.315, -1.6884 -0.3836 2.326, -1.7823 -0.4142 2.2962, -1.7823 -0.498 2.2962, -1.6911 -0.2961 2.0458, -1.6911 -0.6161 2.0458, -1.7419 -0.2961 2.1852, -1.7419 -0.6161 2.1852, -1.7768 -0.5571 2.2813, -1.7704 -0.5815 2.2637, -1.7523 -0.6121 2.2139, -1.7621 -0.6003 2.2407, -1.7809 -0.5286 2.2924, -1.7809 -0.3836 2.2924, -1.7768 -0.3552 2.2813, -1.7704 -0.3307 2.2637, -1.7523 -0.3001 2.2139, -1.7621 -0.3119 2.2407, -1.6878 -0.6161 2.033, -1.6878 -0.2961 2.033, -1.687 -0.6161 2.0198, -1.687 -0.2961 2.0198, -1.6888 -0.6161 2.0068, -1.6888 -0.2961 2.0068, -1.8798 -0.6161 1.1794, -1.8226 -0.2961 1.4271, -1.8333 -0.2906 1.3808, -1.8434 -0.2743 1.3371, -1.8568 -0.2442 1.2786, -1.8669 -0.228 1.2349, -1.1163 -0.6599 0.9469, -2.7778 -0.6752 0.9449, -2.883 -0.6752 0.9449, -2.88 -0.69 0.9449, -2.7364 -0.7776 0.9449, -2.7364 -0.6791 0.9449, -2.7659 -0.7776 0.9449, -2.7659 -0.6791 0.9449, -2.7965 -0.7735 0.9449, -2.771 -0.6785 0.9449, -2.825 -0.7617 0.9449, -2.7758 -0.6765 0.9449, -2.8495 -0.743 0.9449, -2.8682 -0.7185 0.9449, -2.1204 -0.69 0.9449, -2.1174 -0.6752 0.9449, -2.2226 -0.6752 0.9449, -2.1322 -0.7185 0.9449, -2.264 -0.6791 0.9449, -2.264 -0.7776 0.9449, -2.2344 -0.6791 0.9449, -2.2344 -0.7776 0.9449, -2.2301 -0.6786 0.9449, -2.2039 -0.7735 0.9449, -2.2259 -0.6772 0.9449, -2.1754 -0.7617 0.9449, -2.1509 -0.743 0.9449, -2.7364 -0.6791 0.3543, -2.7364 -0.7776 0.3543, -2.7659 -0.6791 0.3543, -2.7659 -0.7776 0.3543, -2.771 -0.6785 0.3543, -2.7965 -0.7735 0.3543, -2.7758 -0.6765 0.3543, -2.825 -0.7617 0.3543, -2.7799 -0.6734 0.3543, -2.8495 -0.743 0.3543, -2.783 -0.6693 0.3543, -2.8682 -0.7185 0.3543, -2.785 -0.6645 0.3543, -2.88 -0.69 0.3543, -2.7856 -0.6594 0.3543, -2.8841 -0.6594 0.3543, -2.7856 -0.3406 0.3543, -2.8841 -0.3406 0.3543, -2.8841 -0.6161 1.1417, -2.8841 -0.2224 1.1417, -2.8841 -0.6161 1.0039, -2.8841 -0.6182 0.9887, -2.8841 -0.6241 0.9744, -2.8841 -0.2224 0.4724, -2.8841 -0.6334 0.9622, -2.8841 -0.6594 0.947, -2.8841 -0.6457 0.9528, -2.8841 -0.31 0.3584, -2.8841 -0.2265 0.4419, -2.8841 -0.2383 0.4134, -2.8841 -0.257 0.3889, -2.8841 -0.2815 0.3702, -2.8838 -0.6675 0.9454, -2.884 -0.6599 0.9469, -2.323 -0.7776 0.9607, -2.3475 -0.7776 0.9795, -2.6529 -0.7776 0.9795, -2.3663 -0.7776 1.0039, -2.6341 -0.7776 1.0039, -2.3663 -0.7776 0.2953, -2.3475 -0.7776 0.3197, -2.6341 -0.7776 0.2953, -2.2945 -0.7776 0.9489, -2.2344 -0.7776 0.3543, -2.6183 -0.7776 1.063, -2.6223 -0.7776 1.0324, -2.3821 -0.7776 1.063, -2.6774 -0.7776 0.9607, -2.7058 -0.7776 0.3503, -2.6774 -0.7776 0.3385, -2.6529 -0.7776 0.3197, -2.3781 -0.7776 0.2668, -2.264 -0.7776 0.3543, -2.2945 -0.7776 0.3503, -2.323 -0.7776 0.3385, -2.3781 -0.7776 1.0324, -2.7058 -0.7776 0.9489, -2.6183 -0.7776 0.2362, -2.6183 -0.7776 0.1575, -2.3821 -0.7776 0.1575, -2.6183 -0.7776 2.2146, -2.3821 -0.7776 2.2146, -2.3861 -0.7776 2.2451, -2.6223 -0.7776 0.2668, -2.3821 -0.7776 0.2362, -2.5593 -0.7776 2.3169, -2.5837 -0.7776 2.2981, -2.6025 -0.7776 2.2736, -2.6143 -0.7776 2.2451, -2.5308 -0.7776 2.3287, -2.3979 -0.7776 2.2736, -2.4167 -0.7776 2.2981, -2.4411 -0.7776 2.3169, -2.4696 -0.7776 2.3287, -2.5002 -0.7776 2.3327, -2.1204 -0.69 0.3543, -2.1322 -0.7185 0.3543, -2.1509 -0.743 0.3543, -2.1754 -0.7617 0.3543, -2.2039 -0.7735 0.3543, -2.1163 -0.6594 0.3543, -2.1163 -0.6594 0.947, -2.1163 -0.6599 0.9469, -2.1166 -0.6675 0.9454, -2.1163 -0.6161 1.1417, -2.1163 -0.6161 1.0039, -2.1163 -0.2224 1.1417, -2.1163 -0.6182 0.9887, -2.1163 -0.2224 0.4724, -2.1163 -0.3406 0.3543, -2.1163 -0.257 0.3889, -2.1163 -0.2383 0.4134, -2.1163 -0.6334 0.9622, -2.1163 -0.6457 0.9528, -2.1163 -0.31 0.3584, -2.1163 -0.2815 0.3702, -2.1163 -0.6241 0.9744, -2.1163 -0.2265 0.4419, -2.2238 -0.2224 1.1886, -2.1228 -0.2224 1.1886, -2.2165 -0.2224 1.1572, -2.1206 -0.2224 1.1794, -2.2148 -0.2224 1.1417, -2.2148 -0.2224 0.4724, -2.2148 -0.6161 1.0039, -2.2148 -0.6161 1.1417, -2.2148 -0.6334 0.9622, -2.2148 -0.6241 0.9744, -2.2148 -0.6182 0.9887, -2.2148 -0.6594 0.3543, -2.2148 -0.6594 0.947, -2.2148 -0.3406 0.3543, -2.2148 -0.6457 0.9528, -2.2148 -0.2383 0.4134, -2.2148 -0.257 0.3889, -2.2148 -0.2265 0.4419, -2.2148 -0.2815 0.3702, -2.2148 -0.31 0.3584, -2.2148 -0.6599 0.9469, -2.2153 -0.6638 0.3543, -2.2153 -0.6638 0.946, -2.2167 -0.668 0.3543, -2.2167 -0.668 0.9453, -2.2191 -0.6717 0.3543, -2.2191 -0.6717 0.945, -2.2222 -0.6748 0.3543, -2.2222 -0.6748 0.9449, -2.2344 -0.6791 0.3543, -2.2301 -0.6786 0.3543, -2.2259 -0.6772 0.3543, -2.2945 -0.6791 0.3503, -2.3475 -0.6791 0.9795, -2.323 -0.6791 0.9607, -2.7058 -0.6791 0.9489, -2.6341 -0.6791 0.2953, -2.323 -0.6791 0.3385, -2.3475 -0.6791 0.3197, -2.3663 -0.6791 0.2953, -2.6223 -0.6791 0.2668, -2.6774 -0.6791 0.3385, -2.7058 -0.6791 0.3503, -2.6529 -0.6791 0.3197, -2.6774 -0.6791 0.9607, -2.2945 -0.6791 0.9489, -2.264 -0.6791 0.3543, -2.6183 -0.6791 1.063, -2.6183 -0.6791 2.1704, -2.3821 -0.6791 2.1704, -2.6529 -0.6791 0.9795, -2.6341 -0.6791 1.0039, -2.3663 -0.6791 1.0039, -2.6223 -0.6791 1.0324, -2.3781 -0.6791 1.0324, -2.3821 -0.6791 1.063, -2.3821 -0.6791 0.2362, -2.3821 -0.6791 0.1575, -2.6183 -0.6791 0.1575, -2.3781 -0.6791 0.2668, -2.6183 -0.6791 0.2362, -2.783 -0.6693 0.9452, -2.7816 -0.6714 0.945, -2.7799 -0.6734 0.9449, -2.7856 -0.6594 0.947, -2.7856 -0.6599 0.9469, -2.785 -0.6645 0.9459, -2.7841 -0.667 0.9455, -2.7856 -0.6161 1.1417, -2.7856 -0.6161 1.0039, -2.7856 -0.2224 1.1417, -2.7856 -0.6182 0.9887, -2.7856 -0.2224 0.4724, -2.7856 -0.6241 0.9744, -2.7856 -0.6334 0.9622, -2.7856 -0.2265 0.4419, -2.7856 -0.6457 0.9528, -2.7856 -0.31 0.3584, -2.7856 -0.2815 0.3702, -2.7856 -0.257 0.3889, -2.7856 -0.2383 0.4134, -2.7839 -0.2224 1.1572, -2.8798 -0.2224 1.1794, -2.7766 -0.2224 1.1886, -2.8776 -0.2224 1.1886, -2.3821 -0.7796 0.1422, -2.6183 -0.7796 0.1422, -2.3821 -0.7855 0.128, -2.6183 -0.7855 0.128, -2.3821 -0.7949 0.1157, -2.6183 -0.7949 0.1157, -2.3821 -0.8071 0.1063, -2.6183 -0.8071 0.1063, -2.3821 -0.8213 0.1004, -2.6183 -0.8213 0.1004, -2.3821 -0.8366 0.0984, -2.6183 -0.8366 0.0984, -2.3821 -1.2598 0.0984, -2.6183 -1.2598 0.0984, -2.3861 -1.2904 0.0984, -2.3979 -1.3189 0.0984, -2.6143 -1.2904 0.0984, -2.4411 -1.3621 0.0984, -2.4167 -1.3434 0.0984, -2.6025 -1.3189 0.0984, -2.5837 -1.3434 0.0984, -2.5593 -1.3621 0.0984, -2.5308 -1.3739 0.0984, -2.5002 -1.378 0.0984, -2.4696 -1.3739 0.0984, -2.6183 -1.2598 0.0, -2.6183 -0.8366 0.0, -2.3821 -0.8366 0.0, -2.4167 -1.3434 0.0, -2.4411 -1.3621 0.0, -2.6143 -1.2904 0.0, -2.3821 -1.2598 0.0, -2.3861 -1.2904 0.0, -2.3979 -1.3189 0.0, -2.4696 -1.3739 0.0, -2.5002 -1.378 0.0, -2.5308 -1.3739 0.0, -2.5593 -1.3621 0.0, -2.5837 -1.3434 0.0, -2.6025 -1.3189 0.0, -2.6183 -0.7959 0.0054, -2.3821 -0.7959 0.0054, -2.6183 -0.7579 0.0211, -2.3821 -0.7579 0.0211, -2.6183 -0.7253 0.0461, -2.3821 -0.7253 0.0461, -2.6183 -0.7002 0.0787, -2.3821 -0.7002 0.0787, -2.6183 -0.6845 0.1167, -2.3821 -0.6845 0.1167, -2.3821 -0.6952 2.2146, -2.6183 -0.6952 2.2146, -2.6143 -0.7063 2.2451, -2.4411 -0.7324 2.3169, -2.4283 -0.7293 2.3083, -2.5721 -0.7293 2.3083, -2.4167 -0.7256 2.2981, -2.6025 -0.7167 2.2736, -2.5837 -0.7256 2.2981, -2.3979 -0.7167 2.2736, -2.3861 -0.7063 2.2451, -2.5593 -0.7324 2.3169, -2.5454 -0.7349 2.3237, -2.455 -0.7349 2.3237, -2.5308 -0.7367 2.3287, -2.4696 -0.7367 2.3287, -2.4848 -0.7378 2.3317, -2.5156 -0.7378 2.3317, -2.5002 -0.7382 2.3327, -2.351 -0.2961 2.2188, -2.4017 -0.2961 2.0795, -2.4017 -0.6161 2.0795, -2.3406 -0.3001 2.2476, -2.3406 -0.6121 2.2476, -2.3308 -0.6003 2.2743, -2.351 -0.6161 2.2188, -2.3225 -0.5815 2.2973, -2.316 -0.5571 2.315, -2.312 -0.3836 2.326, -2.316 -0.3552 2.315, -2.312 -0.5286 2.326, -2.3106 -0.498 2.3298, -2.3106 -0.4142 2.3298, -2.3225 -0.3307 2.2973, -2.3308 -0.3119 2.2743, -2.4098 -0.2961 2.0484, -2.4098 -0.6161 2.0484, -2.4117 -0.2961 2.0164, -2.4117 -0.6161 2.0164, -2.4075 -0.2961 1.9846, -2.4075 -0.6161 1.9846, -2.2165 -0.6161 1.1572, -2.2788 -0.2961 1.4271, -2.2681 -0.2906 1.3808, -2.2581 -0.2743 1.3371, -2.2446 -0.2442 1.2786, -2.2345 -0.228 1.2349, -2.1206 -0.6161 1.1794, -2.3116 -0.2961 2.0068, -2.3116 -0.6161 2.0068, -2.1778 -0.2961 1.4271, -2.1671 -0.2906 1.3808, -2.157 -0.2743 1.3371, -2.1335 -0.228 1.2349, -2.1435 -0.2442 1.2786, -2.3134 -0.6161 2.0198, -2.3134 -0.2961 2.0198, -2.3126 -0.6161 2.033, -2.3126 -0.2961 2.033, -2.3093 -0.6161 2.0458, -2.3093 -0.2961 2.0458, -2.2585 -0.2961 2.1852, -2.2481 -0.3001 2.2139, -2.2235 -0.3552 2.2813, -2.2383 -0.3119 2.2407, -2.23 -0.3307 2.2637, -2.2195 -0.3836 2.2924, -2.2181 -0.4142 2.2962, -2.2181 -0.498 2.2962, -2.2195 -0.5286 2.2924, -2.2235 -0.5571 2.2813, -2.23 -0.5815 2.2637, -2.2383 -0.6003 2.2407, -2.2481 -0.6121 2.2139, -2.2585 -0.6161 2.1852, -2.7839 -0.6161 1.1572, -2.5928 -0.2961 1.9846, -2.5928 -0.6161 1.9846, -2.7216 -0.2961 1.4271, -2.7322 -0.2906 1.3808, -2.7423 -0.2743 1.3371, -2.7659 -0.228 1.2349, -2.7558 -0.2442 1.2786, -2.5887 -0.2961 2.0164, -2.5887 -0.6161 2.0164, -2.5906 -0.2961 2.0484, -2.5906 -0.6161 2.0484, -2.5987 -0.2961 2.0795, -2.5987 -0.6161 2.0795, -2.6494 -0.6161 2.2188, -2.6494 -0.2961 2.2188, -2.6898 -0.4142 2.3298, -2.6898 -0.498 2.3298, -2.6884 -0.5286 2.326, -2.6844 -0.5571 2.315, -2.6779 -0.5815 2.2973, -2.6598 -0.6121 2.2476, -2.6696 -0.6003 2.2743, -2.6696 -0.3119 2.2743, -2.6779 -0.3307 2.2973, -2.6598 -0.3001 2.2476, -2.6844 -0.3552 2.315, -2.6884 -0.3836 2.326, -2.7823 -0.4142 2.2962, -2.7823 -0.498 2.2962, -2.6911 -0.2961 2.0458, -2.6911 -0.6161 2.0458, -2.7419 -0.2961 2.1852, -2.7419 -0.6161 2.1852, -2.7768 -0.5571 2.2813, -2.7704 -0.5815 2.2637, -2.7523 -0.6121 2.2139, -2.7621 -0.6003 2.2407, -2.7809 -0.5286 2.2924, -2.7809 -0.3836 2.2924, -2.7768 -0.3552 2.2813, -2.7704 -0.3307 2.2637, -2.7523 -0.3001 2.2139, -2.7621 -0.3119 2.2407, -2.6878 -0.6161 2.033, -2.6878 -0.2961 2.033, -2.687 -0.6161 2.0198, -2.687 -0.2961 2.0198, -2.6888 -0.6161 2.0068, -2.6888 -0.2961 2.0068, -2.8798 -0.6161 1.1794, -2.8226 -0.2961 1.4271, -2.8333 -0.2906 1.3808, -2.8434 -0.2743 1.3371, -2.8568 -0.2442 1.2786, -2.8669 -0.228 1.2349, -2.1163 -0.6599 0.9469, -3.7778 -0.6752 0.9449, -3.883 -0.6752 0.9449, -3.88 -0.69 0.9449, -3.7364 -0.7776 0.9449, -3.7364 -0.6791 0.9449, -3.7659 -0.7776 0.9449, -3.7659 -0.6791 0.9449, -3.7965 -0.7735 0.9449, -3.771 -0.6785 0.9449, -3.825 -0.7617 0.9449, -3.7758 -0.6765 0.9449, -3.8495 -0.743 0.9449, -3.8682 -0.7185 0.9449, -3.1204 -0.69 0.9449, -3.1174 -0.6752 0.9449, -3.2226 -0.6752 0.9449, -3.264 -0.6791 0.9449, -3.264 -0.7776 0.9449, -3.2344 -0.6791 0.9449, -3.2344 -0.7776 0.9449, -3.2301 -0.6786 0.9449, -3.2039 -0.7735 0.9449, -3.2259 -0.6772 0.9449, -3.1754 -0.7617 0.9449, -3.1509 -0.743 0.9449, -3.1322 -0.7185 0.9449, -3.7364 -0.6791 0.3543, -3.7364 -0.7776 0.3543, -3.7659 -0.6791 0.3543, -3.7659 -0.7776 0.3543, -3.771 -0.6785 0.3543, -3.7965 -0.7735 0.3543, -3.7758 -0.6765 0.3543, -3.825 -0.7617 0.3543, -3.7799 -0.6734 0.3543, -3.8495 -0.743 0.3543, -3.783 -0.6693 0.3543, -3.8682 -0.7185 0.3543, -3.785 -0.6645 0.3543, -3.88 -0.69 0.3543, -3.7856 -0.6594 0.3543, -3.8841 -0.6594 0.3543, -3.7856 -0.3406 0.3543, -3.8841 -0.3406 0.3543, -3.8841 -0.6161 1.1417, -3.8841 -0.2224 1.1417, -3.8841 -0.6161 1.0039, -3.8841 -0.6182 0.9887, -3.8841 -0.6241 0.9744, -3.8841 -0.2224 0.4724, -3.8841 -0.6334 0.9622, -3.8841 -0.6594 0.947, -3.8841 -0.6457 0.9528, -3.8841 -0.31 0.3584, -3.8841 -0.2265 0.4419, -3.8841 -0.2383 0.4134, -3.8841 -0.257 0.3889, -3.8841 -0.2815 0.3702, -3.8838 -0.6675 0.9454, -3.884 -0.6599 0.9469, -3.7058 -0.7776 0.3503, -3.6774 -0.7776 0.3385, -3.3781 -0.7776 0.2668, -3.6529 -0.7776 0.3197, -3.6341 -0.7776 0.2953, -3.6341 -0.7776 1.0039, -3.2945 -0.7776 0.9489, -3.6223 -0.7776 1.0324, -3.323 -0.7776 0.9607, -3.3475 -0.7776 0.9795, -3.3663 -0.7776 1.0039, -3.3781 -0.7776 1.0324, -3.3821 -0.7776 1.063, -3.2344 -0.7776 0.3543, -3.6529 -0.7776 0.9795, -3.264 -0.7776 0.3543, -3.2945 -0.7776 0.3503, -3.6183 -0.7776 0.2362, -3.6183 -0.7776 0.1575, -3.3821 -0.7776 0.1575, -3.323 -0.7776 0.3385, -3.6774 -0.7776 0.9607, -3.3475 -0.7776 0.3197, -3.7058 -0.7776 0.9489, -3.3663 -0.7776 0.2953, -3.6223 -0.7776 0.2668, -3.3821 -0.7776 0.2362, -3.6025 -0.7776 2.2736, -3.6143 -0.7776 2.2451, -3.3821 -0.7776 2.2146, -3.6183 -0.7776 2.2146, -3.6183 -0.7776 1.063, -3.3861 -0.7776 2.2451, -3.3979 -0.7776 2.2736, -3.4167 -0.7776 2.2981, -3.4411 -0.7776 2.3169, -3.4696 -0.7776 2.3287, -3.5002 -0.7776 2.3327, -3.5308 -0.7776 2.3287, -3.5593 -0.7776 2.3169, -3.5837 -0.7776 2.2981, -3.1204 -0.69 0.3543, -3.1322 -0.7185 0.3543, -3.1509 -0.743 0.3543, -3.1754 -0.7617 0.3543, -3.2039 -0.7735 0.3543, -3.1163 -0.6594 0.3543, -3.1163 -0.6594 0.947, -3.1163 -0.6599 0.9469, -3.1166 -0.6675 0.9454, -3.1163 -0.6161 1.1417, -3.1163 -0.6161 1.0039, -3.1163 -0.2224 1.1417, -3.1163 -0.6182 0.9887, -3.1163 -0.2224 0.4724, -3.1163 -0.3406 0.3543, -3.1163 -0.257 0.3889, -3.1163 -0.2383 0.4134, -3.1163 -0.6334 0.9622, -3.1163 -0.6457 0.9528, -3.1163 -0.31 0.3584, -3.1163 -0.2815 0.3702, -3.1163 -0.6241 0.9744, -3.1163 -0.2265 0.4419, -3.2238 -0.2224 1.1886, -3.1228 -0.2224 1.1886, -3.2165 -0.2224 1.1572, -3.1206 -0.2224 1.1794, -3.2148 -0.2224 1.1417, -3.2148 -0.2224 0.4724, -3.2148 -0.6161 1.0039, -3.2148 -0.6161 1.1417, -3.2148 -0.6334 0.9622, -3.2148 -0.6241 0.9744, -3.2148 -0.6182 0.9887, -3.2148 -0.6594 0.3543, -3.2148 -0.6594 0.947, -3.2148 -0.3406 0.3543, -3.2148 -0.6457 0.9528, -3.2148 -0.2383 0.4134, -3.2148 -0.257 0.3889, -3.2148 -0.2265 0.4419, -3.2148 -0.2815 0.3702, -3.2148 -0.31 0.3584, -3.2148 -0.6599 0.9469, -3.2153 -0.6638 0.3543, -3.2153 -0.6638 0.946, -3.2167 -0.668 0.3543, -3.2167 -0.668 0.9453, -3.2191 -0.6717 0.3543, -3.2191 -0.6717 0.945, -3.2222 -0.6748 0.3543, -3.2222 -0.6748 0.9449, -3.2344 -0.6791 0.3543, -3.2301 -0.6786 0.3543, -3.2259 -0.6772 0.3543, -3.6529 -0.6791 0.3197, -3.3663 -0.6791 1.0039, -3.3475 -0.6791 0.9795, -3.6223 -0.6791 1.0324, -3.2945 -0.6791 0.3503, -3.6223 -0.6791 0.2668, -3.6341 -0.6791 0.2953, -3.323 -0.6791 0.9607, -3.2945 -0.6791 0.9489, -3.6341 -0.6791 1.0039, -3.6529 -0.6791 0.9795, -3.6183 -0.6791 2.1704, -3.3821 -0.6791 2.1704, -3.6183 -0.6791 1.063, -3.3821 -0.6791 1.063, -3.3781 -0.6791 1.0324, -3.323 -0.6791 0.3385, -3.3475 -0.6791 0.3197, -3.3663 -0.6791 0.2953, -3.6774 -0.6791 0.3385, -3.7058 -0.6791 0.3503, -3.6774 -0.6791 0.9607, -3.3821 -0.6791 0.2362, -3.3821 -0.6791 0.1575, -3.6183 -0.6791 0.1575, -3.3781 -0.6791 0.2668, -3.6183 -0.6791 0.2362, -3.264 -0.6791 0.3543, -3.7058 -0.6791 0.9489, -3.783 -0.6693 0.9452, -3.7816 -0.6714 0.945, -3.7799 -0.6734 0.9449, -3.7856 -0.6594 0.947, -3.7856 -0.6599 0.9469, -3.785 -0.6645 0.9459, -3.7841 -0.667 0.9455, -3.7856 -0.6161 1.1417, -3.7856 -0.6161 1.0039, -3.7856 -0.2224 1.1417, -3.7856 -0.6182 0.9887, -3.7856 -0.2224 0.4724, -3.7856 -0.6241 0.9744, -3.7856 -0.6334 0.9622, -3.7856 -0.2265 0.4419, -3.7856 -0.6457 0.9528, -3.7856 -0.31 0.3584, -3.7856 -0.2815 0.3702, -3.7856 -0.257 0.3889, -3.7856 -0.2383 0.4134, -3.7839 -0.2224 1.1572, -3.8798 -0.2224 1.1794, -3.7766 -0.2224 1.1886, -3.8776 -0.2224 1.1886, -3.3821 -0.7796 0.1422, -3.6183 -0.7796 0.1422, -3.3821 -0.7855 0.128, -3.6183 -0.7855 0.128, -3.3821 -0.7949 0.1157, -3.6183 -0.7949 0.1157, -3.3821 -0.8071 0.1063, -3.6183 -0.8071 0.1063, -3.3821 -0.8213 0.1004, -3.6183 -0.8213 0.1004, -3.3821 -0.8366 0.0984, -3.6183 -0.8366 0.0984, -3.3821 -1.2598 0.0984, -3.6183 -1.2598 0.0984, -3.4167 -1.3434 0.0984, -3.3979 -1.3189 0.0984, -3.6025 -1.3189 0.0984, -3.6143 -1.2904 0.0984, -3.3861 -1.2904 0.0984, -3.5002 -1.378 0.0984, -3.4696 -1.3739 0.0984, -3.5308 -1.3739 0.0984, -3.4411 -1.3621 0.0984, -3.5593 -1.3621 0.0984, -3.5837 -1.3434 0.0984, -3.6183 -0.8366 0.0, -3.3821 -0.8366 0.0, -3.6183 -1.2598 0.0, -3.3821 -1.2598 0.0, -3.6143 -1.2904 0.0, -3.6025 -1.3189 0.0, -3.3861 -1.2904 0.0, -3.3979 -1.3189 0.0, -3.5593 -1.3621 0.0, -3.4411 -1.3621 0.0, -3.5308 -1.3739 0.0, -3.4696 -1.3739 0.0, -3.5002 -1.378 0.0, -3.4167 -1.3434 0.0, -3.5837 -1.3434 0.0, -3.6183 -0.7959 0.0054, -3.3821 -0.7959 0.0054, -3.6183 -0.7579 0.0211, -3.3821 -0.7579 0.0211, -3.6183 -0.7253 0.0461, -3.3821 -0.7253 0.0461, -3.6183 -0.7002 0.0787, -3.3821 -0.7002 0.0787, -3.6183 -0.6845 0.1167, -3.3821 -0.6845 0.1167, -3.3821 -0.6952 2.2146, -3.6183 -0.6952 2.2146, -3.6025 -0.7167 2.2736, -3.5837 -0.7256 2.2981, -3.4283 -0.7293 2.3083, -3.4167 -0.7256 2.2981, -3.3979 -0.7167 2.2736, -3.3861 -0.7063 2.2451, -3.6143 -0.7063 2.2451, -3.5721 -0.7293 2.3083, -3.5593 -0.7324 2.3169, -3.4411 -0.7324 2.3169, -3.5454 -0.7349 2.3237, -3.455 -0.7349 2.3237, -3.4696 -0.7367 2.3287, -3.5308 -0.7367 2.3287, -3.5156 -0.7378 2.3317, -3.4848 -0.7378 2.3317, -3.5002 -0.7382 2.3327, -3.4017 -0.2961 2.0795, -3.4017 -0.6161 2.0795, -3.351 -0.2961 2.2188, -3.351 -0.6161 2.2188, -3.312 -0.5286 2.326, -3.3106 -0.498 2.3298, -3.312 -0.3836 2.326, -3.316 -0.3552 2.315, -3.3308 -0.6003 2.2743, -3.3225 -0.5815 2.2973, -3.316 -0.5571 2.315, -3.3106 -0.4142 2.3298, -3.3225 -0.3307 2.2973, -3.3308 -0.3119 2.2743, -3.3406 -0.3001 2.2476, -3.3406 -0.6121 2.2476, -3.4098 -0.2961 2.0484, -3.4098 -0.6161 2.0484, -3.4117 -0.2961 2.0164, -3.4117 -0.6161 2.0164, -3.4075 -0.2961 1.9846, -3.4075 -0.6161 1.9846, -3.2165 -0.6161 1.1572, -3.2788 -0.2961 1.4271, -3.2681 -0.2906 1.3808, -3.258 -0.2743 1.3371, -3.2446 -0.2442 1.2786, -3.2345 -0.228 1.2349, -3.1206 -0.6161 1.1794, -3.3116 -0.2961 2.0068, -3.3116 -0.6161 2.0068, -3.1778 -0.2961 1.4271, -3.1671 -0.2906 1.3808, -3.157 -0.2743 1.3371, -3.1335 -0.228 1.2349, -3.1435 -0.2442 1.2786, -3.3134 -0.6161 2.0198, -3.3134 -0.2961 2.0198, -3.3126 -0.6161 2.033, -3.3126 -0.2961 2.033, -3.3093 -0.6161 2.0458, -3.3093 -0.2961 2.0458, -3.2235 -0.3552 2.2813, -3.2481 -0.3001 2.2139, -3.23 -0.3307 2.2637, -3.2383 -0.3119 2.2407, -3.2195 -0.3836 2.2924, -3.2181 -0.4142 2.2962, -3.2585 -0.2961 2.1852, -3.2181 -0.498 2.2962, -3.2195 -0.5286 2.2924, -3.2235 -0.5571 2.2813, -3.23 -0.5815 2.2637, -3.2383 -0.6003 2.2407, -3.2481 -0.6121 2.2139, -3.2585 -0.6161 2.1852, -3.7839 -0.6161 1.1572, -3.5928 -0.2961 1.9846, -3.5928 -0.6161 1.9846, -3.7216 -0.2961 1.4271, -3.7322 -0.2906 1.3808, -3.7423 -0.2743 1.3371, -3.7659 -0.228 1.2349, -3.7558 -0.2442 1.2786, -3.5887 -0.2961 2.0164, -3.5887 -0.6161 2.0164, -3.5906 -0.2961 2.0484, -3.5906 -0.6161 2.0484, -3.5987 -0.2961 2.0795, -3.5987 -0.6161 2.0795, -3.6898 -0.4142 2.3298, -3.6898 -0.498 2.3298, -3.6494 -0.6161 2.2188, -3.6884 -0.5286 2.326, -3.6494 -0.2961 2.2188, -3.6598 -0.3001 2.2476, -3.6696 -0.6003 2.2743, -3.6598 -0.6121 2.2476, -3.6779 -0.5815 2.2973, -3.6844 -0.5571 2.315, -3.6696 -0.3119 2.2743, -3.6779 -0.3307 2.2973, -3.6884 -0.3836 2.326, -3.6844 -0.3552 2.315, -3.7823 -0.4142 2.2962, -3.7823 -0.498 2.2962, -3.6911 -0.2961 2.0458, -3.6911 -0.6161 2.0458, -3.7419 -0.2961 2.1852, -3.7419 -0.6161 2.1852, -3.7768 -0.5571 2.2813, -3.7704 -0.5815 2.2637, -3.7523 -0.6121 2.2139, -3.7621 -0.6003 2.2407, -3.7809 -0.5286 2.2924, -3.7523 -0.3001 2.2139, -3.7621 -0.3119 2.2407, -3.7704 -0.3307 2.2637, -3.7809 -0.3836 2.2924, -3.7768 -0.3552 2.2813, -3.6878 -0.6161 2.033, -3.6878 -0.2961 2.033, -3.687 -0.6161 2.0198, -3.687 -0.2961 2.0198, -3.6888 -0.6161 2.0068, -3.6888 -0.2961 2.0068, -3.8798 -0.6161 1.1794, -3.8226 -0.2961 1.4271, -3.8333 -0.2906 1.3808, -3.8434 -0.2743 1.3371, -3.8568 -0.2442 1.2786, -3.8669 -0.228 1.2349, -3.1163 -0.6599 0.9469, -4.7778 -0.6752 0.9449, -4.883 -0.6752 0.9449, -4.88 -0.69 0.9449, -4.7364 -0.7776 0.9449, -4.7364 -0.6791 0.9449, -4.7659 -0.7776 0.9449, -4.7659 -0.6791 0.9449, -4.7965 -0.7735 0.9449, -4.771 -0.6785 0.9449, -4.825 -0.7617 0.9449, -4.7758 -0.6765 0.9449, -4.8495 -0.743 0.9449, -4.8682 -0.7185 0.9449, -4.1204 -0.69 0.9449, -4.1174 -0.6752 0.9449, -4.2226 -0.6752 0.9449, -4.264 -0.6791 0.9449, -4.264 -0.7776 0.9449, -4.2344 -0.6791 0.9449, -4.2344 -0.7776 0.9449, -4.2301 -0.6786 0.9449, -4.2039 -0.7735 0.9449, -4.2259 -0.6772 0.9449, -4.1754 -0.7617 0.9449, -4.1509 -0.743 0.9449, -4.1322 -0.7185 0.9449, -4.7364 -0.6791 0.3543, -4.7364 -0.7776 0.3543, -4.7659 -0.6791 0.3543, -4.7659 -0.7776 0.3543, -4.771 -0.6785 0.3543, -4.7965 -0.7735 0.3543, -4.7758 -0.6765 0.3543, -4.825 -0.7617 0.3543, -4.7799 -0.6734 0.3543, -4.8495 -0.743 0.3543, -4.783 -0.6693 0.3543, -4.8682 -0.7185 0.3543, -4.785 -0.6645 0.3543, -4.88 -0.69 0.3543, -4.7856 -0.6594 0.3543, -4.8841 -0.6594 0.3543, -4.7856 -0.3406 0.3543, -4.8841 -0.3406 0.3543, -4.8841 -0.6161 1.1417, -4.8841 -0.2224 1.1417, -4.8841 -0.6161 1.0039, -4.8841 -0.6182 0.9887, -4.8841 -0.6241 0.9744, -4.8841 -0.2224 0.4724, -4.8841 -0.6334 0.9622, -4.8841 -0.6594 0.947, -4.8841 -0.6457 0.9528, -4.8841 -0.31 0.3584, -4.8841 -0.2265 0.4419, -4.8841 -0.2383 0.4134, -4.8841 -0.257 0.3889, -4.8841 -0.2815 0.3702, -4.8838 -0.6675 0.9454, -4.884 -0.6599 0.9469, -4.7058 -0.7776 0.3503, -4.6774 -0.7776 0.3385, -4.3781 -0.7776 0.2668, -4.6529 -0.7776 0.3197, -4.6341 -0.7776 0.2953, -4.6341 -0.7776 1.0039, -4.2945 -0.7776 0.9489, -4.6223 -0.7776 1.0324, -4.323 -0.7776 0.9607, -4.3475 -0.7776 0.9795, -4.3663 -0.7776 1.0039, -4.3781 -0.7776 1.0324, -4.3821 -0.7776 1.063, -4.2344 -0.7776 0.3543, -4.6529 -0.7776 0.9795, -4.264 -0.7776 0.3543, -4.2945 -0.7776 0.3503, -4.6183 -0.7776 0.2362, -4.6183 -0.7776 0.1575, -4.3821 -0.7776 0.1575, -4.323 -0.7776 0.3385, -4.6774 -0.7776 0.9607, -4.3475 -0.7776 0.3197, -4.7058 -0.7776 0.9489, -4.3663 -0.7776 0.2953, -4.6223 -0.7776 0.2668, -4.3821 -0.7776 0.2362, -4.6025 -0.7776 2.2736, -4.6143 -0.7776 2.2451, -4.3821 -0.7776 2.2146, -4.6183 -0.7776 2.2146, -4.6183 -0.7776 1.063, -4.3861 -0.7776 2.2451, -4.3979 -0.7776 2.2736, -4.4167 -0.7776 2.2981, -4.4411 -0.7776 2.3169, -4.4696 -0.7776 2.3287, -4.5002 -0.7776 2.3327, -4.5308 -0.7776 2.3287, -4.5593 -0.7776 2.3169, -4.5837 -0.7776 2.2981, -4.1204 -0.69 0.3543, -4.1322 -0.7185 0.3543, -4.1509 -0.743 0.3543, -4.1754 -0.7617 0.3543, -4.2039 -0.7735 0.3543, -4.1163 -0.6594 0.3543, -4.1163 -0.6594 0.947, -4.1163 -0.6599 0.9469, -4.1166 -0.6675 0.9454, -4.1163 -0.6161 1.1417, -4.1163 -0.6161 1.0039, -4.1163 -0.2224 1.1417, -4.1163 -0.6182 0.9887, -4.1163 -0.2224 0.4724, -4.1163 -0.3406 0.3543, -4.1163 -0.257 0.3889, -4.1163 -0.2383 0.4134, -4.1163 -0.6334 0.9622, -4.1163 -0.6457 0.9528, -4.1163 -0.31 0.3584, -4.1163 -0.2815 0.3702, -4.1163 -0.6241 0.9744, -4.1163 -0.2265 0.4419, -4.2238 -0.2224 1.1886, -4.1228 -0.2224 1.1886, -4.2165 -0.2224 1.1572, -4.1206 -0.2224 1.1794, -4.2148 -0.2224 1.1417, -4.2148 -0.2224 0.4724, -4.2148 -0.6161 1.0039, -4.2148 -0.6161 1.1417, -4.2148 -0.6334 0.9622, -4.2148 -0.6241 0.9744, -4.2148 -0.6182 0.9887, -4.2148 -0.6594 0.3543, -4.2148 -0.6594 0.947, -4.2148 -0.3406 0.3543, -4.2148 -0.6457 0.9528, -4.2148 -0.2383 0.4134, -4.2148 -0.257 0.3889, -4.2148 -0.2265 0.4419, -4.2148 -0.2815 0.3702, -4.2148 -0.31 0.3584, -4.2148 -0.6599 0.9469, -4.2153 -0.6638 0.3543, -4.2153 -0.6638 0.946, -4.2167 -0.668 0.3543, -4.2167 -0.668 0.9453, -4.2191 -0.6717 0.3543, -4.2191 -0.6717 0.945, -4.2222 -0.6748 0.3543, -4.2222 -0.6748 0.9449, -4.2344 -0.6791 0.3543, -4.2301 -0.6786 0.3543, -4.2259 -0.6772 0.3543, -4.6529 -0.6791 0.3197, -4.3663 -0.6791 1.0039, -4.3475 -0.6791 0.9795, -4.6223 -0.6791 1.0324, -4.2945 -0.6791 0.3503, -4.6223 -0.6791 0.2668, -4.6341 -0.6791 0.2953, -4.323 -0.6791 0.9607, -4.2945 -0.6791 0.9489, -4.6341 -0.6791 1.0039, -4.6529 -0.6791 0.9795, -4.6183 -0.6791 2.1704, -4.3821 -0.6791 2.1704, -4.6183 -0.6791 1.063, -4.3821 -0.6791 1.063, -4.3781 -0.6791 1.0324, -4.323 -0.6791 0.3385, -4.3475 -0.6791 0.3197, -4.3663 -0.6791 0.2953, -4.6774 -0.6791 0.3385, -4.7058 -0.6791 0.3503, -4.6774 -0.6791 0.9607, -4.3821 -0.6791 0.2362, -4.3821 -0.6791 0.1575, -4.6183 -0.6791 0.1575, -4.3781 -0.6791 0.2668, -4.6183 -0.6791 0.2362, -4.264 -0.6791 0.3543, -4.7058 -0.6791 0.9489, -4.783 -0.6693 0.9452, -4.7816 -0.6714 0.945, -4.7799 -0.6734 0.9449, -4.7856 -0.6594 0.947, -4.7856 -0.6599 0.9469, -4.785 -0.6645 0.9459, -4.7841 -0.667 0.9455, -4.7856 -0.6161 1.1417, -4.7856 -0.6161 1.0039, -4.7856 -0.2224 1.1417, -4.7856 -0.6182 0.9887, -4.7856 -0.2224 0.4724, -4.7856 -0.6241 0.9744, -4.7856 -0.6334 0.9622, -4.7856 -0.2265 0.4419, -4.7856 -0.6457 0.9528, -4.7856 -0.31 0.3584, -4.7856 -0.2815 0.3702, -4.7856 -0.257 0.3889, -4.7856 -0.2383 0.4134, -4.7839 -0.2224 1.1572, -4.8798 -0.2224 1.1794, -4.7766 -0.2224 1.1886, -4.8776 -0.2224 1.1886, -4.3821 -0.7796 0.1422, -4.6183 -0.7796 0.1422, -4.3821 -0.7855 0.128, -4.6183 -0.7855 0.128, -4.3821 -0.7949 0.1157, -4.6183 -0.7949 0.1157, -4.3821 -0.8071 0.1063, -4.6183 -0.8071 0.1063, -4.3821 -0.8213 0.1004, -4.6183 -0.8213 0.1004, -4.3821 -0.8366 0.0984, -4.6183 -0.8366 0.0984, -4.3821 -1.2598 0.0984, -4.6183 -1.2598 0.0984, -4.4167 -1.3434 0.0984, -4.3979 -1.3189 0.0984, -4.6025 -1.3189 0.0984, -4.6143 -1.2904 0.0984, -4.3861 -1.2904 0.0984, -4.5002 -1.378 0.0984, -4.4696 -1.3739 0.0984, -4.5308 -1.3739 0.0984, -4.4411 -1.3621 0.0984, -4.5593 -1.3621 0.0984, -4.5837 -1.3434 0.0984, -4.6183 -0.8366 0.0, -4.3821 -0.8366 0.0, -4.6183 -1.2598 0.0, -4.3821 -1.2598 0.0, -4.6143 -1.2904 0.0, -4.6025 -1.3189 0.0, -4.3861 -1.2904 0.0, -4.3979 -1.3189 0.0, -4.5593 -1.3621 0.0, -4.4411 -1.3621 0.0, -4.5308 -1.3739 0.0, -4.4696 -1.3739 0.0, -4.5002 -1.378 0.0, -4.4167 -1.3434 0.0, -4.5837 -1.3434 0.0, -4.6183 -0.7959 0.0054, -4.3821 -0.7959 0.0054, -4.6183 -0.7579 0.0211, -4.3821 -0.7579 0.0211, -4.6183 -0.7253 0.0461, -4.3821 -0.7253 0.0461, -4.6183 -0.7002 0.0787, -4.3821 -0.7002 0.0787, -4.6183 -0.6845 0.1167, -4.3821 -0.6845 0.1167, -4.3821 -0.6952 2.2146, -4.6183 -0.6952 2.2146, -4.6025 -0.7167 2.2736, -4.5837 -0.7256 2.2981, -4.4283 -0.7293 2.3083, -4.4167 -0.7256 2.2981, -4.3979 -0.7167 2.2736, -4.3861 -0.7063 2.2451, -4.6143 -0.7063 2.2451, -4.5721 -0.7293 2.3083, -4.5593 -0.7324 2.3169, -4.4411 -0.7324 2.3169, -4.5454 -0.7349 2.3237, -4.455 -0.7349 2.3237, -4.4696 -0.7367 2.3287, -4.5308 -0.7367 2.3287, -4.5156 -0.7378 2.3317, -4.4848 -0.7378 2.3317, -4.5002 -0.7382 2.3327, -4.4017 -0.2961 2.0795, -4.4017 -0.6161 2.0795, -4.351 -0.2961 2.2188, -4.351 -0.6161 2.2188, -4.312 -0.5286 2.326, -4.3106 -0.498 2.3298, -4.312 -0.3836 2.326, -4.316 -0.3552 2.315, -4.3308 -0.6003 2.2743, -4.3225 -0.5815 2.2973, -4.316 -0.5571 2.315, -4.3106 -0.4142 2.3298, -4.3225 -0.3307 2.2973, -4.3308 -0.3119 2.2743, -4.3406 -0.3001 2.2476, -4.3406 -0.6121 2.2476, -4.4098 -0.2961 2.0484, -4.4098 -0.6161 2.0484, -4.4117 -0.2961 2.0164, -4.4117 -0.6161 2.0164, -4.4075 -0.2961 1.9846, -4.4075 -0.6161 1.9846, -4.2165 -0.6161 1.1572, -4.2788 -0.2961 1.4271, -4.2681 -0.2906 1.3808, -4.258 -0.2743 1.3371, -4.2446 -0.2442 1.2786, -4.2345 -0.228 1.2349, -4.1206 -0.6161 1.1794, -4.3116 -0.2961 2.0068, -4.3116 -0.6161 2.0068, -4.1778 -0.2961 1.4271, -4.1671 -0.2906 1.3808, -4.157 -0.2743 1.3371, -4.1335 -0.228 1.2349, -4.1435 -0.2442 1.2786, -4.3134 -0.6161 2.0198, -4.3134 -0.2961 2.0198, -4.3126 -0.6161 2.033, -4.3126 -0.2961 2.033, -4.3093 -0.6161 2.0458, -4.3093 -0.2961 2.0458, -4.2235 -0.3552 2.2813, -4.2481 -0.3001 2.2139, -4.23 -0.3307 2.2637, -4.2383 -0.3119 2.2407, -4.2195 -0.3836 2.2924, -4.2181 -0.4142 2.2962, -4.2585 -0.2961 2.1852, -4.2181 -0.498 2.2962, -4.2195 -0.5286 2.2924, -4.2235 -0.5571 2.2813, -4.23 -0.5815 2.2637, -4.2383 -0.6003 2.2407, -4.2481 -0.6121 2.2139, -4.2585 -0.6161 2.1852, -4.7839 -0.6161 1.1572, -4.5928 -0.2961 1.9846, -4.5928 -0.6161 1.9846, -4.7216 -0.2961 1.4271, -4.7323 -0.2906 1.3808, -4.7423 -0.2743 1.3371, -4.7659 -0.228 1.2349, -4.7558 -0.2442 1.2786, -4.5887 -0.2961 2.0164, -4.5887 -0.6161 2.0164, -4.5906 -0.2961 2.0484, -4.5906 -0.6161 2.0484, -4.5987 -0.2961 2.0795, -4.5987 -0.6161 2.0795, -4.6898 -0.4142 2.3298, -4.6898 -0.498 2.3298, -4.6494 -0.6161 2.2188, -4.6884 -0.5286 2.326, -4.6494 -0.2961 2.2188, -4.6598 -0.3001 2.2476, -4.6696 -0.6003 2.2743, -4.6598 -0.6121 2.2476, -4.6779 -0.5815 2.2973, -4.6844 -0.5571 2.315, -4.6696 -0.3119 2.2743, -4.6779 -0.3307 2.2973, -4.6884 -0.3836 2.326, -4.6844 -0.3552 2.315, -4.7823 -0.4142 2.2962, -4.7823 -0.498 2.2962, -4.6911 -0.2961 2.0458, -4.6911 -0.6161 2.0458, -4.7419 -0.2961 2.1852, -4.7419 -0.6161 2.1852, -4.7768 -0.5571 2.2813, -4.7704 -0.5815 2.2637, -4.7523 -0.6121 2.2139, -4.7621 -0.6003 2.2407, -4.7809 -0.5286 2.2924, -4.7523 -0.3001 2.2139, -4.7621 -0.3119 2.2407, -4.7704 -0.3307 2.2637, -4.7809 -0.3836 2.2924, -4.7768 -0.3552 2.2813, -4.6878 -0.6161 2.033, -4.6878 -0.2961 2.033, -4.687 -0.6161 2.0198, -4.687 -0.2961 2.0198, -4.6888 -0.6161 2.0068, -4.6888 -0.2961 2.0068, -4.8798 -0.6161 1.1794, -4.8226 -0.2961 1.4271, -4.8333 -0.2906 1.3808, -4.8434 -0.2743 1.3371, -4.8568 -0.2442 1.2786, -4.8669 -0.228 1.2349, -4.1163 -0.6599 0.9469, -5.7778 -0.6752 0.9449, -5.883 -0.6752 0.9449, -5.88 -0.69 0.9449, -5.7364 -0.7776 0.9449, -5.7364 -0.6791 0.9449, -5.7659 -0.7776 0.9449, -5.7659 -0.6791 0.9449, -5.7965 -0.7735 0.9449, -5.771 -0.6785 0.9449, -5.825 -0.7617 0.9449, -5.7758 -0.6765 0.9449, -5.8495 -0.743 0.9449, -5.8682 -0.7185 0.9449, -5.1204 -0.69 0.9449, -5.1174 -0.6752 0.9449, -5.2226 -0.6752 0.9449, -5.264 -0.6791 0.9449, -5.264 -0.7776 0.9449, -5.2344 -0.6791 0.9449, -5.2344 -0.7776 0.9449, -5.2301 -0.6786 0.9449, -5.2039 -0.7735 0.9449, -5.2259 -0.6772 0.9449, -5.1754 -0.7617 0.9449, -5.1509 -0.743 0.9449, -5.1322 -0.7185 0.9449, -5.7364 -0.6791 0.3543, -5.7364 -0.7776 0.3543, -5.7659 -0.6791 0.3543, -5.7659 -0.7776 0.3543, -5.771 -0.6785 0.3543, -5.7965 -0.7735 0.3543, -5.7758 -0.6765 0.3543, -5.825 -0.7617 0.3543, -5.7799 -0.6734 0.3543, -5.8495 -0.743 0.3543, -5.783 -0.6693 0.3543, -5.8682 -0.7185 0.3543, -5.785 -0.6645 0.3543, -5.88 -0.69 0.3543, -5.7856 -0.6594 0.3543, -5.8841 -0.6594 0.3543, -5.7856 -0.3406 0.3543, -5.8841 -0.3406 0.3543, -5.8841 -0.6161 1.1417, -5.8841 -0.2224 1.1417, -5.8841 -0.6161 1.0039, -5.8841 -0.6182 0.9887, -5.8841 -0.6241 0.9744, -5.8841 -0.2224 0.4724, -5.8841 -0.6334 0.9622, -5.8841 -0.6594 0.947, -5.8841 -0.6457 0.9528, -5.8841 -0.31 0.3584, -5.8841 -0.2265 0.4419, -5.8841 -0.2383 0.4134, -5.8841 -0.257 0.3889, -5.8841 -0.2815 0.3702, -5.8838 -0.6675 0.9454, -5.884 -0.6599 0.9469, -5.7058 -0.7776 0.3503, -5.6774 -0.7776 0.3385, -5.3781 -0.7776 0.2668, -5.6529 -0.7776 0.3197, -5.6341 -0.7776 0.2953, -5.6341 -0.7776 1.0039, -5.2945 -0.7776 0.9489, -5.6223 -0.7776 1.0324, -5.323 -0.7776 0.9607, -5.3475 -0.7776 0.9795, -5.3663 -0.7776 1.0039, -5.3781 -0.7776 1.0324, -5.3821 -0.7776 1.063, -5.2344 -0.7776 0.3543, -5.6529 -0.7776 0.9795, -5.264 -0.7776 0.3543, -5.2945 -0.7776 0.3503, -5.6183 -0.7776 0.2362, -5.6183 -0.7776 0.1575, -5.3821 -0.7776 0.1575, -5.323 -0.7776 0.3385, -5.6774 -0.7776 0.9607, -5.3475 -0.7776 0.3197, -5.7058 -0.7776 0.9489, -5.3663 -0.7776 0.2953, -5.6223 -0.7776 0.2668, -5.3821 -0.7776 0.2362, -5.6025 -0.7776 2.2736, -5.6143 -0.7776 2.2451, -5.3821 -0.7776 2.2146, -5.6183 -0.7776 2.2146, -5.6183 -0.7776 1.063, -5.3861 -0.7776 2.2451, -5.3979 -0.7776 2.2736, -5.4167 -0.7776 2.2981, -5.4411 -0.7776 2.3169, -5.4696 -0.7776 2.3287, -5.5002 -0.7776 2.3327, -5.5308 -0.7776 2.3287, -5.5593 -0.7776 2.3169, -5.5837 -0.7776 2.2981, -5.1204 -0.69 0.3543, -5.1322 -0.7185 0.3543, -5.1509 -0.743 0.3543, -5.1754 -0.7617 0.3543, -5.2039 -0.7735 0.3543, -5.1163 -0.6594 0.3543, -5.1163 -0.6594 0.947, -5.1163 -0.6599 0.9469, -5.1166 -0.6675 0.9454, -5.1163 -0.6161 1.1417, -5.1163 -0.6161 1.0039, -5.1163 -0.2224 1.1417, -5.1163 -0.6182 0.9887, -5.1163 -0.2224 0.4724, -5.1163 -0.3406 0.3543, -5.1163 -0.257 0.3889, -5.1163 -0.2383 0.4134, -5.1163 -0.6334 0.9622, -5.1163 -0.6457 0.9528, -5.1163 -0.31 0.3584, -5.1163 -0.2815 0.3702, -5.1163 -0.6241 0.9744, -5.1163 -0.2265 0.4419, -5.2238 -0.2224 1.1886, -5.1228 -0.2224 1.1886, -5.2165 -0.2224 1.1572, -5.1206 -0.2224 1.1794, -5.2148 -0.2224 1.1417, -5.2148 -0.2224 0.4724, -5.2148 -0.6161 1.0039, -5.2148 -0.6161 1.1417, -5.2148 -0.6334 0.9622, -5.2148 -0.6241 0.9744, -5.2148 -0.6182 0.9887, -5.2148 -0.6594 0.3543, -5.2148 -0.6594 0.947, -5.2148 -0.3406 0.3543, -5.2148 -0.6457 0.9528, -5.2148 -0.2383 0.4134, -5.2148 -0.257 0.3889, -5.2148 -0.2265 0.4419, -5.2148 -0.2815 0.3702, -5.2148 -0.31 0.3584, -5.2148 -0.6599 0.9469, -5.2153 -0.6638 0.3543, -5.2153 -0.6638 0.946, -5.2167 -0.668 0.3543, -5.2167 -0.668 0.9453, -5.2191 -0.6717 0.3543, -5.2191 -0.6717 0.945, -5.2222 -0.6748 0.3543, -5.2222 -0.6748 0.9449, -5.2344 -0.6791 0.3543, -5.2301 -0.6786 0.3543, -5.2259 -0.6772 0.3543, -5.6529 -0.6791 0.3197, -5.3663 -0.6791 1.0039, -5.3475 -0.6791 0.9795, -5.6223 -0.6791 1.0324, -5.2945 -0.6791 0.3503, -5.6223 -0.6791 0.2668, -5.6341 -0.6791 0.2953, -5.323 -0.6791 0.9607, -5.2945 -0.6791 0.9489, -5.6341 -0.6791 1.0039, -5.6529 -0.6791 0.9795, -5.6183 -0.6791 2.1704, -5.3821 -0.6791 2.1704, -5.6183 -0.6791 1.063, -5.3821 -0.6791 1.063, -5.3781 -0.6791 1.0324, -5.323 -0.6791 0.3385, -5.3475 -0.6791 0.3197, -5.3663 -0.6791 0.2953, -5.6774 -0.6791 0.3385, -5.7058 -0.6791 0.3503, -5.6774 -0.6791 0.9607, -5.3821 -0.6791 0.2362, -5.3821 -0.6791 0.1575, -5.6183 -0.6791 0.1575, -5.3781 -0.6791 0.2668, -5.6183 -0.6791 0.2362, -5.264 -0.6791 0.3543, -5.7058 -0.6791 0.9489, -5.783 -0.6693 0.9452, -5.7816 -0.6714 0.945, -5.7799 -0.6734 0.9449, -5.7856 -0.6594 0.947, -5.7856 -0.6599 0.9469, -5.785 -0.6645 0.9459, -5.7841 -0.667 0.9455, -5.7856 -0.6161 1.1417, -5.7856 -0.6161 1.0039, -5.7856 -0.2224 1.1417, -5.7856 -0.6182 0.9887, -5.7856 -0.2224 0.4724, -5.7856 -0.6241 0.9744, -5.7856 -0.6334 0.9622, -5.7856 -0.2265 0.4419, -5.7856 -0.6457 0.9528, -5.7856 -0.31 0.3584, -5.7856 -0.2815 0.3702, -5.7856 -0.257 0.3889, -5.7856 -0.2383 0.4134, -5.7839 -0.2224 1.1572, -5.8798 -0.2224 1.1794, -5.7766 -0.2224 1.1886, -5.8776 -0.2224 1.1886, -5.3821 -0.7796 0.1422, -5.6183 -0.7796 0.1422, -5.3821 -0.7855 0.128, -5.6183 -0.7855 0.128, -5.3821 -0.7949 0.1157, -5.6183 -0.7949 0.1157, -5.3821 -0.8071 0.1063, -5.6183 -0.8071 0.1063, -5.3821 -0.8213 0.1004, -5.6183 -0.8213 0.1004, -5.3821 -0.8366 0.0984, -5.6183 -0.8366 0.0984, -5.3821 -1.2598 0.0984, -5.6183 -1.2598 0.0984, -5.4167 -1.3434 0.0984, -5.3979 -1.3189 0.0984, -5.6025 -1.3189 0.0984, -5.6143 -1.2904 0.0984, -5.3861 -1.2904 0.0984, -5.5002 -1.378 0.0984, -5.4696 -1.3739 0.0984, -5.5308 -1.3739 0.0984, -5.4411 -1.3621 0.0984, -5.5593 -1.3621 0.0984, -5.5837 -1.3434 0.0984, -5.6183 -0.8366 0.0, -5.3821 -0.8366 0.0, -5.6183 -1.2598 0.0, -5.3821 -1.2598 0.0, -5.6143 -1.2904 0.0, -5.6025 -1.3189 0.0, -5.3861 -1.2904 0.0, -5.3979 -1.3189 0.0, -5.5593 -1.3621 0.0, -5.4411 -1.3621 0.0, -5.5308 -1.3739 0.0, -5.4696 -1.3739 0.0, -5.5002 -1.378 0.0, -5.4167 -1.3434 0.0, -5.5837 -1.3434 0.0, -5.6183 -0.7959 0.0054, -5.3821 -0.7959 0.0054, -5.6183 -0.7579 0.0211, -5.3821 -0.7579 0.0211, -5.6183 -0.7253 0.0461, -5.3821 -0.7253 0.0461, -5.6183 -0.7002 0.0787, -5.3821 -0.7002 0.0787, -5.6183 -0.6845 0.1167, -5.3821 -0.6845 0.1167, -5.3821 -0.6952 2.2146, -5.6183 -0.6952 2.2146, -5.6025 -0.7167 2.2736, -5.5837 -0.7256 2.2981, -5.4283 -0.7293 2.3083, -5.4167 -0.7256 2.2981, -5.3979 -0.7167 2.2736, -5.3861 -0.7063 2.2451, -5.6143 -0.7063 2.2451, -5.5721 -0.7293 2.3083, -5.5593 -0.7324 2.3169, -5.4411 -0.7324 2.3169, -5.5454 -0.7349 2.3237, -5.455 -0.7349 2.3237, -5.4696 -0.7367 2.3287, -5.5308 -0.7367 2.3287, -5.5156 -0.7378 2.3317, -5.4848 -0.7378 2.3317, -5.5002 -0.7382 2.3327, -5.4017 -0.2961 2.0795, -5.4017 -0.6161 2.0795, -5.351 -0.2961 2.2188, -5.351 -0.6161 2.2188, -5.312 -0.5286 2.326, -5.3106 -0.498 2.3298, -5.312 -0.3836 2.326, -5.316 -0.3552 2.315, -5.3308 -0.6003 2.2743, -5.3225 -0.5815 2.2973, -5.316 -0.5571 2.315, -5.3106 -0.4142 2.3298, -5.3225 -0.3307 2.2973, -5.3308 -0.3119 2.2743, -5.3406 -0.3001 2.2476, -5.3406 -0.6121 2.2476, -5.4098 -0.2961 2.0484, -5.4098 -0.6161 2.0484, -5.4117 -0.2961 2.0164, -5.4117 -0.6161 2.0164, -5.4075 -0.2961 1.9846, -5.4075 -0.6161 1.9846, -5.2165 -0.6161 1.1572, -5.2788 -0.2961 1.4271, -5.2681 -0.2906 1.3808, -5.258 -0.2743 1.3371, -5.2446 -0.2442 1.2786, -5.2345 -0.228 1.2349, -5.1206 -0.6161 1.1794, -5.3116 -0.2961 2.0068, -5.3116 -0.6161 2.0068, -5.1778 -0.2961 1.4271, -5.1671 -0.2906 1.3808, -5.157 -0.2743 1.3371, -5.1335 -0.228 1.2349, -5.1435 -0.2442 1.2786, -5.3134 -0.6161 2.0198, -5.3134 -0.2961 2.0198, -5.3126 -0.6161 2.033, -5.3126 -0.2961 2.033, -5.3093 -0.6161 2.0458, -5.3093 -0.2961 2.0458, -5.2235 -0.3552 2.2813, -5.2481 -0.3001 2.2139, -5.23 -0.3307 2.2637, -5.2383 -0.3119 2.2407, -5.2195 -0.3836 2.2924, -5.2181 -0.4142 2.2962, -5.2585 -0.2961 2.1852, -5.2181 -0.498 2.2962, -5.2195 -0.5286 2.2924, -5.2235 -0.5571 2.2813, -5.23 -0.5815 2.2637, -5.2383 -0.6003 2.2407, -5.2481 -0.6121 2.2139, -5.2585 -0.6161 2.1852, -5.7839 -0.6161 1.1572, -5.5928 -0.2961 1.9846, -5.5928 -0.6161 1.9846, -5.7216 -0.2961 1.4271, -5.7322 -0.2906 1.3808, -5.7423 -0.2743 1.3371, -5.7659 -0.228 1.2349, -5.7558 -0.2442 1.2786, -5.5887 -0.2961 2.0164, -5.5887 -0.6161 2.0164, -5.5906 -0.2961 2.0484, -5.5906 -0.6161 2.0484, -5.5987 -0.2961 2.0795, -5.5987 -0.6161 2.0795, -5.6898 -0.4142 2.3298, -5.6898 -0.498 2.3298, -5.6494 -0.6161 2.2188, -5.6884 -0.5286 2.326, -5.6494 -0.2961 2.2188, -5.6598 -0.3001 2.2476, -5.6696 -0.6003 2.2743, -5.6598 -0.6121 2.2476, -5.6779 -0.5815 2.2973, -5.6844 -0.5571 2.315, -5.6696 -0.3119 2.2743, -5.6779 -0.3307 2.2973, -5.6884 -0.3836 2.326, -5.6844 -0.3552 2.315, -5.7823 -0.4142 2.2962, -5.7823 -0.498 2.2962, -5.6911 -0.2961 2.0458, -5.6911 -0.6161 2.0458, -5.7419 -0.2961 2.1852, -5.7419 -0.6161 2.1852, -5.7768 -0.5571 2.2813, -5.7704 -0.5815 2.2637, -5.7523 -0.6121 2.2139, -5.7621 -0.6003 2.2407, -5.7809 -0.5286 2.2924, -5.7523 -0.3001 2.2139, -5.7621 -0.3119 2.2407, -5.7704 -0.3307 2.2637, -5.7809 -0.3836 2.2924, -5.7768 -0.3552 2.2813, -5.6878 -0.6161 2.033, -5.6878 -0.2961 2.033, -5.687 -0.6161 2.0198, -5.687 -0.2961 2.0198, -5.6888 -0.6161 2.0068, -5.6888 -0.2961 2.0068, -5.8798 -0.6161 1.1794, -5.8226 -0.2961 1.4271, -5.8333 -0.2906 1.3808, -5.8434 -0.2743 1.3371, -5.8568 -0.2442 1.2786, -5.8669 -0.228 1.2349, -5.1163 -0.6599 0.9469, -6.7778 -0.6752 0.9449, -6.883 -0.6752 0.9449, -6.88 -0.69 0.9449, -6.7364 -0.7776 0.9449, -6.7364 -0.6791 0.9449, -6.7659 -0.7776 0.9449, -6.7659 -0.6791 0.9449, -6.7965 -0.7735 0.9449, -6.771 -0.6785 0.9449, -6.825 -0.7617 0.9449, -6.7758 -0.6765 0.9449, -6.8495 -0.743 0.9449, -6.8682 -0.7185 0.9449, -6.1204 -0.69 0.9449, -6.1174 -0.6752 0.9449, -6.2226 -0.6752 0.9449, -6.264 -0.6791 0.9449, -6.264 -0.7776 0.9449, -6.2344 -0.6791 0.9449, -6.2344 -0.7776 0.9449, -6.2301 -0.6786 0.9449, -6.2039 -0.7735 0.9449, -6.2259 -0.6772 0.9449, -6.1754 -0.7617 0.9449, -6.1509 -0.743 0.9449, -6.1322 -0.7185 0.9449, -6.7364 -0.6791 0.3543, -6.7364 -0.7776 0.3543, -6.7659 -0.6791 0.3543, -6.7659 -0.7776 0.3543, -6.771 -0.6785 0.3543, -6.7965 -0.7735 0.3543, -6.7758 -0.6765 0.3543, -6.825 -0.7617 0.3543, -6.7799 -0.6734 0.3543, -6.8495 -0.743 0.3543, -6.783 -0.6693 0.3543, -6.8682 -0.7185 0.3543, -6.785 -0.6645 0.3543, -6.88 -0.69 0.3543, -6.7856 -0.6594 0.3543, -6.8841 -0.6594 0.3543, -6.7856 -0.3406 0.3543, -6.8841 -0.3406 0.3543, -6.8841 -0.6161 1.1417, -6.8841 -0.2224 1.1417, -6.8841 -0.6161 1.0039, -6.8841 -0.6182 0.9887, -6.8841 -0.6241 0.9744, -6.8841 -0.2224 0.4724, -6.8841 -0.6334 0.9622, -6.8841 -0.6594 0.947, -6.8841 -0.6457 0.9528, -6.8841 -0.31 0.3584, -6.8841 -0.2265 0.4419, -6.8841 -0.2383 0.4134, -6.8841 -0.257 0.3889, -6.8841 -0.2815 0.3702, -6.8838 -0.6675 0.9454, -6.884 -0.6599 0.9469, -6.6529 -0.7776 0.3197, -6.6341 -0.7776 0.2953, -6.2945 -0.7776 0.9489, -6.3781 -0.7776 0.2668, -6.3663 -0.7776 0.2953, -6.3475 -0.7776 0.3197, -6.6774 -0.7776 0.3385, -6.323 -0.7776 0.9607, -6.7058 -0.7776 0.3503, -6.3475 -0.7776 0.9795, -6.3663 -0.7776 1.0039, -6.6529 -0.7776 0.9795, -6.6341 -0.7776 1.0039, -6.3781 -0.7776 1.0324, -6.6223 -0.7776 1.0324, -6.3821 -0.7776 1.063, -6.6183 -0.7776 1.063, -6.6183 -0.7776 0.2362, -6.6183 -0.7776 0.1575, -6.3821 -0.7776 0.1575, -6.2344 -0.7776 0.3543, -6.264 -0.7776 0.3543, -6.2945 -0.7776 0.3503, -6.323 -0.7776 0.3385, -6.6774 -0.7776 0.9607, -6.7058 -0.7776 0.9489, -6.6223 -0.7776 0.2668, -6.3821 -0.7776 0.2362, -6.6183 -0.7776 2.2146, -6.3821 -0.7776 2.2146, -6.3861 -0.7776 2.2451, -6.3979 -0.7776 2.2736, -6.4167 -0.7776 2.2981, -6.5308 -0.7776 2.3287, -6.5837 -0.7776 2.2981, -6.6025 -0.7776 2.2736, -6.6143 -0.7776 2.2451, -6.4411 -0.7776 2.3169, -6.4696 -0.7776 2.3287, -6.5002 -0.7776 2.3327, -6.5593 -0.7776 2.3169, -6.1204 -0.69 0.3543, -6.1322 -0.7185 0.3543, -6.1509 -0.743 0.3543, -6.1754 -0.7617 0.3543, -6.2039 -0.7735 0.3543, -6.1163 -0.6594 0.3543, -6.1163 -0.6594 0.947, -6.1163 -0.6599 0.9469, -6.1166 -0.6675 0.9454, -6.1163 -0.6161 1.1417, -6.1163 -0.6161 1.0039, -6.1163 -0.2224 1.1417, -6.1163 -0.6182 0.9887, -6.1163 -0.2224 0.4724, -6.1163 -0.3406 0.3543, -6.1163 -0.257 0.3889, -6.1163 -0.2383 0.4134, -6.1163 -0.6334 0.9622, -6.1163 -0.6457 0.9528, -6.1163 -0.31 0.3584, -6.1163 -0.2815 0.3702, -6.1163 -0.6241 0.9744, -6.1163 -0.2265 0.4419, -6.2238 -0.2224 1.1886, -6.1228 -0.2224 1.1886, -6.2165 -0.2224 1.1572, -6.1206 -0.2224 1.1794, -6.2148 -0.2224 1.1417, -6.2148 -0.2224 0.4724, -6.2148 -0.6161 1.0039, -6.2148 -0.6161 1.1417, -6.2148 -0.6334 0.9622, -6.2148 -0.6241 0.9744, -6.2148 -0.6182 0.9887, -6.2148 -0.6594 0.3543, -6.2148 -0.6594 0.947, -6.2148 -0.3406 0.3543, -6.2148 -0.6457 0.9528, -6.2148 -0.2383 0.4134, -6.2148 -0.257 0.3889, -6.2148 -0.2265 0.4419, -6.2148 -0.2815 0.3702, -6.2148 -0.31 0.3584, -6.2148 -0.6599 0.9469, -6.2153 -0.6638 0.3543, -6.2153 -0.6638 0.946, -6.2167 -0.668 0.3543, -6.2167 -0.668 0.9453, -6.2191 -0.6717 0.3543, -6.2191 -0.6717 0.945, -6.2222 -0.6748 0.3543, -6.2222 -0.6748 0.9449, -6.2344 -0.6791 0.3543, -6.2301 -0.6786 0.3543, -6.2259 -0.6772 0.3543, -6.2945 -0.6791 0.3503, -6.323 -0.6791 0.3385, -6.6341 -0.6791 0.2953, -6.3475 -0.6791 0.3197, -6.3821 -0.6791 0.2362, -6.3821 -0.6791 0.1575, -6.6183 -0.6791 0.1575, -6.2945 -0.6791 0.9489, -6.6529 -0.6791 0.3197, -6.323 -0.6791 0.9607, -6.6774 -0.6791 0.3385, -6.3475 -0.6791 0.9795, -6.7058 -0.6791 0.3503, -6.3663 -0.6791 1.0039, -6.3663 -0.6791 0.2953, -6.3781 -0.6791 0.2668, -6.6223 -0.6791 0.2668, -6.6183 -0.6791 0.2362, -6.6183 -0.6791 1.063, -6.6183 -0.6791 2.1704, -6.3821 -0.6791 2.1704, -6.7058 -0.6791 0.9489, -6.6774 -0.6791 0.9607, -6.6529 -0.6791 0.9795, -6.264 -0.6791 0.3543, -6.6341 -0.6791 1.0039, -6.6223 -0.6791 1.0324, -6.3781 -0.6791 1.0324, -6.3821 -0.6791 1.063, -6.783 -0.6693 0.9452, -6.7816 -0.6714 0.945, -6.7799 -0.6734 0.9449, -6.7856 -0.6594 0.947, -6.7856 -0.6599 0.9469, -6.785 -0.6645 0.9459, -6.7841 -0.667 0.9455, -6.7856 -0.6161 1.1417, -6.7856 -0.6161 1.0039, -6.7856 -0.2224 1.1417, -6.7856 -0.6182 0.9887, -6.7856 -0.2224 0.4724, -6.7856 -0.6241 0.9744, -6.7856 -0.6334 0.9622, -6.7856 -0.2265 0.4419, -6.7856 -0.6457 0.9528, -6.7856 -0.31 0.3584, -6.7856 -0.2815 0.3702, -6.7856 -0.257 0.3889, -6.7856 -0.2383 0.4134, -6.7839 -0.2224 1.1572, -6.8798 -0.2224 1.1794, -6.7766 -0.2224 1.1886, -6.8776 -0.2224 1.1886, -6.3821 -0.7796 0.1422, -6.6183 -0.7796 0.1422, -6.3821 -0.7855 0.128, -6.6183 -0.7855 0.128, -6.3821 -0.7949 0.1157, -6.6183 -0.7949 0.1157, -6.3821 -0.8071 0.1063, -6.6183 -0.8071 0.1063, -6.3821 -0.8213 0.1004, -6.6183 -0.8213 0.1004, -6.3821 -0.8366 0.0984, -6.6183 -0.8366 0.0984, -6.3821 -1.2598 0.0984, -6.6183 -1.2598 0.0984, -6.6143 -1.2904 0.0984, -6.3861 -1.2904 0.0984, -6.6025 -1.3189 0.0984, -6.5002 -1.378 0.0984, -6.4696 -1.3739 0.0984, -6.4411 -1.3621 0.0984, -6.5837 -1.3434 0.0984, -6.5593 -1.3621 0.0984, -6.3979 -1.3189 0.0984, -6.4167 -1.3434 0.0984, -6.5308 -1.3739 0.0984, -6.6183 -0.8366 0.0, -6.3821 -0.8366 0.0, -6.6183 -1.2598 0.0, -6.3821 -1.2598 0.0, -6.6143 -1.2904 0.0, -6.3861 -1.2904 0.0, -6.6025 -1.3189 0.0, -6.3979 -1.3189 0.0, -6.4167 -1.3434 0.0, -6.5593 -1.3621 0.0, -6.4411 -1.3621 0.0, -6.5837 -1.3434 0.0, -6.4696 -1.3739 0.0, -6.5002 -1.378 0.0, -6.5308 -1.3739 0.0, -6.6183 -0.7959 0.0054, -6.3821 -0.7959 0.0054, -6.6183 -0.7579 0.0211, -6.3821 -0.7579 0.0211, -6.6183 -0.7253 0.0461, -6.3821 -0.7253 0.0461, -6.6183 -0.7002 0.0787, -6.3821 -0.7002 0.0787, -6.6183 -0.6845 0.1167, -6.3821 -0.6845 0.1167, -6.3821 -0.6952 2.2146, -6.6183 -0.6952 2.2146, -6.455 -0.7349 2.3237, -6.4411 -0.7324 2.3169, -6.5454 -0.7349 2.3237, -6.4167 -0.7256 2.2981, -6.3979 -0.7167 2.2736, -6.3861 -0.7063 2.2451, -6.4283 -0.7293 2.3083, -6.6143 -0.7063 2.2451, -6.6025 -0.7167 2.2736, -6.5837 -0.7256 2.2981, -6.5721 -0.7293 2.3083, -6.5593 -0.7324 2.3169, -6.4696 -0.7367 2.3287, -6.5308 -0.7367 2.3287, -6.4848 -0.7378 2.3317, -6.5156 -0.7378 2.3317, -6.5002 -0.7382 2.3327, -6.316 -0.5571 2.315, -6.312 -0.5286 2.326, -6.3106 -0.498 2.3298, -6.351 -0.6161 2.2188, -6.3406 -0.6121 2.2476, -6.312 -0.3836 2.326, -6.351 -0.2961 2.2188, -6.3106 -0.4142 2.3298, -6.4017 -0.2961 2.0795, -6.4017 -0.6161 2.0795, -6.3308 -0.6003 2.2743, -6.3225 -0.5815 2.2973, -6.316 -0.3552 2.315, -6.3225 -0.3307 2.2973, -6.3406 -0.3001 2.2476, -6.3308 -0.3119 2.2743, -6.4098 -0.2961 2.0484, -6.4098 -0.6161 2.0484, -6.4117 -0.2961 2.0164, -6.4117 -0.6161 2.0164, -6.4075 -0.2961 1.9846, -6.4075 -0.6161 1.9846, -6.2165 -0.6161 1.1572, -6.2788 -0.2961 1.4271, -6.2681 -0.2906 1.3808, -6.258 -0.2743 1.3371, -6.2446 -0.2442 1.2786, -6.2345 -0.228 1.2349, -6.1206 -0.6161 1.1794, -6.3116 -0.2961 2.0068, -6.3116 -0.6161 2.0068, -6.1778 -0.2961 1.4271, -6.1671 -0.2906 1.3808, -6.157 -0.2743 1.3371, -6.1335 -0.228 1.2349, -6.1435 -0.2442 1.2786, -6.3134 -0.6161 2.0198, -6.3134 -0.2961 2.0198, -6.3126 -0.6161 2.033, -6.3126 -0.2961 2.033, -6.3093 -0.6161 2.0458, -6.3093 -0.2961 2.0458, -6.2585 -0.6161 2.1852, -6.2235 -0.5571 2.2813, -6.23 -0.5815 2.2637, -6.2481 -0.3001 2.2139, -6.2383 -0.3119 2.2407, -6.2195 -0.3836 2.2924, -6.23 -0.3307 2.2637, -6.2235 -0.3552 2.2813, -6.2195 -0.5286 2.2924, -6.2585 -0.2961 2.1852, -6.2181 -0.4142 2.2962, -6.2181 -0.498 2.2962, -6.2383 -0.6003 2.2407, -6.2481 -0.6121 2.2139, -6.7839 -0.6161 1.1572, -6.5928 -0.2961 1.9846, -6.5928 -0.6161 1.9846, -6.7216 -0.2961 1.4271, -6.7323 -0.2906 1.3808, -6.7423 -0.2743 1.3371, -6.7659 -0.228 1.2349, -6.7558 -0.2442 1.2786, -6.5887 -0.2961 2.0164, -6.5887 -0.6161 2.0164, -6.5906 -0.2961 2.0484, -6.5906 -0.6161 2.0484, -6.5986 -0.2961 2.0795, -6.5986 -0.6161 2.0795, -6.6494 -0.6161 2.2188, -6.6898 -0.498 2.3298, -6.6844 -0.5571 2.315, -6.6779 -0.5815 2.2973, -6.6696 -0.6003 2.2743, -6.6494 -0.2961 2.2188, -6.6598 -0.3001 2.2476, -6.6884 -0.5286 2.326, -6.6598 -0.6121 2.2476, -6.6696 -0.3119 2.2743, -6.6779 -0.3307 2.2973, -6.6844 -0.3552 2.315, -6.6884 -0.3836 2.326, -6.6898 -0.4142 2.3298, -6.7823 -0.4142 2.2962, -6.7823 -0.498 2.2962, -6.6911 -0.2961 2.0458, -6.6911 -0.6161 2.0458, -6.7419 -0.2961 2.1852, -6.7419 -0.6161 2.1852, -6.7768 -0.3552 2.2813, -6.7809 -0.3836 2.2924, -6.7809 -0.5286 2.2924, -6.7523 -0.6121 2.2139, -6.7768 -0.5571 2.2813, -6.7621 -0.6003 2.2407, -6.7704 -0.5815 2.2637, -6.7704 -0.3307 2.2637, -6.7621 -0.3119 2.2407, -6.7523 -0.3001 2.2139, -6.6878 -0.6161 2.033, -6.6878 -0.2961 2.033, -6.687 -0.6161 2.0198, -6.687 -0.2961 2.0198, -6.6888 -0.6161 2.0068, -6.6888 -0.2961 2.0068, -6.8798 -0.6161 1.1794, -6.8226 -0.2961 1.4271, -6.8333 -0.2906 1.3808, -6.8434 -0.2743 1.3371, -6.8568 -0.2442 1.2786, -6.8669 -0.228 1.2349, -6.1163 -0.6599 0.9469, -7.7778 -0.6752 0.9449, -7.883 -0.6752 0.9449, -7.88 -0.69 0.9449, -7.7364 -0.7776 0.9449, -7.7364 -0.6791 0.9449, -7.7659 -0.7776 0.9449, -7.7659 -0.6791 0.9449, -7.7965 -0.7735 0.9449, -7.771 -0.6785 0.9449, -7.825 -0.7617 0.9449, -7.7758 -0.6765 0.9449, -7.8495 -0.743 0.9449, -7.8682 -0.7185 0.9449, -7.1204 -0.69 0.9449, -7.1174 -0.6752 0.9449, -7.2226 -0.6752 0.9449, -7.264 -0.6791 0.9449, -7.264 -0.7776 0.9449, -7.2344 -0.6791 0.9449, -7.2344 -0.7776 0.9449, -7.2301 -0.6786 0.9449, -7.2039 -0.7735 0.9449, -7.2259 -0.6772 0.9449, -7.1754 -0.7617 0.9449, -7.1509 -0.743 0.9449, -7.1322 -0.7185 0.9449, -7.7364 -0.6791 0.3543, -7.7364 -0.7776 0.3543, -7.7659 -0.6791 0.3543, -7.7659 -0.7776 0.3543, -7.771 -0.6785 0.3543, -7.7965 -0.7735 0.3543, -7.7758 -0.6765 0.3543, -7.825 -0.7617 0.3543, -7.7799 -0.6734 0.3543, -7.8495 -0.743 0.3543, -7.783 -0.6693 0.3543, -7.8682 -0.7185 0.3543, -7.785 -0.6645 0.3543, -7.88 -0.69 0.3543, -7.7856 -0.6594 0.3543, -7.8841 -0.6594 0.3543, -7.7856 -0.3406 0.3543, -7.8841 -0.3406 0.3543, -7.8841 -0.6161 1.1417, -7.8841 -0.2224 1.1417, -7.8841 -0.6161 1.0039, -7.8841 -0.6182 0.9887, -7.8841 -0.6241 0.9744, -7.8841 -0.2224 0.4724, -7.8841 -0.6334 0.9622, -7.8841 -0.6594 0.947, -7.8841 -0.6457 0.9528, -7.8841 -0.31 0.3584, -7.8841 -0.2265 0.4419, -7.8841 -0.2383 0.4134, -7.8841 -0.257 0.3889, -7.8841 -0.2815 0.3702, -7.8838 -0.6675 0.9454, -7.884 -0.6599 0.9469, -7.6529 -0.7776 0.3197, -7.6341 -0.7776 0.2953, -7.2945 -0.7776 0.9489, -7.3781 -0.7776 0.2668, -7.3663 -0.7776 0.2953, -7.3475 -0.7776 0.3197, -7.6774 -0.7776 0.3385, -7.323 -0.7776 0.9607, -7.7058 -0.7776 0.3503, -7.3475 -0.7776 0.9795, -7.3663 -0.7776 1.0039, -7.6529 -0.7776 0.9795, -7.6341 -0.7776 1.0039, -7.3781 -0.7776 1.0324, -7.6223 -0.7776 1.0324, -7.3821 -0.7776 1.063, -7.6183 -0.7776 1.063, -7.6183 -0.7776 0.2362, -7.6183 -0.7776 0.1575, -7.3821 -0.7776 0.1575, -7.2344 -0.7776 0.3543, -7.264 -0.7776 0.3543, -7.2945 -0.7776 0.3503, -7.323 -0.7776 0.3385, -7.6774 -0.7776 0.9607, -7.7058 -0.7776 0.9489, -7.6223 -0.7776 0.2668, -7.3821 -0.7776 0.2362, -7.6183 -0.7776 2.2146, -7.3821 -0.7776 2.2146, -7.3861 -0.7776 2.2451, -7.3979 -0.7776 2.2736, -7.4167 -0.7776 2.2981, -7.5308 -0.7776 2.3287, -7.5837 -0.7776 2.2981, -7.6025 -0.7776 2.2736, -7.6143 -0.7776 2.2451, -7.4411 -0.7776 2.3169, -7.4696 -0.7776 2.3287, -7.5002 -0.7776 2.3327, -7.5593 -0.7776 2.3169, -7.1204 -0.69 0.3543, -7.1322 -0.7185 0.3543, -7.1509 -0.743 0.3543, -7.1754 -0.7617 0.3543, -7.2039 -0.7735 0.3543, -7.1163 -0.6594 0.3543, -7.1163 -0.6594 0.947, -7.1163 -0.6599 0.9469, -7.1166 -0.6675 0.9454, -7.1163 -0.6161 1.1417, -7.1163 -0.6161 1.0039, -7.1163 -0.2224 1.1417, -7.1163 -0.6182 0.9887, -7.1163 -0.2224 0.4724, -7.1163 -0.3406 0.3543, -7.1163 -0.257 0.3889, -7.1163 -0.2383 0.4134, -7.1163 -0.6334 0.9622, -7.1163 -0.6457 0.9528, -7.1163 -0.31 0.3584, -7.1163 -0.2815 0.3702, -7.1163 -0.6241 0.9744, -7.1163 -0.2265 0.4419, -7.2238 -0.2224 1.1886, -7.1228 -0.2224 1.1886, -7.2165 -0.2224 1.1572, -7.1206 -0.2224 1.1794, -7.2148 -0.2224 1.1417, -7.2148 -0.2224 0.4724, -7.2148 -0.6161 1.0039, -7.2148 -0.6161 1.1417, -7.2148 -0.6334 0.9622, -7.2148 -0.6241 0.9744, -7.2148 -0.6182 0.9887, -7.2148 -0.6594 0.3543, -7.2148 -0.6594 0.947, -7.2148 -0.3406 0.3543, -7.2148 -0.6457 0.9528, -7.2148 -0.2383 0.4134, -7.2148 -0.257 0.3889, -7.2148 -0.2265 0.4419, -7.2148 -0.2815 0.3702, -7.2148 -0.31 0.3584, -7.2148 -0.6599 0.9469, -7.2153 -0.6638 0.3543, -7.2153 -0.6638 0.946, -7.2167 -0.668 0.3543, -7.2167 -0.668 0.9453, -7.2191 -0.6717 0.3543, -7.2191 -0.6717 0.945, -7.2222 -0.6748 0.3543, -7.2222 -0.6748 0.9449, -7.2344 -0.6791 0.3543, -7.2301 -0.6786 0.3543, -7.2259 -0.6772 0.3543, -7.2945 -0.6791 0.3503, -7.323 -0.6791 0.3385, -7.6341 -0.6791 0.2953, -7.3475 -0.6791 0.3197, -7.3821 -0.6791 0.2362, -7.3821 -0.6791 0.1575, -7.6183 -0.6791 0.1575, -7.2945 -0.6791 0.9489, -7.6529 -0.6791 0.3197, -7.323 -0.6791 0.9607, -7.6774 -0.6791 0.3385, -7.3475 -0.6791 0.9795, -7.7058 -0.6791 0.3503, -7.3663 -0.6791 1.0039, -7.3663 -0.6791 0.2953, -7.3781 -0.6791 0.2668, -7.6223 -0.6791 0.2668, -7.6183 -0.6791 0.2362, -7.6183 -0.6791 1.063, -7.6183 -0.6791 2.1704, -7.3821 -0.6791 2.1704, -7.7058 -0.6791 0.9489, -7.6774 -0.6791 0.9607, -7.6529 -0.6791 0.9795, -7.264 -0.6791 0.3543, -7.6341 -0.6791 1.0039, -7.6223 -0.6791 1.0324, -7.3781 -0.6791 1.0324, -7.3821 -0.6791 1.063, -7.783 -0.6693 0.9452, -7.7816 -0.6714 0.945, -7.7799 -0.6734 0.9449, -7.7856 -0.6594 0.947, -7.7856 -0.6599 0.9469, -7.785 -0.6645 0.9459, -7.7841 -0.667 0.9455, -7.7856 -0.6161 1.1417, -7.7856 -0.6161 1.0039, -7.7856 -0.2224 1.1417, -7.7856 -0.6182 0.9887, -7.7856 -0.2224 0.4724, -7.7856 -0.6241 0.9744, -7.7856 -0.6334 0.9622, -7.7856 -0.2265 0.4419, -7.7856 -0.6457 0.9528, -7.7856 -0.31 0.3584, -7.7856 -0.2815 0.3702, -7.7856 -0.257 0.3889, -7.7856 -0.2383 0.4134, -7.7839 -0.2224 1.1572, -7.8798 -0.2224 1.1794, -7.7766 -0.2224 1.1886, -7.8776 -0.2224 1.1886, -7.3821 -0.7796 0.1422, -7.6183 -0.7796 0.1422, -7.3821 -0.7855 0.128, -7.6183 -0.7855 0.128, -7.3821 -0.7949 0.1157, -7.6183 -0.7949 0.1157, -7.3821 -0.8071 0.1063, -7.6183 -0.8071 0.1063, -7.3821 -0.8213 0.1004, -7.6183 -0.8213 0.1004, -7.3821 -0.8366 0.0984, -7.6183 -0.8366 0.0984, -7.3821 -1.2598 0.0984, -7.6183 -1.2598 0.0984, -7.6143 -1.2904 0.0984, -7.3861 -1.2904 0.0984, -7.6025 -1.3189 0.0984, -7.5002 -1.378 0.0984, -7.4696 -1.3739 0.0984, -7.4411 -1.3621 0.0984, -7.5837 -1.3434 0.0984, -7.5593 -1.3621 0.0984, -7.3979 -1.3189 0.0984, -7.4167 -1.3434 0.0984, -7.5308 -1.3739 0.0984, -7.6183 -0.8366 0.0, -7.3821 -0.8366 0.0, -7.6183 -1.2598 0.0, -7.3821 -1.2598 0.0, -7.6143 -1.2904 0.0, -7.3861 -1.2904 0.0, -7.6025 -1.3189 0.0, -7.3979 -1.3189 0.0, -7.4167 -1.3434 0.0, -7.5593 -1.3621 0.0, -7.4411 -1.3621 0.0, -7.5837 -1.3434 0.0, -7.4696 -1.3739 0.0, -7.5002 -1.378 0.0, -7.5308 -1.3739 0.0, -7.6183 -0.7959 0.0054, -7.3821 -0.7959 0.0054, -7.6183 -0.7579 0.0211, -7.3821 -0.7579 0.0211, -7.6183 -0.7253 0.0461, -7.3821 -0.7253 0.0461, -7.6183 -0.7002 0.0787, -7.3821 -0.7002 0.0787, -7.6183 -0.6845 0.1167, -7.3821 -0.6845 0.1167, -7.3821 -0.6952 2.2146, -7.6183 -0.6952 2.2146, -7.455 -0.7349 2.3237, -7.4411 -0.7324 2.3169, -7.5454 -0.7349 2.3237, -7.4167 -0.7256 2.2981, -7.3979 -0.7167 2.2736, -7.3861 -0.7063 2.2451, -7.4283 -0.7293 2.3083, -7.6143 -0.7063 2.2451, -7.6025 -0.7167 2.2736, -7.5837 -0.7256 2.2981, -7.5721 -0.7293 2.3083, -7.5593 -0.7324 2.3169, -7.4696 -0.7367 2.3287, -7.5308 -0.7367 2.3287, -7.4848 -0.7378 2.3317, -7.5156 -0.7378 2.3317, -7.5002 -0.7382 2.3327, -7.316 -0.5571 2.315, -7.312 -0.5286 2.326, -7.3106 -0.498 2.3298, -7.351 -0.6161 2.2188, -7.3406 -0.6121 2.2476, -7.312 -0.3836 2.326, -7.351 -0.2961 2.2188, -7.3106 -0.4142 2.3298, -7.4017 -0.2961 2.0795, -7.4017 -0.6161 2.0795, -7.3308 -0.6003 2.2743, -7.3225 -0.5815 2.2973, -7.316 -0.3552 2.315, -7.3225 -0.3307 2.2973, -7.3406 -0.3001 2.2476, -7.3308 -0.3119 2.2743, -7.4098 -0.2961 2.0484, -7.4098 -0.6161 2.0484, -7.4117 -0.2961 2.0164, -7.4117 -0.6161 2.0164, -7.4075 -0.2961 1.9846, -7.4075 -0.6161 1.9846, -7.2165 -0.6161 1.1572, -7.2788 -0.2961 1.4271, -7.2681 -0.2906 1.3808, -7.2581 -0.2743 1.3371, -7.2446 -0.2442 1.2786, -7.2345 -0.228 1.2349, -7.1206 -0.6161 1.1794, -7.3116 -0.2961 2.0068, -7.3116 -0.6161 2.0068, -7.1778 -0.2961 1.4271, -7.1671 -0.2906 1.3808, -7.157 -0.2743 1.3371, -7.1335 -0.228 1.2349, -7.1435 -0.2442 1.2786, -7.3134 -0.6161 2.0198, -7.3134 -0.2961 2.0198, -7.3126 -0.6161 2.033, -7.3126 -0.2961 2.033, -7.3093 -0.6161 2.0458, -7.3093 -0.2961 2.0458, -7.2585 -0.6161 2.1852, -7.2235 -0.5571 2.2813, -7.23 -0.5815 2.2637, -7.2481 -0.3001 2.2139, -7.2383 -0.3119 2.2407, -7.2195 -0.3836 2.2924, -7.23 -0.3307 2.2637, -7.2235 -0.3552 2.2813, -7.2195 -0.5286 2.2924, -7.2585 -0.2961 2.1852, -7.2181 -0.4142 2.2962, -7.2181 -0.498 2.2962, -7.2383 -0.6003 2.2407, -7.2481 -0.6121 2.2139, -7.7839 -0.6161 1.1572, -7.5928 -0.2961 1.9846, -7.5928 -0.6161 1.9846, -7.7216 -0.2961 1.4271, -7.7322 -0.2906 1.3808, -7.7423 -0.2743 1.3371, -7.7659 -0.228 1.2349, -7.7558 -0.2442 1.2786, -7.5887 -0.2961 2.0164, -7.5887 -0.6161 2.0164, -7.5906 -0.2961 2.0484, -7.5906 -0.6161 2.0484, -7.5987 -0.2961 2.0795, -7.5987 -0.6161 2.0795, -7.6494 -0.6161 2.2188, -7.6898 -0.498 2.3298, -7.6844 -0.5571 2.315, -7.6779 -0.5815 2.2973, -7.6696 -0.6003 2.2743, -7.6494 -0.2961 2.2188, -7.6598 -0.3001 2.2476, -7.6884 -0.5286 2.326, -7.6598 -0.6121 2.2476, -7.6696 -0.3119 2.2743, -7.6779 -0.3307 2.2973, -7.6844 -0.3552 2.315, -7.6884 -0.3836 2.326, -7.6898 -0.4142 2.3298, -7.7823 -0.4142 2.2962, -7.7823 -0.498 2.2962, -7.6911 -0.2961 2.0458, -7.6911 -0.6161 2.0458, -7.7419 -0.2961 2.1852, -7.7419 -0.6161 2.1852, -7.7768 -0.3552 2.2813, -7.7809 -0.3836 2.2924, -7.7809 -0.5286 2.2924, -7.7523 -0.6121 2.2139, -7.7768 -0.5571 2.2813, -7.7621 -0.6003 2.2407, -7.7704 -0.5815 2.2637, -7.7704 -0.3307 2.2637, -7.7621 -0.3119 2.2407, -7.7523 -0.3001 2.2139, -7.6878 -0.6161 2.033, -7.6878 -0.2961 2.033, -7.687 -0.6161 2.0198, -7.687 -0.2961 2.0198, -7.6888 -0.6161 2.0068, -7.6888 -0.2961 2.0068, -7.8798 -0.6161 1.1794, -7.8226 -0.2961 1.4271, -7.8333 -0.2906 1.3808, -7.8434 -0.2743 1.3371, -7.8568 -0.2442 1.2786, -7.8669 -0.228 1.2349, -7.1163 -0.6599 0.9469
            ]
        }
        coordIndex [
            0,1,2,-1,3,4,5,-1,5,4,6,-1,5,6,7,-1,7,6,8,-1,7,8,9,-1,9,8,10,-1,9,10,11,-1,11,10,0,-1,11,0,12,-1,12,0,2,-1,13,14,15,-1,16,17,18,-1,18,17,19,-1,18,19,20,-1,20,19,21,-1,20,21,22,-1,21,23,22,-1,22,23,24,-1,22,24,15,-1,15,24,25,-1,15,25,13,-1,26,27,28,-1,28,27,29,-1,28,29,30,-1,30,29,31,-1,30,31,32,-1,32,31,33,-1,32,33,34,-1,34,33,35,-1,34,35,36,-1,36,35,37,-1,36,37,38,-1,38,37,39,-1,38,39,40,-1,40,39,41,-1,40,41,42,-1,42,41,43,-1,44,45,46,-1,46,45,47,-1,47,45,48,-1,48,45,49,-1,48,49,50,-1,41,51,43,-1,43,51,52,-1,43,52,53,-1,50,49,52,-1,52,49,54,-1,52,54,55,-1,55,56,52,-1,52,56,57,-1,52,57,53,-1,2,1,41,-1,1,58,41,-1,41,58,59,-1,41,59,51,-1,41,39,2,-1,2,39,37,-1,2,37,12,-1,12,37,35,-1,12,35,11,-1,11,35,33,-1,11,33,9,-1,9,33,31,-1,9,31,7,-1,7,31,29,-1,7,29,5,-1,60,61,62,-1,62,61,17,-1,63,64,61,-1,61,64,65,-1,3,5,29,-1,60,62,66,-1,66,62,67,-1,66,67,68,-1,68,67,69,-1,68,69,70,-1,71,70,72,-1,72,70,73,-1,72,73,74,-1,74,73,75,-1,74,75,76,-1,77,78,79,-1,80,19,81,-1,81,19,17,-1,81,17,82,-1,82,17,61,-1,82,61,83,-1,83,61,65,-1,71,84,70,-1,70,84,85,-1,70,85,68,-1,68,85,3,-1,68,3,27,-1,27,3,29,-1,61,86,63,-1,63,86,77,-1,63,77,87,-1,87,77,79,-1,76,75,88,-1,88,75,89,-1,88,89,90,-1,91,92,93,-1,94,95,90,-1,90,95,96,-1,90,96,88,-1,92,97,93,-1,93,97,98,-1,93,98,99,-1,91,93,90,-1,90,93,100,-1,90,100,94,-1,101,25,102,-1,102,25,24,-1,102,24,103,-1,103,24,23,-1,103,23,104,-1,104,23,21,-1,104,21,105,-1,105,21,19,-1,105,19,80,-1,106,107,108,-1,108,109,106,-1,106,109,14,-1,106,14,101,-1,101,14,13,-1,101,13,25,-1,110,111,112,-1,112,111,113,-1,112,113,114,-1,107,106,115,-1,116,117,118,-1,107,115,119,-1,119,115,120,-1,119,120,118,-1,118,120,121,-1,118,121,116,-1,113,122,114,-1,114,122,118,-1,114,118,123,-1,123,118,117,-1,124,125,126,-1,126,125,127,-1,126,127,128,-1,128,127,112,-1,128,112,129,-1,129,112,114,-1,130,131,128,-1,132,133,129,-1,129,133,128,-1,128,133,134,-1,128,134,130,-1,135,136,137,-1,137,136,138,-1,139,140,138,-1,132,129,138,-1,138,129,141,-1,138,141,139,-1,140,142,138,-1,138,142,143,-1,138,143,137,-1,136,135,144,-1,144,135,145,-1,144,145,146,-1,146,145,147,-1,146,147,148,-1,148,147,149,-1,148,149,150,-1,150,149,151,-1,150,151,152,-1,153,18,154,-1,154,18,20,-1,154,20,155,-1,155,20,22,-1,155,22,151,-1,151,22,15,-1,151,15,152,-1,156,157,158,-1,158,157,159,-1,160,161,162,-1,163,164,165,-1,165,164,166,-1,165,166,167,-1,167,166,168,-1,167,168,169,-1,16,18,153,-1,159,170,158,-1,158,170,171,-1,158,171,172,-1,172,171,160,-1,172,160,173,-1,173,160,162,-1,174,175,176,-1,28,6,26,-1,26,6,4,-1,26,4,168,-1,168,4,177,-1,168,177,169,-1,169,177,178,-1,169,178,179,-1,153,180,16,-1,16,180,156,-1,16,156,163,-1,163,156,158,-1,163,158,164,-1,179,181,169,-1,169,181,182,-1,169,182,183,-1,183,182,174,-1,183,174,184,-1,184,174,176,-1,6,28,8,-1,8,28,30,-1,8,30,10,-1,10,30,32,-1,34,36,185,-1,185,186,34,-1,34,186,187,-1,34,187,32,-1,32,187,0,-1,32,0,10,-1,38,40,188,-1,188,189,38,-1,38,189,190,-1,38,190,36,-1,36,190,191,-1,36,191,185,-1,192,193,194,-1,194,193,195,-1,194,195,196,-1,188,40,42,-1,195,197,196,-1,196,197,198,-1,196,198,199,-1,199,198,200,-1,188,42,200,-1,200,42,201,-1,200,201,202,-1,202,203,200,-1,200,203,204,-1,200,204,199,-1,196,49,194,-1,194,49,45,-1,194,45,205,-1,205,45,206,-1,205,206,207,-1,207,206,208,-1,81,180,80,-1,80,180,153,-1,80,153,105,-1,105,153,154,-1,105,154,104,-1,104,154,155,-1,104,155,103,-1,137,115,135,-1,135,115,106,-1,135,106,145,-1,145,106,101,-1,145,101,147,-1,147,101,102,-1,147,102,149,-1,149,102,103,-1,149,103,151,-1,151,103,155,-1,79,78,209,-1,209,78,210,-1,209,210,211,-1,211,210,212,-1,211,212,213,-1,213,212,214,-1,213,214,215,-1,215,214,216,-1,215,216,217,-1,217,216,218,-1,217,218,219,-1,219,218,220,-1,221,219,220,-1,220,222,221,-1,221,222,223,-1,221,223,224,-1,224,223,225,-1,226,227,228,-1,225,229,224,-1,224,229,230,-1,224,230,231,-1,231,230,232,-1,232,230,228,-1,228,230,233,-1,228,233,226,-1,234,235,236,-1,236,235,237,-1,236,237,238,-1,238,237,239,-1,238,239,240,-1,241,242,243,-1,243,242,244,-1,241,243,239,-1,239,243,245,-1,239,245,240,-1,246,247,244,-1,244,247,248,-1,244,248,243,-1,235,234,249,-1,235,249,250,-1,250,249,251,-1,250,251,252,-1,252,251,253,-1,252,253,254,-1,254,253,255,-1,254,255,256,-1,256,255,257,-1,256,257,258,-1,258,257,162,-1,258,162,161,-1,221,237,219,-1,219,237,235,-1,219,235,217,-1,217,235,250,-1,217,250,215,-1,215,250,252,-1,215,252,213,-1,213,252,254,-1,213,254,211,-1,211,254,256,-1,211,256,209,-1,209,256,258,-1,209,258,79,-1,79,258,161,-1,79,161,87,-1,87,161,160,-1,77,173,78,-1,78,173,162,-1,78,162,210,-1,210,162,257,-1,210,257,212,-1,212,257,255,-1,212,255,214,-1,214,255,253,-1,214,253,216,-1,216,253,251,-1,216,251,218,-1,218,251,249,-1,218,249,220,-1,220,249,234,-1,220,234,222,-1,222,234,236,-1,259,89,176,-1,176,89,75,-1,176,75,184,-1,174,76,175,-1,175,76,88,-1,175,88,260,-1,176,175,259,-1,259,175,260,-1,261,262,263,-1,264,265,260,-1,260,265,266,-1,260,266,259,-1,264,260,267,-1,267,260,268,-1,267,268,269,-1,269,270,267,-1,267,270,271,-1,267,271,262,-1,262,271,272,-1,262,272,263,-1,261,263,273,-1,273,263,274,-1,273,274,275,-1,275,274,276,-1,275,276,277,-1,278,279,280,-1,280,281,282,-1,283,284,285,-1,285,284,286,-1,285,286,280,-1,280,286,287,-1,280,287,281,-1,282,288,280,-1,280,288,289,-1,280,289,278,-1,283,290,284,-1,284,290,291,-1,284,291,292,-1,292,291,293,-1,287,286,294,-1,287,294,295,-1,295,294,296,-1,295,296,297,-1,297,296,298,-1,297,298,299,-1,299,298,300,-1,300,298,301,-1,301,302,300,-1,300,302,303,-1,300,303,304,-1,304,305,300,-1,300,305,124,-1,300,124,126,-1,300,126,131,-1,131,126,128,-1,112,127,110,-1,110,127,306,-1,306,127,125,-1,307,308,309,-1,309,308,306,-1,309,306,310,-1,310,306,311,-1,125,312,306,-1,306,312,313,-1,306,313,311,-1,308,307,314,-1,314,307,315,-1,314,315,316,-1,316,315,317,-1,316,317,318,-1,318,317,319,-1,320,318,319,-1,321,322,319,-1,323,324,325,-1,325,324,326,-1,325,326,327,-1,321,319,328,-1,323,325,329,-1,329,325,330,-1,329,330,319,-1,319,330,331,-1,319,331,328,-1,322,332,319,-1,319,332,333,-1,319,333,320,-1,331,330,280,-1,280,330,285,-1,320,281,318,-1,318,281,287,-1,318,287,316,-1,316,287,295,-1,316,295,314,-1,314,295,297,-1,314,297,308,-1,308,297,299,-1,308,299,306,-1,306,299,300,-1,306,300,110,-1,110,300,131,-1,110,131,111,-1,111,131,130,-1,192,194,334,-1,334,194,205,-1,334,205,207,-1,335,336,337,-1,337,336,334,-1,337,334,338,-1,338,334,339,-1,207,340,334,-1,334,340,341,-1,334,341,339,-1,336,335,342,-1,336,342,343,-1,343,342,344,-1,343,344,345,-1,345,344,346,-1,345,346,347,-1,348,347,349,-1,350,351,352,-1,346,353,347,-1,347,353,354,-1,349,355,348,-1,348,355,350,-1,348,350,356,-1,356,350,352,-1,354,357,347,-1,347,357,358,-1,347,358,359,-1,359,360,347,-1,347,360,361,-1,347,361,349,-1,362,363,361,-1,361,363,349,-1,364,365,366,-1,366,365,367,-1,368,366,369,-1,369,366,362,-1,362,366,363,-1,363,366,367,-1,363,367,370,-1,370,367,371,-1,370,371,372,-1,372,371,373,-1,372,373,374,-1,368,375,366,-1,366,375,376,-1,366,376,377,-1,365,364,378,-1,378,364,379,-1,378,379,380,-1,380,379,381,-1,380,381,382,-1,382,381,383,-1,382,383,384,-1,384,383,385,-1,385,386,384,-1,384,386,387,-1,384,387,388,-1,388,389,384,-1,384,389,208,-1,384,208,206,-1,206,45,384,-1,384,45,44,-1,46,193,44,-1,44,193,192,-1,44,192,384,-1,384,192,334,-1,384,334,382,-1,382,334,336,-1,382,336,380,-1,380,336,343,-1,380,343,378,-1,378,343,345,-1,378,345,365,-1,365,345,347,-1,365,347,367,-1,367,347,348,-1,366,353,364,-1,364,353,346,-1,364,346,379,-1,379,346,344,-1,379,344,381,-1,381,344,342,-1,381,342,383,-1,383,342,335,-1,383,335,385,-1,385,335,337,-1,339,341,387,-1,387,341,388,-1,311,313,303,-1,303,313,304,-1,309,301,307,-1,307,301,298,-1,307,298,315,-1,315,298,296,-1,315,296,317,-1,317,296,294,-1,317,294,319,-1,319,294,286,-1,319,286,329,-1,329,286,284,-1,237,221,224,-1,237,224,239,-1,239,224,231,-1,239,231,241,-1,241,231,232,-1,241,232,242,-1,242,232,228,-1,242,228,244,-1,244,228,227,-1,244,227,246,-1,246,227,226,-1,246,226,247,-1,222,236,238,-1,222,238,223,-1,223,238,240,-1,223,240,225,-1,225,240,245,-1,225,245,229,-1,229,245,243,-1,229,243,230,-1,230,243,248,-1,230,248,233,-1,233,248,247,-1,233,247,226,-1,129,114,123,-1,129,123,141,-1,141,123,117,-1,141,117,139,-1,139,117,116,-1,139,116,140,-1,140,116,121,-1,140,121,142,-1,142,121,120,-1,142,120,143,-1,143,120,115,-1,143,115,137,-1,49,196,199,-1,49,199,54,-1,54,199,204,-1,54,204,55,-1,55,204,203,-1,55,203,56,-1,56,203,202,-1,56,202,57,-1,57,202,201,-1,57,201,53,-1,53,201,42,-1,53,42,43,-1,87,160,63,-1,63,160,171,-1,63,171,64,-1,64,171,170,-1,64,170,65,-1,65,170,159,-1,65,159,83,-1,83,159,157,-1,83,157,82,-1,82,157,156,-1,82,156,81,-1,81,156,180,-1,173,77,172,-1,172,77,86,-1,172,86,158,-1,158,86,61,-1,158,61,164,-1,164,61,60,-1,164,60,166,-1,166,60,66,-1,166,66,168,-1,168,66,68,-1,168,68,26,-1,26,68,27,-1,76,174,74,-1,74,174,182,-1,74,182,72,-1,72,182,181,-1,72,181,71,-1,71,181,179,-1,71,179,84,-1,84,179,178,-1,84,178,85,-1,85,178,177,-1,85,177,3,-1,3,177,4,-1,184,75,183,-1,183,75,73,-1,183,73,169,-1,169,73,70,-1,169,70,167,-1,167,70,69,-1,167,69,165,-1,165,69,67,-1,165,67,163,-1,163,67,62,-1,163,62,16,-1,16,62,17,-1,277,99,275,-1,275,99,98,-1,275,98,273,-1,273,98,261,-1,261,98,97,-1,261,97,262,-1,262,97,267,-1,267,97,92,-1,267,92,264,-1,264,92,91,-1,264,91,265,-1,265,91,90,-1,265,90,266,-1,266,90,89,-1,266,89,259,-1,260,88,96,-1,260,96,268,-1,268,96,95,-1,268,95,269,-1,269,95,94,-1,269,94,270,-1,100,272,94,-1,94,272,271,-1,94,271,270,-1,93,99,277,-1,277,276,93,-1,93,276,274,-1,93,274,100,-1,100,274,263,-1,100,263,272,-1,353,366,377,-1,353,377,354,-1,354,377,376,-1,354,376,357,-1,357,376,375,-1,357,375,358,-1,358,375,368,-1,358,368,359,-1,359,368,369,-1,359,369,360,-1,360,369,362,-1,360,362,361,-1,349,363,370,-1,349,370,355,-1,355,370,372,-1,355,372,350,-1,350,372,374,-1,350,374,351,-1,351,374,373,-1,351,373,352,-1,352,373,371,-1,352,371,356,-1,356,371,367,-1,356,367,348,-1,331,280,279,-1,331,279,328,-1,328,279,278,-1,328,278,321,-1,321,278,289,-1,321,289,322,-1,322,289,288,-1,322,288,332,-1,332,288,282,-1,332,282,333,-1,333,282,281,-1,333,281,320,-1,329,284,292,-1,329,292,323,-1,323,292,293,-1,323,293,324,-1,324,293,291,-1,324,291,326,-1,326,291,290,-1,326,290,327,-1,327,290,283,-1,327,283,325,-1,325,283,285,-1,325,285,330,-1,111,130,113,-1,113,130,134,-1,113,134,122,-1,122,134,133,-1,122,133,118,-1,118,133,132,-1,118,132,119,-1,119,132,138,-1,119,138,107,-1,107,138,390,-1,138,136,390,-1,390,136,144,-1,390,144,109,-1,109,144,146,-1,109,146,14,-1,14,146,148,-1,148,150,14,-1,14,150,152,-1,14,152,15,-1,193,46,195,-1,195,46,47,-1,195,47,197,-1,197,47,48,-1,197,48,198,-1,198,48,50,-1,198,50,200,-1,200,50,52,-1,200,52,188,-1,188,52,51,-1,188,51,189,-1,0,187,1,-1,1,187,186,-1,1,186,185,-1,185,191,1,-1,1,191,190,-1,1,190,58,-1,58,190,189,-1,58,189,59,-1,59,189,51,-1,311,303,302,-1,311,302,310,-1,310,302,301,-1,310,301,309,-1,125,124,305,-1,125,305,312,-1,312,305,304,-1,312,304,313,-1,339,387,386,-1,339,386,338,-1,338,386,385,-1,338,385,337,-1,207,208,389,-1,207,389,340,-1,340,389,388,-1,340,388,341,-1,391,392,393,-1,394,395,396,-1,396,395,397,-1,396,397,398,-1,398,397,399,-1,398,399,400,-1,399,401,400,-1,400,401,402,-1,400,402,393,-1,393,402,403,-1,393,403,391,-1,404,405,406,-1,407,408,409,-1,409,408,410,-1,409,410,411,-1,411,410,412,-1,411,412,413,-1,413,412,414,-1,413,414,415,-1,415,414,404,-1,415,404,416,-1,416,404,406,-1,417,418,419,-1,419,418,420,-1,419,420,421,-1,421,420,422,-1,421,422,423,-1,423,422,424,-1,423,424,425,-1,425,424,426,-1,425,426,427,-1,427,426,428,-1,427,428,429,-1,429,428,430,-1,429,430,431,-1,431,430,432,-1,431,432,433,-1,433,432,434,-1,435,420,418,-1,436,437,438,-1,438,437,439,-1,438,439,440,-1,440,439,441,-1,440,441,442,-1,443,444,442,-1,442,444,445,-1,442,445,440,-1,435,418,446,-1,446,418,447,-1,446,447,442,-1,442,447,448,-1,442,448,443,-1,422,403,424,-1,424,403,402,-1,424,402,426,-1,426,402,401,-1,426,401,428,-1,428,401,399,-1,428,399,430,-1,430,399,397,-1,430,397,432,-1,420,435,449,-1,449,450,420,-1,420,450,392,-1,420,392,422,-1,422,392,391,-1,422,391,403,-1,451,452,453,-1,454,455,452,-1,452,455,456,-1,457,458,459,-1,459,458,460,-1,434,432,397,-1,407,409,461,-1,451,453,462,-1,462,453,463,-1,462,463,464,-1,464,463,465,-1,464,465,459,-1,466,467,468,-1,456,469,452,-1,452,469,470,-1,452,470,453,-1,453,470,434,-1,453,434,395,-1,395,434,397,-1,460,471,459,-1,459,471,472,-1,459,472,464,-1,464,472,407,-1,464,407,473,-1,473,407,461,-1,459,474,457,-1,457,474,475,-1,457,475,476,-1,476,475,477,-1,452,478,454,-1,454,478,466,-1,454,466,479,-1,479,466,468,-1,475,480,477,-1,477,480,481,-1,477,481,482,-1,482,481,483,-1,484,485,486,-1,483,487,482,-1,482,487,488,-1,482,488,489,-1,489,488,490,-1,484,486,488,-1,488,486,491,-1,488,491,490,-1,406,405,492,-1,405,493,492,-1,492,493,494,-1,492,494,495,-1,492,496,406,-1,406,496,497,-1,406,497,416,-1,416,497,498,-1,416,498,415,-1,415,498,499,-1,415,499,413,-1,413,499,500,-1,413,500,411,-1,411,500,461,-1,411,461,409,-1,492,495,501,-1,501,495,502,-1,503,504,505,-1,505,504,506,-1,506,504,507,-1,507,504,508,-1,507,508,509,-1,509,508,510,-1,509,510,511,-1,511,512,509,-1,509,512,513,-1,509,513,502,-1,502,513,514,-1,502,514,501,-1,515,508,516,-1,516,508,504,-1,516,504,517,-1,517,504,518,-1,517,518,519,-1,519,518,520,-1,521,522,516,-1,516,522,523,-1,516,523,515,-1,524,525,526,-1,527,528,529,-1,524,526,530,-1,530,526,531,-1,530,531,529,-1,529,531,532,-1,529,532,527,-1,523,533,515,-1,515,533,529,-1,515,529,534,-1,534,529,528,-1,410,535,412,-1,412,535,536,-1,412,536,414,-1,414,536,537,-1,414,537,404,-1,404,537,538,-1,537,539,538,-1,538,539,540,-1,538,540,541,-1,541,540,542,-1,541,542,543,-1,543,542,544,-1,543,544,545,-1,545,544,546,-1,546,544,525,-1,546,525,524,-1,547,548,549,-1,549,548,550,-1,551,552,553,-1,553,552,554,-1,555,553,556,-1,555,556,557,-1,557,556,558,-1,557,558,559,-1,559,558,560,-1,559,560,549,-1,561,562,563,-1,563,562,564,-1,563,564,550,-1,550,564,565,-1,550,565,549,-1,535,410,566,-1,566,410,408,-1,566,408,555,-1,555,408,567,-1,555,567,553,-1,553,567,568,-1,553,568,551,-1,396,431,394,-1,394,431,433,-1,394,433,560,-1,560,433,569,-1,560,569,549,-1,549,569,570,-1,549,570,547,-1,571,572,573,-1,573,572,574,-1,573,574,554,-1,554,574,575,-1,554,575,553,-1,421,576,419,-1,419,576,577,-1,419,577,578,-1,423,425,579,-1,579,580,423,-1,423,580,581,-1,423,581,421,-1,421,581,582,-1,421,582,576,-1,431,396,429,-1,429,396,398,-1,429,398,427,-1,427,398,400,-1,427,400,425,-1,425,400,393,-1,425,393,579,-1,583,584,585,-1,586,587,588,-1,419,578,417,-1,417,578,589,-1,417,589,590,-1,586,588,585,-1,585,588,591,-1,585,591,583,-1,587,586,589,-1,589,586,592,-1,589,592,593,-1,593,594,589,-1,589,594,595,-1,589,595,590,-1,596,597,598,-1,598,597,599,-1,598,599,585,-1,585,599,438,-1,585,438,586,-1,586,438,440,-1,501,526,492,-1,492,526,525,-1,492,525,496,-1,496,525,544,-1,496,544,497,-1,497,544,542,-1,497,542,498,-1,566,473,535,-1,535,473,461,-1,535,461,536,-1,536,461,500,-1,536,500,537,-1,537,500,499,-1,537,499,539,-1,539,499,498,-1,539,498,540,-1,540,498,542,-1,600,601,602,-1,602,601,603,-1,602,603,604,-1,604,603,605,-1,604,605,606,-1,606,605,607,-1,606,607,608,-1,608,607,609,-1,608,609,610,-1,610,609,611,-1,610,611,467,-1,467,611,468,-1,612,613,614,-1,601,600,615,-1,615,600,616,-1,615,616,614,-1,614,616,617,-1,614,617,612,-1,618,619,620,-1,621,622,613,-1,613,622,623,-1,613,623,614,-1,621,613,620,-1,620,613,624,-1,620,624,618,-1,625,626,627,-1,627,628,625,-1,625,628,629,-1,625,629,630,-1,630,629,631,-1,632,633,634,-1,634,633,635,-1,631,629,634,-1,634,629,636,-1,634,636,632,-1,637,638,635,-1,635,638,639,-1,635,639,634,-1,562,561,640,-1,562,640,641,-1,641,640,642,-1,641,642,643,-1,643,642,644,-1,643,644,645,-1,645,644,646,-1,645,646,647,-1,647,646,648,-1,647,648,649,-1,649,648,627,-1,649,627,626,-1,466,564,467,-1,467,564,562,-1,467,562,610,-1,610,562,641,-1,610,641,608,-1,608,641,643,-1,608,643,606,-1,606,643,645,-1,606,645,604,-1,604,645,647,-1,604,647,602,-1,602,647,649,-1,602,649,600,-1,600,649,626,-1,600,626,616,-1,616,626,625,-1,615,628,601,-1,601,628,627,-1,601,627,603,-1,603,627,648,-1,603,648,605,-1,605,648,646,-1,605,646,607,-1,607,646,644,-1,607,644,609,-1,609,644,642,-1,609,642,611,-1,611,642,640,-1,611,640,468,-1,468,640,561,-1,468,561,479,-1,479,561,563,-1,573,476,571,-1,571,476,477,-1,571,477,650,-1,651,480,572,-1,572,480,475,-1,572,475,574,-1,651,572,571,-1,571,650,651,-1,651,650,652,-1,651,652,653,-1,653,654,651,-1,651,654,655,-1,651,655,656,-1,656,655,657,-1,658,659,660,-1,660,659,661,-1,660,661,655,-1,655,661,662,-1,655,662,657,-1,660,663,658,-1,658,663,664,-1,658,664,665,-1,665,664,666,-1,665,666,667,-1,667,666,668,-1,669,670,671,-1,670,669,672,-1,672,669,673,-1,672,673,674,-1,671,675,669,-1,669,675,676,-1,669,676,677,-1,677,676,678,-1,677,678,679,-1,680,673,681,-1,681,673,682,-1,680,683,673,-1,673,683,684,-1,673,684,674,-1,685,686,687,-1,685,687,688,-1,688,687,689,-1,688,689,690,-1,690,689,670,-1,690,670,672,-1,691,517,519,-1,686,685,692,-1,692,685,691,-1,692,691,693,-1,693,691,694,-1,519,695,691,-1,691,695,696,-1,691,696,694,-1,521,516,691,-1,691,516,517,-1,518,504,697,-1,697,504,503,-1,698,699,697,-1,697,699,700,-1,700,701,697,-1,697,701,702,-1,697,702,703,-1,703,704,697,-1,697,704,520,-1,697,520,518,-1,705,706,707,-1,707,706,708,-1,707,708,709,-1,709,708,710,-1,709,710,698,-1,698,710,699,-1,705,711,706,-1,706,711,712,-1,706,712,713,-1,713,712,714,-1,713,714,715,-1,715,716,713,-1,713,716,717,-1,713,717,718,-1,705,719,711,-1,711,719,720,-1,711,720,721,-1,721,722,711,-1,711,722,723,-1,711,723,724,-1,712,711,669,-1,669,711,673,-1,505,522,503,-1,503,522,521,-1,503,521,697,-1,697,521,691,-1,697,691,698,-1,698,691,685,-1,698,685,709,-1,709,685,688,-1,709,688,707,-1,707,688,690,-1,707,690,705,-1,705,690,672,-1,705,672,719,-1,719,672,674,-1,725,598,584,-1,584,598,585,-1,726,727,725,-1,725,727,728,-1,728,729,725,-1,725,729,730,-1,725,730,731,-1,731,732,725,-1,725,732,596,-1,725,596,598,-1,733,734,735,-1,733,735,736,-1,736,735,737,-1,736,737,738,-1,738,737,727,-1,738,727,726,-1,734,733,739,-1,739,733,740,-1,741,742,740,-1,743,744,745,-1,740,742,739,-1,739,742,746,-1,739,746,747,-1,747,748,739,-1,739,748,749,-1,739,749,750,-1,750,749,751,-1,741,740,745,-1,745,740,752,-1,745,752,743,-1,753,754,742,-1,742,754,746,-1,755,756,757,-1,757,756,758,-1,759,760,761,-1,753,757,754,-1,754,757,758,-1,754,758,762,-1,762,758,763,-1,753,764,757,-1,757,764,759,-1,757,759,765,-1,765,759,761,-1,766,767,758,-1,758,767,768,-1,758,768,763,-1,769,770,771,-1,771,770,772,-1,771,772,773,-1,773,772,774,-1,773,774,755,-1,755,774,756,-1,775,599,597,-1,770,769,776,-1,776,769,775,-1,776,775,777,-1,777,775,778,-1,597,779,775,-1,775,779,780,-1,775,780,778,-1,438,599,436,-1,436,599,775,-1,757,740,755,-1,755,740,733,-1,755,733,773,-1,773,733,736,-1,773,736,771,-1,771,736,738,-1,771,738,769,-1,769,738,726,-1,769,726,775,-1,775,726,725,-1,775,725,436,-1,436,725,584,-1,436,584,437,-1,437,584,583,-1,776,728,770,-1,770,728,727,-1,770,727,772,-1,772,727,737,-1,772,737,774,-1,774,737,735,-1,774,735,756,-1,756,735,734,-1,756,734,758,-1,758,734,739,-1,731,730,780,-1,780,730,778,-1,703,702,696,-1,696,702,694,-1,713,671,706,-1,706,671,670,-1,706,670,708,-1,708,670,689,-1,708,689,710,-1,710,689,687,-1,710,687,699,-1,699,687,686,-1,699,686,700,-1,700,686,692,-1,637,619,618,-1,637,618,638,-1,638,618,624,-1,638,624,639,-1,639,624,613,-1,639,613,634,-1,634,613,612,-1,634,612,631,-1,631,612,617,-1,631,617,630,-1,630,617,616,-1,630,616,625,-1,619,637,635,-1,619,635,620,-1,620,635,633,-1,620,633,621,-1,621,633,632,-1,621,632,622,-1,622,632,636,-1,622,636,623,-1,623,636,629,-1,623,629,614,-1,614,629,628,-1,614,628,615,-1,526,501,514,-1,526,514,531,-1,531,514,513,-1,531,513,532,-1,532,513,512,-1,532,512,527,-1,527,512,511,-1,527,511,528,-1,528,511,510,-1,528,510,534,-1,534,510,508,-1,534,508,515,-1,418,417,590,-1,418,590,447,-1,447,590,595,-1,447,595,448,-1,448,595,594,-1,448,594,443,-1,443,594,593,-1,443,593,444,-1,444,593,592,-1,444,592,445,-1,445,592,586,-1,445,586,440,-1,473,566,464,-1,464,566,555,-1,464,555,462,-1,462,555,557,-1,462,557,451,-1,451,557,559,-1,451,559,452,-1,452,559,549,-1,452,549,478,-1,478,549,565,-1,478,565,466,-1,466,565,564,-1,433,434,569,-1,569,434,470,-1,569,470,570,-1,570,470,469,-1,570,469,547,-1,547,469,456,-1,547,456,548,-1,548,456,455,-1,548,455,550,-1,550,455,454,-1,550,454,563,-1,563,454,479,-1,395,394,453,-1,453,394,560,-1,453,560,463,-1,463,560,558,-1,463,558,465,-1,465,558,556,-1,465,556,459,-1,459,556,553,-1,459,553,474,-1,474,553,575,-1,474,575,475,-1,475,575,574,-1,408,407,567,-1,567,407,472,-1,567,472,568,-1,568,472,471,-1,568,471,551,-1,551,471,460,-1,551,460,552,-1,552,460,458,-1,552,458,554,-1,554,458,457,-1,554,457,573,-1,573,457,476,-1,650,477,482,-1,650,482,652,-1,652,482,489,-1,652,489,653,-1,653,489,490,-1,653,490,654,-1,491,660,490,-1,490,660,655,-1,490,655,654,-1,486,485,668,-1,668,666,486,-1,486,666,664,-1,486,664,491,-1,491,664,663,-1,491,663,660,-1,668,485,667,-1,667,485,484,-1,667,484,665,-1,665,484,658,-1,658,484,488,-1,658,488,659,-1,659,488,661,-1,661,488,487,-1,661,487,662,-1,662,487,483,-1,662,483,657,-1,657,483,481,-1,657,481,656,-1,656,481,480,-1,656,480,651,-1,746,754,762,-1,746,762,747,-1,747,762,763,-1,747,763,748,-1,748,763,768,-1,748,768,749,-1,749,768,767,-1,749,767,751,-1,751,767,766,-1,751,766,750,-1,750,766,758,-1,750,758,739,-1,740,757,765,-1,740,765,752,-1,752,765,761,-1,752,761,743,-1,743,761,760,-1,743,760,744,-1,744,760,759,-1,744,759,745,-1,745,759,764,-1,745,764,741,-1,741,764,753,-1,741,753,742,-1,719,674,684,-1,719,684,720,-1,720,684,683,-1,720,683,721,-1,721,683,680,-1,721,680,722,-1,722,680,681,-1,722,681,723,-1,723,681,682,-1,723,682,724,-1,724,682,673,-1,724,673,711,-1,712,669,677,-1,712,677,714,-1,714,677,679,-1,714,679,715,-1,715,679,678,-1,715,678,716,-1,716,678,676,-1,716,676,717,-1,717,676,675,-1,717,675,718,-1,718,675,671,-1,718,671,713,-1,541,405,538,-1,538,405,404,-1,541,543,405,-1,405,543,545,-1,405,545,493,-1,493,545,546,-1,522,505,523,-1,523,505,506,-1,523,506,533,-1,533,506,507,-1,533,507,529,-1,529,507,509,-1,529,509,530,-1,530,509,502,-1,530,502,524,-1,524,502,495,-1,524,495,546,-1,546,495,781,-1,546,781,493,-1,581,580,392,-1,392,580,579,-1,392,579,393,-1,437,583,439,-1,439,583,591,-1,439,591,441,-1,441,591,588,-1,441,588,442,-1,442,588,587,-1,442,587,446,-1,446,587,589,-1,446,589,435,-1,435,589,578,-1,435,578,449,-1,449,578,577,-1,449,577,450,-1,450,577,576,-1,450,576,392,-1,392,576,582,-1,392,582,581,-1,700,692,693,-1,700,693,701,-1,701,693,694,-1,701,694,702,-1,703,696,695,-1,703,695,704,-1,704,695,519,-1,704,519,520,-1,728,776,777,-1,728,777,729,-1,729,777,778,-1,729,778,730,-1,731,780,779,-1,731,779,732,-1,732,779,597,-1,732,597,596,-1,782,783,784,-1,782,784,785,-1,786,787,788,-1,788,787,789,-1,788,789,790,-1,790,789,791,-1,790,791,792,-1,792,791,793,-1,792,793,784,-1,784,793,794,-1,784,794,785,-1,795,796,797,-1,798,799,800,-1,800,799,801,-1,800,801,802,-1,802,801,803,-1,802,803,804,-1,804,803,805,-1,804,805,806,-1,806,805,795,-1,806,795,807,-1,807,795,797,-1,808,809,810,-1,810,809,811,-1,810,811,812,-1,812,811,813,-1,812,813,814,-1,814,813,815,-1,814,815,816,-1,816,815,817,-1,816,817,818,-1,818,817,819,-1,818,819,820,-1,820,819,821,-1,820,821,822,-1,822,821,823,-1,822,823,824,-1,824,823,825,-1,826,811,809,-1,827,828,829,-1,829,828,830,-1,829,830,831,-1,831,830,832,-1,831,832,833,-1,834,835,833,-1,833,835,836,-1,833,836,831,-1,826,809,837,-1,837,809,838,-1,837,838,833,-1,833,838,839,-1,833,839,834,-1,813,785,815,-1,815,785,794,-1,815,794,817,-1,817,794,793,-1,817,793,819,-1,819,793,791,-1,819,791,821,-1,821,791,789,-1,821,789,823,-1,811,826,840,-1,840,841,811,-1,811,841,783,-1,811,783,813,-1,813,783,782,-1,813,782,785,-1,842,843,844,-1,845,846,843,-1,843,846,847,-1,848,849,850,-1,850,849,851,-1,825,823,789,-1,798,800,852,-1,842,844,853,-1,853,844,854,-1,853,854,855,-1,855,854,856,-1,855,856,850,-1,857,858,859,-1,847,860,843,-1,843,860,861,-1,843,861,844,-1,844,861,825,-1,844,825,787,-1,787,825,789,-1,851,862,850,-1,850,862,863,-1,850,863,855,-1,855,863,798,-1,855,798,864,-1,864,798,852,-1,850,865,848,-1,848,865,866,-1,848,866,867,-1,867,866,868,-1,843,869,845,-1,845,869,857,-1,845,857,870,-1,870,857,859,-1,866,871,868,-1,868,871,872,-1,868,872,873,-1,873,872,874,-1,875,876,877,-1,874,878,873,-1,873,878,879,-1,873,879,880,-1,880,879,881,-1,875,877,879,-1,879,877,882,-1,879,882,881,-1,797,796,883,-1,796,884,883,-1,883,884,885,-1,883,885,886,-1,883,887,797,-1,797,887,888,-1,797,888,807,-1,807,888,889,-1,807,889,806,-1,806,889,890,-1,806,890,804,-1,804,890,891,-1,804,891,802,-1,802,891,852,-1,802,852,800,-1,883,886,892,-1,892,886,893,-1,894,895,896,-1,896,895,897,-1,897,895,898,-1,898,895,899,-1,898,899,900,-1,900,899,901,-1,900,901,902,-1,902,903,900,-1,900,903,904,-1,900,904,893,-1,893,904,905,-1,893,905,892,-1,906,899,907,-1,907,899,895,-1,907,895,908,-1,908,895,909,-1,908,909,910,-1,910,909,911,-1,912,913,907,-1,907,913,914,-1,907,914,906,-1,915,916,917,-1,918,919,920,-1,915,917,921,-1,921,917,922,-1,921,922,920,-1,920,922,923,-1,920,923,918,-1,914,924,906,-1,906,924,920,-1,906,920,925,-1,925,920,919,-1,801,926,803,-1,803,926,927,-1,803,927,805,-1,805,927,928,-1,805,928,795,-1,795,928,929,-1,928,930,929,-1,929,930,931,-1,929,931,932,-1,932,931,933,-1,932,933,934,-1,934,933,935,-1,934,935,936,-1,936,935,937,-1,937,935,916,-1,937,916,915,-1,938,939,940,-1,940,939,941,-1,942,943,944,-1,944,943,945,-1,946,944,947,-1,946,947,948,-1,948,947,949,-1,948,949,950,-1,950,949,951,-1,950,951,940,-1,952,953,954,-1,954,953,955,-1,954,955,941,-1,941,955,956,-1,941,956,940,-1,926,801,957,-1,957,801,799,-1,957,799,946,-1,946,799,958,-1,946,958,944,-1,944,958,959,-1,944,959,942,-1,788,822,786,-1,786,822,824,-1,786,824,951,-1,951,824,960,-1,951,960,940,-1,940,960,961,-1,940,961,938,-1,962,963,964,-1,964,963,965,-1,964,965,945,-1,945,965,966,-1,945,966,944,-1,812,967,810,-1,810,967,968,-1,810,968,969,-1,814,816,970,-1,970,971,814,-1,814,971,972,-1,814,972,812,-1,812,972,973,-1,812,973,967,-1,822,788,820,-1,820,788,790,-1,820,790,818,-1,818,790,792,-1,818,792,816,-1,816,792,784,-1,816,784,970,-1,974,975,976,-1,977,978,979,-1,810,969,808,-1,808,969,980,-1,808,980,981,-1,977,979,976,-1,976,979,982,-1,976,982,974,-1,978,977,980,-1,980,977,983,-1,980,983,984,-1,984,985,980,-1,980,985,986,-1,980,986,981,-1,987,988,989,-1,989,988,990,-1,989,990,976,-1,976,990,829,-1,976,829,977,-1,977,829,831,-1,892,917,883,-1,883,917,916,-1,883,916,887,-1,887,916,935,-1,887,935,888,-1,888,935,933,-1,888,933,889,-1,957,864,926,-1,926,864,852,-1,926,852,927,-1,927,852,891,-1,927,891,928,-1,928,891,890,-1,928,890,930,-1,930,890,889,-1,930,889,931,-1,931,889,933,-1,991,992,993,-1,993,992,994,-1,993,994,995,-1,995,994,996,-1,995,996,997,-1,997,996,998,-1,997,998,999,-1,999,998,1000,-1,999,1000,1001,-1,1001,1000,1002,-1,1001,1002,858,-1,858,1002,859,-1,1003,1004,1005,-1,992,991,1006,-1,1006,991,1007,-1,1006,1007,1005,-1,1005,1007,1008,-1,1005,1008,1003,-1,1009,1010,1011,-1,1012,1013,1004,-1,1004,1013,1014,-1,1004,1014,1005,-1,1012,1004,1011,-1,1011,1004,1015,-1,1011,1015,1009,-1,1016,1017,1018,-1,1018,1019,1016,-1,1016,1019,1020,-1,1016,1020,1021,-1,1021,1020,1022,-1,1023,1024,1025,-1,1025,1024,1026,-1,1022,1020,1025,-1,1025,1020,1027,-1,1025,1027,1023,-1,1028,1029,1026,-1,1026,1029,1030,-1,1026,1030,1025,-1,953,952,1031,-1,953,1031,1032,-1,1032,1031,1033,-1,1032,1033,1034,-1,1034,1033,1035,-1,1034,1035,1036,-1,1036,1035,1037,-1,1036,1037,1038,-1,1038,1037,1039,-1,1038,1039,1040,-1,1040,1039,1018,-1,1040,1018,1017,-1,857,955,858,-1,858,955,953,-1,858,953,1001,-1,1001,953,1032,-1,1001,1032,999,-1,999,1032,1034,-1,999,1034,997,-1,997,1034,1036,-1,997,1036,995,-1,995,1036,1038,-1,995,1038,993,-1,993,1038,1040,-1,993,1040,991,-1,991,1040,1017,-1,991,1017,1007,-1,1007,1017,1016,-1,1006,1019,992,-1,992,1019,1018,-1,992,1018,994,-1,994,1018,1039,-1,994,1039,996,-1,996,1039,1037,-1,996,1037,998,-1,998,1037,1035,-1,998,1035,1000,-1,1000,1035,1033,-1,1000,1033,1002,-1,1002,1033,1031,-1,1002,1031,859,-1,859,1031,952,-1,859,952,870,-1,870,952,954,-1,964,867,962,-1,962,867,868,-1,962,868,1041,-1,1042,871,963,-1,963,871,866,-1,963,866,965,-1,1042,963,962,-1,962,1041,1042,-1,1042,1041,1043,-1,1042,1043,1044,-1,1044,1045,1042,-1,1042,1045,1046,-1,1042,1046,1047,-1,1047,1046,1048,-1,1049,1050,1051,-1,1051,1050,1052,-1,1051,1052,1046,-1,1046,1052,1053,-1,1046,1053,1048,-1,1051,1054,1049,-1,1049,1054,1055,-1,1049,1055,1056,-1,1056,1055,1057,-1,1056,1057,1058,-1,1058,1057,1059,-1,1060,1061,1062,-1,1061,1060,1063,-1,1063,1060,1064,-1,1063,1064,1065,-1,1062,1066,1060,-1,1060,1066,1067,-1,1060,1067,1068,-1,1068,1067,1069,-1,1068,1069,1070,-1,1071,1064,1072,-1,1072,1064,1073,-1,1071,1074,1064,-1,1064,1074,1075,-1,1064,1075,1065,-1,1076,1077,1078,-1,1076,1078,1079,-1,1079,1078,1080,-1,1079,1080,1081,-1,1081,1080,1061,-1,1081,1061,1063,-1,1082,908,910,-1,1077,1076,1083,-1,1083,1076,1082,-1,1083,1082,1084,-1,1084,1082,1085,-1,910,1086,1082,-1,1082,1086,1087,-1,1082,1087,1085,-1,912,907,1082,-1,1082,907,908,-1,909,895,1088,-1,1088,895,894,-1,1089,1090,1088,-1,1088,1090,1091,-1,1091,1092,1088,-1,1088,1092,1093,-1,1088,1093,1094,-1,1094,1095,1088,-1,1088,1095,911,-1,1088,911,909,-1,1096,1097,1098,-1,1098,1097,1099,-1,1098,1099,1100,-1,1100,1099,1101,-1,1100,1101,1089,-1,1089,1101,1090,-1,1096,1102,1097,-1,1097,1102,1103,-1,1097,1103,1104,-1,1104,1103,1105,-1,1104,1105,1106,-1,1106,1107,1104,-1,1104,1107,1108,-1,1104,1108,1109,-1,1096,1110,1102,-1,1102,1110,1111,-1,1102,1111,1112,-1,1112,1113,1102,-1,1102,1113,1114,-1,1102,1114,1115,-1,1103,1102,1060,-1,1060,1102,1064,-1,896,913,894,-1,894,913,912,-1,894,912,1088,-1,1088,912,1082,-1,1088,1082,1089,-1,1089,1082,1076,-1,1089,1076,1100,-1,1100,1076,1079,-1,1100,1079,1098,-1,1098,1079,1081,-1,1098,1081,1096,-1,1096,1081,1063,-1,1096,1063,1110,-1,1110,1063,1065,-1,1116,989,975,-1,975,989,976,-1,1117,1118,1116,-1,1116,1118,1119,-1,1119,1120,1116,-1,1116,1120,1121,-1,1116,1121,1122,-1,1122,1123,1116,-1,1116,1123,987,-1,1116,987,989,-1,1124,1125,1126,-1,1124,1126,1127,-1,1127,1126,1128,-1,1127,1128,1129,-1,1129,1128,1118,-1,1129,1118,1117,-1,1125,1124,1130,-1,1130,1124,1131,-1,1132,1133,1131,-1,1134,1135,1136,-1,1131,1133,1130,-1,1130,1133,1137,-1,1130,1137,1138,-1,1138,1139,1130,-1,1130,1139,1140,-1,1130,1140,1141,-1,1141,1140,1142,-1,1132,1131,1136,-1,1136,1131,1143,-1,1136,1143,1134,-1,1144,1145,1133,-1,1133,1145,1137,-1,1146,1147,1148,-1,1148,1147,1149,-1,1150,1151,1152,-1,1144,1148,1145,-1,1145,1148,1149,-1,1145,1149,1153,-1,1153,1149,1154,-1,1144,1155,1148,-1,1148,1155,1150,-1,1148,1150,1156,-1,1156,1150,1152,-1,1157,1158,1149,-1,1149,1158,1159,-1,1149,1159,1154,-1,1160,1161,1162,-1,1162,1161,1163,-1,1162,1163,1164,-1,1164,1163,1165,-1,1164,1165,1146,-1,1146,1165,1147,-1,1166,990,988,-1,1161,1160,1167,-1,1167,1160,1166,-1,1167,1166,1168,-1,1168,1166,1169,-1,988,1170,1166,-1,1166,1170,1171,-1,1166,1171,1169,-1,829,990,827,-1,827,990,1166,-1,1148,1131,1146,-1,1146,1131,1124,-1,1146,1124,1164,-1,1164,1124,1127,-1,1164,1127,1162,-1,1162,1127,1129,-1,1162,1129,1160,-1,1160,1129,1117,-1,1160,1117,1166,-1,1166,1117,1116,-1,1166,1116,827,-1,827,1116,975,-1,827,975,828,-1,828,975,974,-1,1167,1119,1161,-1,1161,1119,1118,-1,1161,1118,1163,-1,1163,1118,1128,-1,1163,1128,1165,-1,1165,1128,1126,-1,1165,1126,1147,-1,1147,1126,1125,-1,1147,1125,1149,-1,1149,1125,1130,-1,1122,1121,1171,-1,1171,1121,1169,-1,1094,1093,1087,-1,1087,1093,1085,-1,1104,1062,1097,-1,1097,1062,1061,-1,1097,1061,1099,-1,1099,1061,1080,-1,1099,1080,1101,-1,1101,1080,1078,-1,1101,1078,1090,-1,1090,1078,1077,-1,1090,1077,1091,-1,1091,1077,1083,-1,1028,1010,1009,-1,1028,1009,1029,-1,1029,1009,1015,-1,1029,1015,1030,-1,1030,1015,1004,-1,1030,1004,1025,-1,1025,1004,1003,-1,1025,1003,1022,-1,1022,1003,1008,-1,1022,1008,1021,-1,1021,1008,1007,-1,1021,1007,1016,-1,1010,1028,1026,-1,1010,1026,1011,-1,1011,1026,1024,-1,1011,1024,1012,-1,1012,1024,1023,-1,1012,1023,1013,-1,1013,1023,1027,-1,1013,1027,1014,-1,1014,1027,1020,-1,1014,1020,1005,-1,1005,1020,1019,-1,1005,1019,1006,-1,917,892,905,-1,917,905,922,-1,922,905,904,-1,922,904,923,-1,923,904,903,-1,923,903,918,-1,918,903,902,-1,918,902,919,-1,919,902,901,-1,919,901,925,-1,925,901,899,-1,925,899,906,-1,809,808,981,-1,809,981,838,-1,838,981,986,-1,838,986,839,-1,839,986,985,-1,839,985,834,-1,834,985,984,-1,834,984,835,-1,835,984,983,-1,835,983,836,-1,836,983,977,-1,836,977,831,-1,864,957,855,-1,855,957,946,-1,855,946,853,-1,853,946,948,-1,853,948,842,-1,842,948,950,-1,842,950,843,-1,843,950,940,-1,843,940,869,-1,869,940,956,-1,869,956,857,-1,857,956,955,-1,824,825,960,-1,960,825,861,-1,960,861,961,-1,961,861,860,-1,961,860,938,-1,938,860,847,-1,938,847,939,-1,939,847,846,-1,939,846,941,-1,941,846,845,-1,941,845,954,-1,954,845,870,-1,787,786,844,-1,844,786,951,-1,844,951,854,-1,854,951,949,-1,854,949,856,-1,856,949,947,-1,856,947,850,-1,850,947,944,-1,850,944,865,-1,865,944,966,-1,865,966,866,-1,866,966,965,-1,799,798,958,-1,958,798,863,-1,958,863,959,-1,959,863,862,-1,959,862,942,-1,942,862,851,-1,942,851,943,-1,943,851,849,-1,943,849,945,-1,945,849,848,-1,945,848,964,-1,964,848,867,-1,1041,868,873,-1,1041,873,1043,-1,1043,873,880,-1,1043,880,1044,-1,1044,880,881,-1,1044,881,1045,-1,882,1051,881,-1,881,1051,1046,-1,881,1046,1045,-1,877,876,1059,-1,1059,1057,877,-1,877,1057,1055,-1,877,1055,882,-1,882,1055,1054,-1,882,1054,1051,-1,1059,876,1058,-1,1058,876,875,-1,1058,875,1056,-1,1056,875,1049,-1,1049,875,879,-1,1049,879,1050,-1,1050,879,1052,-1,1052,879,878,-1,1052,878,1053,-1,1053,878,874,-1,1053,874,1048,-1,1048,874,872,-1,1048,872,1047,-1,1047,872,871,-1,1047,871,1042,-1,1137,1145,1153,-1,1137,1153,1138,-1,1138,1153,1154,-1,1138,1154,1139,-1,1139,1154,1159,-1,1139,1159,1140,-1,1140,1159,1158,-1,1140,1158,1142,-1,1142,1158,1157,-1,1142,1157,1141,-1,1141,1157,1149,-1,1141,1149,1130,-1,1131,1148,1156,-1,1131,1156,1143,-1,1143,1156,1152,-1,1143,1152,1134,-1,1134,1152,1151,-1,1134,1151,1135,-1,1135,1151,1150,-1,1135,1150,1136,-1,1136,1150,1155,-1,1136,1155,1132,-1,1132,1155,1144,-1,1132,1144,1133,-1,1110,1065,1075,-1,1110,1075,1111,-1,1111,1075,1074,-1,1111,1074,1112,-1,1112,1074,1071,-1,1112,1071,1113,-1,1113,1071,1072,-1,1113,1072,1114,-1,1114,1072,1073,-1,1114,1073,1115,-1,1115,1073,1064,-1,1115,1064,1102,-1,1103,1060,1068,-1,1103,1068,1105,-1,1105,1068,1070,-1,1105,1070,1106,-1,1106,1070,1069,-1,1106,1069,1107,-1,1107,1069,1067,-1,1107,1067,1108,-1,1108,1067,1066,-1,1108,1066,1109,-1,1109,1066,1062,-1,1109,1062,1104,-1,932,796,929,-1,929,796,795,-1,932,934,796,-1,796,934,936,-1,796,936,884,-1,884,936,937,-1,913,896,914,-1,914,896,897,-1,914,897,924,-1,924,897,898,-1,924,898,920,-1,920,898,900,-1,920,900,921,-1,921,900,893,-1,921,893,915,-1,915,893,886,-1,915,886,937,-1,937,886,1172,-1,937,1172,884,-1,972,971,783,-1,783,971,970,-1,783,970,784,-1,828,974,830,-1,830,974,982,-1,830,982,832,-1,832,982,979,-1,832,979,833,-1,833,979,978,-1,833,978,837,-1,837,978,980,-1,837,980,826,-1,826,980,969,-1,826,969,840,-1,840,969,968,-1,840,968,841,-1,841,968,967,-1,841,967,783,-1,783,967,973,-1,783,973,972,-1,1091,1083,1084,-1,1091,1084,1092,-1,1092,1084,1085,-1,1092,1085,1093,-1,1094,1087,1086,-1,1094,1086,1095,-1,1095,1086,910,-1,1095,910,911,-1,1119,1167,1168,-1,1119,1168,1120,-1,1120,1168,1169,-1,1120,1169,1121,-1,1122,1171,1170,-1,1122,1170,1123,-1,1123,1170,988,-1,1123,988,987,-1,1173,1174,1175,-1,1173,1175,1176,-1,1177,1178,1179,-1,1179,1178,1180,-1,1179,1180,1181,-1,1181,1180,1182,-1,1181,1182,1183,-1,1183,1182,1184,-1,1183,1184,1175,-1,1175,1184,1185,-1,1175,1185,1176,-1,1186,1187,1188,-1,1189,1190,1191,-1,1191,1190,1192,-1,1191,1192,1193,-1,1193,1192,1194,-1,1193,1194,1195,-1,1195,1194,1196,-1,1195,1196,1197,-1,1197,1196,1186,-1,1197,1186,1198,-1,1198,1186,1188,-1,1199,1200,1201,-1,1201,1200,1202,-1,1201,1202,1203,-1,1203,1202,1204,-1,1203,1204,1205,-1,1205,1204,1206,-1,1205,1206,1207,-1,1207,1206,1208,-1,1207,1208,1209,-1,1209,1208,1210,-1,1209,1210,1211,-1,1211,1210,1212,-1,1211,1212,1213,-1,1213,1212,1214,-1,1213,1214,1215,-1,1215,1214,1216,-1,1217,1202,1200,-1,1218,1219,1220,-1,1220,1219,1221,-1,1220,1221,1222,-1,1222,1221,1223,-1,1222,1223,1224,-1,1225,1226,1224,-1,1224,1226,1227,-1,1224,1227,1222,-1,1217,1200,1228,-1,1228,1200,1229,-1,1228,1229,1224,-1,1224,1229,1230,-1,1224,1230,1225,-1,1204,1176,1206,-1,1206,1176,1185,-1,1206,1185,1208,-1,1208,1185,1184,-1,1208,1184,1210,-1,1210,1184,1182,-1,1210,1182,1212,-1,1212,1182,1180,-1,1212,1180,1214,-1,1202,1217,1231,-1,1231,1232,1202,-1,1202,1232,1174,-1,1202,1174,1204,-1,1204,1174,1173,-1,1204,1173,1176,-1,1233,1234,1235,-1,1189,1191,1236,-1,1233,1237,1234,-1,1234,1237,1238,-1,1234,1238,1239,-1,1239,1240,1234,-1,1234,1240,1241,-1,1234,1241,1242,-1,1243,1244,1245,-1,1246,1247,1248,-1,1249,1250,1246,-1,1246,1250,1251,-1,1246,1251,1247,-1,1214,1252,1216,-1,1216,1252,1253,-1,1254,1255,1256,-1,1235,1252,1233,-1,1233,1252,1214,-1,1233,1214,1178,-1,1178,1214,1180,-1,1253,1252,1257,-1,1257,1252,1258,-1,1257,1258,1236,-1,1236,1258,1259,-1,1236,1259,1189,-1,1245,1244,1260,-1,1248,1261,1246,-1,1246,1261,1254,-1,1246,1254,1262,-1,1262,1254,1256,-1,1242,1241,1244,-1,1244,1241,1263,-1,1244,1263,1260,-1,1249,1236,1250,-1,1250,1236,1191,-1,1250,1191,1264,-1,1264,1191,1265,-1,1266,1245,1267,-1,1267,1245,1268,-1,1266,1269,1245,-1,1245,1269,1270,-1,1245,1270,1271,-1,1271,1272,1245,-1,1245,1272,1273,-1,1245,1273,1243,-1,1188,1187,1274,-1,1187,1275,1274,-1,1274,1275,1276,-1,1274,1276,1277,-1,1274,1278,1188,-1,1188,1278,1279,-1,1188,1279,1198,-1,1198,1279,1280,-1,1198,1280,1197,-1,1197,1280,1281,-1,1197,1281,1195,-1,1195,1281,1282,-1,1195,1282,1193,-1,1193,1282,1265,-1,1193,1265,1191,-1,1274,1277,1283,-1,1283,1277,1284,-1,1285,1286,1287,-1,1287,1286,1288,-1,1288,1286,1289,-1,1289,1286,1290,-1,1289,1290,1291,-1,1291,1290,1292,-1,1291,1292,1293,-1,1293,1294,1291,-1,1291,1294,1295,-1,1291,1295,1284,-1,1284,1295,1296,-1,1284,1296,1283,-1,1297,1290,1298,-1,1298,1290,1286,-1,1298,1286,1299,-1,1299,1286,1300,-1,1299,1300,1301,-1,1301,1300,1302,-1,1303,1304,1298,-1,1298,1304,1305,-1,1298,1305,1297,-1,1306,1307,1308,-1,1309,1310,1311,-1,1306,1308,1312,-1,1312,1308,1313,-1,1312,1313,1311,-1,1311,1313,1314,-1,1311,1314,1309,-1,1305,1315,1297,-1,1297,1315,1311,-1,1297,1311,1316,-1,1316,1311,1310,-1,1192,1317,1194,-1,1194,1317,1318,-1,1194,1318,1196,-1,1196,1318,1319,-1,1196,1319,1186,-1,1186,1319,1320,-1,1319,1321,1320,-1,1320,1321,1322,-1,1320,1322,1323,-1,1323,1322,1324,-1,1323,1324,1325,-1,1325,1324,1326,-1,1325,1326,1327,-1,1327,1326,1328,-1,1328,1326,1307,-1,1328,1307,1306,-1,1329,1330,1331,-1,1332,1333,1334,-1,1335,1336,1337,-1,1338,1339,1340,-1,1332,1341,1342,-1,1342,1341,1343,-1,1342,1343,1344,-1,1344,1343,1345,-1,1344,1345,1346,-1,1346,1345,1347,-1,1346,1347,1348,-1,1348,1347,1329,-1,1331,1349,1329,-1,1329,1349,1335,-1,1329,1335,1350,-1,1350,1335,1337,-1,1334,1351,1332,-1,1332,1351,1338,-1,1332,1338,1352,-1,1352,1338,1340,-1,1317,1192,1353,-1,1353,1192,1190,-1,1353,1190,1342,-1,1342,1190,1354,-1,1342,1354,1332,-1,1332,1354,1355,-1,1332,1355,1333,-1,1179,1213,1177,-1,1177,1213,1215,-1,1177,1215,1347,-1,1347,1215,1356,-1,1347,1356,1329,-1,1329,1356,1357,-1,1329,1357,1330,-1,1203,1358,1201,-1,1201,1358,1359,-1,1201,1359,1360,-1,1205,1207,1361,-1,1361,1362,1205,-1,1205,1362,1363,-1,1205,1363,1203,-1,1203,1363,1364,-1,1203,1364,1358,-1,1213,1179,1211,-1,1211,1179,1181,-1,1211,1181,1209,-1,1209,1181,1183,-1,1209,1183,1207,-1,1207,1183,1175,-1,1207,1175,1361,-1,1365,1366,1367,-1,1368,1369,1370,-1,1201,1360,1199,-1,1199,1360,1371,-1,1199,1371,1372,-1,1368,1370,1367,-1,1367,1370,1373,-1,1367,1373,1365,-1,1369,1368,1371,-1,1371,1368,1374,-1,1371,1374,1375,-1,1375,1376,1371,-1,1371,1376,1377,-1,1371,1377,1372,-1,1378,1379,1380,-1,1380,1379,1381,-1,1380,1381,1367,-1,1367,1381,1220,-1,1367,1220,1368,-1,1368,1220,1222,-1,1353,1264,1317,-1,1317,1264,1265,-1,1317,1265,1318,-1,1318,1265,1282,-1,1318,1282,1319,-1,1319,1282,1281,-1,1319,1281,1321,-1,1321,1281,1280,-1,1283,1308,1274,-1,1274,1308,1307,-1,1274,1307,1278,-1,1278,1307,1326,-1,1278,1326,1279,-1,1279,1326,1324,-1,1279,1324,1280,-1,1280,1324,1322,-1,1280,1322,1321,-1,1382,1383,1384,-1,1384,1383,1385,-1,1384,1385,1386,-1,1386,1385,1387,-1,1386,1387,1388,-1,1388,1387,1389,-1,1388,1389,1390,-1,1390,1389,1391,-1,1390,1391,1392,-1,1392,1391,1393,-1,1392,1393,1255,-1,1255,1393,1256,-1,1383,1382,1394,-1,1394,1382,1395,-1,1394,1395,1396,-1,1396,1395,1397,-1,1397,1395,1398,-1,1397,1398,1399,-1,1400,1401,1402,-1,1402,1401,1403,-1,1402,1403,1404,-1,1399,1405,1397,-1,1397,1405,1402,-1,1397,1402,1406,-1,1406,1402,1404,-1,1407,1408,1409,-1,1409,1410,1407,-1,1407,1410,1411,-1,1407,1411,1412,-1,1413,1414,1412,-1,1412,1414,1415,-1,1412,1415,1407,-1,1416,1417,1418,-1,1418,1417,1419,-1,1413,1420,1414,-1,1414,1420,1419,-1,1414,1419,1421,-1,1421,1419,1417,-1,1337,1336,1422,-1,1337,1422,1423,-1,1423,1422,1424,-1,1423,1424,1425,-1,1425,1424,1426,-1,1425,1426,1427,-1,1427,1426,1428,-1,1427,1428,1429,-1,1429,1428,1430,-1,1429,1430,1431,-1,1431,1430,1409,-1,1431,1409,1408,-1,1254,1350,1255,-1,1255,1350,1337,-1,1255,1337,1392,-1,1392,1337,1423,-1,1392,1423,1390,-1,1390,1423,1425,-1,1390,1425,1388,-1,1388,1425,1427,-1,1388,1427,1386,-1,1386,1427,1429,-1,1386,1429,1384,-1,1384,1429,1431,-1,1384,1431,1382,-1,1382,1431,1408,-1,1382,1408,1395,-1,1395,1408,1407,-1,1394,1410,1383,-1,1383,1410,1409,-1,1383,1409,1385,-1,1385,1409,1430,-1,1385,1430,1387,-1,1387,1430,1428,-1,1387,1428,1389,-1,1389,1428,1426,-1,1389,1426,1391,-1,1391,1426,1424,-1,1391,1424,1393,-1,1393,1424,1422,-1,1393,1422,1256,-1,1256,1422,1336,-1,1256,1336,1262,-1,1262,1336,1335,-1,1338,1242,1339,-1,1339,1242,1244,-1,1339,1244,1432,-1,1433,1263,1340,-1,1340,1263,1241,-1,1340,1241,1352,-1,1433,1340,1339,-1,1434,1435,1436,-1,1339,1432,1433,-1,1433,1432,1437,-1,1433,1437,1438,-1,1438,1439,1433,-1,1433,1439,1440,-1,1433,1440,1441,-1,1441,1440,1442,-1,1443,1444,1445,-1,1436,1435,1440,-1,1440,1435,1446,-1,1440,1446,1442,-1,1434,1436,1444,-1,1444,1436,1447,-1,1444,1447,1445,-1,1443,1445,1448,-1,1448,1445,1449,-1,1448,1449,1450,-1,1451,1452,1453,-1,1452,1451,1454,-1,1454,1451,1455,-1,1454,1455,1456,-1,1457,1458,1459,-1,1453,1460,1451,-1,1451,1460,1457,-1,1451,1457,1461,-1,1461,1457,1459,-1,1462,1463,1464,-1,1455,1465,1456,-1,1456,1465,1462,-1,1456,1462,1466,-1,1466,1462,1464,-1,1467,1468,1469,-1,1467,1469,1470,-1,1470,1469,1471,-1,1470,1471,1472,-1,1472,1471,1452,-1,1472,1452,1454,-1,1473,1299,1301,-1,1468,1467,1474,-1,1474,1467,1473,-1,1474,1473,1475,-1,1475,1473,1476,-1,1301,1477,1473,-1,1473,1477,1478,-1,1473,1478,1476,-1,1303,1298,1473,-1,1473,1298,1299,-1,1300,1286,1479,-1,1479,1286,1285,-1,1480,1481,1479,-1,1479,1481,1482,-1,1482,1483,1479,-1,1479,1483,1484,-1,1479,1484,1485,-1,1485,1486,1479,-1,1479,1486,1302,-1,1479,1302,1300,-1,1487,1488,1489,-1,1489,1488,1490,-1,1489,1490,1491,-1,1491,1490,1492,-1,1491,1492,1480,-1,1480,1492,1481,-1,1493,1488,1494,-1,1495,1496,1497,-1,1494,1488,1496,-1,1496,1488,1487,-1,1496,1487,1497,-1,1497,1498,1499,-1,1500,1494,1501,-1,1501,1494,1502,-1,1500,1503,1494,-1,1494,1503,1504,-1,1494,1504,1493,-1,1499,1505,1497,-1,1497,1505,1506,-1,1497,1506,1495,-1,1494,1496,1451,-1,1451,1496,1455,-1,1287,1304,1285,-1,1285,1304,1303,-1,1285,1303,1479,-1,1479,1303,1473,-1,1479,1473,1480,-1,1480,1473,1467,-1,1480,1467,1491,-1,1491,1467,1470,-1,1491,1470,1489,-1,1489,1470,1472,-1,1489,1472,1487,-1,1487,1472,1454,-1,1487,1454,1497,-1,1497,1454,1456,-1,1507,1380,1366,-1,1366,1380,1367,-1,1508,1509,1507,-1,1507,1509,1510,-1,1510,1511,1507,-1,1507,1511,1512,-1,1507,1512,1513,-1,1513,1514,1507,-1,1507,1514,1378,-1,1507,1378,1380,-1,1515,1516,1517,-1,1515,1517,1518,-1,1518,1517,1519,-1,1518,1519,1520,-1,1520,1519,1509,-1,1520,1509,1508,-1,1516,1515,1521,-1,1521,1515,1522,-1,1523,1524,1522,-1,1522,1524,1525,-1,1522,1525,1526,-1,1527,1528,1529,-1,1529,1528,1530,-1,1529,1530,1531,-1,1526,1532,1522,-1,1522,1532,1533,-1,1522,1533,1521,-1,1521,1533,1528,-1,1521,1528,1534,-1,1534,1528,1527,-1,1535,1536,1533,-1,1533,1536,1528,-1,1536,1535,1537,-1,1537,1535,1538,-1,1539,1540,1541,-1,1541,1540,1536,-1,1541,1536,1542,-1,1538,1543,1537,-1,1537,1543,1544,-1,1537,1544,1545,-1,1545,1544,1546,-1,1547,1548,1537,-1,1537,1548,1549,-1,1537,1549,1536,-1,1536,1549,1550,-1,1536,1550,1542,-1,1551,1552,1553,-1,1553,1552,1554,-1,1553,1554,1555,-1,1555,1554,1556,-1,1555,1556,1547,-1,1547,1556,1548,-1,1557,1381,1379,-1,1552,1551,1558,-1,1558,1551,1557,-1,1558,1557,1559,-1,1559,1557,1560,-1,1379,1561,1557,-1,1557,1561,1562,-1,1557,1562,1560,-1,1220,1381,1218,-1,1218,1381,1557,-1,1365,1219,1366,-1,1366,1219,1218,-1,1366,1218,1507,-1,1507,1218,1557,-1,1507,1557,1508,-1,1508,1557,1551,-1,1508,1551,1520,-1,1520,1551,1553,-1,1520,1553,1518,-1,1518,1553,1555,-1,1518,1555,1515,-1,1515,1555,1547,-1,1515,1547,1522,-1,1522,1547,1537,-1,1558,1510,1552,-1,1552,1510,1509,-1,1552,1509,1554,-1,1554,1509,1519,-1,1554,1519,1556,-1,1556,1519,1517,-1,1556,1517,1548,-1,1548,1517,1516,-1,1548,1516,1549,-1,1549,1516,1521,-1,1513,1512,1562,-1,1562,1512,1560,-1,1485,1484,1478,-1,1478,1484,1476,-1,1493,1453,1488,-1,1488,1453,1452,-1,1488,1452,1490,-1,1490,1452,1471,-1,1490,1471,1492,-1,1492,1471,1469,-1,1492,1469,1481,-1,1481,1469,1468,-1,1481,1468,1482,-1,1482,1468,1474,-1,1418,1401,1400,-1,1418,1400,1416,-1,1416,1400,1402,-1,1416,1402,1417,-1,1417,1402,1405,-1,1417,1405,1421,-1,1421,1405,1399,-1,1421,1399,1414,-1,1414,1399,1398,-1,1414,1398,1415,-1,1415,1398,1395,-1,1415,1395,1407,-1,1401,1418,1419,-1,1401,1419,1403,-1,1403,1419,1420,-1,1403,1420,1404,-1,1404,1420,1413,-1,1404,1413,1406,-1,1406,1413,1412,-1,1406,1412,1397,-1,1397,1412,1411,-1,1397,1411,1396,-1,1396,1411,1410,-1,1396,1410,1394,-1,1308,1283,1296,-1,1308,1296,1313,-1,1313,1296,1295,-1,1313,1295,1314,-1,1314,1295,1294,-1,1314,1294,1309,-1,1309,1294,1293,-1,1309,1293,1310,-1,1310,1293,1292,-1,1310,1292,1316,-1,1316,1292,1290,-1,1316,1290,1297,-1,1200,1199,1372,-1,1200,1372,1229,-1,1229,1372,1377,-1,1229,1377,1230,-1,1230,1377,1376,-1,1230,1376,1225,-1,1225,1376,1375,-1,1225,1375,1226,-1,1226,1375,1374,-1,1226,1374,1227,-1,1227,1374,1368,-1,1227,1368,1222,-1,1264,1353,1250,-1,1250,1353,1342,-1,1250,1342,1251,-1,1251,1342,1344,-1,1251,1344,1247,-1,1247,1344,1346,-1,1247,1346,1248,-1,1248,1346,1348,-1,1248,1348,1261,-1,1261,1348,1329,-1,1261,1329,1254,-1,1254,1329,1350,-1,1215,1216,1356,-1,1356,1216,1253,-1,1356,1253,1357,-1,1357,1253,1257,-1,1357,1257,1330,-1,1330,1257,1236,-1,1330,1236,1331,-1,1331,1236,1249,-1,1331,1249,1349,-1,1349,1249,1246,-1,1349,1246,1335,-1,1335,1246,1262,-1,1178,1177,1233,-1,1233,1177,1347,-1,1233,1347,1237,-1,1237,1347,1345,-1,1237,1345,1238,-1,1238,1345,1343,-1,1238,1343,1239,-1,1239,1343,1341,-1,1239,1341,1240,-1,1240,1341,1332,-1,1240,1332,1241,-1,1241,1332,1352,-1,1190,1189,1354,-1,1354,1189,1259,-1,1354,1259,1355,-1,1355,1259,1258,-1,1355,1258,1333,-1,1333,1258,1252,-1,1333,1252,1334,-1,1334,1252,1235,-1,1334,1235,1351,-1,1351,1235,1234,-1,1351,1234,1338,-1,1338,1234,1242,-1,1432,1244,1243,-1,1432,1243,1437,-1,1437,1243,1273,-1,1437,1273,1438,-1,1438,1273,1272,-1,1438,1272,1439,-1,1271,1436,1272,-1,1272,1436,1440,-1,1272,1440,1439,-1,1270,1269,1450,-1,1450,1449,1270,-1,1270,1449,1445,-1,1270,1445,1271,-1,1271,1445,1447,-1,1271,1447,1436,-1,1450,1269,1448,-1,1448,1269,1266,-1,1448,1266,1443,-1,1443,1266,1444,-1,1444,1266,1267,-1,1444,1267,1434,-1,1434,1267,1435,-1,1435,1267,1268,-1,1435,1268,1446,-1,1446,1268,1245,-1,1446,1245,1442,-1,1442,1245,1260,-1,1442,1260,1441,-1,1441,1260,1263,-1,1441,1263,1433,-1,1528,1536,1540,-1,1528,1540,1530,-1,1530,1540,1539,-1,1530,1539,1531,-1,1531,1539,1541,-1,1531,1541,1529,-1,1529,1541,1542,-1,1529,1542,1527,-1,1527,1542,1550,-1,1527,1550,1534,-1,1534,1550,1549,-1,1534,1549,1521,-1,1522,1537,1545,-1,1522,1545,1523,-1,1523,1545,1546,-1,1523,1546,1524,-1,1524,1546,1544,-1,1524,1544,1525,-1,1525,1544,1543,-1,1525,1543,1526,-1,1526,1543,1538,-1,1526,1538,1532,-1,1532,1538,1535,-1,1532,1535,1533,-1,1497,1456,1466,-1,1497,1466,1498,-1,1498,1466,1464,-1,1498,1464,1499,-1,1499,1464,1463,-1,1499,1463,1505,-1,1505,1463,1462,-1,1505,1462,1506,-1,1506,1462,1465,-1,1506,1465,1495,-1,1495,1465,1455,-1,1495,1455,1496,-1,1494,1451,1461,-1,1494,1461,1502,-1,1502,1461,1459,-1,1502,1459,1501,-1,1501,1459,1458,-1,1501,1458,1500,-1,1500,1458,1457,-1,1500,1457,1503,-1,1503,1457,1460,-1,1503,1460,1504,-1,1504,1460,1453,-1,1504,1453,1493,-1,1323,1187,1320,-1,1320,1187,1186,-1,1323,1325,1187,-1,1187,1325,1327,-1,1187,1327,1275,-1,1275,1327,1328,-1,1304,1287,1305,-1,1305,1287,1288,-1,1305,1288,1315,-1,1315,1288,1289,-1,1315,1289,1311,-1,1311,1289,1291,-1,1311,1291,1312,-1,1312,1291,1284,-1,1312,1284,1306,-1,1306,1284,1277,-1,1306,1277,1328,-1,1328,1277,1563,-1,1328,1563,1275,-1,1363,1362,1174,-1,1174,1362,1361,-1,1174,1361,1175,-1,1219,1365,1221,-1,1221,1365,1373,-1,1221,1373,1223,-1,1223,1373,1370,-1,1223,1370,1224,-1,1224,1370,1369,-1,1224,1369,1228,-1,1228,1369,1371,-1,1228,1371,1217,-1,1217,1371,1360,-1,1217,1360,1231,-1,1231,1360,1359,-1,1231,1359,1232,-1,1232,1359,1358,-1,1232,1358,1174,-1,1174,1358,1364,-1,1174,1364,1363,-1,1482,1474,1475,-1,1482,1475,1483,-1,1483,1475,1476,-1,1483,1476,1484,-1,1485,1478,1477,-1,1485,1477,1486,-1,1486,1477,1301,-1,1486,1301,1302,-1,1510,1558,1559,-1,1510,1559,1511,-1,1511,1559,1560,-1,1511,1560,1512,-1,1513,1562,1561,-1,1513,1561,1514,-1,1514,1561,1379,-1,1514,1379,1378,-1,1564,1565,1566,-1,1564,1566,1567,-1,1568,1569,1570,-1,1570,1569,1571,-1,1570,1571,1572,-1,1572,1571,1573,-1,1572,1573,1574,-1,1574,1573,1575,-1,1574,1575,1566,-1,1566,1575,1576,-1,1566,1576,1567,-1,1577,1578,1579,-1,1580,1581,1582,-1,1582,1581,1583,-1,1582,1583,1584,-1,1584,1583,1585,-1,1584,1585,1586,-1,1586,1585,1587,-1,1586,1587,1588,-1,1588,1587,1577,-1,1588,1577,1589,-1,1589,1577,1579,-1,1590,1591,1592,-1,1592,1591,1593,-1,1592,1593,1594,-1,1594,1593,1595,-1,1594,1595,1596,-1,1596,1595,1597,-1,1596,1597,1598,-1,1598,1597,1599,-1,1598,1599,1600,-1,1600,1599,1601,-1,1600,1601,1602,-1,1602,1601,1603,-1,1602,1603,1604,-1,1604,1603,1605,-1,1604,1605,1606,-1,1606,1605,1607,-1,1608,1593,1591,-1,1609,1610,1611,-1,1611,1610,1612,-1,1611,1612,1613,-1,1613,1612,1614,-1,1613,1614,1615,-1,1616,1617,1615,-1,1615,1617,1618,-1,1615,1618,1613,-1,1608,1591,1619,-1,1619,1591,1620,-1,1619,1620,1615,-1,1615,1620,1621,-1,1615,1621,1616,-1,1595,1567,1597,-1,1597,1567,1576,-1,1597,1576,1599,-1,1599,1576,1575,-1,1599,1575,1601,-1,1601,1575,1573,-1,1601,1573,1603,-1,1603,1573,1571,-1,1603,1571,1605,-1,1593,1608,1622,-1,1622,1623,1593,-1,1593,1623,1565,-1,1593,1565,1595,-1,1595,1565,1564,-1,1595,1564,1567,-1,1607,1605,1624,-1,1625,1626,1627,-1,1627,1628,1625,-1,1625,1628,1629,-1,1625,1629,1630,-1,1631,1632,1625,-1,1625,1632,1633,-1,1625,1633,1626,-1,1634,1635,1636,-1,1637,1638,1639,-1,1640,1641,1637,-1,1637,1641,1642,-1,1637,1642,1638,-1,1643,1644,1645,-1,1636,1635,1646,-1,1639,1647,1637,-1,1637,1647,1643,-1,1637,1643,1648,-1,1648,1643,1645,-1,1631,1624,1632,-1,1632,1624,1605,-1,1632,1605,1569,-1,1569,1605,1571,-1,1582,1649,1580,-1,1580,1649,1650,-1,1650,1649,1651,-1,1651,1649,1652,-1,1651,1652,1624,-1,1624,1652,1653,-1,1624,1653,1607,-1,1630,1629,1635,-1,1635,1629,1654,-1,1635,1654,1646,-1,1640,1649,1641,-1,1641,1649,1582,-1,1641,1582,1655,-1,1655,1582,1656,-1,1657,1658,1659,-1,1657,1659,1660,-1,1661,1662,1636,-1,1636,1662,1663,-1,1636,1663,1634,-1,1661,1636,1659,-1,1659,1636,1664,-1,1659,1664,1660,-1,1579,1578,1665,-1,1578,1666,1665,-1,1665,1666,1667,-1,1665,1667,1668,-1,1665,1669,1579,-1,1579,1669,1670,-1,1579,1670,1589,-1,1589,1670,1671,-1,1589,1671,1588,-1,1588,1671,1672,-1,1588,1672,1586,-1,1586,1672,1673,-1,1586,1673,1584,-1,1584,1673,1656,-1,1584,1656,1582,-1,1665,1668,1674,-1,1674,1668,1675,-1,1676,1677,1678,-1,1678,1677,1679,-1,1679,1677,1680,-1,1680,1677,1681,-1,1680,1681,1682,-1,1682,1681,1683,-1,1682,1683,1684,-1,1684,1685,1682,-1,1682,1685,1686,-1,1682,1686,1675,-1,1675,1686,1687,-1,1675,1687,1674,-1,1688,1681,1689,-1,1689,1681,1677,-1,1689,1677,1690,-1,1690,1677,1691,-1,1690,1691,1692,-1,1692,1691,1693,-1,1694,1695,1689,-1,1689,1695,1696,-1,1689,1696,1688,-1,1697,1698,1699,-1,1700,1701,1702,-1,1697,1699,1703,-1,1703,1699,1704,-1,1703,1704,1702,-1,1702,1704,1705,-1,1702,1705,1700,-1,1696,1706,1688,-1,1688,1706,1702,-1,1688,1702,1707,-1,1707,1702,1701,-1,1583,1708,1585,-1,1585,1708,1709,-1,1585,1709,1587,-1,1587,1709,1710,-1,1587,1710,1577,-1,1577,1710,1711,-1,1710,1712,1711,-1,1711,1712,1713,-1,1711,1713,1714,-1,1714,1713,1715,-1,1714,1715,1716,-1,1716,1715,1717,-1,1716,1717,1718,-1,1718,1717,1719,-1,1719,1717,1698,-1,1719,1698,1697,-1,1720,1721,1722,-1,1723,1724,1725,-1,1726,1708,1727,-1,1728,1729,1730,-1,1723,1731,1724,-1,1724,1731,1732,-1,1724,1732,1733,-1,1722,1734,1720,-1,1720,1734,1728,-1,1720,1728,1735,-1,1735,1728,1730,-1,1736,1737,1738,-1,1733,1739,1724,-1,1724,1739,1736,-1,1724,1736,1740,-1,1740,1736,1738,-1,1725,1727,1723,-1,1723,1727,1708,-1,1723,1708,1581,-1,1581,1708,1583,-1,1570,1604,1568,-1,1568,1604,1606,-1,1568,1606,1741,-1,1741,1606,1742,-1,1741,1742,1720,-1,1720,1742,1743,-1,1720,1743,1721,-1,1720,1744,1741,-1,1741,1744,1745,-1,1741,1745,1746,-1,1746,1745,1747,-1,1746,1747,1727,-1,1727,1747,1748,-1,1727,1748,1726,-1,1594,1749,1592,-1,1592,1749,1750,-1,1592,1750,1751,-1,1596,1598,1752,-1,1752,1753,1596,-1,1596,1753,1754,-1,1596,1754,1594,-1,1594,1754,1755,-1,1594,1755,1749,-1,1604,1570,1602,-1,1602,1570,1572,-1,1602,1572,1600,-1,1600,1572,1574,-1,1600,1574,1598,-1,1598,1574,1566,-1,1598,1566,1752,-1,1756,1757,1758,-1,1759,1760,1761,-1,1592,1751,1590,-1,1590,1751,1762,-1,1590,1762,1763,-1,1759,1761,1758,-1,1758,1761,1764,-1,1758,1764,1756,-1,1760,1759,1762,-1,1762,1759,1765,-1,1762,1765,1766,-1,1766,1767,1762,-1,1762,1767,1768,-1,1762,1768,1763,-1,1769,1770,1771,-1,1771,1770,1772,-1,1771,1772,1758,-1,1758,1772,1611,-1,1758,1611,1759,-1,1759,1611,1613,-1,1726,1655,1708,-1,1708,1655,1656,-1,1708,1656,1709,-1,1709,1656,1673,-1,1709,1673,1710,-1,1710,1673,1672,-1,1710,1672,1712,-1,1712,1672,1671,-1,1674,1699,1665,-1,1665,1699,1698,-1,1665,1698,1669,-1,1669,1698,1717,-1,1669,1717,1670,-1,1670,1717,1715,-1,1670,1715,1671,-1,1671,1715,1713,-1,1671,1713,1712,-1,1773,1774,1775,-1,1775,1774,1776,-1,1775,1776,1777,-1,1777,1776,1778,-1,1777,1778,1779,-1,1779,1778,1780,-1,1779,1780,1781,-1,1781,1780,1782,-1,1781,1782,1783,-1,1783,1782,1784,-1,1783,1784,1644,-1,1644,1784,1645,-1,1774,1773,1785,-1,1785,1773,1786,-1,1786,1787,1785,-1,1785,1787,1788,-1,1785,1788,1789,-1,1789,1788,1790,-1,1790,1788,1791,-1,1790,1791,1792,-1,1793,1792,1794,-1,1794,1792,1795,-1,1793,1796,1792,-1,1792,1796,1797,-1,1792,1797,1790,-1,1798,1799,1800,-1,1800,1799,1801,-1,1802,1803,1804,-1,1801,1805,1800,-1,1800,1805,1803,-1,1800,1803,1806,-1,1806,1803,1802,-1,1807,1808,1809,-1,1809,1808,1810,-1,1804,1811,1802,-1,1802,1811,1810,-1,1802,1810,1812,-1,1812,1810,1808,-1,1730,1729,1813,-1,1730,1813,1814,-1,1814,1813,1815,-1,1814,1815,1816,-1,1816,1815,1817,-1,1816,1817,1818,-1,1818,1817,1819,-1,1818,1819,1820,-1,1820,1819,1821,-1,1820,1821,1822,-1,1822,1821,1799,-1,1822,1799,1798,-1,1643,1735,1644,-1,1644,1735,1730,-1,1644,1730,1783,-1,1783,1730,1814,-1,1783,1814,1781,-1,1781,1814,1816,-1,1781,1816,1779,-1,1779,1816,1818,-1,1779,1818,1777,-1,1777,1818,1820,-1,1777,1820,1775,-1,1775,1820,1822,-1,1775,1822,1773,-1,1773,1822,1798,-1,1773,1798,1786,-1,1786,1798,1800,-1,1785,1801,1774,-1,1774,1801,1799,-1,1774,1799,1776,-1,1776,1799,1821,-1,1776,1821,1778,-1,1778,1821,1819,-1,1778,1819,1780,-1,1780,1819,1817,-1,1780,1817,1782,-1,1782,1817,1815,-1,1782,1815,1784,-1,1784,1815,1813,-1,1784,1813,1645,-1,1645,1813,1729,-1,1645,1729,1648,-1,1648,1729,1728,-1,1736,1630,1737,-1,1737,1630,1635,-1,1737,1635,1823,-1,1824,1654,1738,-1,1738,1654,1629,-1,1738,1629,1740,-1,1824,1738,1737,-1,1825,1826,1827,-1,1737,1823,1824,-1,1824,1823,1828,-1,1824,1828,1829,-1,1829,1830,1824,-1,1824,1830,1831,-1,1824,1831,1832,-1,1832,1831,1833,-1,1834,1835,1836,-1,1827,1826,1831,-1,1831,1826,1837,-1,1831,1837,1833,-1,1825,1827,1835,-1,1835,1827,1838,-1,1835,1838,1836,-1,1834,1836,1839,-1,1839,1836,1840,-1,1839,1840,1841,-1,1842,1843,1844,-1,1844,1843,1845,-1,1842,1844,1846,-1,1846,1844,1847,-1,1846,1847,1848,-1,1845,1849,1844,-1,1844,1849,1850,-1,1844,1850,1851,-1,1851,1850,1852,-1,1853,1854,1855,-1,1847,1856,1848,-1,1848,1856,1853,-1,1848,1853,1857,-1,1857,1853,1855,-1,1858,1859,1860,-1,1858,1860,1861,-1,1861,1860,1862,-1,1861,1862,1863,-1,1863,1862,1842,-1,1863,1842,1846,-1,1864,1690,1692,-1,1859,1858,1865,-1,1865,1858,1864,-1,1865,1864,1866,-1,1866,1864,1867,-1,1692,1868,1864,-1,1864,1868,1869,-1,1864,1869,1867,-1,1694,1689,1864,-1,1864,1689,1690,-1,1691,1677,1870,-1,1870,1677,1676,-1,1871,1872,1870,-1,1870,1872,1873,-1,1873,1874,1870,-1,1870,1874,1875,-1,1870,1875,1876,-1,1876,1877,1870,-1,1870,1877,1693,-1,1870,1693,1691,-1,1878,1879,1880,-1,1880,1879,1881,-1,1880,1881,1882,-1,1882,1881,1883,-1,1882,1883,1871,-1,1871,1883,1872,-1,1884,1879,1885,-1,1886,1887,1888,-1,1885,1879,1887,-1,1887,1879,1878,-1,1887,1878,1888,-1,1888,1889,1890,-1,1891,1885,1892,-1,1892,1885,1893,-1,1891,1894,1885,-1,1885,1894,1895,-1,1885,1895,1884,-1,1890,1896,1888,-1,1888,1896,1897,-1,1888,1897,1886,-1,1885,1887,1844,-1,1844,1887,1847,-1,1678,1695,1676,-1,1676,1695,1694,-1,1676,1694,1870,-1,1870,1694,1864,-1,1870,1864,1871,-1,1871,1864,1858,-1,1871,1858,1882,-1,1882,1858,1861,-1,1882,1861,1880,-1,1880,1861,1863,-1,1880,1863,1878,-1,1878,1863,1846,-1,1878,1846,1888,-1,1888,1846,1848,-1,1898,1771,1757,-1,1757,1771,1758,-1,1899,1900,1898,-1,1898,1900,1901,-1,1901,1902,1898,-1,1898,1902,1903,-1,1898,1903,1904,-1,1904,1905,1898,-1,1898,1905,1769,-1,1898,1769,1771,-1,1906,1907,1908,-1,1906,1908,1909,-1,1909,1908,1910,-1,1909,1910,1911,-1,1911,1910,1900,-1,1911,1900,1899,-1,1907,1906,1912,-1,1912,1906,1913,-1,1914,1915,1913,-1,1913,1915,1916,-1,1913,1916,1917,-1,1918,1919,1920,-1,1920,1919,1921,-1,1920,1921,1922,-1,1917,1923,1913,-1,1913,1923,1924,-1,1913,1924,1912,-1,1912,1924,1919,-1,1912,1919,1925,-1,1925,1919,1918,-1,1926,1927,1924,-1,1924,1927,1919,-1,1927,1926,1928,-1,1928,1926,1929,-1,1930,1931,1928,-1,1928,1931,1932,-1,1928,1932,1927,-1,1927,1932,1933,-1,1929,1934,1928,-1,1928,1934,1935,-1,1928,1935,1936,-1,1936,1935,1937,-1,1933,1938,1927,-1,1927,1938,1939,-1,1927,1939,1940,-1,1940,1939,1941,-1,1942,1943,1944,-1,1944,1943,1945,-1,1944,1945,1946,-1,1946,1945,1947,-1,1946,1947,1930,-1,1930,1947,1931,-1,1948,1772,1770,-1,1943,1942,1949,-1,1949,1942,1948,-1,1949,1948,1950,-1,1950,1948,1951,-1,1770,1952,1948,-1,1948,1952,1953,-1,1948,1953,1951,-1,1611,1772,1609,-1,1609,1772,1948,-1,1756,1610,1757,-1,1757,1610,1609,-1,1757,1609,1898,-1,1898,1609,1948,-1,1898,1948,1899,-1,1899,1948,1942,-1,1899,1942,1911,-1,1911,1942,1944,-1,1911,1944,1909,-1,1909,1944,1946,-1,1909,1946,1906,-1,1906,1946,1930,-1,1906,1930,1913,-1,1913,1930,1928,-1,1949,1901,1943,-1,1943,1901,1900,-1,1943,1900,1945,-1,1945,1900,1910,-1,1945,1910,1947,-1,1947,1910,1908,-1,1947,1908,1931,-1,1931,1908,1907,-1,1931,1907,1932,-1,1932,1907,1912,-1,1904,1903,1953,-1,1953,1903,1951,-1,1876,1875,1869,-1,1869,1875,1867,-1,1884,1843,1879,-1,1879,1843,1842,-1,1879,1842,1881,-1,1881,1842,1862,-1,1881,1862,1883,-1,1883,1862,1860,-1,1883,1860,1872,-1,1872,1860,1859,-1,1872,1859,1873,-1,1873,1859,1865,-1,1809,1794,1795,-1,1809,1795,1807,-1,1807,1795,1792,-1,1807,1792,1808,-1,1808,1792,1791,-1,1808,1791,1812,-1,1812,1791,1788,-1,1812,1788,1802,-1,1802,1788,1787,-1,1802,1787,1806,-1,1806,1787,1786,-1,1806,1786,1800,-1,1794,1809,1810,-1,1794,1810,1793,-1,1793,1810,1811,-1,1793,1811,1796,-1,1796,1811,1804,-1,1796,1804,1797,-1,1797,1804,1803,-1,1797,1803,1790,-1,1790,1803,1805,-1,1790,1805,1789,-1,1789,1805,1801,-1,1789,1801,1785,-1,1699,1674,1687,-1,1699,1687,1704,-1,1704,1687,1686,-1,1704,1686,1705,-1,1705,1686,1685,-1,1705,1685,1700,-1,1700,1685,1684,-1,1700,1684,1701,-1,1701,1684,1683,-1,1701,1683,1707,-1,1707,1683,1681,-1,1707,1681,1688,-1,1591,1590,1763,-1,1591,1763,1620,-1,1620,1763,1768,-1,1620,1768,1621,-1,1621,1768,1767,-1,1621,1767,1616,-1,1616,1767,1766,-1,1616,1766,1617,-1,1617,1766,1765,-1,1617,1765,1618,-1,1618,1765,1759,-1,1618,1759,1613,-1,1655,1726,1641,-1,1641,1726,1748,-1,1641,1748,1642,-1,1642,1748,1747,-1,1642,1747,1638,-1,1638,1747,1745,-1,1638,1745,1639,-1,1639,1745,1744,-1,1639,1744,1647,-1,1647,1744,1720,-1,1647,1720,1643,-1,1643,1720,1735,-1,1606,1607,1742,-1,1742,1607,1653,-1,1742,1653,1743,-1,1743,1653,1652,-1,1743,1652,1721,-1,1721,1652,1649,-1,1721,1649,1722,-1,1722,1649,1640,-1,1722,1640,1734,-1,1734,1640,1637,-1,1734,1637,1728,-1,1728,1637,1648,-1,1569,1568,1632,-1,1632,1568,1741,-1,1632,1741,1633,-1,1633,1741,1746,-1,1633,1746,1626,-1,1626,1746,1727,-1,1626,1727,1627,-1,1627,1727,1725,-1,1627,1725,1628,-1,1628,1725,1724,-1,1628,1724,1629,-1,1629,1724,1740,-1,1581,1580,1723,-1,1723,1580,1650,-1,1723,1650,1731,-1,1731,1650,1651,-1,1731,1651,1732,-1,1732,1651,1624,-1,1732,1624,1733,-1,1733,1624,1631,-1,1733,1631,1739,-1,1739,1631,1625,-1,1739,1625,1736,-1,1736,1625,1630,-1,1823,1635,1634,-1,1823,1634,1828,-1,1828,1634,1663,-1,1828,1663,1829,-1,1829,1663,1662,-1,1829,1662,1830,-1,1661,1827,1662,-1,1662,1827,1831,-1,1662,1831,1830,-1,1659,1658,1841,-1,1841,1840,1659,-1,1659,1840,1836,-1,1659,1836,1661,-1,1661,1836,1838,-1,1661,1838,1827,-1,1841,1658,1839,-1,1839,1658,1657,-1,1839,1657,1834,-1,1834,1657,1835,-1,1835,1657,1660,-1,1835,1660,1825,-1,1825,1660,1826,-1,1826,1660,1664,-1,1826,1664,1837,-1,1837,1664,1636,-1,1837,1636,1833,-1,1833,1636,1646,-1,1833,1646,1832,-1,1832,1646,1654,-1,1832,1654,1824,-1,1919,1927,1940,-1,1919,1940,1921,-1,1921,1940,1941,-1,1921,1941,1922,-1,1922,1941,1939,-1,1922,1939,1920,-1,1920,1939,1938,-1,1920,1938,1918,-1,1918,1938,1933,-1,1918,1933,1925,-1,1925,1933,1932,-1,1925,1932,1912,-1,1913,1928,1936,-1,1913,1936,1914,-1,1914,1936,1937,-1,1914,1937,1915,-1,1915,1937,1935,-1,1915,1935,1916,-1,1916,1935,1934,-1,1916,1934,1917,-1,1917,1934,1929,-1,1917,1929,1923,-1,1923,1929,1926,-1,1923,1926,1924,-1,1888,1848,1857,-1,1888,1857,1889,-1,1889,1857,1855,-1,1889,1855,1890,-1,1890,1855,1854,-1,1890,1854,1896,-1,1896,1854,1853,-1,1896,1853,1897,-1,1897,1853,1856,-1,1897,1856,1886,-1,1886,1856,1847,-1,1886,1847,1887,-1,1885,1844,1851,-1,1885,1851,1893,-1,1893,1851,1852,-1,1893,1852,1892,-1,1892,1852,1850,-1,1892,1850,1891,-1,1891,1850,1849,-1,1891,1849,1894,-1,1894,1849,1845,-1,1894,1845,1895,-1,1895,1845,1843,-1,1895,1843,1884,-1,1714,1578,1711,-1,1711,1578,1577,-1,1714,1716,1578,-1,1578,1716,1718,-1,1578,1718,1666,-1,1666,1718,1719,-1,1695,1678,1696,-1,1696,1678,1679,-1,1696,1679,1706,-1,1706,1679,1680,-1,1706,1680,1702,-1,1702,1680,1682,-1,1702,1682,1703,-1,1703,1682,1675,-1,1703,1675,1697,-1,1697,1675,1668,-1,1697,1668,1719,-1,1719,1668,1954,-1,1719,1954,1666,-1,1754,1753,1565,-1,1565,1753,1752,-1,1565,1752,1566,-1,1610,1756,1612,-1,1612,1756,1764,-1,1612,1764,1614,-1,1614,1764,1761,-1,1614,1761,1615,-1,1615,1761,1760,-1,1615,1760,1619,-1,1619,1760,1762,-1,1619,1762,1608,-1,1608,1762,1751,-1,1608,1751,1622,-1,1622,1751,1750,-1,1622,1750,1623,-1,1623,1750,1749,-1,1623,1749,1565,-1,1565,1749,1755,-1,1565,1755,1754,-1,1873,1865,1866,-1,1873,1866,1874,-1,1874,1866,1867,-1,1874,1867,1875,-1,1876,1869,1868,-1,1876,1868,1877,-1,1877,1868,1692,-1,1877,1692,1693,-1,1901,1949,1950,-1,1901,1950,1902,-1,1902,1950,1951,-1,1902,1951,1903,-1,1904,1953,1952,-1,1904,1952,1905,-1,1905,1952,1770,-1,1905,1770,1769,-1,1955,1956,1957,-1,1955,1957,1958,-1,1959,1960,1961,-1,1961,1960,1962,-1,1961,1962,1963,-1,1963,1962,1964,-1,1963,1964,1965,-1,1965,1964,1966,-1,1965,1966,1957,-1,1957,1966,1967,-1,1957,1967,1958,-1,1968,1969,1970,-1,1971,1972,1973,-1,1973,1972,1974,-1,1973,1974,1975,-1,1975,1974,1976,-1,1975,1976,1977,-1,1977,1976,1978,-1,1977,1978,1979,-1,1979,1978,1968,-1,1979,1968,1980,-1,1980,1968,1970,-1,1981,1982,1983,-1,1983,1982,1984,-1,1983,1984,1985,-1,1985,1984,1986,-1,1985,1986,1987,-1,1987,1986,1988,-1,1987,1988,1989,-1,1989,1988,1990,-1,1989,1990,1991,-1,1991,1990,1992,-1,1991,1992,1993,-1,1993,1992,1994,-1,1993,1994,1995,-1,1995,1994,1996,-1,1995,1996,1997,-1,1997,1996,1998,-1,1999,1984,1982,-1,2000,2001,2002,-1,2002,2001,2003,-1,2002,2003,2004,-1,2004,2003,2005,-1,2004,2005,2006,-1,2007,2008,2006,-1,2006,2008,2009,-1,2006,2009,2004,-1,1999,1982,2010,-1,2010,1982,2011,-1,2010,2011,2006,-1,2006,2011,2012,-1,2006,2012,2007,-1,1986,1958,1988,-1,1988,1958,1967,-1,1988,1967,1990,-1,1990,1967,1966,-1,1990,1966,1992,-1,1992,1966,1964,-1,1992,1964,1994,-1,1994,1964,1962,-1,1994,1962,1996,-1,1984,1999,2013,-1,2013,2014,1984,-1,1984,2014,1956,-1,1984,1956,1986,-1,1986,1956,1955,-1,1986,1955,1958,-1,1998,1996,2015,-1,2016,2017,2018,-1,2018,2019,2016,-1,2016,2019,2020,-1,2016,2020,2021,-1,2022,2023,2016,-1,2016,2023,2024,-1,2016,2024,2017,-1,2025,2026,2027,-1,2028,2029,2030,-1,2031,2032,2028,-1,2028,2032,2033,-1,2028,2033,2029,-1,2034,2035,2036,-1,2027,2026,2037,-1,2030,2038,2028,-1,2028,2038,2034,-1,2028,2034,2039,-1,2039,2034,2036,-1,2022,2015,2023,-1,2023,2015,1996,-1,2023,1996,1960,-1,1960,1996,1962,-1,1973,2040,1971,-1,1971,2040,2041,-1,2041,2040,2042,-1,2042,2040,2043,-1,2042,2043,2015,-1,2015,2043,2044,-1,2015,2044,1998,-1,2021,2020,2026,-1,2026,2020,2045,-1,2026,2045,2037,-1,2031,2040,2032,-1,2032,2040,1973,-1,2032,1973,2046,-1,2046,1973,2047,-1,2048,2049,2050,-1,2048,2050,2051,-1,2052,2053,2027,-1,2027,2053,2054,-1,2027,2054,2025,-1,2052,2027,2050,-1,2050,2027,2055,-1,2050,2055,2051,-1,1970,1969,2056,-1,1969,2057,2056,-1,2056,2057,2058,-1,2056,2058,2059,-1,2056,2060,1970,-1,1970,2060,2061,-1,1970,2061,1980,-1,1980,2061,2062,-1,1980,2062,1979,-1,1979,2062,2063,-1,1979,2063,1977,-1,1977,2063,2064,-1,1977,2064,1975,-1,1975,2064,2047,-1,1975,2047,1973,-1,2056,2059,2065,-1,2065,2059,2066,-1,2067,2068,2069,-1,2069,2068,2070,-1,2070,2068,2071,-1,2071,2068,2072,-1,2071,2072,2073,-1,2073,2072,2074,-1,2073,2074,2075,-1,2075,2076,2073,-1,2073,2076,2077,-1,2073,2077,2066,-1,2066,2077,2078,-1,2066,2078,2065,-1,2079,2072,2080,-1,2080,2072,2068,-1,2080,2068,2081,-1,2081,2068,2082,-1,2081,2082,2083,-1,2083,2082,2084,-1,2085,2086,2080,-1,2080,2086,2087,-1,2080,2087,2079,-1,2088,2089,2090,-1,2091,2092,2093,-1,2088,2090,2094,-1,2094,2090,2095,-1,2094,2095,2093,-1,2093,2095,2096,-1,2093,2096,2091,-1,2087,2097,2079,-1,2079,2097,2093,-1,2079,2093,2098,-1,2098,2093,2092,-1,1974,2099,1976,-1,1976,2099,2100,-1,1976,2100,1978,-1,1978,2100,2101,-1,1978,2101,1968,-1,1968,2101,2102,-1,2101,2103,2102,-1,2102,2103,2104,-1,2102,2104,2105,-1,2105,2104,2106,-1,2105,2106,2107,-1,2107,2106,2108,-1,2107,2108,2109,-1,2109,2108,2110,-1,2110,2108,2089,-1,2110,2089,2088,-1,2111,2112,2113,-1,2114,2115,2116,-1,2117,2099,2118,-1,2119,2120,2121,-1,2114,2122,2115,-1,2115,2122,2123,-1,2115,2123,2124,-1,2113,2125,2111,-1,2111,2125,2119,-1,2111,2119,2126,-1,2126,2119,2121,-1,2127,2128,2129,-1,2124,2130,2115,-1,2115,2130,2127,-1,2115,2127,2131,-1,2131,2127,2129,-1,2116,2118,2114,-1,2114,2118,2099,-1,2114,2099,1972,-1,1972,2099,1974,-1,1961,1995,1959,-1,1959,1995,1997,-1,1959,1997,2132,-1,2132,1997,2133,-1,2132,2133,2111,-1,2111,2133,2134,-1,2111,2134,2112,-1,2111,2135,2132,-1,2132,2135,2136,-1,2132,2136,2137,-1,2137,2136,2138,-1,2137,2138,2118,-1,2118,2138,2139,-1,2118,2139,2117,-1,1985,2140,1983,-1,1983,2140,2141,-1,1983,2141,2142,-1,1987,1989,2143,-1,2143,2144,1987,-1,1987,2144,2145,-1,1987,2145,1985,-1,1985,2145,2146,-1,1985,2146,2140,-1,1995,1961,1993,-1,1993,1961,1963,-1,1993,1963,1991,-1,1991,1963,1965,-1,1991,1965,1989,-1,1989,1965,1957,-1,1989,1957,2143,-1,2147,2148,2149,-1,2150,2151,2152,-1,1983,2142,1981,-1,1981,2142,2153,-1,1981,2153,2154,-1,2150,2152,2149,-1,2149,2152,2155,-1,2149,2155,2147,-1,2151,2150,2153,-1,2153,2150,2156,-1,2153,2156,2157,-1,2157,2158,2153,-1,2153,2158,2159,-1,2153,2159,2154,-1,2160,2161,2162,-1,2162,2161,2163,-1,2162,2163,2149,-1,2149,2163,2002,-1,2149,2002,2150,-1,2150,2002,2004,-1,2117,2046,2099,-1,2099,2046,2047,-1,2099,2047,2100,-1,2100,2047,2064,-1,2100,2064,2101,-1,2101,2064,2063,-1,2101,2063,2103,-1,2103,2063,2062,-1,2065,2090,2056,-1,2056,2090,2089,-1,2056,2089,2060,-1,2060,2089,2108,-1,2060,2108,2061,-1,2061,2108,2106,-1,2061,2106,2062,-1,2062,2106,2104,-1,2062,2104,2103,-1,2164,2165,2166,-1,2166,2165,2167,-1,2166,2167,2168,-1,2168,2167,2169,-1,2168,2169,2170,-1,2170,2169,2171,-1,2170,2171,2172,-1,2172,2171,2173,-1,2172,2173,2174,-1,2174,2173,2175,-1,2174,2175,2035,-1,2035,2175,2036,-1,2165,2164,2176,-1,2176,2164,2177,-1,2177,2178,2176,-1,2176,2178,2179,-1,2176,2179,2180,-1,2180,2179,2181,-1,2181,2179,2182,-1,2181,2182,2183,-1,2184,2183,2185,-1,2185,2183,2186,-1,2184,2187,2183,-1,2183,2187,2188,-1,2183,2188,2181,-1,2189,2190,2191,-1,2191,2190,2192,-1,2193,2194,2195,-1,2192,2196,2191,-1,2191,2196,2194,-1,2191,2194,2197,-1,2197,2194,2193,-1,2198,2199,2200,-1,2200,2199,2201,-1,2195,2202,2193,-1,2193,2202,2201,-1,2193,2201,2203,-1,2203,2201,2199,-1,2121,2120,2204,-1,2121,2204,2205,-1,2205,2204,2206,-1,2205,2206,2207,-1,2207,2206,2208,-1,2207,2208,2209,-1,2209,2208,2210,-1,2209,2210,2211,-1,2211,2210,2212,-1,2211,2212,2213,-1,2213,2212,2190,-1,2213,2190,2189,-1,2034,2126,2035,-1,2035,2126,2121,-1,2035,2121,2174,-1,2174,2121,2205,-1,2174,2205,2172,-1,2172,2205,2207,-1,2172,2207,2170,-1,2170,2207,2209,-1,2170,2209,2168,-1,2168,2209,2211,-1,2168,2211,2166,-1,2166,2211,2213,-1,2166,2213,2164,-1,2164,2213,2189,-1,2164,2189,2177,-1,2177,2189,2191,-1,2176,2192,2165,-1,2165,2192,2190,-1,2165,2190,2167,-1,2167,2190,2212,-1,2167,2212,2169,-1,2169,2212,2210,-1,2169,2210,2171,-1,2171,2210,2208,-1,2171,2208,2173,-1,2173,2208,2206,-1,2173,2206,2175,-1,2175,2206,2204,-1,2175,2204,2036,-1,2036,2204,2120,-1,2036,2120,2039,-1,2039,2120,2119,-1,2127,2021,2128,-1,2128,2021,2026,-1,2128,2026,2214,-1,2215,2045,2129,-1,2129,2045,2020,-1,2129,2020,2131,-1,2215,2129,2128,-1,2216,2217,2218,-1,2128,2214,2215,-1,2215,2214,2219,-1,2215,2219,2220,-1,2220,2221,2215,-1,2215,2221,2222,-1,2215,2222,2223,-1,2223,2222,2224,-1,2225,2226,2227,-1,2218,2217,2222,-1,2222,2217,2228,-1,2222,2228,2224,-1,2216,2218,2226,-1,2226,2218,2229,-1,2226,2229,2227,-1,2225,2227,2230,-1,2230,2227,2231,-1,2230,2231,2232,-1,2233,2234,2235,-1,2235,2234,2236,-1,2233,2235,2237,-1,2237,2235,2238,-1,2237,2238,2239,-1,2236,2240,2235,-1,2235,2240,2241,-1,2235,2241,2242,-1,2242,2241,2243,-1,2244,2245,2246,-1,2238,2247,2239,-1,2239,2247,2244,-1,2239,2244,2248,-1,2248,2244,2246,-1,2249,2250,2251,-1,2249,2251,2252,-1,2252,2251,2253,-1,2252,2253,2254,-1,2254,2253,2233,-1,2254,2233,2237,-1,2255,2081,2083,-1,2250,2249,2256,-1,2256,2249,2255,-1,2256,2255,2257,-1,2257,2255,2258,-1,2083,2259,2255,-1,2255,2259,2260,-1,2255,2260,2258,-1,2085,2080,2255,-1,2255,2080,2081,-1,2082,2068,2261,-1,2261,2068,2067,-1,2262,2263,2261,-1,2261,2263,2264,-1,2264,2265,2261,-1,2261,2265,2266,-1,2261,2266,2267,-1,2267,2268,2261,-1,2261,2268,2084,-1,2261,2084,2082,-1,2269,2270,2271,-1,2271,2270,2272,-1,2271,2272,2273,-1,2273,2272,2274,-1,2273,2274,2262,-1,2262,2274,2263,-1,2275,2270,2276,-1,2277,2278,2279,-1,2276,2270,2278,-1,2278,2270,2269,-1,2278,2269,2279,-1,2279,2280,2281,-1,2282,2276,2283,-1,2283,2276,2284,-1,2282,2285,2276,-1,2276,2285,2286,-1,2276,2286,2275,-1,2281,2287,2279,-1,2279,2287,2288,-1,2279,2288,2277,-1,2276,2278,2235,-1,2235,2278,2238,-1,2069,2086,2067,-1,2067,2086,2085,-1,2067,2085,2261,-1,2261,2085,2255,-1,2261,2255,2262,-1,2262,2255,2249,-1,2262,2249,2273,-1,2273,2249,2252,-1,2273,2252,2271,-1,2271,2252,2254,-1,2271,2254,2269,-1,2269,2254,2237,-1,2269,2237,2279,-1,2279,2237,2239,-1,2289,2162,2148,-1,2148,2162,2149,-1,2290,2291,2289,-1,2289,2291,2292,-1,2292,2293,2289,-1,2289,2293,2294,-1,2289,2294,2295,-1,2295,2296,2289,-1,2289,2296,2160,-1,2289,2160,2162,-1,2297,2298,2299,-1,2297,2299,2300,-1,2300,2299,2301,-1,2300,2301,2302,-1,2302,2301,2291,-1,2302,2291,2290,-1,2298,2297,2303,-1,2303,2297,2304,-1,2305,2306,2304,-1,2304,2306,2307,-1,2304,2307,2308,-1,2309,2310,2311,-1,2311,2310,2312,-1,2311,2312,2313,-1,2308,2314,2304,-1,2304,2314,2315,-1,2304,2315,2303,-1,2303,2315,2310,-1,2303,2310,2316,-1,2316,2310,2309,-1,2317,2318,2315,-1,2315,2318,2310,-1,2318,2317,2319,-1,2319,2317,2320,-1,2321,2322,2319,-1,2319,2322,2323,-1,2319,2323,2318,-1,2318,2323,2324,-1,2320,2325,2319,-1,2319,2325,2326,-1,2319,2326,2327,-1,2327,2326,2328,-1,2324,2329,2318,-1,2318,2329,2330,-1,2318,2330,2331,-1,2331,2330,2332,-1,2333,2334,2335,-1,2335,2334,2336,-1,2335,2336,2337,-1,2337,2336,2338,-1,2337,2338,2321,-1,2321,2338,2322,-1,2339,2163,2161,-1,2334,2333,2340,-1,2340,2333,2339,-1,2340,2339,2341,-1,2341,2339,2342,-1,2161,2343,2339,-1,2339,2343,2344,-1,2339,2344,2342,-1,2002,2163,2000,-1,2000,2163,2339,-1,2147,2001,2148,-1,2148,2001,2000,-1,2148,2000,2289,-1,2289,2000,2339,-1,2289,2339,2290,-1,2290,2339,2333,-1,2290,2333,2302,-1,2302,2333,2335,-1,2302,2335,2300,-1,2300,2335,2337,-1,2300,2337,2297,-1,2297,2337,2321,-1,2297,2321,2304,-1,2304,2321,2319,-1,2340,2292,2334,-1,2334,2292,2291,-1,2334,2291,2336,-1,2336,2291,2301,-1,2336,2301,2338,-1,2338,2301,2299,-1,2338,2299,2322,-1,2322,2299,2298,-1,2322,2298,2323,-1,2323,2298,2303,-1,2295,2294,2344,-1,2344,2294,2342,-1,2267,2266,2260,-1,2260,2266,2258,-1,2275,2234,2270,-1,2270,2234,2233,-1,2270,2233,2272,-1,2272,2233,2253,-1,2272,2253,2274,-1,2274,2253,2251,-1,2274,2251,2263,-1,2263,2251,2250,-1,2263,2250,2264,-1,2264,2250,2256,-1,2200,2185,2186,-1,2200,2186,2198,-1,2198,2186,2183,-1,2198,2183,2199,-1,2199,2183,2182,-1,2199,2182,2203,-1,2203,2182,2179,-1,2203,2179,2193,-1,2193,2179,2178,-1,2193,2178,2197,-1,2197,2178,2177,-1,2197,2177,2191,-1,2185,2200,2201,-1,2185,2201,2184,-1,2184,2201,2202,-1,2184,2202,2187,-1,2187,2202,2195,-1,2187,2195,2188,-1,2188,2195,2194,-1,2188,2194,2181,-1,2181,2194,2196,-1,2181,2196,2180,-1,2180,2196,2192,-1,2180,2192,2176,-1,2090,2065,2078,-1,2090,2078,2095,-1,2095,2078,2077,-1,2095,2077,2096,-1,2096,2077,2076,-1,2096,2076,2091,-1,2091,2076,2075,-1,2091,2075,2092,-1,2092,2075,2074,-1,2092,2074,2098,-1,2098,2074,2072,-1,2098,2072,2079,-1,1982,1981,2154,-1,1982,2154,2011,-1,2011,2154,2159,-1,2011,2159,2012,-1,2012,2159,2158,-1,2012,2158,2007,-1,2007,2158,2157,-1,2007,2157,2008,-1,2008,2157,2156,-1,2008,2156,2009,-1,2009,2156,2150,-1,2009,2150,2004,-1,2046,2117,2032,-1,2032,2117,2139,-1,2032,2139,2033,-1,2033,2139,2138,-1,2033,2138,2029,-1,2029,2138,2136,-1,2029,2136,2030,-1,2030,2136,2135,-1,2030,2135,2038,-1,2038,2135,2111,-1,2038,2111,2034,-1,2034,2111,2126,-1,1997,1998,2133,-1,2133,1998,2044,-1,2133,2044,2134,-1,2134,2044,2043,-1,2134,2043,2112,-1,2112,2043,2040,-1,2112,2040,2113,-1,2113,2040,2031,-1,2113,2031,2125,-1,2125,2031,2028,-1,2125,2028,2119,-1,2119,2028,2039,-1,1960,1959,2023,-1,2023,1959,2132,-1,2023,2132,2024,-1,2024,2132,2137,-1,2024,2137,2017,-1,2017,2137,2118,-1,2017,2118,2018,-1,2018,2118,2116,-1,2018,2116,2019,-1,2019,2116,2115,-1,2019,2115,2020,-1,2020,2115,2131,-1,1972,1971,2114,-1,2114,1971,2041,-1,2114,2041,2122,-1,2122,2041,2042,-1,2122,2042,2123,-1,2123,2042,2015,-1,2123,2015,2124,-1,2124,2015,2022,-1,2124,2022,2130,-1,2130,2022,2016,-1,2130,2016,2127,-1,2127,2016,2021,-1,2214,2026,2025,-1,2214,2025,2219,-1,2219,2025,2054,-1,2219,2054,2220,-1,2220,2054,2053,-1,2220,2053,2221,-1,2052,2218,2053,-1,2053,2218,2222,-1,2053,2222,2221,-1,2050,2049,2232,-1,2232,2231,2050,-1,2050,2231,2227,-1,2050,2227,2052,-1,2052,2227,2229,-1,2052,2229,2218,-1,2232,2049,2230,-1,2230,2049,2048,-1,2230,2048,2225,-1,2225,2048,2226,-1,2226,2048,2051,-1,2226,2051,2216,-1,2216,2051,2217,-1,2217,2051,2055,-1,2217,2055,2228,-1,2228,2055,2027,-1,2228,2027,2224,-1,2224,2027,2037,-1,2224,2037,2223,-1,2223,2037,2045,-1,2223,2045,2215,-1,2310,2318,2331,-1,2310,2331,2312,-1,2312,2331,2332,-1,2312,2332,2313,-1,2313,2332,2330,-1,2313,2330,2311,-1,2311,2330,2329,-1,2311,2329,2309,-1,2309,2329,2324,-1,2309,2324,2316,-1,2316,2324,2323,-1,2316,2323,2303,-1,2304,2319,2327,-1,2304,2327,2305,-1,2305,2327,2328,-1,2305,2328,2306,-1,2306,2328,2326,-1,2306,2326,2307,-1,2307,2326,2325,-1,2307,2325,2308,-1,2308,2325,2320,-1,2308,2320,2314,-1,2314,2320,2317,-1,2314,2317,2315,-1,2279,2239,2248,-1,2279,2248,2280,-1,2280,2248,2246,-1,2280,2246,2281,-1,2281,2246,2245,-1,2281,2245,2287,-1,2287,2245,2244,-1,2287,2244,2288,-1,2288,2244,2247,-1,2288,2247,2277,-1,2277,2247,2238,-1,2277,2238,2278,-1,2276,2235,2242,-1,2276,2242,2284,-1,2284,2242,2243,-1,2284,2243,2283,-1,2283,2243,2241,-1,2283,2241,2282,-1,2282,2241,2240,-1,2282,2240,2285,-1,2285,2240,2236,-1,2285,2236,2286,-1,2286,2236,2234,-1,2286,2234,2275,-1,2105,1969,2102,-1,2102,1969,1968,-1,2105,2107,1969,-1,1969,2107,2109,-1,1969,2109,2057,-1,2057,2109,2110,-1,2086,2069,2087,-1,2087,2069,2070,-1,2087,2070,2097,-1,2097,2070,2071,-1,2097,2071,2093,-1,2093,2071,2073,-1,2093,2073,2094,-1,2094,2073,2066,-1,2094,2066,2088,-1,2088,2066,2059,-1,2088,2059,2110,-1,2110,2059,2345,-1,2110,2345,2057,-1,2145,2144,1956,-1,1956,2144,2143,-1,1956,2143,1957,-1,2001,2147,2003,-1,2003,2147,2155,-1,2003,2155,2005,-1,2005,2155,2152,-1,2005,2152,2006,-1,2006,2152,2151,-1,2006,2151,2010,-1,2010,2151,2153,-1,2010,2153,1999,-1,1999,2153,2142,-1,1999,2142,2013,-1,2013,2142,2141,-1,2013,2141,2014,-1,2014,2141,2140,-1,2014,2140,1956,-1,1956,2140,2146,-1,1956,2146,2145,-1,2264,2256,2257,-1,2264,2257,2265,-1,2265,2257,2258,-1,2265,2258,2266,-1,2267,2260,2259,-1,2267,2259,2268,-1,2268,2259,2083,-1,2268,2083,2084,-1,2292,2340,2341,-1,2292,2341,2293,-1,2293,2341,2342,-1,2293,2342,2294,-1,2295,2344,2343,-1,2295,2343,2296,-1,2296,2343,2161,-1,2296,2161,2160,-1,2346,2347,2348,-1,2349,2350,2351,-1,2351,2350,2352,-1,2351,2352,2353,-1,2353,2352,2354,-1,2353,2354,2355,-1,2354,2356,2355,-1,2355,2356,2357,-1,2355,2357,2348,-1,2348,2357,2358,-1,2348,2358,2346,-1,2359,2360,2361,-1,2362,2363,2364,-1,2364,2363,2365,-1,2364,2365,2366,-1,2366,2365,2367,-1,2366,2367,2368,-1,2368,2367,2369,-1,2368,2369,2370,-1,2370,2369,2359,-1,2370,2359,2371,-1,2371,2359,2361,-1,2372,2373,2374,-1,2374,2373,2375,-1,2374,2375,2376,-1,2376,2375,2377,-1,2376,2377,2378,-1,2378,2377,2379,-1,2378,2379,2380,-1,2380,2379,2381,-1,2380,2381,2382,-1,2382,2381,2383,-1,2382,2383,2384,-1,2384,2383,2385,-1,2384,2385,2386,-1,2386,2385,2387,-1,2386,2387,2388,-1,2388,2387,2389,-1,2390,2375,2373,-1,2391,2392,2393,-1,2393,2392,2394,-1,2393,2394,2395,-1,2395,2394,2396,-1,2395,2396,2397,-1,2398,2399,2397,-1,2397,2399,2400,-1,2397,2400,2395,-1,2390,2373,2401,-1,2401,2373,2402,-1,2401,2402,2397,-1,2397,2402,2403,-1,2397,2403,2398,-1,2377,2358,2379,-1,2379,2358,2357,-1,2379,2357,2381,-1,2381,2357,2356,-1,2381,2356,2383,-1,2383,2356,2354,-1,2383,2354,2385,-1,2385,2354,2352,-1,2385,2352,2387,-1,2375,2390,2404,-1,2404,2405,2375,-1,2375,2405,2347,-1,2375,2347,2377,-1,2377,2347,2346,-1,2377,2346,2358,-1,2406,2407,2408,-1,2408,2407,2409,-1,2410,2411,2412,-1,2413,2414,2415,-1,2415,2414,2416,-1,2408,2417,2418,-1,2419,2420,2421,-1,2422,2423,2411,-1,2411,2423,2424,-1,2411,2424,2412,-1,2389,2387,2352,-1,2423,2425,2424,-1,2424,2425,2426,-1,2424,2426,2427,-1,2427,2426,2428,-1,2427,2428,2408,-1,2408,2428,2429,-1,2408,2429,2417,-1,2413,2406,2414,-1,2414,2406,2408,-1,2414,2408,2430,-1,2430,2408,2418,-1,2422,2431,2423,-1,2423,2431,2362,-1,2423,2362,2364,-1,2409,2432,2408,-1,2408,2432,2389,-1,2408,2389,2350,-1,2350,2389,2352,-1,2410,2412,2420,-1,2420,2412,2433,-1,2420,2433,2421,-1,2434,2435,2436,-1,2436,2435,2437,-1,2436,2437,2438,-1,2436,2439,2440,-1,2440,2439,2441,-1,2419,2421,2442,-1,2442,2421,2443,-1,2442,2443,2436,-1,2436,2443,2444,-1,2436,2444,2434,-1,2438,2445,2436,-1,2436,2445,2446,-1,2436,2446,2439,-1,2361,2360,2447,-1,2360,2448,2447,-1,2447,2448,2449,-1,2447,2449,2450,-1,2447,2451,2361,-1,2361,2451,2452,-1,2361,2452,2371,-1,2371,2452,2453,-1,2371,2453,2370,-1,2370,2453,2454,-1,2370,2454,2368,-1,2368,2454,2455,-1,2368,2455,2366,-1,2366,2455,2423,-1,2366,2423,2364,-1,2447,2450,2456,-1,2456,2450,2457,-1,2458,2459,2460,-1,2460,2459,2461,-1,2461,2459,2462,-1,2462,2459,2463,-1,2462,2463,2464,-1,2464,2463,2465,-1,2464,2465,2466,-1,2466,2467,2464,-1,2464,2467,2468,-1,2464,2468,2457,-1,2457,2468,2469,-1,2457,2469,2456,-1,2470,2463,2471,-1,2471,2463,2459,-1,2471,2459,2472,-1,2472,2459,2473,-1,2472,2473,2474,-1,2474,2473,2475,-1,2476,2477,2471,-1,2471,2477,2478,-1,2471,2478,2470,-1,2479,2480,2481,-1,2482,2483,2484,-1,2479,2481,2485,-1,2485,2481,2486,-1,2485,2486,2484,-1,2484,2486,2487,-1,2484,2487,2482,-1,2478,2488,2470,-1,2470,2488,2484,-1,2470,2484,2489,-1,2489,2484,2483,-1,2365,2490,2367,-1,2367,2490,2491,-1,2367,2491,2369,-1,2369,2491,2492,-1,2369,2492,2359,-1,2359,2492,2493,-1,2492,2494,2493,-1,2493,2494,2495,-1,2493,2495,2496,-1,2496,2495,2497,-1,2496,2497,2498,-1,2498,2497,2499,-1,2498,2499,2500,-1,2500,2499,2501,-1,2501,2499,2480,-1,2501,2480,2479,-1,2502,2503,2504,-1,2505,2506,2504,-1,2504,2507,2508,-1,2508,2507,2509,-1,2503,2510,2511,-1,2509,2507,2512,-1,2512,2507,2513,-1,2512,2513,2514,-1,2510,2515,2511,-1,2511,2515,2516,-1,2511,2516,2517,-1,2503,2511,2504,-1,2504,2511,2518,-1,2504,2518,2505,-1,2506,2519,2504,-1,2504,2519,2520,-1,2504,2520,2507,-1,2507,2520,2521,-1,2507,2521,2522,-1,2351,2386,2349,-1,2349,2386,2388,-1,2349,2388,2504,-1,2504,2388,2523,-1,2504,2523,2502,-1,2524,2525,2526,-1,2490,2365,2527,-1,2527,2365,2363,-1,2527,2363,2521,-1,2521,2363,2528,-1,2521,2528,2522,-1,2513,2529,2514,-1,2514,2529,2524,-1,2514,2524,2530,-1,2530,2524,2526,-1,2376,2531,2374,-1,2374,2531,2532,-1,2374,2532,2533,-1,2378,2380,2534,-1,2534,2535,2378,-1,2378,2535,2536,-1,2378,2536,2376,-1,2376,2536,2537,-1,2376,2537,2531,-1,2386,2351,2384,-1,2384,2351,2353,-1,2384,2353,2382,-1,2382,2353,2355,-1,2382,2355,2380,-1,2380,2355,2348,-1,2380,2348,2534,-1,2538,2539,2540,-1,2541,2542,2543,-1,2374,2533,2372,-1,2372,2533,2544,-1,2372,2544,2545,-1,2541,2543,2540,-1,2540,2543,2546,-1,2540,2546,2538,-1,2542,2541,2544,-1,2544,2541,2547,-1,2544,2547,2548,-1,2548,2549,2544,-1,2544,2549,2550,-1,2544,2550,2545,-1,2551,2552,2553,-1,2553,2552,2554,-1,2553,2554,2540,-1,2540,2554,2393,-1,2540,2393,2541,-1,2541,2393,2395,-1,2527,2425,2490,-1,2490,2425,2423,-1,2490,2423,2491,-1,2491,2423,2455,-1,2491,2455,2492,-1,2492,2455,2454,-1,2492,2454,2494,-1,2494,2454,2453,-1,2456,2481,2447,-1,2447,2481,2480,-1,2447,2480,2451,-1,2451,2480,2499,-1,2451,2499,2452,-1,2452,2499,2497,-1,2452,2497,2453,-1,2453,2497,2495,-1,2453,2495,2494,-1,2555,2556,2557,-1,2557,2556,2558,-1,2557,2558,2559,-1,2559,2558,2560,-1,2559,2560,2561,-1,2561,2560,2562,-1,2561,2562,2563,-1,2563,2562,2564,-1,2563,2564,2565,-1,2565,2564,2566,-1,2565,2566,2414,-1,2414,2566,2416,-1,2567,2556,2555,-1,2555,2568,2567,-1,2567,2568,2569,-1,2567,2569,2570,-1,2571,2572,2573,-1,2573,2572,2574,-1,2571,2575,2572,-1,2572,2575,2576,-1,2572,2576,2577,-1,2570,2578,2567,-1,2567,2578,2572,-1,2567,2572,2579,-1,2579,2572,2577,-1,2580,2581,2582,-1,2582,2581,2583,-1,2582,2583,2584,-1,2584,2583,2585,-1,2586,2587,2583,-1,2583,2587,2588,-1,2583,2588,2585,-1,2586,2589,2587,-1,2587,2589,2590,-1,2587,2590,2591,-1,2591,2592,2587,-1,2587,2592,2593,-1,2587,2593,2594,-1,2511,2517,2595,-1,2511,2595,2596,-1,2596,2595,2597,-1,2596,2597,2598,-1,2598,2597,2599,-1,2598,2599,2600,-1,2600,2599,2601,-1,2600,2601,2602,-1,2602,2601,2603,-1,2602,2603,2604,-1,2604,2603,2581,-1,2604,2581,2580,-1,2430,2518,2414,-1,2414,2518,2511,-1,2414,2511,2565,-1,2565,2511,2596,-1,2565,2596,2563,-1,2563,2596,2598,-1,2563,2598,2561,-1,2561,2598,2600,-1,2561,2600,2559,-1,2559,2600,2602,-1,2559,2602,2557,-1,2557,2602,2604,-1,2557,2604,2555,-1,2555,2604,2580,-1,2555,2580,2568,-1,2568,2580,2582,-1,2567,2583,2556,-1,2556,2583,2581,-1,2556,2581,2558,-1,2558,2581,2603,-1,2558,2603,2560,-1,2560,2603,2601,-1,2560,2601,2562,-1,2562,2601,2599,-1,2562,2599,2564,-1,2564,2599,2597,-1,2564,2597,2566,-1,2566,2597,2595,-1,2566,2595,2416,-1,2416,2595,2517,-1,2416,2517,2415,-1,2415,2517,2516,-1,2524,2419,2525,-1,2525,2419,2442,-1,2525,2442,2605,-1,2606,2443,2526,-1,2526,2443,2421,-1,2526,2421,2530,-1,2526,2525,2606,-1,2606,2525,2605,-1,2607,2608,2609,-1,2608,2610,2609,-1,2609,2610,2611,-1,2609,2611,2612,-1,2613,2614,2605,-1,2605,2614,2615,-1,2605,2615,2606,-1,2613,2605,2609,-1,2609,2605,2616,-1,2609,2616,2607,-1,2612,2611,2617,-1,2617,2611,2618,-1,2617,2618,2619,-1,2618,2620,2619,-1,2619,2620,2621,-1,2619,2621,2622,-1,2622,2621,2623,-1,2624,2625,2626,-1,2626,2625,2627,-1,2626,2627,2628,-1,2628,2629,2626,-1,2626,2629,2630,-1,2626,2630,2631,-1,2624,2626,2632,-1,2632,2626,2633,-1,2632,2633,2634,-1,2634,2633,2635,-1,2634,2635,2636,-1,2636,2637,2634,-1,2634,2637,2638,-1,2634,2638,2639,-1,2640,2641,2642,-1,2640,2642,2643,-1,2643,2642,2644,-1,2643,2644,2645,-1,2645,2644,2624,-1,2645,2624,2632,-1,2646,2472,2474,-1,2641,2640,2647,-1,2647,2640,2646,-1,2647,2646,2648,-1,2648,2646,2649,-1,2474,2650,2646,-1,2646,2650,2651,-1,2646,2651,2649,-1,2476,2471,2646,-1,2646,2471,2472,-1,2473,2459,2652,-1,2652,2459,2458,-1,2653,2654,2652,-1,2652,2654,2655,-1,2655,2656,2652,-1,2652,2656,2657,-1,2652,2657,2658,-1,2658,2659,2652,-1,2652,2659,2475,-1,2652,2475,2473,-1,2660,2661,2662,-1,2662,2661,2663,-1,2662,2663,2664,-1,2664,2663,2665,-1,2664,2665,2653,-1,2653,2665,2654,-1,2666,2667,2661,-1,2661,2667,2668,-1,2668,2667,2669,-1,2668,2669,2670,-1,2661,2660,2666,-1,2666,2660,2671,-1,2666,2671,2672,-1,2672,2671,2673,-1,2674,2675,2670,-1,2670,2675,2676,-1,2670,2676,2668,-1,2677,2678,2671,-1,2671,2678,2679,-1,2671,2679,2673,-1,2667,2666,2626,-1,2626,2666,2633,-1,2460,2477,2458,-1,2458,2477,2476,-1,2458,2476,2652,-1,2652,2476,2646,-1,2652,2646,2653,-1,2653,2646,2640,-1,2653,2640,2664,-1,2664,2640,2643,-1,2664,2643,2662,-1,2662,2643,2645,-1,2662,2645,2660,-1,2660,2645,2632,-1,2660,2632,2671,-1,2671,2632,2634,-1,2680,2553,2539,-1,2539,2553,2540,-1,2681,2682,2680,-1,2680,2682,2683,-1,2683,2684,2680,-1,2680,2684,2685,-1,2680,2685,2686,-1,2686,2687,2680,-1,2680,2687,2551,-1,2680,2551,2553,-1,2688,2689,2690,-1,2688,2690,2691,-1,2691,2690,2692,-1,2691,2692,2693,-1,2693,2692,2682,-1,2693,2682,2681,-1,2689,2688,2694,-1,2694,2688,2695,-1,2696,2697,2695,-1,2695,2697,2698,-1,2695,2698,2699,-1,2700,2701,2694,-1,2694,2701,2702,-1,2694,2702,2703,-1,2703,2702,2704,-1,2699,2705,2695,-1,2695,2705,2706,-1,2695,2706,2694,-1,2694,2706,2707,-1,2694,2707,2700,-1,2708,2709,2706,-1,2706,2709,2707,-1,2710,2711,2712,-1,2712,2711,2713,-1,2714,2713,2715,-1,2715,2713,2716,-1,2715,2716,2717,-1,2712,2718,2719,-1,2719,2720,2712,-1,2712,2720,2721,-1,2712,2721,2722,-1,2714,2723,2713,-1,2713,2723,2709,-1,2713,2709,2712,-1,2712,2709,2708,-1,2712,2708,2718,-1,2724,2725,2726,-1,2726,2725,2727,-1,2726,2727,2728,-1,2728,2727,2729,-1,2728,2729,2710,-1,2710,2729,2711,-1,2730,2554,2552,-1,2725,2724,2731,-1,2731,2724,2730,-1,2731,2730,2732,-1,2732,2730,2733,-1,2552,2734,2730,-1,2730,2734,2735,-1,2730,2735,2733,-1,2393,2554,2391,-1,2391,2554,2730,-1,2712,2695,2710,-1,2710,2695,2688,-1,2710,2688,2728,-1,2728,2688,2691,-1,2728,2691,2726,-1,2726,2691,2693,-1,2726,2693,2724,-1,2724,2693,2681,-1,2724,2681,2730,-1,2730,2681,2680,-1,2730,2680,2391,-1,2391,2680,2539,-1,2391,2539,2392,-1,2392,2539,2538,-1,2731,2683,2725,-1,2725,2683,2682,-1,2725,2682,2727,-1,2727,2682,2692,-1,2727,2692,2729,-1,2729,2692,2690,-1,2729,2690,2711,-1,2711,2690,2689,-1,2711,2689,2713,-1,2713,2689,2694,-1,2686,2685,2735,-1,2735,2685,2733,-1,2658,2657,2651,-1,2651,2657,2649,-1,2668,2625,2661,-1,2661,2625,2624,-1,2661,2624,2663,-1,2663,2624,2644,-1,2663,2644,2665,-1,2665,2644,2642,-1,2665,2642,2654,-1,2654,2642,2641,-1,2654,2641,2655,-1,2655,2641,2647,-1,2593,2573,2574,-1,2593,2574,2594,-1,2594,2574,2572,-1,2594,2572,2587,-1,2587,2572,2578,-1,2587,2578,2588,-1,2588,2578,2570,-1,2588,2570,2585,-1,2585,2570,2569,-1,2585,2569,2584,-1,2584,2569,2568,-1,2584,2568,2582,-1,2573,2593,2592,-1,2573,2592,2571,-1,2571,2592,2591,-1,2571,2591,2575,-1,2575,2591,2590,-1,2575,2590,2576,-1,2576,2590,2589,-1,2576,2589,2577,-1,2577,2589,2586,-1,2577,2586,2579,-1,2579,2586,2583,-1,2579,2583,2567,-1,2481,2456,2469,-1,2481,2469,2486,-1,2486,2469,2468,-1,2486,2468,2487,-1,2487,2468,2467,-1,2487,2467,2482,-1,2482,2467,2466,-1,2482,2466,2483,-1,2483,2466,2465,-1,2483,2465,2489,-1,2489,2465,2463,-1,2489,2463,2470,-1,2373,2372,2545,-1,2373,2545,2402,-1,2402,2545,2550,-1,2402,2550,2403,-1,2403,2550,2549,-1,2403,2549,2398,-1,2398,2549,2548,-1,2398,2548,2399,-1,2399,2548,2547,-1,2399,2547,2400,-1,2400,2547,2541,-1,2400,2541,2395,-1,2425,2527,2426,-1,2426,2527,2521,-1,2426,2521,2428,-1,2428,2521,2520,-1,2428,2520,2429,-1,2429,2520,2519,-1,2429,2519,2417,-1,2417,2519,2506,-1,2417,2506,2418,-1,2418,2506,2505,-1,2418,2505,2430,-1,2430,2505,2518,-1,2388,2389,2523,-1,2523,2389,2432,-1,2523,2432,2502,-1,2502,2432,2409,-1,2502,2409,2503,-1,2503,2409,2407,-1,2503,2407,2510,-1,2510,2407,2406,-1,2510,2406,2515,-1,2515,2406,2413,-1,2515,2413,2516,-1,2516,2413,2415,-1,2350,2349,2408,-1,2408,2349,2504,-1,2408,2504,2427,-1,2427,2504,2508,-1,2427,2508,2424,-1,2424,2508,2509,-1,2424,2509,2412,-1,2412,2509,2512,-1,2412,2512,2433,-1,2433,2512,2514,-1,2433,2514,2421,-1,2421,2514,2530,-1,2363,2362,2528,-1,2528,2362,2431,-1,2528,2431,2522,-1,2522,2431,2422,-1,2522,2422,2507,-1,2507,2422,2411,-1,2507,2411,2513,-1,2513,2411,2410,-1,2513,2410,2529,-1,2529,2410,2420,-1,2529,2420,2524,-1,2524,2420,2419,-1,2605,2442,2436,-1,2605,2436,2616,-1,2616,2436,2440,-1,2616,2440,2607,-1,2607,2440,2441,-1,2607,2441,2608,-1,2439,2611,2441,-1,2441,2611,2610,-1,2441,2610,2608,-1,2446,2445,2623,-1,2623,2621,2446,-1,2446,2621,2620,-1,2446,2620,2439,-1,2439,2620,2618,-1,2439,2618,2611,-1,2623,2445,2622,-1,2622,2445,2438,-1,2622,2438,2619,-1,2619,2438,2617,-1,2617,2438,2437,-1,2617,2437,2612,-1,2612,2437,2609,-1,2609,2437,2435,-1,2609,2435,2613,-1,2613,2435,2434,-1,2613,2434,2614,-1,2614,2434,2444,-1,2614,2444,2615,-1,2615,2444,2443,-1,2615,2443,2606,-1,2707,2709,2723,-1,2707,2723,2700,-1,2700,2723,2714,-1,2700,2714,2701,-1,2701,2714,2715,-1,2701,2715,2702,-1,2702,2715,2717,-1,2702,2717,2704,-1,2704,2717,2716,-1,2704,2716,2703,-1,2703,2716,2713,-1,2703,2713,2694,-1,2695,2712,2722,-1,2695,2722,2696,-1,2696,2722,2721,-1,2696,2721,2697,-1,2697,2721,2720,-1,2697,2720,2698,-1,2698,2720,2719,-1,2698,2719,2699,-1,2699,2719,2718,-1,2699,2718,2705,-1,2705,2718,2708,-1,2705,2708,2706,-1,2671,2634,2639,-1,2671,2639,2677,-1,2677,2639,2638,-1,2677,2638,2678,-1,2678,2638,2637,-1,2678,2637,2679,-1,2679,2637,2636,-1,2679,2636,2673,-1,2673,2636,2635,-1,2673,2635,2672,-1,2672,2635,2633,-1,2672,2633,2666,-1,2667,2626,2631,-1,2667,2631,2669,-1,2669,2631,2630,-1,2669,2630,2670,-1,2670,2630,2629,-1,2670,2629,2674,-1,2674,2629,2628,-1,2674,2628,2675,-1,2675,2628,2627,-1,2675,2627,2676,-1,2676,2627,2625,-1,2676,2625,2668,-1,2496,2360,2493,-1,2493,2360,2359,-1,2496,2498,2360,-1,2360,2498,2500,-1,2360,2500,2448,-1,2448,2500,2501,-1,2477,2460,2478,-1,2478,2460,2461,-1,2478,2461,2488,-1,2488,2461,2462,-1,2488,2462,2484,-1,2484,2462,2464,-1,2484,2464,2485,-1,2485,2464,2457,-1,2485,2457,2479,-1,2479,2457,2450,-1,2479,2450,2501,-1,2501,2450,2736,-1,2501,2736,2448,-1,2536,2535,2347,-1,2347,2535,2534,-1,2347,2534,2348,-1,2392,2538,2394,-1,2394,2538,2546,-1,2394,2546,2396,-1,2396,2546,2543,-1,2396,2543,2397,-1,2397,2543,2542,-1,2397,2542,2401,-1,2401,2542,2544,-1,2401,2544,2390,-1,2390,2544,2533,-1,2390,2533,2404,-1,2404,2533,2532,-1,2404,2532,2405,-1,2405,2532,2531,-1,2405,2531,2347,-1,2347,2531,2537,-1,2347,2537,2536,-1,2655,2647,2648,-1,2655,2648,2656,-1,2656,2648,2649,-1,2656,2649,2657,-1,2658,2651,2650,-1,2658,2650,2659,-1,2659,2650,2474,-1,2659,2474,2475,-1,2683,2731,2732,-1,2683,2732,2684,-1,2684,2732,2733,-1,2684,2733,2685,-1,2686,2735,2734,-1,2686,2734,2687,-1,2687,2734,2552,-1,2687,2552,2551,-1,2737,2738,2739,-1,2737,2739,2740,-1,2741,2742,2743,-1,2743,2742,2744,-1,2743,2744,2745,-1,2745,2744,2746,-1,2745,2746,2747,-1,2747,2746,2748,-1,2747,2748,2739,-1,2739,2748,2749,-1,2739,2749,2740,-1,2750,2751,2752,-1,2753,2754,2755,-1,2755,2754,2756,-1,2755,2756,2757,-1,2757,2756,2758,-1,2757,2758,2759,-1,2759,2758,2760,-1,2759,2760,2761,-1,2761,2760,2750,-1,2761,2750,2762,-1,2762,2750,2752,-1,2763,2764,2765,-1,2765,2764,2766,-1,2765,2766,2767,-1,2767,2766,2768,-1,2767,2768,2769,-1,2769,2768,2770,-1,2769,2770,2771,-1,2771,2770,2772,-1,2771,2772,2773,-1,2773,2772,2774,-1,2773,2774,2775,-1,2775,2774,2776,-1,2775,2776,2777,-1,2777,2776,2778,-1,2777,2778,2779,-1,2779,2778,2780,-1,2781,2766,2764,-1,2782,2783,2784,-1,2784,2783,2785,-1,2784,2785,2786,-1,2786,2785,2787,-1,2786,2787,2788,-1,2789,2790,2788,-1,2788,2790,2791,-1,2788,2791,2786,-1,2781,2764,2792,-1,2792,2764,2793,-1,2792,2793,2788,-1,2788,2793,2794,-1,2788,2794,2789,-1,2768,2740,2770,-1,2770,2740,2749,-1,2770,2749,2772,-1,2772,2749,2748,-1,2772,2748,2774,-1,2774,2748,2746,-1,2774,2746,2776,-1,2776,2746,2744,-1,2776,2744,2778,-1,2766,2781,2795,-1,2795,2796,2766,-1,2766,2796,2738,-1,2766,2738,2768,-1,2768,2738,2737,-1,2768,2737,2740,-1,2797,2798,2799,-1,2778,2744,2742,-1,2800,2801,2802,-1,2753,2755,2803,-1,2778,2798,2780,-1,2780,2798,2804,-1,2805,2806,2807,-1,2808,2809,2800,-1,2800,2809,2810,-1,2800,2810,2801,-1,2742,2811,2778,-1,2778,2811,2812,-1,2778,2812,2798,-1,2798,2812,2813,-1,2798,2813,2799,-1,2797,2799,2806,-1,2806,2799,2814,-1,2806,2814,2807,-1,2815,2816,2817,-1,2802,2818,2800,-1,2800,2818,2815,-1,2800,2815,2819,-1,2819,2815,2817,-1,2804,2798,2820,-1,2820,2798,2821,-1,2820,2821,2803,-1,2803,2821,2822,-1,2803,2822,2753,-1,2808,2803,2809,-1,2809,2803,2755,-1,2809,2755,2823,-1,2823,2755,2824,-1,2825,2826,2827,-1,2827,2826,2828,-1,2827,2828,2829,-1,2827,2830,2831,-1,2831,2830,2832,-1,2805,2807,2833,-1,2833,2807,2834,-1,2833,2834,2827,-1,2827,2834,2835,-1,2827,2835,2825,-1,2829,2836,2827,-1,2827,2836,2837,-1,2827,2837,2830,-1,2752,2751,2838,-1,2751,2839,2838,-1,2838,2839,2840,-1,2838,2840,2841,-1,2838,2842,2752,-1,2752,2842,2843,-1,2752,2843,2762,-1,2762,2843,2844,-1,2762,2844,2761,-1,2761,2844,2845,-1,2761,2845,2759,-1,2759,2845,2846,-1,2759,2846,2757,-1,2757,2846,2824,-1,2757,2824,2755,-1,2838,2841,2847,-1,2847,2841,2848,-1,2849,2850,2851,-1,2851,2850,2852,-1,2852,2850,2853,-1,2853,2850,2854,-1,2853,2854,2855,-1,2855,2854,2856,-1,2855,2856,2857,-1,2857,2858,2855,-1,2855,2858,2859,-1,2855,2859,2848,-1,2848,2859,2860,-1,2848,2860,2847,-1,2861,2854,2862,-1,2862,2854,2850,-1,2862,2850,2863,-1,2863,2850,2864,-1,2863,2864,2865,-1,2865,2864,2866,-1,2867,2868,2862,-1,2862,2868,2869,-1,2862,2869,2861,-1,2870,2871,2872,-1,2873,2874,2875,-1,2870,2872,2876,-1,2876,2872,2877,-1,2876,2877,2875,-1,2875,2877,2878,-1,2875,2878,2873,-1,2869,2879,2861,-1,2861,2879,2875,-1,2861,2875,2880,-1,2880,2875,2874,-1,2756,2881,2758,-1,2758,2881,2882,-1,2758,2882,2760,-1,2760,2882,2883,-1,2760,2883,2750,-1,2750,2883,2884,-1,2883,2885,2884,-1,2884,2885,2886,-1,2884,2886,2887,-1,2887,2886,2888,-1,2887,2888,2889,-1,2889,2888,2890,-1,2889,2890,2891,-1,2891,2890,2892,-1,2892,2890,2871,-1,2892,2871,2870,-1,2893,2894,2895,-1,2743,2777,2741,-1,2741,2777,2896,-1,2897,2898,2899,-1,2900,2901,2894,-1,2894,2901,2902,-1,2894,2902,2903,-1,2904,2905,2906,-1,2777,2779,2894,-1,2894,2779,2907,-1,2894,2907,2900,-1,2900,2907,2908,-1,2900,2908,2898,-1,2898,2908,2909,-1,2898,2909,2899,-1,2895,2910,2893,-1,2893,2910,2904,-1,2893,2904,2911,-1,2911,2904,2906,-1,2893,2912,2894,-1,2894,2912,2913,-1,2894,2913,2777,-1,2777,2913,2914,-1,2777,2914,2896,-1,2915,2916,2917,-1,2881,2756,2918,-1,2918,2756,2754,-1,2918,2754,2902,-1,2902,2754,2919,-1,2902,2919,2903,-1,2899,2920,2897,-1,2897,2920,2915,-1,2897,2915,2921,-1,2921,2915,2917,-1,2767,2922,2765,-1,2765,2922,2923,-1,2765,2923,2924,-1,2769,2771,2925,-1,2925,2926,2769,-1,2769,2926,2927,-1,2769,2927,2767,-1,2767,2927,2928,-1,2767,2928,2922,-1,2777,2743,2775,-1,2775,2743,2745,-1,2775,2745,2773,-1,2773,2745,2747,-1,2773,2747,2771,-1,2771,2747,2739,-1,2771,2739,2925,-1,2929,2930,2931,-1,2932,2933,2934,-1,2765,2924,2763,-1,2763,2924,2935,-1,2763,2935,2936,-1,2932,2934,2931,-1,2931,2934,2937,-1,2931,2937,2929,-1,2933,2932,2935,-1,2935,2932,2938,-1,2935,2938,2939,-1,2939,2940,2935,-1,2935,2940,2941,-1,2935,2941,2936,-1,2942,2943,2944,-1,2944,2943,2945,-1,2944,2945,2931,-1,2931,2945,2784,-1,2931,2784,2932,-1,2932,2784,2786,-1,2918,2823,2881,-1,2881,2823,2824,-1,2881,2824,2882,-1,2882,2824,2846,-1,2882,2846,2883,-1,2883,2846,2845,-1,2883,2845,2885,-1,2885,2845,2844,-1,2847,2872,2838,-1,2838,2872,2871,-1,2838,2871,2842,-1,2842,2871,2890,-1,2842,2890,2843,-1,2843,2890,2888,-1,2843,2888,2844,-1,2844,2888,2886,-1,2844,2886,2885,-1,2946,2947,2948,-1,2948,2947,2949,-1,2948,2949,2950,-1,2950,2949,2951,-1,2950,2951,2952,-1,2952,2951,2953,-1,2952,2953,2954,-1,2954,2953,2955,-1,2954,2955,2956,-1,2956,2955,2957,-1,2956,2957,2816,-1,2816,2957,2817,-1,2947,2946,2958,-1,2958,2946,2959,-1,2958,2959,2960,-1,2960,2961,2958,-1,2958,2961,2962,-1,2958,2962,2963,-1,2964,2965,2966,-1,2964,2966,2963,-1,2963,2966,2967,-1,2963,2967,2968,-1,2968,2969,2963,-1,2963,2969,2970,-1,2963,2970,2958,-1,2971,2972,2973,-1,2973,2972,2974,-1,2975,2976,2974,-1,2974,2976,2977,-1,2974,2977,2973,-1,2978,2979,2980,-1,2979,2981,2980,-1,2980,2981,2982,-1,2980,2982,2983,-1,2983,2982,2984,-1,2975,2974,2980,-1,2980,2974,2985,-1,2980,2985,2978,-1,2917,2916,2986,-1,2917,2986,2987,-1,2987,2986,2988,-1,2987,2988,2989,-1,2989,2988,2990,-1,2989,2990,2991,-1,2991,2990,2992,-1,2991,2992,2993,-1,2993,2992,2994,-1,2993,2994,2995,-1,2995,2994,2972,-1,2995,2972,2971,-1,2815,2921,2816,-1,2816,2921,2917,-1,2816,2917,2956,-1,2956,2917,2987,-1,2956,2987,2954,-1,2954,2987,2989,-1,2954,2989,2952,-1,2952,2989,2991,-1,2952,2991,2950,-1,2950,2991,2993,-1,2950,2993,2948,-1,2948,2993,2995,-1,2948,2995,2946,-1,2946,2995,2971,-1,2946,2971,2959,-1,2959,2971,2973,-1,2958,2974,2947,-1,2947,2974,2972,-1,2947,2972,2949,-1,2949,2972,2994,-1,2949,2994,2951,-1,2951,2994,2992,-1,2951,2992,2953,-1,2953,2992,2990,-1,2953,2990,2955,-1,2955,2990,2988,-1,2955,2988,2957,-1,2957,2988,2986,-1,2957,2986,2817,-1,2817,2986,2916,-1,2817,2916,2819,-1,2819,2916,2915,-1,2904,2805,2905,-1,2905,2805,2833,-1,2905,2833,2996,-1,2997,2834,2906,-1,2906,2834,2807,-1,2906,2807,2911,-1,2997,2906,2905,-1,2998,2999,3000,-1,2905,2996,2997,-1,2997,2996,3001,-1,2997,3001,3002,-1,3002,3003,2997,-1,2997,3003,3004,-1,2997,3004,3005,-1,3005,3004,3006,-1,3000,2999,3004,-1,3004,2999,3007,-1,3004,3007,3006,-1,2998,3000,3008,-1,3008,3000,3009,-1,3008,3009,3010,-1,3009,3011,3010,-1,3010,3011,3012,-1,3010,3012,3013,-1,3013,3012,3014,-1,3015,3016,3017,-1,3017,3016,3018,-1,3017,3018,3019,-1,3019,3020,3017,-1,3017,3020,3021,-1,3017,3021,3022,-1,3015,3017,3023,-1,3023,3017,3024,-1,3023,3024,3025,-1,3025,3024,3026,-1,3025,3026,3027,-1,3027,3028,3025,-1,3025,3028,3029,-1,3025,3029,3030,-1,3031,3032,3033,-1,3031,3033,3034,-1,3034,3033,3035,-1,3034,3035,3036,-1,3036,3035,3015,-1,3036,3015,3023,-1,3037,2863,2865,-1,3032,3031,3038,-1,3038,3031,3037,-1,3038,3037,3039,-1,3039,3037,3040,-1,2865,3041,3037,-1,3037,3041,3042,-1,3037,3042,3040,-1,2867,2862,3037,-1,3037,2862,2863,-1,2864,2850,3043,-1,3043,2850,2849,-1,3044,3045,3043,-1,3043,3045,3046,-1,3046,3047,3043,-1,3043,3047,3048,-1,3043,3048,3049,-1,3049,3050,3043,-1,3043,3050,2866,-1,3043,2866,2864,-1,3051,3052,3053,-1,3053,3052,3054,-1,3053,3054,3055,-1,3055,3054,3056,-1,3055,3056,3044,-1,3044,3056,3045,-1,3057,3058,3052,-1,3052,3058,3059,-1,3059,3058,3060,-1,3059,3060,3061,-1,3052,3051,3057,-1,3057,3051,3062,-1,3057,3062,3063,-1,3063,3062,3064,-1,3065,3066,3061,-1,3061,3066,3067,-1,3061,3067,3059,-1,3068,3069,3062,-1,3062,3069,3070,-1,3062,3070,3064,-1,3058,3057,3017,-1,3017,3057,3024,-1,2851,2868,2849,-1,2849,2868,2867,-1,2849,2867,3043,-1,3043,2867,3037,-1,3043,3037,3044,-1,3044,3037,3031,-1,3044,3031,3055,-1,3055,3031,3034,-1,3055,3034,3053,-1,3053,3034,3036,-1,3053,3036,3051,-1,3051,3036,3023,-1,3051,3023,3062,-1,3062,3023,3025,-1,3071,2944,2930,-1,2930,2944,2931,-1,3072,3073,3071,-1,3071,3073,3074,-1,3074,3075,3071,-1,3071,3075,3076,-1,3071,3076,3077,-1,3077,3078,3071,-1,3071,3078,2942,-1,3071,2942,2944,-1,3079,3080,3081,-1,3079,3081,3082,-1,3082,3081,3083,-1,3082,3083,3084,-1,3084,3083,3073,-1,3084,3073,3072,-1,3080,3079,3085,-1,3085,3079,3086,-1,3086,3087,3085,-1,3085,3087,3088,-1,3085,3088,3089,-1,3090,3086,3091,-1,3091,3086,3092,-1,3090,3093,3086,-1,3086,3093,3094,-1,3086,3094,3087,-1,3089,3095,3085,-1,3085,3095,3096,-1,3085,3096,3097,-1,3097,3096,3098,-1,3099,3100,3087,-1,3087,3100,3088,-1,3101,3102,3103,-1,3103,3102,3100,-1,3103,3100,3104,-1,3100,3099,3105,-1,3105,3099,3106,-1,3105,3106,3107,-1,3107,3108,3105,-1,3105,3108,3109,-1,3105,3109,3110,-1,3111,3112,3105,-1,3105,3112,3113,-1,3105,3113,3100,-1,3100,3113,3114,-1,3100,3114,3104,-1,3115,3116,3117,-1,3117,3116,3118,-1,3117,3118,3119,-1,3119,3118,3120,-1,3119,3120,3111,-1,3111,3120,3112,-1,3121,2945,2943,-1,3116,3115,3122,-1,3122,3115,3121,-1,3122,3121,3123,-1,3123,3121,3124,-1,2943,3125,3121,-1,3121,3125,3126,-1,3121,3126,3124,-1,2784,2945,2782,-1,2782,2945,3121,-1,2929,2783,2930,-1,2930,2783,2782,-1,2930,2782,3071,-1,3071,2782,3121,-1,3071,3121,3072,-1,3072,3121,3115,-1,3072,3115,3084,-1,3084,3115,3117,-1,3084,3117,3082,-1,3082,3117,3119,-1,3082,3119,3079,-1,3079,3119,3111,-1,3079,3111,3086,-1,3086,3111,3105,-1,3122,3074,3116,-1,3116,3074,3073,-1,3116,3073,3118,-1,3118,3073,3083,-1,3118,3083,3120,-1,3120,3083,3081,-1,3120,3081,3112,-1,3112,3081,3080,-1,3112,3080,3113,-1,3113,3080,3085,-1,3077,3076,3126,-1,3126,3076,3124,-1,3049,3048,3042,-1,3042,3048,3040,-1,3059,3016,3052,-1,3052,3016,3015,-1,3052,3015,3054,-1,3054,3015,3035,-1,3054,3035,3056,-1,3056,3035,3033,-1,3056,3033,3045,-1,3045,3033,3032,-1,3045,3032,3046,-1,3046,3032,3038,-1,2984,2965,2964,-1,2984,2964,2983,-1,2983,2964,2963,-1,2983,2963,2980,-1,2980,2963,2962,-1,2980,2962,2975,-1,2975,2962,2961,-1,2975,2961,2976,-1,2976,2961,2960,-1,2976,2960,2977,-1,2977,2960,2959,-1,2977,2959,2973,-1,2965,2984,2982,-1,2965,2982,2966,-1,2966,2982,2981,-1,2966,2981,2967,-1,2967,2981,2979,-1,2967,2979,2968,-1,2968,2979,2978,-1,2968,2978,2969,-1,2969,2978,2985,-1,2969,2985,2970,-1,2970,2985,2974,-1,2970,2974,2958,-1,2872,2847,2860,-1,2872,2860,2877,-1,2877,2860,2859,-1,2877,2859,2878,-1,2878,2859,2858,-1,2878,2858,2873,-1,2873,2858,2857,-1,2873,2857,2874,-1,2874,2857,2856,-1,2874,2856,2880,-1,2880,2856,2854,-1,2880,2854,2861,-1,2764,2763,2936,-1,2764,2936,2793,-1,2793,2936,2941,-1,2793,2941,2794,-1,2794,2941,2940,-1,2794,2940,2789,-1,2789,2940,2939,-1,2789,2939,2790,-1,2790,2939,2938,-1,2790,2938,2791,-1,2791,2938,2932,-1,2791,2932,2786,-1,2823,2918,2809,-1,2809,2918,2902,-1,2809,2902,2810,-1,2810,2902,2901,-1,2810,2901,2801,-1,2801,2901,2900,-1,2801,2900,2802,-1,2802,2900,2898,-1,2802,2898,2818,-1,2818,2898,2897,-1,2818,2897,2815,-1,2815,2897,2921,-1,2779,2780,2907,-1,2907,2780,2804,-1,2907,2804,2908,-1,2908,2804,2820,-1,2908,2820,2909,-1,2909,2820,2803,-1,2909,2803,2899,-1,2899,2803,2808,-1,2899,2808,2920,-1,2920,2808,2800,-1,2920,2800,2915,-1,2915,2800,2819,-1,2742,2741,2811,-1,2811,2741,2896,-1,2811,2896,2812,-1,2812,2896,2914,-1,2812,2914,2813,-1,2813,2914,2913,-1,2813,2913,2799,-1,2799,2913,2912,-1,2799,2912,2814,-1,2814,2912,2893,-1,2814,2893,2807,-1,2807,2893,2911,-1,2754,2753,2919,-1,2919,2753,2822,-1,2919,2822,2903,-1,2903,2822,2821,-1,2903,2821,2894,-1,2894,2821,2798,-1,2894,2798,2895,-1,2895,2798,2797,-1,2895,2797,2910,-1,2910,2797,2806,-1,2910,2806,2904,-1,2904,2806,2805,-1,2996,2833,2827,-1,2996,2827,3001,-1,3001,2827,2831,-1,3001,2831,3002,-1,3002,2831,2832,-1,3002,2832,3003,-1,2830,3000,2832,-1,2832,3000,3004,-1,2832,3004,3003,-1,2837,2836,3014,-1,3014,3012,2837,-1,2837,3012,3011,-1,2837,3011,2830,-1,2830,3011,3009,-1,2830,3009,3000,-1,3014,2836,3013,-1,3013,2836,2829,-1,3013,2829,3010,-1,3010,2829,3008,-1,3008,2829,2828,-1,3008,2828,2998,-1,2998,2828,2999,-1,2999,2828,2826,-1,2999,2826,3007,-1,3007,2826,2825,-1,3007,2825,3006,-1,3006,2825,2835,-1,3006,2835,3005,-1,3005,2835,2834,-1,3005,2834,2997,-1,3088,3100,3102,-1,3088,3102,3089,-1,3089,3102,3101,-1,3089,3101,3095,-1,3095,3101,3103,-1,3095,3103,3096,-1,3096,3103,3104,-1,3096,3104,3098,-1,3098,3104,3114,-1,3098,3114,3097,-1,3097,3114,3113,-1,3097,3113,3085,-1,3086,3105,3110,-1,3086,3110,3092,-1,3092,3110,3109,-1,3092,3109,3091,-1,3091,3109,3108,-1,3091,3108,3090,-1,3090,3108,3107,-1,3090,3107,3093,-1,3093,3107,3106,-1,3093,3106,3094,-1,3094,3106,3099,-1,3094,3099,3087,-1,3062,3025,3030,-1,3062,3030,3068,-1,3068,3030,3029,-1,3068,3029,3069,-1,3069,3029,3028,-1,3069,3028,3070,-1,3070,3028,3027,-1,3070,3027,3064,-1,3064,3027,3026,-1,3064,3026,3063,-1,3063,3026,3024,-1,3063,3024,3057,-1,3058,3017,3022,-1,3058,3022,3060,-1,3060,3022,3021,-1,3060,3021,3061,-1,3061,3021,3020,-1,3061,3020,3065,-1,3065,3020,3019,-1,3065,3019,3066,-1,3066,3019,3018,-1,3066,3018,3067,-1,3067,3018,3016,-1,3067,3016,3059,-1,2887,2751,2884,-1,2884,2751,2750,-1,2887,2889,2751,-1,2751,2889,2891,-1,2751,2891,2839,-1,2839,2891,2892,-1,2868,2851,2869,-1,2869,2851,2852,-1,2869,2852,2879,-1,2879,2852,2853,-1,2879,2853,2875,-1,2875,2853,2855,-1,2875,2855,2876,-1,2876,2855,2848,-1,2876,2848,2870,-1,2870,2848,2841,-1,2870,2841,2892,-1,2892,2841,3127,-1,2892,3127,2839,-1,2927,2926,2738,-1,2738,2926,2925,-1,2738,2925,2739,-1,2783,2929,2785,-1,2785,2929,2937,-1,2785,2937,2787,-1,2787,2937,2934,-1,2787,2934,2788,-1,2788,2934,2933,-1,2788,2933,2792,-1,2792,2933,2935,-1,2792,2935,2781,-1,2781,2935,2924,-1,2781,2924,2795,-1,2795,2924,2923,-1,2795,2923,2796,-1,2796,2923,2922,-1,2796,2922,2738,-1,2738,2922,2928,-1,2738,2928,2927,-1,3046,3038,3039,-1,3046,3039,3047,-1,3047,3039,3040,-1,3047,3040,3048,-1,3049,3042,3041,-1,3049,3041,3050,-1,3050,3041,2865,-1,3050,2865,2866,-1,3074,3122,3123,-1,3074,3123,3075,-1,3075,3123,3124,-1,3075,3124,3076,-1,3077,3126,3125,-1,3077,3125,3078,-1,3078,3125,2943,-1,3078,2943,2942,-1,3128,3129,3130,-1,3128,3130,3131,-1,3132,3133,3134,-1,3134,3133,3135,-1,3134,3135,3136,-1,3136,3135,3137,-1,3136,3137,3138,-1,3138,3137,3139,-1,3138,3139,3130,-1,3130,3139,3140,-1,3130,3140,3131,-1,3141,3142,3143,-1,3144,3145,3146,-1,3146,3145,3147,-1,3146,3147,3148,-1,3148,3147,3149,-1,3148,3149,3150,-1,3150,3149,3151,-1,3150,3151,3152,-1,3152,3151,3141,-1,3152,3141,3153,-1,3153,3141,3143,-1,3154,3155,3156,-1,3156,3155,3157,-1,3156,3157,3158,-1,3158,3157,3159,-1,3158,3159,3160,-1,3160,3159,3161,-1,3160,3161,3162,-1,3162,3161,3163,-1,3162,3163,3164,-1,3164,3163,3165,-1,3164,3165,3166,-1,3166,3165,3167,-1,3166,3167,3168,-1,3168,3167,3169,-1,3168,3169,3170,-1,3170,3169,3171,-1,3172,3157,3155,-1,3173,3174,3175,-1,3175,3174,3176,-1,3175,3176,3177,-1,3177,3176,3178,-1,3177,3178,3179,-1,3180,3181,3179,-1,3179,3181,3182,-1,3179,3182,3177,-1,3172,3155,3183,-1,3183,3155,3184,-1,3183,3184,3179,-1,3179,3184,3185,-1,3179,3185,3180,-1,3159,3131,3161,-1,3161,3131,3140,-1,3161,3140,3163,-1,3163,3140,3139,-1,3163,3139,3165,-1,3165,3139,3137,-1,3165,3137,3167,-1,3167,3137,3135,-1,3167,3135,3169,-1,3157,3172,3186,-1,3186,3187,3157,-1,3157,3187,3129,-1,3157,3129,3159,-1,3159,3129,3128,-1,3159,3128,3131,-1,3188,3189,3190,-1,3191,3192,3193,-1,3193,3192,3194,-1,3194,3192,3195,-1,3195,3192,3196,-1,3195,3196,3197,-1,3198,3199,3200,-1,3200,3199,3201,-1,3200,3201,3202,-1,3203,3204,3205,-1,3205,3206,3203,-1,3203,3206,3207,-1,3203,3207,3208,-1,3204,3188,3200,-1,3200,3188,3190,-1,3200,3190,3198,-1,3146,3209,3144,-1,3144,3209,3210,-1,3144,3210,3188,-1,3188,3210,3211,-1,3188,3211,3189,-1,3171,3169,3135,-1,3197,3212,3195,-1,3195,3212,3188,-1,3195,3188,3213,-1,3213,3188,3204,-1,3213,3204,3214,-1,3214,3204,3203,-1,3208,3215,3203,-1,3203,3215,3171,-1,3203,3171,3133,-1,3133,3171,3135,-1,3216,3217,3218,-1,3217,3219,3218,-1,3218,3219,3220,-1,3218,3220,3221,-1,3191,3193,3222,-1,3222,3193,3223,-1,3222,3223,3218,-1,3218,3223,3224,-1,3218,3224,3216,-1,3221,3225,3218,-1,3218,3225,3226,-1,3218,3226,3227,-1,3227,3226,3228,-1,3143,3142,3229,-1,3142,3230,3229,-1,3229,3230,3231,-1,3229,3231,3232,-1,3229,3233,3143,-1,3143,3233,3234,-1,3143,3234,3153,-1,3153,3234,3235,-1,3153,3235,3152,-1,3152,3235,3236,-1,3152,3236,3150,-1,3150,3236,3237,-1,3150,3237,3148,-1,3148,3237,3209,-1,3148,3209,3146,-1,3229,3232,3238,-1,3238,3232,3239,-1,3240,3241,3242,-1,3242,3241,3243,-1,3243,3241,3244,-1,3244,3241,3245,-1,3244,3245,3246,-1,3246,3245,3247,-1,3246,3247,3248,-1,3248,3249,3246,-1,3246,3249,3250,-1,3246,3250,3239,-1,3239,3250,3251,-1,3239,3251,3238,-1,3252,3245,3253,-1,3253,3245,3241,-1,3253,3241,3254,-1,3254,3241,3255,-1,3254,3255,3256,-1,3256,3255,3257,-1,3258,3259,3253,-1,3253,3259,3260,-1,3253,3260,3252,-1,3261,3262,3263,-1,3264,3265,3266,-1,3261,3263,3267,-1,3267,3263,3268,-1,3267,3268,3266,-1,3266,3268,3269,-1,3266,3269,3264,-1,3260,3270,3252,-1,3252,3270,3266,-1,3252,3266,3271,-1,3271,3266,3265,-1,3147,3272,3149,-1,3149,3272,3273,-1,3149,3273,3151,-1,3151,3273,3274,-1,3151,3274,3141,-1,3141,3274,3275,-1,3274,3276,3275,-1,3275,3276,3277,-1,3275,3277,3278,-1,3278,3277,3279,-1,3278,3279,3280,-1,3280,3279,3281,-1,3280,3281,3282,-1,3282,3281,3283,-1,3283,3281,3262,-1,3283,3262,3261,-1,3284,3285,3286,-1,3285,3287,3288,-1,3288,3289,3285,-1,3285,3289,3290,-1,3285,3290,3286,-1,3286,3290,3291,-1,3286,3291,3292,-1,3293,3272,3147,-1,3286,3294,3295,-1,3295,3294,3296,-1,3295,3296,3297,-1,3297,3296,3298,-1,3292,3299,3286,-1,3286,3299,3293,-1,3286,3293,3145,-1,3145,3293,3147,-1,3300,3301,3302,-1,3302,3301,3303,-1,3295,3304,3286,-1,3286,3304,3305,-1,3286,3305,3284,-1,3284,3305,3302,-1,3284,3302,3306,-1,3306,3302,3303,-1,3307,3308,3309,-1,3134,3168,3132,-1,3132,3168,3170,-1,3132,3170,3302,-1,3302,3170,3310,-1,3302,3310,3300,-1,3298,3311,3297,-1,3297,3311,3307,-1,3297,3307,3312,-1,3312,3307,3309,-1,3158,3313,3156,-1,3156,3313,3314,-1,3156,3314,3315,-1,3160,3162,3316,-1,3316,3317,3160,-1,3160,3317,3318,-1,3160,3318,3158,-1,3158,3318,3319,-1,3158,3319,3313,-1,3168,3134,3166,-1,3166,3134,3136,-1,3166,3136,3164,-1,3164,3136,3138,-1,3164,3138,3162,-1,3162,3138,3130,-1,3162,3130,3316,-1,3320,3321,3322,-1,3323,3324,3325,-1,3156,3315,3154,-1,3154,3315,3326,-1,3154,3326,3327,-1,3323,3325,3322,-1,3322,3325,3328,-1,3322,3328,3320,-1,3324,3323,3326,-1,3326,3323,3329,-1,3326,3329,3330,-1,3330,3331,3326,-1,3326,3331,3332,-1,3326,3332,3327,-1,3333,3334,3335,-1,3335,3334,3336,-1,3335,3336,3322,-1,3322,3336,3175,-1,3322,3175,3323,-1,3323,3175,3177,-1,3238,3263,3229,-1,3229,3263,3262,-1,3229,3262,3233,-1,3233,3262,3281,-1,3233,3281,3234,-1,3234,3281,3279,-1,3234,3279,3235,-1,3293,3210,3272,-1,3272,3210,3209,-1,3272,3209,3273,-1,3273,3209,3237,-1,3273,3237,3274,-1,3274,3237,3236,-1,3274,3236,3276,-1,3276,3236,3235,-1,3276,3235,3277,-1,3277,3235,3279,-1,3337,3338,3339,-1,3339,3338,3340,-1,3339,3340,3341,-1,3341,3340,3342,-1,3341,3342,3343,-1,3343,3342,3344,-1,3343,3344,3345,-1,3345,3344,3346,-1,3345,3346,3347,-1,3347,3346,3348,-1,3347,3348,3202,-1,3202,3348,3200,-1,3349,3338,3337,-1,3337,3350,3349,-1,3349,3350,3351,-1,3349,3351,3352,-1,3352,3353,3349,-1,3349,3353,3354,-1,3349,3354,3355,-1,3356,3357,3358,-1,3358,3357,3359,-1,3355,3360,3349,-1,3349,3360,3359,-1,3349,3359,3361,-1,3361,3359,3357,-1,3362,3363,3364,-1,3364,3363,3365,-1,3364,3365,3366,-1,3366,3365,3367,-1,3368,3369,3370,-1,3368,3370,3365,-1,3365,3370,3371,-1,3365,3371,3367,-1,3370,3372,3373,-1,3373,3372,3374,-1,3369,3375,3370,-1,3370,3375,3376,-1,3370,3376,3372,-1,3287,3285,3377,-1,3287,3377,3378,-1,3378,3377,3379,-1,3378,3379,3380,-1,3380,3379,3381,-1,3380,3381,3382,-1,3382,3381,3383,-1,3382,3383,3384,-1,3384,3383,3385,-1,3384,3385,3386,-1,3386,3385,3363,-1,3386,3363,3362,-1,3201,3288,3202,-1,3202,3288,3287,-1,3202,3287,3347,-1,3347,3287,3378,-1,3347,3378,3345,-1,3345,3378,3380,-1,3345,3380,3343,-1,3343,3380,3382,-1,3343,3382,3341,-1,3341,3382,3384,-1,3341,3384,3339,-1,3339,3384,3386,-1,3339,3386,3337,-1,3337,3386,3362,-1,3337,3362,3350,-1,3350,3362,3364,-1,3349,3365,3338,-1,3338,3365,3363,-1,3338,3363,3340,-1,3340,3363,3385,-1,3340,3385,3342,-1,3342,3385,3383,-1,3342,3383,3344,-1,3344,3383,3381,-1,3344,3381,3346,-1,3346,3381,3379,-1,3346,3379,3348,-1,3348,3379,3377,-1,3348,3377,3200,-1,3200,3377,3285,-1,3200,3285,3204,-1,3204,3285,3284,-1,3307,3191,3308,-1,3308,3191,3222,-1,3308,3222,3387,-1,3388,3223,3309,-1,3309,3223,3193,-1,3309,3193,3312,-1,3309,3308,3388,-1,3388,3308,3387,-1,3389,3390,3391,-1,3390,3392,3391,-1,3391,3392,3393,-1,3391,3393,3394,-1,3395,3396,3387,-1,3387,3396,3397,-1,3387,3397,3388,-1,3395,3387,3391,-1,3391,3387,3398,-1,3391,3398,3389,-1,3394,3393,3399,-1,3399,3393,3400,-1,3399,3400,3401,-1,3400,3402,3401,-1,3401,3402,3403,-1,3401,3403,3404,-1,3404,3403,3405,-1,3406,3407,3408,-1,3409,3410,3411,-1,3411,3410,3412,-1,3408,3413,3406,-1,3406,3413,3410,-1,3406,3410,3414,-1,3414,3410,3409,-1,3407,3406,3415,-1,3415,3406,3416,-1,3415,3416,3417,-1,3417,3416,3418,-1,3417,3418,3419,-1,3419,3420,3417,-1,3417,3420,3421,-1,3417,3421,3422,-1,3423,3424,3425,-1,3423,3425,3426,-1,3426,3425,3427,-1,3426,3427,3428,-1,3428,3427,3407,-1,3428,3407,3415,-1,3429,3254,3256,-1,3424,3423,3430,-1,3430,3423,3429,-1,3430,3429,3431,-1,3431,3429,3432,-1,3256,3433,3429,-1,3429,3433,3434,-1,3429,3434,3432,-1,3258,3253,3429,-1,3429,3253,3254,-1,3255,3241,3435,-1,3435,3241,3240,-1,3436,3437,3435,-1,3435,3437,3438,-1,3438,3439,3435,-1,3435,3439,3440,-1,3435,3440,3441,-1,3441,3442,3435,-1,3435,3442,3257,-1,3435,3257,3255,-1,3443,3444,3445,-1,3445,3444,3446,-1,3445,3446,3447,-1,3447,3446,3448,-1,3447,3448,3436,-1,3436,3448,3437,-1,3449,3444,3450,-1,3443,3451,3444,-1,3444,3451,3452,-1,3453,3454,3455,-1,3455,3454,3456,-1,3450,3457,3449,-1,3449,3457,3456,-1,3449,3456,3458,-1,3458,3456,3454,-1,3452,3459,3444,-1,3444,3459,3460,-1,3444,3460,3461,-1,3461,3462,3444,-1,3444,3462,3463,-1,3444,3463,3450,-1,3450,3463,3406,-1,3406,3463,3416,-1,3242,3259,3240,-1,3240,3259,3258,-1,3240,3258,3435,-1,3435,3258,3429,-1,3435,3429,3436,-1,3436,3429,3423,-1,3436,3423,3447,-1,3447,3423,3426,-1,3447,3426,3445,-1,3445,3426,3428,-1,3445,3428,3443,-1,3443,3428,3415,-1,3443,3415,3451,-1,3451,3415,3417,-1,3464,3335,3321,-1,3321,3335,3322,-1,3465,3466,3464,-1,3464,3466,3467,-1,3467,3468,3464,-1,3464,3468,3469,-1,3464,3469,3470,-1,3470,3471,3464,-1,3464,3471,3333,-1,3464,3333,3335,-1,3472,3473,3474,-1,3472,3474,3475,-1,3475,3474,3476,-1,3475,3476,3477,-1,3477,3476,3466,-1,3477,3466,3465,-1,3473,3472,3478,-1,3478,3472,3479,-1,3480,3481,3482,-1,3482,3481,3483,-1,3484,3485,3486,-1,3486,3485,3478,-1,3486,3478,3487,-1,3487,3478,3479,-1,3487,3479,3481,-1,3481,3479,3488,-1,3481,3488,3483,-1,3484,3489,3485,-1,3485,3489,3490,-1,3485,3490,3491,-1,3492,3493,3487,-1,3487,3493,3486,-1,3494,3495,3496,-1,3496,3495,3497,-1,3496,3497,3493,-1,3493,3497,3498,-1,3493,3498,3499,-1,3493,3492,3496,-1,3496,3492,3500,-1,3496,3500,3501,-1,3501,3502,3496,-1,3496,3502,3503,-1,3496,3503,3504,-1,3505,3506,3498,-1,3498,3506,3507,-1,3498,3507,3499,-1,3508,3509,3510,-1,3510,3509,3511,-1,3510,3511,3512,-1,3512,3511,3513,-1,3512,3513,3494,-1,3494,3513,3495,-1,3514,3336,3334,-1,3509,3508,3515,-1,3515,3508,3514,-1,3515,3514,3516,-1,3516,3514,3517,-1,3334,3518,3514,-1,3514,3518,3519,-1,3514,3519,3517,-1,3175,3336,3173,-1,3173,3336,3514,-1,3320,3174,3321,-1,3321,3174,3173,-1,3321,3173,3464,-1,3464,3173,3514,-1,3464,3514,3465,-1,3465,3514,3508,-1,3465,3508,3477,-1,3477,3508,3510,-1,3477,3510,3475,-1,3475,3510,3512,-1,3475,3512,3472,-1,3472,3512,3494,-1,3472,3494,3479,-1,3479,3494,3496,-1,3515,3467,3509,-1,3509,3467,3466,-1,3509,3466,3511,-1,3511,3466,3476,-1,3511,3476,3513,-1,3513,3476,3474,-1,3513,3474,3495,-1,3495,3474,3473,-1,3495,3473,3497,-1,3497,3473,3478,-1,3470,3469,3519,-1,3519,3469,3517,-1,3441,3440,3434,-1,3434,3440,3432,-1,3449,3408,3444,-1,3444,3408,3407,-1,3444,3407,3446,-1,3446,3407,3427,-1,3446,3427,3448,-1,3448,3427,3425,-1,3448,3425,3437,-1,3437,3425,3424,-1,3437,3424,3438,-1,3438,3424,3430,-1,3374,3360,3355,-1,3374,3355,3373,-1,3373,3355,3354,-1,3373,3354,3370,-1,3370,3354,3353,-1,3370,3353,3371,-1,3371,3353,3352,-1,3371,3352,3367,-1,3367,3352,3351,-1,3367,3351,3366,-1,3366,3351,3350,-1,3366,3350,3364,-1,3360,3374,3372,-1,3360,3372,3359,-1,3359,3372,3376,-1,3359,3376,3358,-1,3358,3376,3375,-1,3358,3375,3356,-1,3356,3375,3369,-1,3356,3369,3357,-1,3357,3369,3368,-1,3357,3368,3361,-1,3361,3368,3365,-1,3361,3365,3349,-1,3263,3238,3251,-1,3263,3251,3268,-1,3268,3251,3250,-1,3268,3250,3269,-1,3269,3250,3249,-1,3269,3249,3264,-1,3264,3249,3248,-1,3264,3248,3265,-1,3265,3248,3247,-1,3265,3247,3271,-1,3271,3247,3245,-1,3271,3245,3252,-1,3155,3154,3327,-1,3155,3327,3184,-1,3184,3327,3332,-1,3184,3332,3185,-1,3185,3332,3331,-1,3185,3331,3180,-1,3180,3331,3330,-1,3180,3330,3181,-1,3181,3330,3329,-1,3181,3329,3182,-1,3182,3329,3323,-1,3182,3323,3177,-1,3210,3293,3211,-1,3211,3293,3299,-1,3211,3299,3189,-1,3189,3299,3292,-1,3189,3292,3190,-1,3190,3292,3291,-1,3190,3291,3198,-1,3198,3291,3290,-1,3198,3290,3199,-1,3199,3290,3289,-1,3199,3289,3201,-1,3201,3289,3288,-1,3170,3171,3310,-1,3310,3171,3215,-1,3310,3215,3300,-1,3300,3215,3208,-1,3300,3208,3301,-1,3301,3208,3207,-1,3301,3207,3303,-1,3303,3207,3206,-1,3303,3206,3306,-1,3306,3206,3205,-1,3306,3205,3284,-1,3284,3205,3204,-1,3133,3132,3203,-1,3203,3132,3302,-1,3203,3302,3214,-1,3214,3302,3305,-1,3214,3305,3213,-1,3213,3305,3304,-1,3213,3304,3195,-1,3195,3304,3295,-1,3195,3295,3194,-1,3194,3295,3297,-1,3194,3297,3193,-1,3193,3297,3312,-1,3145,3144,3286,-1,3286,3144,3188,-1,3286,3188,3294,-1,3294,3188,3212,-1,3294,3212,3296,-1,3296,3212,3197,-1,3296,3197,3298,-1,3298,3197,3196,-1,3298,3196,3311,-1,3311,3196,3192,-1,3311,3192,3307,-1,3307,3192,3191,-1,3387,3222,3218,-1,3387,3218,3398,-1,3398,3218,3227,-1,3398,3227,3389,-1,3389,3227,3228,-1,3389,3228,3390,-1,3226,3393,3228,-1,3228,3393,3392,-1,3228,3392,3390,-1,3225,3221,3405,-1,3405,3403,3225,-1,3225,3403,3402,-1,3225,3402,3226,-1,3226,3402,3400,-1,3226,3400,3393,-1,3405,3221,3404,-1,3404,3221,3220,-1,3404,3220,3401,-1,3401,3220,3399,-1,3399,3220,3219,-1,3399,3219,3394,-1,3394,3219,3391,-1,3391,3219,3217,-1,3391,3217,3395,-1,3395,3217,3216,-1,3395,3216,3396,-1,3396,3216,3224,-1,3396,3224,3397,-1,3397,3224,3223,-1,3397,3223,3388,-1,3486,3493,3499,-1,3486,3499,3484,-1,3484,3499,3507,-1,3484,3507,3489,-1,3489,3507,3506,-1,3489,3506,3490,-1,3490,3506,3505,-1,3490,3505,3491,-1,3491,3505,3498,-1,3491,3498,3485,-1,3485,3498,3497,-1,3485,3497,3478,-1,3479,3496,3504,-1,3479,3504,3488,-1,3488,3504,3503,-1,3488,3503,3483,-1,3483,3503,3502,-1,3483,3502,3482,-1,3482,3502,3501,-1,3482,3501,3480,-1,3480,3501,3500,-1,3480,3500,3481,-1,3481,3500,3492,-1,3481,3492,3487,-1,3451,3417,3422,-1,3451,3422,3452,-1,3452,3422,3421,-1,3452,3421,3459,-1,3459,3421,3420,-1,3459,3420,3460,-1,3460,3420,3419,-1,3460,3419,3461,-1,3461,3419,3418,-1,3461,3418,3462,-1,3462,3418,3416,-1,3462,3416,3463,-1,3450,3406,3414,-1,3450,3414,3457,-1,3457,3414,3409,-1,3457,3409,3456,-1,3456,3409,3411,-1,3456,3411,3455,-1,3455,3411,3412,-1,3455,3412,3453,-1,3453,3412,3410,-1,3453,3410,3454,-1,3454,3410,3413,-1,3454,3413,3458,-1,3458,3413,3408,-1,3458,3408,3449,-1,3278,3142,3275,-1,3275,3142,3141,-1,3278,3280,3142,-1,3142,3280,3282,-1,3142,3282,3230,-1,3230,3282,3283,-1,3259,3242,3260,-1,3260,3242,3243,-1,3260,3243,3270,-1,3270,3243,3244,-1,3270,3244,3266,-1,3266,3244,3246,-1,3266,3246,3267,-1,3267,3246,3239,-1,3267,3239,3261,-1,3261,3239,3232,-1,3261,3232,3283,-1,3283,3232,3520,-1,3283,3520,3230,-1,3318,3317,3129,-1,3129,3317,3316,-1,3129,3316,3130,-1,3174,3320,3176,-1,3176,3320,3328,-1,3176,3328,3178,-1,3178,3328,3325,-1,3178,3325,3179,-1,3179,3325,3324,-1,3179,3324,3183,-1,3183,3324,3326,-1,3183,3326,3172,-1,3172,3326,3315,-1,3172,3315,3186,-1,3186,3315,3314,-1,3186,3314,3187,-1,3187,3314,3313,-1,3187,3313,3129,-1,3129,3313,3319,-1,3129,3319,3318,-1,3438,3430,3431,-1,3438,3431,3439,-1,3439,3431,3432,-1,3439,3432,3440,-1,3441,3434,3433,-1,3441,3433,3442,-1,3442,3433,3256,-1,3442,3256,3257,-1,3467,3515,3516,-1,3467,3516,3468,-1,3468,3516,3517,-1,3468,3517,3469,-1,3470,3519,3518,-1,3470,3518,3471,-1,3471,3518,3334,-1,3471,3334,3333,-1,3521,3522,3523,-1,3521,3523,3524,-1,3525,3526,3527,-1,3527,3526,3528,-1,3527,3528,3529,-1,3529,3528,3530,-1,3529,3530,3531,-1,3531,3530,3532,-1,3531,3532,3523,-1,3523,3532,3533,-1,3523,3533,3524,-1,3534,3535,3536,-1,3537,3538,3539,-1,3539,3538,3540,-1,3539,3540,3541,-1,3541,3540,3542,-1,3541,3542,3543,-1,3543,3542,3544,-1,3543,3544,3545,-1,3545,3544,3534,-1,3545,3534,3546,-1,3546,3534,3536,-1,3547,3548,3549,-1,3549,3548,3550,-1,3549,3550,3551,-1,3551,3550,3552,-1,3551,3552,3553,-1,3553,3552,3554,-1,3553,3554,3555,-1,3555,3554,3556,-1,3555,3556,3557,-1,3557,3556,3558,-1,3557,3558,3559,-1,3559,3558,3560,-1,3559,3560,3561,-1,3561,3560,3562,-1,3561,3562,3563,-1,3563,3562,3564,-1,3565,3550,3548,-1,3566,3567,3568,-1,3568,3567,3569,-1,3568,3569,3570,-1,3570,3569,3571,-1,3570,3571,3572,-1,3573,3574,3572,-1,3572,3574,3575,-1,3572,3575,3570,-1,3565,3548,3576,-1,3576,3548,3577,-1,3576,3577,3572,-1,3572,3577,3578,-1,3572,3578,3573,-1,3552,3524,3554,-1,3554,3524,3533,-1,3554,3533,3556,-1,3556,3533,3532,-1,3556,3532,3558,-1,3558,3532,3530,-1,3558,3530,3560,-1,3560,3530,3528,-1,3560,3528,3562,-1,3550,3565,3579,-1,3579,3580,3550,-1,3550,3580,3522,-1,3550,3522,3552,-1,3552,3522,3521,-1,3552,3521,3524,-1,3581,3582,3583,-1,3564,3562,3528,-1,3584,3585,3586,-1,3587,3581,3584,-1,3588,3589,3590,-1,3590,3589,3591,-1,3583,3592,3581,-1,3581,3592,3593,-1,3581,3593,3584,-1,3584,3593,3594,-1,3584,3594,3595,-1,3595,3596,3584,-1,3584,3596,3564,-1,3584,3564,3526,-1,3526,3564,3528,-1,3584,3597,3585,-1,3585,3597,3598,-1,3585,3598,3599,-1,3599,3600,3585,-1,3585,3600,3601,-1,3585,3601,3602,-1,3591,3603,3590,-1,3590,3603,3587,-1,3590,3587,3604,-1,3604,3587,3584,-1,3604,3584,3605,-1,3605,3584,3586,-1,3539,3606,3537,-1,3537,3606,3607,-1,3537,3607,3590,-1,3590,3607,3608,-1,3590,3608,3588,-1,3609,3610,3611,-1,3610,3612,3611,-1,3611,3612,3613,-1,3611,3613,3614,-1,3602,3601,3615,-1,3615,3601,3616,-1,3615,3616,3611,-1,3611,3616,3617,-1,3611,3617,3609,-1,3614,3618,3611,-1,3611,3618,3619,-1,3611,3619,3620,-1,3620,3619,3621,-1,3536,3535,3622,-1,3535,3623,3622,-1,3622,3623,3624,-1,3622,3624,3625,-1,3622,3626,3536,-1,3536,3626,3627,-1,3536,3627,3546,-1,3546,3627,3628,-1,3546,3628,3545,-1,3545,3628,3629,-1,3545,3629,3543,-1,3543,3629,3630,-1,3543,3630,3541,-1,3541,3630,3606,-1,3541,3606,3539,-1,3622,3625,3631,-1,3631,3625,3632,-1,3633,3634,3635,-1,3635,3634,3636,-1,3636,3634,3637,-1,3637,3634,3638,-1,3637,3638,3639,-1,3639,3638,3640,-1,3639,3640,3641,-1,3641,3642,3639,-1,3639,3642,3643,-1,3639,3643,3632,-1,3632,3643,3644,-1,3632,3644,3631,-1,3645,3638,3646,-1,3646,3638,3634,-1,3646,3634,3647,-1,3647,3634,3648,-1,3647,3648,3649,-1,3649,3648,3650,-1,3651,3652,3646,-1,3646,3652,3653,-1,3646,3653,3645,-1,3654,3655,3656,-1,3657,3658,3659,-1,3654,3656,3660,-1,3660,3656,3661,-1,3660,3661,3659,-1,3659,3661,3662,-1,3659,3662,3657,-1,3653,3663,3645,-1,3645,3663,3659,-1,3645,3659,3664,-1,3664,3659,3658,-1,3540,3665,3542,-1,3542,3665,3666,-1,3542,3666,3544,-1,3544,3666,3667,-1,3544,3667,3534,-1,3534,3667,3668,-1,3667,3669,3668,-1,3668,3669,3670,-1,3668,3670,3671,-1,3671,3670,3672,-1,3671,3672,3673,-1,3673,3672,3674,-1,3673,3674,3675,-1,3675,3674,3676,-1,3676,3674,3655,-1,3676,3655,3654,-1,3677,3678,3679,-1,3680,3681,3682,-1,3677,3679,3683,-1,3684,3685,3686,-1,3686,3685,3687,-1,3686,3687,3688,-1,3684,3689,3685,-1,3685,3689,3690,-1,3685,3690,3691,-1,3681,3680,3679,-1,3679,3680,3692,-1,3679,3692,3683,-1,3693,3665,3540,-1,3694,3695,3682,-1,3682,3695,3696,-1,3682,3696,3697,-1,3685,3680,3687,-1,3687,3680,3682,-1,3687,3682,3698,-1,3698,3682,3697,-1,3527,3561,3525,-1,3525,3561,3563,-1,3525,3563,3687,-1,3687,3563,3699,-1,3687,3699,3688,-1,3678,3700,3679,-1,3679,3700,3693,-1,3679,3693,3538,-1,3538,3693,3540,-1,3701,3702,3703,-1,3694,3704,3695,-1,3695,3704,3701,-1,3695,3701,3705,-1,3705,3701,3703,-1,3551,3706,3549,-1,3549,3706,3707,-1,3549,3707,3708,-1,3553,3555,3709,-1,3709,3710,3553,-1,3553,3710,3711,-1,3553,3711,3551,-1,3551,3711,3712,-1,3551,3712,3706,-1,3561,3527,3559,-1,3559,3527,3529,-1,3559,3529,3557,-1,3557,3529,3531,-1,3557,3531,3555,-1,3555,3531,3523,-1,3555,3523,3709,-1,3713,3714,3715,-1,3716,3717,3718,-1,3549,3708,3547,-1,3547,3708,3719,-1,3547,3719,3720,-1,3716,3718,3715,-1,3715,3718,3721,-1,3715,3721,3713,-1,3717,3716,3719,-1,3719,3716,3722,-1,3719,3722,3723,-1,3723,3724,3719,-1,3719,3724,3725,-1,3719,3725,3720,-1,3726,3727,3728,-1,3728,3727,3729,-1,3728,3729,3715,-1,3715,3729,3568,-1,3715,3568,3716,-1,3716,3568,3570,-1,3631,3656,3622,-1,3622,3656,3655,-1,3622,3655,3626,-1,3626,3655,3674,-1,3626,3674,3627,-1,3627,3674,3672,-1,3627,3672,3628,-1,3693,3607,3665,-1,3665,3607,3606,-1,3665,3606,3666,-1,3666,3606,3630,-1,3666,3630,3667,-1,3667,3630,3629,-1,3667,3629,3669,-1,3669,3629,3628,-1,3669,3628,3670,-1,3670,3628,3672,-1,3730,3731,3732,-1,3732,3731,3733,-1,3732,3733,3734,-1,3734,3733,3735,-1,3734,3735,3736,-1,3736,3735,3737,-1,3736,3737,3738,-1,3738,3737,3739,-1,3738,3739,3740,-1,3740,3739,3741,-1,3740,3741,3581,-1,3581,3741,3582,-1,3742,3731,3730,-1,3730,3743,3742,-1,3742,3743,3744,-1,3742,3744,3745,-1,3745,3746,3742,-1,3742,3746,3747,-1,3742,3747,3748,-1,3749,3750,3751,-1,3751,3750,3752,-1,3748,3753,3742,-1,3742,3753,3752,-1,3742,3752,3754,-1,3754,3752,3750,-1,3755,3756,3757,-1,3757,3756,3758,-1,3757,3758,3759,-1,3759,3758,3760,-1,3761,3762,3763,-1,3761,3763,3758,-1,3758,3763,3764,-1,3758,3764,3760,-1,3763,3765,3766,-1,3766,3765,3767,-1,3762,3768,3763,-1,3763,3768,3769,-1,3763,3769,3765,-1,3685,3691,3770,-1,3685,3770,3771,-1,3771,3770,3772,-1,3771,3772,3773,-1,3773,3772,3774,-1,3773,3774,3775,-1,3775,3774,3776,-1,3775,3776,3777,-1,3777,3776,3778,-1,3777,3778,3779,-1,3779,3778,3756,-1,3779,3756,3755,-1,3587,3680,3581,-1,3581,3680,3685,-1,3581,3685,3740,-1,3740,3685,3771,-1,3740,3771,3738,-1,3738,3771,3773,-1,3738,3773,3736,-1,3736,3773,3775,-1,3736,3775,3734,-1,3734,3775,3777,-1,3734,3777,3732,-1,3732,3777,3779,-1,3732,3779,3730,-1,3730,3779,3755,-1,3730,3755,3743,-1,3743,3755,3757,-1,3742,3758,3731,-1,3731,3758,3756,-1,3731,3756,3733,-1,3733,3756,3778,-1,3733,3778,3735,-1,3735,3778,3776,-1,3735,3776,3737,-1,3737,3776,3774,-1,3737,3774,3739,-1,3739,3774,3772,-1,3739,3772,3741,-1,3741,3772,3770,-1,3741,3770,3582,-1,3582,3770,3691,-1,3582,3691,3583,-1,3583,3691,3690,-1,3701,3602,3702,-1,3702,3602,3615,-1,3702,3615,3780,-1,3781,3616,3703,-1,3703,3616,3601,-1,3703,3601,3705,-1,3703,3702,3781,-1,3781,3702,3780,-1,3782,3783,3784,-1,3783,3785,3784,-1,3784,3785,3786,-1,3784,3786,3787,-1,3788,3789,3780,-1,3780,3789,3790,-1,3780,3790,3781,-1,3788,3780,3784,-1,3784,3780,3791,-1,3784,3791,3782,-1,3787,3786,3792,-1,3792,3786,3793,-1,3792,3793,3794,-1,3793,3795,3794,-1,3794,3795,3796,-1,3794,3796,3797,-1,3797,3796,3798,-1,3799,3800,3801,-1,3801,3800,3802,-1,3801,3802,3803,-1,3804,3805,3806,-1,3806,3805,3807,-1,3803,3808,3801,-1,3801,3808,3805,-1,3801,3805,3809,-1,3809,3805,3804,-1,3810,3811,3799,-1,3799,3811,3812,-1,3799,3812,3813,-1,3813,3814,3799,-1,3799,3814,3815,-1,3799,3815,3800,-1,3816,3817,3818,-1,3816,3818,3819,-1,3819,3818,3820,-1,3819,3820,3821,-1,3821,3820,3802,-1,3821,3802,3800,-1,3822,3647,3649,-1,3817,3816,3823,-1,3823,3816,3822,-1,3823,3822,3824,-1,3824,3822,3825,-1,3649,3826,3822,-1,3822,3826,3827,-1,3822,3827,3825,-1,3651,3646,3822,-1,3822,3646,3647,-1,3648,3634,3828,-1,3828,3634,3633,-1,3829,3830,3828,-1,3828,3830,3831,-1,3831,3832,3828,-1,3828,3832,3833,-1,3828,3833,3834,-1,3834,3835,3828,-1,3828,3835,3650,-1,3828,3650,3648,-1,3836,3837,3838,-1,3838,3837,3839,-1,3838,3839,3840,-1,3840,3839,3841,-1,3840,3841,3829,-1,3829,3841,3830,-1,3842,3837,3843,-1,3843,3837,3844,-1,3844,3837,3836,-1,3844,3836,3845,-1,3846,3844,3847,-1,3847,3844,3848,-1,3849,3850,3843,-1,3843,3850,3851,-1,3843,3851,3842,-1,3849,3852,3850,-1,3850,3852,3853,-1,3850,3853,3854,-1,3845,3855,3844,-1,3844,3855,3856,-1,3844,3856,3848,-1,3843,3844,3801,-1,3801,3844,3799,-1,3635,3652,3633,-1,3633,3652,3651,-1,3633,3651,3828,-1,3828,3651,3822,-1,3828,3822,3829,-1,3829,3822,3816,-1,3829,3816,3840,-1,3840,3816,3819,-1,3840,3819,3838,-1,3838,3819,3821,-1,3838,3821,3836,-1,3836,3821,3800,-1,3836,3800,3845,-1,3845,3800,3815,-1,3857,3728,3714,-1,3714,3728,3715,-1,3858,3859,3857,-1,3857,3859,3860,-1,3860,3861,3857,-1,3857,3861,3862,-1,3857,3862,3863,-1,3863,3864,3857,-1,3857,3864,3726,-1,3857,3726,3728,-1,3865,3866,3867,-1,3865,3867,3868,-1,3868,3867,3869,-1,3868,3869,3870,-1,3870,3869,3859,-1,3870,3859,3858,-1,3866,3865,3871,-1,3871,3865,3872,-1,3873,3874,3875,-1,3875,3874,3876,-1,3877,3878,3879,-1,3879,3878,3871,-1,3879,3871,3880,-1,3880,3871,3872,-1,3880,3872,3874,-1,3874,3872,3881,-1,3874,3881,3876,-1,3877,3882,3878,-1,3878,3882,3883,-1,3878,3883,3884,-1,3885,3886,3880,-1,3880,3886,3879,-1,3887,3888,3889,-1,3889,3888,3890,-1,3889,3890,3886,-1,3886,3890,3891,-1,3886,3891,3892,-1,3886,3885,3889,-1,3889,3885,3893,-1,3889,3893,3894,-1,3894,3895,3889,-1,3889,3895,3896,-1,3889,3896,3897,-1,3898,3899,3891,-1,3891,3899,3900,-1,3891,3900,3892,-1,3901,3902,3903,-1,3903,3902,3904,-1,3903,3904,3905,-1,3905,3904,3906,-1,3905,3906,3887,-1,3887,3906,3888,-1,3907,3729,3727,-1,3902,3901,3908,-1,3908,3901,3907,-1,3908,3907,3909,-1,3909,3907,3910,-1,3727,3911,3907,-1,3907,3911,3912,-1,3907,3912,3910,-1,3568,3729,3566,-1,3566,3729,3907,-1,3713,3567,3714,-1,3714,3567,3566,-1,3714,3566,3857,-1,3857,3566,3907,-1,3857,3907,3858,-1,3858,3907,3901,-1,3858,3901,3870,-1,3870,3901,3903,-1,3870,3903,3868,-1,3868,3903,3905,-1,3868,3905,3865,-1,3865,3905,3887,-1,3865,3887,3872,-1,3872,3887,3889,-1,3908,3860,3902,-1,3902,3860,3859,-1,3902,3859,3904,-1,3904,3859,3869,-1,3904,3869,3906,-1,3906,3869,3867,-1,3906,3867,3888,-1,3888,3867,3866,-1,3888,3866,3890,-1,3890,3866,3871,-1,3863,3862,3912,-1,3912,3862,3910,-1,3834,3833,3827,-1,3827,3833,3825,-1,3842,3803,3837,-1,3837,3803,3802,-1,3837,3802,3839,-1,3839,3802,3820,-1,3839,3820,3841,-1,3841,3820,3818,-1,3841,3818,3830,-1,3830,3818,3817,-1,3830,3817,3831,-1,3831,3817,3823,-1,3767,3753,3748,-1,3767,3748,3766,-1,3766,3748,3747,-1,3766,3747,3763,-1,3763,3747,3746,-1,3763,3746,3764,-1,3764,3746,3745,-1,3764,3745,3760,-1,3760,3745,3744,-1,3760,3744,3759,-1,3759,3744,3743,-1,3759,3743,3757,-1,3753,3767,3765,-1,3753,3765,3752,-1,3752,3765,3769,-1,3752,3769,3751,-1,3751,3769,3768,-1,3751,3768,3749,-1,3749,3768,3762,-1,3749,3762,3750,-1,3750,3762,3761,-1,3750,3761,3754,-1,3754,3761,3758,-1,3754,3758,3742,-1,3656,3631,3644,-1,3656,3644,3661,-1,3661,3644,3643,-1,3661,3643,3662,-1,3662,3643,3642,-1,3662,3642,3657,-1,3657,3642,3641,-1,3657,3641,3658,-1,3658,3641,3640,-1,3658,3640,3664,-1,3664,3640,3638,-1,3664,3638,3645,-1,3548,3547,3720,-1,3548,3720,3577,-1,3577,3720,3725,-1,3577,3725,3578,-1,3578,3725,3724,-1,3578,3724,3573,-1,3573,3724,3723,-1,3573,3723,3574,-1,3574,3723,3722,-1,3574,3722,3575,-1,3575,3722,3716,-1,3575,3716,3570,-1,3607,3693,3608,-1,3608,3693,3700,-1,3608,3700,3588,-1,3588,3700,3678,-1,3588,3678,3589,-1,3589,3678,3677,-1,3589,3677,3591,-1,3591,3677,3683,-1,3591,3683,3603,-1,3603,3683,3692,-1,3603,3692,3587,-1,3587,3692,3680,-1,3563,3564,3699,-1,3699,3564,3596,-1,3699,3596,3688,-1,3688,3596,3595,-1,3688,3595,3686,-1,3686,3595,3594,-1,3686,3594,3684,-1,3684,3594,3593,-1,3684,3593,3689,-1,3689,3593,3592,-1,3689,3592,3690,-1,3690,3592,3583,-1,3526,3525,3584,-1,3584,3525,3687,-1,3584,3687,3597,-1,3597,3687,3698,-1,3597,3698,3598,-1,3598,3698,3697,-1,3598,3697,3599,-1,3599,3697,3696,-1,3599,3696,3600,-1,3600,3696,3695,-1,3600,3695,3601,-1,3601,3695,3705,-1,3538,3537,3679,-1,3679,3537,3590,-1,3679,3590,3681,-1,3681,3590,3604,-1,3681,3604,3682,-1,3682,3604,3605,-1,3682,3605,3694,-1,3694,3605,3586,-1,3694,3586,3704,-1,3704,3586,3585,-1,3704,3585,3701,-1,3701,3585,3602,-1,3780,3615,3611,-1,3780,3611,3791,-1,3791,3611,3620,-1,3791,3620,3782,-1,3782,3620,3621,-1,3782,3621,3783,-1,3619,3786,3621,-1,3621,3786,3785,-1,3621,3785,3783,-1,3618,3614,3798,-1,3798,3796,3618,-1,3618,3796,3795,-1,3618,3795,3619,-1,3619,3795,3793,-1,3619,3793,3786,-1,3798,3614,3797,-1,3797,3614,3613,-1,3797,3613,3794,-1,3794,3613,3792,-1,3792,3613,3612,-1,3792,3612,3787,-1,3787,3612,3784,-1,3784,3612,3610,-1,3784,3610,3788,-1,3788,3610,3609,-1,3788,3609,3789,-1,3789,3609,3617,-1,3789,3617,3790,-1,3790,3617,3616,-1,3790,3616,3781,-1,3879,3886,3892,-1,3879,3892,3877,-1,3877,3892,3900,-1,3877,3900,3882,-1,3882,3900,3899,-1,3882,3899,3883,-1,3883,3899,3898,-1,3883,3898,3884,-1,3884,3898,3891,-1,3884,3891,3878,-1,3878,3891,3890,-1,3878,3890,3871,-1,3872,3889,3897,-1,3872,3897,3881,-1,3881,3897,3896,-1,3881,3896,3876,-1,3876,3896,3895,-1,3876,3895,3875,-1,3875,3895,3894,-1,3875,3894,3873,-1,3873,3894,3893,-1,3873,3893,3874,-1,3874,3893,3885,-1,3874,3885,3880,-1,3845,3815,3814,-1,3845,3814,3855,-1,3855,3814,3813,-1,3855,3813,3856,-1,3856,3813,3812,-1,3856,3812,3848,-1,3848,3812,3811,-1,3848,3811,3847,-1,3847,3811,3810,-1,3847,3810,3846,-1,3846,3810,3799,-1,3846,3799,3844,-1,3843,3801,3809,-1,3843,3809,3849,-1,3849,3809,3804,-1,3849,3804,3852,-1,3852,3804,3806,-1,3852,3806,3853,-1,3853,3806,3807,-1,3853,3807,3854,-1,3854,3807,3805,-1,3854,3805,3850,-1,3850,3805,3808,-1,3850,3808,3851,-1,3851,3808,3803,-1,3851,3803,3842,-1,3671,3535,3668,-1,3668,3535,3534,-1,3671,3673,3535,-1,3535,3673,3675,-1,3535,3675,3623,-1,3623,3675,3676,-1,3652,3635,3653,-1,3653,3635,3636,-1,3653,3636,3663,-1,3663,3636,3637,-1,3663,3637,3659,-1,3659,3637,3639,-1,3659,3639,3660,-1,3660,3639,3632,-1,3660,3632,3654,-1,3654,3632,3625,-1,3654,3625,3676,-1,3676,3625,3913,-1,3676,3913,3623,-1,3711,3710,3522,-1,3522,3710,3709,-1,3522,3709,3523,-1,3567,3713,3569,-1,3569,3713,3721,-1,3569,3721,3571,-1,3571,3721,3718,-1,3571,3718,3572,-1,3572,3718,3717,-1,3572,3717,3576,-1,3576,3717,3719,-1,3576,3719,3565,-1,3565,3719,3708,-1,3565,3708,3579,-1,3579,3708,3707,-1,3579,3707,3580,-1,3580,3707,3706,-1,3580,3706,3522,-1,3522,3706,3712,-1,3522,3712,3711,-1,3831,3823,3824,-1,3831,3824,3832,-1,3832,3824,3825,-1,3832,3825,3833,-1,3834,3827,3826,-1,3834,3826,3835,-1,3835,3826,3649,-1,3835,3649,3650,-1,3860,3908,3909,-1,3860,3909,3861,-1,3861,3909,3910,-1,3861,3910,3862,-1,3863,3912,3911,-1,3863,3911,3864,-1,3864,3911,3727,-1,3864,3727,3726,-1,3914,3915,3916,-1,3917,3918,3919,-1,3919,3918,3920,-1,3919,3920,3921,-1,3921,3920,3922,-1,3921,3922,3923,-1,3922,3924,3923,-1,3923,3924,3925,-1,3923,3925,3916,-1,3916,3925,3926,-1,3916,3926,3914,-1,3927,3928,3929,-1,3930,3931,3932,-1,3932,3931,3933,-1,3932,3933,3934,-1,3934,3933,3935,-1,3934,3935,3936,-1,3936,3935,3937,-1,3936,3937,3938,-1,3938,3937,3927,-1,3938,3927,3939,-1,3939,3927,3929,-1,3940,3941,3942,-1,3942,3941,3943,-1,3942,3943,3944,-1,3944,3943,3945,-1,3944,3945,3946,-1,3946,3945,3947,-1,3946,3947,3948,-1,3948,3947,3949,-1,3948,3949,3950,-1,3950,3949,3951,-1,3950,3951,3952,-1,3952,3951,3953,-1,3952,3953,3954,-1,3954,3953,3955,-1,3954,3955,3956,-1,3956,3955,3957,-1,3958,3943,3941,-1,3959,3960,3961,-1,3961,3960,3962,-1,3961,3962,3963,-1,3963,3962,3964,-1,3963,3964,3965,-1,3966,3967,3965,-1,3965,3967,3968,-1,3965,3968,3963,-1,3958,3941,3969,-1,3969,3941,3970,-1,3969,3970,3965,-1,3965,3970,3971,-1,3965,3971,3966,-1,3945,3926,3947,-1,3947,3926,3925,-1,3947,3925,3949,-1,3949,3925,3924,-1,3949,3924,3951,-1,3951,3924,3922,-1,3951,3922,3953,-1,3953,3922,3920,-1,3953,3920,3955,-1,3943,3958,3972,-1,3972,3973,3943,-1,3943,3973,3915,-1,3943,3915,3945,-1,3945,3915,3914,-1,3945,3914,3926,-1,3974,3975,3976,-1,3976,3975,3977,-1,3978,3979,3980,-1,3980,3979,3930,-1,3980,3930,3932,-1,3981,3982,3983,-1,3983,3982,3984,-1,3976,3985,3986,-1,3957,3955,3920,-1,3980,3987,3988,-1,3988,3987,3989,-1,3988,3989,3990,-1,3990,3989,3991,-1,3990,3991,3976,-1,3976,3991,3992,-1,3976,3992,3985,-1,3981,3974,3982,-1,3982,3974,3976,-1,3982,3976,3993,-1,3993,3976,3986,-1,3994,3995,3996,-1,3977,3997,3976,-1,3976,3997,3957,-1,3976,3957,3918,-1,3918,3957,3920,-1,3978,3980,3998,-1,3998,3980,3988,-1,3998,3988,3999,-1,3999,3988,4000,-1,3999,4000,3995,-1,3995,4000,4001,-1,3995,4001,3996,-1,4002,4003,4004,-1,3994,3996,4005,-1,4005,3996,4006,-1,4005,4006,4004,-1,4004,4006,4007,-1,4004,4007,4002,-1,4003,4008,4004,-1,4004,4008,4009,-1,4004,4009,4010,-1,4010,4009,4011,-1,4011,4012,4010,-1,4010,4012,4013,-1,4010,4013,4014,-1,3929,3928,4015,-1,3928,4016,4015,-1,4015,4016,4017,-1,4015,4017,4018,-1,4015,4019,3929,-1,3929,4019,4020,-1,3929,4020,3939,-1,3939,4020,4021,-1,3939,4021,3938,-1,3938,4021,4022,-1,3938,4022,3936,-1,3936,4022,4023,-1,3936,4023,3934,-1,3934,4023,3980,-1,3934,3980,3932,-1,4015,4018,4024,-1,4024,4018,4025,-1,4026,4027,4028,-1,4028,4027,4029,-1,4029,4027,4030,-1,4030,4027,4031,-1,4030,4031,4032,-1,4032,4031,4033,-1,4032,4033,4034,-1,4034,4035,4032,-1,4032,4035,4036,-1,4032,4036,4025,-1,4025,4036,4037,-1,4025,4037,4024,-1,4038,4031,4039,-1,4039,4031,4027,-1,4039,4027,4040,-1,4040,4027,4041,-1,4040,4041,4042,-1,4042,4041,4043,-1,4044,4045,4039,-1,4039,4045,4046,-1,4039,4046,4038,-1,4047,4048,4049,-1,4050,4051,4052,-1,4047,4049,4053,-1,4053,4049,4054,-1,4053,4054,4052,-1,4052,4054,4055,-1,4052,4055,4050,-1,4046,4056,4038,-1,4038,4056,4052,-1,4038,4052,4057,-1,4057,4052,4051,-1,3933,4058,3935,-1,3935,4058,4059,-1,3935,4059,3937,-1,3937,4059,4060,-1,3937,4060,3927,-1,3927,4060,4061,-1,4060,4062,4061,-1,4061,4062,4063,-1,4061,4063,4064,-1,4064,4063,4065,-1,4064,4065,4066,-1,4066,4065,4067,-1,4066,4067,4068,-1,4068,4067,4069,-1,4069,4067,4048,-1,4069,4048,4047,-1,4070,4058,4071,-1,4072,4071,4073,-1,4074,4075,4076,-1,4077,4078,4076,-1,4058,3933,3931,-1,4077,4076,4079,-1,4079,4076,4075,-1,4079,4075,4080,-1,4072,4073,4081,-1,4080,4082,4079,-1,4079,4082,4083,-1,4079,4083,4084,-1,3931,4085,4058,-1,4058,4085,4086,-1,4058,4086,4071,-1,4071,4086,4087,-1,4071,4087,4073,-1,4078,4088,4076,-1,4076,4088,4089,-1,4076,4089,4090,-1,4090,4089,4091,-1,4090,4091,4071,-1,4071,4091,4092,-1,4071,4092,4070,-1,3919,3954,3917,-1,3917,3954,3956,-1,3917,3956,4076,-1,4076,3956,4093,-1,4076,4093,4074,-1,4094,4095,4096,-1,4073,4097,4081,-1,4081,4097,4094,-1,4081,4094,4098,-1,4098,4094,4096,-1,3944,4099,3942,-1,3942,4099,4100,-1,3942,4100,4101,-1,3946,3948,4102,-1,4102,4103,3946,-1,3946,4103,4104,-1,3946,4104,3944,-1,3944,4104,4105,-1,3944,4105,4099,-1,3954,3919,3952,-1,3952,3919,3921,-1,3952,3921,3950,-1,3950,3921,3923,-1,3950,3923,3948,-1,3948,3923,3916,-1,3948,3916,4102,-1,4106,4107,4108,-1,4109,4110,4111,-1,3942,4101,3940,-1,3940,4101,4112,-1,3940,4112,4113,-1,4109,4111,4108,-1,4108,4111,4114,-1,4108,4114,4106,-1,4110,4109,4112,-1,4112,4109,4115,-1,4112,4115,4116,-1,4116,4117,4112,-1,4112,4117,4118,-1,4112,4118,4113,-1,4119,4120,4121,-1,4121,4120,4122,-1,4121,4122,4108,-1,4108,4122,3961,-1,4108,3961,4109,-1,4109,3961,3963,-1,4024,4049,4015,-1,4015,4049,4048,-1,4015,4048,4019,-1,4019,4048,4067,-1,4019,4067,4020,-1,4020,4067,4065,-1,4020,4065,4021,-1,4070,3987,4058,-1,4058,3987,3980,-1,4058,3980,4059,-1,4059,3980,4023,-1,4059,4023,4060,-1,4060,4023,4022,-1,4060,4022,4062,-1,4062,4022,4021,-1,4062,4021,4063,-1,4063,4021,4065,-1,4123,4124,4125,-1,4125,4124,4126,-1,4125,4126,4127,-1,4127,4126,4128,-1,4127,4128,4129,-1,4129,4128,4130,-1,4129,4130,4131,-1,4131,4130,4132,-1,4131,4132,4133,-1,4133,4132,4134,-1,4133,4134,3982,-1,3982,4134,3984,-1,4135,4136,4137,-1,4124,4123,4138,-1,4138,4123,4137,-1,4138,4137,4139,-1,4139,4137,4136,-1,4135,4137,4140,-1,4140,4137,4141,-1,4140,4141,4142,-1,4142,4143,4140,-1,4140,4143,4144,-1,4140,4144,4145,-1,4145,4144,4146,-1,4145,4146,4147,-1,4148,4149,4150,-1,4150,4149,4151,-1,4150,4151,4152,-1,4152,4151,4153,-1,4152,4153,4154,-1,4154,4155,4152,-1,4152,4155,4156,-1,4152,4156,4157,-1,4158,4159,4160,-1,4160,4159,4161,-1,4160,4161,4156,-1,4156,4161,4162,-1,4156,4162,4157,-1,4079,4084,4163,-1,4079,4163,4164,-1,4164,4163,4165,-1,4164,4165,4166,-1,4166,4165,4167,-1,4166,4167,4168,-1,4168,4167,4169,-1,4168,4169,4170,-1,4170,4169,4171,-1,4170,4171,4172,-1,4172,4171,4149,-1,4172,4149,4148,-1,3993,4077,3982,-1,3982,4077,4079,-1,3982,4079,4133,-1,4133,4079,4164,-1,4133,4164,4131,-1,4131,4164,4166,-1,4131,4166,4129,-1,4129,4166,4168,-1,4129,4168,4127,-1,4127,4168,4170,-1,4127,4170,4125,-1,4125,4170,4172,-1,4125,4172,4123,-1,4123,4172,4148,-1,4123,4148,4137,-1,4137,4148,4150,-1,4138,4151,4124,-1,4124,4151,4149,-1,4124,4149,4126,-1,4126,4149,4171,-1,4126,4171,4128,-1,4128,4171,4169,-1,4128,4169,4130,-1,4130,4169,4167,-1,4130,4167,4132,-1,4132,4167,4165,-1,4132,4165,4134,-1,4134,4165,4163,-1,4134,4163,3984,-1,3984,4163,4084,-1,3984,4084,3983,-1,3983,4084,4083,-1,4094,3994,4095,-1,4095,3994,4005,-1,4095,4005,4173,-1,4174,4006,4096,-1,4096,4006,3996,-1,4096,3996,4098,-1,4096,4095,4174,-1,4174,4095,4173,-1,4175,4176,4177,-1,4176,4178,4177,-1,4177,4178,4179,-1,4177,4179,4180,-1,4181,4182,4173,-1,4173,4182,4183,-1,4173,4183,4174,-1,4181,4173,4177,-1,4177,4173,4184,-1,4177,4184,4175,-1,4180,4179,4185,-1,4185,4179,4186,-1,4185,4186,4187,-1,4186,4188,4187,-1,4187,4188,4189,-1,4187,4189,4190,-1,4190,4189,4191,-1,4192,4193,4194,-1,4192,4194,4195,-1,4196,4197,4198,-1,4198,4197,4199,-1,4196,4200,4197,-1,4197,4200,4201,-1,4197,4201,4202,-1,4203,4204,4194,-1,4199,4197,4194,-1,4194,4197,4205,-1,4194,4205,4203,-1,4204,4206,4194,-1,4194,4206,4207,-1,4194,4207,4195,-1,4208,4209,4210,-1,4208,4210,4211,-1,4211,4210,4212,-1,4211,4212,4213,-1,4213,4212,4194,-1,4213,4194,4193,-1,4214,4040,4042,-1,4209,4208,4215,-1,4215,4208,4214,-1,4215,4214,4216,-1,4216,4214,4217,-1,4042,4218,4214,-1,4214,4218,4219,-1,4214,4219,4217,-1,4044,4039,4214,-1,4214,4039,4040,-1,4041,4027,4220,-1,4220,4027,4026,-1,4221,4222,4220,-1,4220,4222,4223,-1,4223,4224,4220,-1,4220,4224,4225,-1,4220,4225,4226,-1,4226,4227,4220,-1,4220,4227,4043,-1,4220,4043,4041,-1,4228,4229,4230,-1,4230,4229,4231,-1,4230,4231,4232,-1,4232,4231,4233,-1,4232,4233,4221,-1,4221,4233,4222,-1,4234,4229,4235,-1,4234,4235,4236,-1,4235,4237,4238,-1,4228,4239,4229,-1,4229,4239,4240,-1,4238,4241,4235,-1,4235,4241,4242,-1,4235,4242,4236,-1,4240,4243,4229,-1,4229,4243,4244,-1,4229,4244,4245,-1,4245,4246,4229,-1,4229,4246,4247,-1,4229,4247,4235,-1,4235,4247,4197,-1,4197,4247,4205,-1,4028,4045,4026,-1,4026,4045,4044,-1,4026,4044,4220,-1,4220,4044,4214,-1,4220,4214,4221,-1,4221,4214,4208,-1,4221,4208,4232,-1,4232,4208,4211,-1,4232,4211,4230,-1,4230,4211,4213,-1,4230,4213,4228,-1,4228,4213,4193,-1,4228,4193,4239,-1,4239,4193,4192,-1,4248,4121,4107,-1,4107,4121,4108,-1,4249,4250,4248,-1,4248,4250,4251,-1,4251,4252,4248,-1,4248,4252,4253,-1,4248,4253,4254,-1,4254,4255,4248,-1,4248,4255,4119,-1,4248,4119,4121,-1,4256,4257,4258,-1,4256,4258,4259,-1,4259,4258,4260,-1,4259,4260,4261,-1,4261,4260,4250,-1,4261,4250,4249,-1,4257,4256,4262,-1,4262,4256,4263,-1,4264,4265,4263,-1,4263,4265,4266,-1,4263,4266,4267,-1,4268,4269,4262,-1,4262,4269,4270,-1,4262,4270,4271,-1,4271,4270,4272,-1,4267,4273,4263,-1,4263,4273,4274,-1,4263,4274,4262,-1,4262,4274,4275,-1,4262,4275,4268,-1,4276,4277,4274,-1,4274,4277,4275,-1,4278,4279,4280,-1,4280,4279,4281,-1,4282,4281,4283,-1,4283,4281,4284,-1,4283,4284,4285,-1,4280,4286,4287,-1,4287,4288,4280,-1,4280,4288,4289,-1,4280,4289,4290,-1,4282,4291,4281,-1,4281,4291,4277,-1,4281,4277,4280,-1,4280,4277,4276,-1,4280,4276,4286,-1,4292,4293,4294,-1,4294,4293,4295,-1,4294,4295,4296,-1,4296,4295,4297,-1,4296,4297,4278,-1,4278,4297,4279,-1,4298,4122,4120,-1,4293,4292,4299,-1,4299,4292,4298,-1,4299,4298,4300,-1,4300,4298,4301,-1,4120,4302,4298,-1,4298,4302,4303,-1,4298,4303,4301,-1,3961,4122,3959,-1,3959,4122,4298,-1,4280,4263,4278,-1,4278,4263,4256,-1,4278,4256,4296,-1,4296,4256,4259,-1,4296,4259,4294,-1,4294,4259,4261,-1,4294,4261,4292,-1,4292,4261,4249,-1,4292,4249,4298,-1,4298,4249,4248,-1,4298,4248,3959,-1,3959,4248,4107,-1,3959,4107,3960,-1,3960,4107,4106,-1,4299,4251,4293,-1,4293,4251,4250,-1,4293,4250,4295,-1,4295,4250,4260,-1,4295,4260,4297,-1,4297,4260,4258,-1,4297,4258,4279,-1,4279,4258,4257,-1,4279,4257,4281,-1,4281,4257,4262,-1,4254,4253,4303,-1,4303,4253,4301,-1,4226,4225,4219,-1,4219,4225,4217,-1,4234,4199,4229,-1,4229,4199,4194,-1,4229,4194,4231,-1,4231,4194,4212,-1,4231,4212,4233,-1,4233,4212,4210,-1,4233,4210,4222,-1,4222,4210,4209,-1,4222,4209,4223,-1,4223,4209,4215,-1,4158,4147,4146,-1,4158,4146,4159,-1,4159,4146,4144,-1,4159,4144,4161,-1,4161,4144,4143,-1,4161,4143,4162,-1,4162,4143,4142,-1,4162,4142,4157,-1,4157,4142,4141,-1,4157,4141,4152,-1,4152,4141,4137,-1,4152,4137,4150,-1,4147,4158,4160,-1,4147,4160,4145,-1,4145,4160,4156,-1,4145,4156,4140,-1,4140,4156,4155,-1,4140,4155,4135,-1,4135,4155,4154,-1,4135,4154,4136,-1,4136,4154,4153,-1,4136,4153,4139,-1,4139,4153,4151,-1,4139,4151,4138,-1,4049,4024,4037,-1,4049,4037,4054,-1,4054,4037,4036,-1,4054,4036,4055,-1,4055,4036,4035,-1,4055,4035,4050,-1,4050,4035,4034,-1,4050,4034,4051,-1,4051,4034,4033,-1,4051,4033,4057,-1,4057,4033,4031,-1,4057,4031,4038,-1,3941,3940,4113,-1,3941,4113,3970,-1,3970,4113,4118,-1,3970,4118,3971,-1,3971,4118,4117,-1,3971,4117,3966,-1,3966,4117,4116,-1,3966,4116,3967,-1,3967,4116,4115,-1,3967,4115,3968,-1,3968,4115,4109,-1,3968,4109,3963,-1,3987,4070,3989,-1,3989,4070,4092,-1,3989,4092,3991,-1,3991,4092,4091,-1,3991,4091,3992,-1,3992,4091,4089,-1,3992,4089,3985,-1,3985,4089,4088,-1,3985,4088,3986,-1,3986,4088,4078,-1,3986,4078,3993,-1,3993,4078,4077,-1,3956,3957,4093,-1,4093,3957,3997,-1,4093,3997,4074,-1,4074,3997,3977,-1,4074,3977,4075,-1,4075,3977,3975,-1,4075,3975,4080,-1,4080,3975,3974,-1,4080,3974,4082,-1,4082,3974,3981,-1,4082,3981,4083,-1,4083,3981,3983,-1,3918,3917,3976,-1,3976,3917,4076,-1,3976,4076,3990,-1,3990,4076,4090,-1,3990,4090,3988,-1,3988,4090,4071,-1,3988,4071,4000,-1,4000,4071,4072,-1,4000,4072,4001,-1,4001,4072,4081,-1,4001,4081,3996,-1,3996,4081,4098,-1,3931,3930,4085,-1,4085,3930,3979,-1,4085,3979,4086,-1,4086,3979,3978,-1,4086,3978,4087,-1,4087,3978,3998,-1,4087,3998,4073,-1,4073,3998,3999,-1,4073,3999,4097,-1,4097,3999,3995,-1,4097,3995,4094,-1,4094,3995,3994,-1,4173,4005,4004,-1,4173,4004,4184,-1,4184,4004,4010,-1,4184,4010,4175,-1,4175,4010,4014,-1,4175,4014,4176,-1,4013,4179,4014,-1,4014,4179,4178,-1,4014,4178,4176,-1,4012,4011,4191,-1,4191,4189,4012,-1,4012,4189,4188,-1,4012,4188,4013,-1,4013,4188,4186,-1,4013,4186,4179,-1,4191,4011,4190,-1,4190,4011,4009,-1,4190,4009,4187,-1,4187,4009,4185,-1,4185,4009,4008,-1,4185,4008,4180,-1,4180,4008,4177,-1,4177,4008,4003,-1,4177,4003,4181,-1,4181,4003,4002,-1,4181,4002,4182,-1,4182,4002,4007,-1,4182,4007,4183,-1,4183,4007,4006,-1,4183,4006,4174,-1,4275,4277,4291,-1,4275,4291,4268,-1,4268,4291,4282,-1,4268,4282,4269,-1,4269,4282,4283,-1,4269,4283,4270,-1,4270,4283,4285,-1,4270,4285,4272,-1,4272,4285,4284,-1,4272,4284,4271,-1,4271,4284,4281,-1,4271,4281,4262,-1,4263,4280,4290,-1,4263,4290,4264,-1,4264,4290,4289,-1,4264,4289,4265,-1,4265,4289,4288,-1,4265,4288,4266,-1,4266,4288,4287,-1,4266,4287,4267,-1,4267,4287,4286,-1,4267,4286,4273,-1,4273,4286,4276,-1,4273,4276,4274,-1,4239,4192,4195,-1,4239,4195,4240,-1,4240,4195,4207,-1,4240,4207,4243,-1,4243,4207,4206,-1,4243,4206,4244,-1,4244,4206,4204,-1,4244,4204,4245,-1,4245,4204,4203,-1,4245,4203,4246,-1,4246,4203,4205,-1,4246,4205,4247,-1,4235,4197,4202,-1,4235,4202,4237,-1,4237,4202,4201,-1,4237,4201,4238,-1,4238,4201,4200,-1,4238,4200,4241,-1,4241,4200,4196,-1,4241,4196,4242,-1,4242,4196,4198,-1,4242,4198,4236,-1,4236,4198,4199,-1,4236,4199,4234,-1,4064,3928,4061,-1,4061,3928,3927,-1,4064,4066,3928,-1,3928,4066,4068,-1,3928,4068,4016,-1,4016,4068,4069,-1,4045,4028,4046,-1,4046,4028,4029,-1,4046,4029,4056,-1,4056,4029,4030,-1,4056,4030,4052,-1,4052,4030,4032,-1,4052,4032,4053,-1,4053,4032,4025,-1,4053,4025,4047,-1,4047,4025,4018,-1,4047,4018,4069,-1,4069,4018,4304,-1,4069,4304,4016,-1,4104,4103,3915,-1,3915,4103,4102,-1,3915,4102,3916,-1,3960,4106,3962,-1,3962,4106,4114,-1,3962,4114,3964,-1,3964,4114,4111,-1,3964,4111,3965,-1,3965,4111,4110,-1,3965,4110,3969,-1,3969,4110,4112,-1,3969,4112,3958,-1,3958,4112,4101,-1,3958,4101,3972,-1,3972,4101,4100,-1,3972,4100,3973,-1,3973,4100,4099,-1,3973,4099,3915,-1,3915,4099,4105,-1,3915,4105,4104,-1,4223,4215,4216,-1,4223,4216,4224,-1,4224,4216,4217,-1,4224,4217,4225,-1,4226,4219,4218,-1,4226,4218,4227,-1,4227,4218,4042,-1,4227,4042,4043,-1,4251,4299,4300,-1,4251,4300,4252,-1,4252,4300,4301,-1,4252,4301,4253,-1,4254,4303,4302,-1,4254,4302,4255,-1,4255,4302,4120,-1,4255,4120,4119,-1,4305,4306,4307,-1,4308,4309,4310,-1,4310,4309,4311,-1,4310,4311,4312,-1,4312,4311,4313,-1,4312,4313,4314,-1,4313,4315,4314,-1,4314,4315,4316,-1,4314,4316,4307,-1,4307,4316,4317,-1,4307,4317,4305,-1,4318,4319,4320,-1,4321,4322,4323,-1,4323,4322,4324,-1,4323,4324,4325,-1,4325,4324,4326,-1,4325,4326,4327,-1,4327,4326,4328,-1,4327,4328,4329,-1,4329,4328,4318,-1,4329,4318,4330,-1,4330,4318,4320,-1,4331,4332,4333,-1,4333,4332,4334,-1,4333,4334,4335,-1,4335,4334,4336,-1,4335,4336,4337,-1,4337,4336,4338,-1,4337,4338,4339,-1,4339,4338,4340,-1,4339,4340,4341,-1,4341,4340,4342,-1,4341,4342,4343,-1,4343,4342,4344,-1,4343,4344,4345,-1,4345,4344,4346,-1,4345,4346,4347,-1,4347,4346,4348,-1,4349,4334,4332,-1,4350,4351,4352,-1,4352,4351,4353,-1,4352,4353,4354,-1,4354,4353,4355,-1,4354,4355,4356,-1,4357,4358,4356,-1,4356,4358,4359,-1,4356,4359,4354,-1,4349,4332,4360,-1,4360,4332,4361,-1,4360,4361,4356,-1,4356,4361,4362,-1,4356,4362,4357,-1,4336,4317,4338,-1,4338,4317,4316,-1,4338,4316,4340,-1,4340,4316,4315,-1,4340,4315,4342,-1,4342,4315,4313,-1,4342,4313,4344,-1,4344,4313,4311,-1,4344,4311,4346,-1,4334,4349,4363,-1,4363,4364,4334,-1,4334,4364,4306,-1,4334,4306,4336,-1,4336,4306,4305,-1,4336,4305,4317,-1,4365,4366,4367,-1,4367,4366,4368,-1,4369,4370,4371,-1,4372,4373,4374,-1,4374,4373,4375,-1,4367,4376,4377,-1,4378,4379,4380,-1,4381,4382,4370,-1,4370,4382,4383,-1,4370,4383,4371,-1,4348,4346,4311,-1,4382,4384,4383,-1,4383,4384,4385,-1,4383,4385,4386,-1,4386,4385,4387,-1,4386,4387,4367,-1,4367,4387,4388,-1,4367,4388,4376,-1,4372,4365,4373,-1,4373,4365,4367,-1,4373,4367,4389,-1,4389,4367,4377,-1,4381,4390,4382,-1,4382,4390,4321,-1,4382,4321,4323,-1,4368,4391,4367,-1,4367,4391,4348,-1,4367,4348,4309,-1,4309,4348,4311,-1,4369,4371,4379,-1,4379,4371,4392,-1,4379,4392,4380,-1,4393,4394,4395,-1,4395,4394,4396,-1,4395,4396,4397,-1,4395,4398,4399,-1,4399,4398,4400,-1,4378,4380,4401,-1,4401,4380,4402,-1,4401,4402,4395,-1,4395,4402,4403,-1,4395,4403,4393,-1,4397,4404,4395,-1,4395,4404,4405,-1,4395,4405,4398,-1,4320,4319,4406,-1,4319,4407,4406,-1,4406,4407,4408,-1,4406,4408,4409,-1,4406,4410,4320,-1,4320,4410,4411,-1,4320,4411,4330,-1,4330,4411,4412,-1,4330,4412,4329,-1,4329,4412,4413,-1,4329,4413,4327,-1,4327,4413,4414,-1,4327,4414,4325,-1,4325,4414,4382,-1,4325,4382,4323,-1,4406,4409,4415,-1,4415,4409,4416,-1,4417,4418,4419,-1,4419,4418,4420,-1,4420,4418,4421,-1,4421,4418,4422,-1,4421,4422,4423,-1,4423,4422,4424,-1,4423,4424,4425,-1,4425,4426,4423,-1,4423,4426,4427,-1,4423,4427,4416,-1,4416,4427,4428,-1,4416,4428,4415,-1,4429,4422,4430,-1,4430,4422,4418,-1,4430,4418,4431,-1,4431,4418,4432,-1,4431,4432,4433,-1,4433,4432,4434,-1,4435,4436,4430,-1,4430,4436,4437,-1,4430,4437,4429,-1,4438,4439,4440,-1,4441,4442,4443,-1,4438,4440,4444,-1,4444,4440,4445,-1,4444,4445,4443,-1,4443,4445,4446,-1,4443,4446,4441,-1,4437,4447,4429,-1,4429,4447,4443,-1,4429,4443,4448,-1,4448,4443,4442,-1,4324,4449,4326,-1,4326,4449,4450,-1,4326,4450,4328,-1,4328,4450,4451,-1,4328,4451,4318,-1,4318,4451,4452,-1,4451,4453,4452,-1,4452,4453,4454,-1,4452,4454,4455,-1,4455,4454,4456,-1,4455,4456,4457,-1,4457,4456,4458,-1,4457,4458,4459,-1,4459,4458,4460,-1,4460,4458,4439,-1,4460,4439,4438,-1,4461,4462,4463,-1,4464,4465,4463,-1,4463,4466,4467,-1,4467,4466,4468,-1,4462,4469,4470,-1,4468,4466,4471,-1,4471,4466,4472,-1,4471,4472,4473,-1,4469,4474,4470,-1,4470,4474,4475,-1,4470,4475,4476,-1,4462,4470,4463,-1,4463,4470,4477,-1,4463,4477,4464,-1,4465,4478,4463,-1,4463,4478,4479,-1,4463,4479,4466,-1,4466,4479,4480,-1,4466,4480,4481,-1,4310,4345,4308,-1,4308,4345,4347,-1,4308,4347,4463,-1,4463,4347,4482,-1,4463,4482,4461,-1,4483,4484,4485,-1,4449,4324,4486,-1,4486,4324,4322,-1,4486,4322,4480,-1,4480,4322,4487,-1,4480,4487,4481,-1,4472,4488,4473,-1,4473,4488,4483,-1,4473,4483,4489,-1,4489,4483,4485,-1,4335,4490,4333,-1,4333,4490,4491,-1,4333,4491,4492,-1,4337,4339,4493,-1,4493,4494,4337,-1,4337,4494,4495,-1,4337,4495,4335,-1,4335,4495,4496,-1,4335,4496,4490,-1,4345,4310,4343,-1,4343,4310,4312,-1,4343,4312,4341,-1,4341,4312,4314,-1,4341,4314,4339,-1,4339,4314,4307,-1,4339,4307,4493,-1,4497,4498,4499,-1,4500,4501,4502,-1,4333,4492,4331,-1,4331,4492,4503,-1,4331,4503,4504,-1,4500,4502,4499,-1,4499,4502,4505,-1,4499,4505,4497,-1,4501,4500,4503,-1,4503,4500,4506,-1,4503,4506,4507,-1,4507,4508,4503,-1,4503,4508,4509,-1,4503,4509,4504,-1,4510,4511,4512,-1,4512,4511,4513,-1,4512,4513,4499,-1,4499,4513,4352,-1,4499,4352,4500,-1,4500,4352,4354,-1,4486,4384,4449,-1,4449,4384,4382,-1,4449,4382,4450,-1,4450,4382,4414,-1,4450,4414,4451,-1,4451,4414,4413,-1,4451,4413,4453,-1,4453,4413,4412,-1,4415,4440,4406,-1,4406,4440,4439,-1,4406,4439,4410,-1,4410,4439,4458,-1,4410,4458,4411,-1,4411,4458,4456,-1,4411,4456,4412,-1,4412,4456,4454,-1,4412,4454,4453,-1,4514,4515,4516,-1,4516,4515,4517,-1,4516,4517,4518,-1,4518,4517,4519,-1,4518,4519,4520,-1,4520,4519,4521,-1,4520,4521,4522,-1,4522,4521,4523,-1,4522,4523,4524,-1,4524,4523,4525,-1,4524,4525,4373,-1,4373,4525,4375,-1,4526,4515,4514,-1,4514,4527,4526,-1,4526,4527,4528,-1,4526,4528,4529,-1,4530,4531,4532,-1,4532,4531,4533,-1,4530,4534,4531,-1,4531,4534,4535,-1,4531,4535,4536,-1,4529,4537,4526,-1,4526,4537,4531,-1,4526,4531,4538,-1,4538,4531,4536,-1,4539,4540,4541,-1,4541,4540,4542,-1,4541,4542,4543,-1,4543,4542,4544,-1,4545,4546,4542,-1,4542,4546,4547,-1,4542,4547,4544,-1,4545,4548,4546,-1,4546,4548,4549,-1,4546,4549,4550,-1,4550,4551,4546,-1,4546,4551,4552,-1,4546,4552,4553,-1,4470,4476,4554,-1,4470,4554,4555,-1,4555,4554,4556,-1,4555,4556,4557,-1,4557,4556,4558,-1,4557,4558,4559,-1,4559,4558,4560,-1,4559,4560,4561,-1,4561,4560,4562,-1,4561,4562,4563,-1,4563,4562,4540,-1,4563,4540,4539,-1,4389,4477,4373,-1,4373,4477,4470,-1,4373,4470,4524,-1,4524,4470,4555,-1,4524,4555,4522,-1,4522,4555,4557,-1,4522,4557,4520,-1,4520,4557,4559,-1,4520,4559,4518,-1,4518,4559,4561,-1,4518,4561,4516,-1,4516,4561,4563,-1,4516,4563,4514,-1,4514,4563,4539,-1,4514,4539,4527,-1,4527,4539,4541,-1,4526,4542,4515,-1,4515,4542,4540,-1,4515,4540,4517,-1,4517,4540,4562,-1,4517,4562,4519,-1,4519,4562,4560,-1,4519,4560,4521,-1,4521,4560,4558,-1,4521,4558,4523,-1,4523,4558,4556,-1,4523,4556,4525,-1,4525,4556,4554,-1,4525,4554,4375,-1,4375,4554,4476,-1,4375,4476,4374,-1,4374,4476,4475,-1,4483,4378,4484,-1,4484,4378,4401,-1,4484,4401,4564,-1,4565,4402,4485,-1,4485,4402,4380,-1,4485,4380,4489,-1,4485,4484,4565,-1,4565,4484,4564,-1,4566,4567,4568,-1,4567,4569,4568,-1,4568,4569,4570,-1,4568,4570,4571,-1,4572,4573,4564,-1,4564,4573,4574,-1,4564,4574,4565,-1,4572,4564,4568,-1,4568,4564,4575,-1,4568,4575,4566,-1,4571,4570,4576,-1,4576,4570,4577,-1,4576,4577,4578,-1,4577,4579,4578,-1,4578,4579,4580,-1,4578,4580,4581,-1,4581,4580,4582,-1,4583,4584,4585,-1,4585,4584,4586,-1,4585,4586,4587,-1,4587,4588,4585,-1,4585,4588,4589,-1,4585,4589,4590,-1,4583,4585,4591,-1,4591,4585,4592,-1,4591,4592,4593,-1,4593,4592,4594,-1,4593,4594,4595,-1,4595,4596,4593,-1,4593,4596,4597,-1,4593,4597,4598,-1,4599,4600,4601,-1,4599,4601,4602,-1,4602,4601,4603,-1,4602,4603,4604,-1,4604,4603,4583,-1,4604,4583,4591,-1,4605,4431,4433,-1,4600,4599,4606,-1,4606,4599,4605,-1,4606,4605,4607,-1,4607,4605,4608,-1,4433,4609,4605,-1,4605,4609,4610,-1,4605,4610,4608,-1,4435,4430,4605,-1,4605,4430,4431,-1,4432,4418,4611,-1,4611,4418,4417,-1,4612,4613,4611,-1,4611,4613,4614,-1,4614,4615,4611,-1,4611,4615,4616,-1,4611,4616,4617,-1,4617,4618,4611,-1,4611,4618,4434,-1,4611,4434,4432,-1,4619,4620,4621,-1,4621,4620,4622,-1,4621,4622,4623,-1,4623,4622,4624,-1,4623,4624,4612,-1,4612,4624,4613,-1,4625,4626,4620,-1,4620,4626,4627,-1,4627,4626,4628,-1,4627,4628,4629,-1,4620,4619,4625,-1,4625,4619,4630,-1,4625,4630,4631,-1,4631,4630,4632,-1,4633,4634,4629,-1,4629,4634,4635,-1,4629,4635,4627,-1,4636,4637,4630,-1,4630,4637,4638,-1,4630,4638,4632,-1,4626,4625,4585,-1,4585,4625,4592,-1,4419,4436,4417,-1,4417,4436,4435,-1,4417,4435,4611,-1,4611,4435,4605,-1,4611,4605,4612,-1,4612,4605,4599,-1,4612,4599,4623,-1,4623,4599,4602,-1,4623,4602,4621,-1,4621,4602,4604,-1,4621,4604,4619,-1,4619,4604,4591,-1,4619,4591,4630,-1,4630,4591,4593,-1,4639,4512,4498,-1,4498,4512,4499,-1,4640,4641,4639,-1,4639,4641,4642,-1,4642,4643,4639,-1,4639,4643,4644,-1,4639,4644,4645,-1,4645,4646,4639,-1,4639,4646,4510,-1,4639,4510,4512,-1,4647,4648,4649,-1,4647,4649,4650,-1,4650,4649,4651,-1,4650,4651,4652,-1,4652,4651,4641,-1,4652,4641,4640,-1,4648,4647,4653,-1,4653,4647,4654,-1,4655,4656,4654,-1,4654,4656,4657,-1,4654,4657,4658,-1,4659,4660,4653,-1,4653,4660,4661,-1,4653,4661,4662,-1,4662,4661,4663,-1,4658,4664,4654,-1,4654,4664,4665,-1,4654,4665,4653,-1,4653,4665,4666,-1,4653,4666,4659,-1,4667,4668,4665,-1,4665,4668,4666,-1,4669,4670,4671,-1,4671,4670,4672,-1,4673,4672,4674,-1,4674,4672,4675,-1,4674,4675,4676,-1,4671,4677,4678,-1,4678,4679,4671,-1,4671,4679,4680,-1,4671,4680,4681,-1,4673,4682,4672,-1,4672,4682,4668,-1,4672,4668,4671,-1,4671,4668,4667,-1,4671,4667,4677,-1,4683,4684,4685,-1,4685,4684,4686,-1,4685,4686,4687,-1,4687,4686,4688,-1,4687,4688,4669,-1,4669,4688,4670,-1,4689,4513,4511,-1,4684,4683,4690,-1,4690,4683,4689,-1,4690,4689,4691,-1,4691,4689,4692,-1,4511,4693,4689,-1,4689,4693,4694,-1,4689,4694,4692,-1,4352,4513,4350,-1,4350,4513,4689,-1,4671,4654,4669,-1,4669,4654,4647,-1,4669,4647,4687,-1,4687,4647,4650,-1,4687,4650,4685,-1,4685,4650,4652,-1,4685,4652,4683,-1,4683,4652,4640,-1,4683,4640,4689,-1,4689,4640,4639,-1,4689,4639,4350,-1,4350,4639,4498,-1,4350,4498,4351,-1,4351,4498,4497,-1,4690,4642,4684,-1,4684,4642,4641,-1,4684,4641,4686,-1,4686,4641,4651,-1,4686,4651,4688,-1,4688,4651,4649,-1,4688,4649,4670,-1,4670,4649,4648,-1,4670,4648,4672,-1,4672,4648,4653,-1,4645,4644,4694,-1,4694,4644,4692,-1,4617,4616,4610,-1,4610,4616,4608,-1,4627,4584,4620,-1,4620,4584,4583,-1,4620,4583,4622,-1,4622,4583,4603,-1,4622,4603,4624,-1,4624,4603,4601,-1,4624,4601,4613,-1,4613,4601,4600,-1,4613,4600,4614,-1,4614,4600,4606,-1,4552,4532,4533,-1,4552,4533,4553,-1,4553,4533,4531,-1,4553,4531,4546,-1,4546,4531,4537,-1,4546,4537,4547,-1,4547,4537,4529,-1,4547,4529,4544,-1,4544,4529,4528,-1,4544,4528,4543,-1,4543,4528,4527,-1,4543,4527,4541,-1,4532,4552,4551,-1,4532,4551,4530,-1,4530,4551,4550,-1,4530,4550,4534,-1,4534,4550,4549,-1,4534,4549,4535,-1,4535,4549,4548,-1,4535,4548,4536,-1,4536,4548,4545,-1,4536,4545,4538,-1,4538,4545,4542,-1,4538,4542,4526,-1,4440,4415,4428,-1,4440,4428,4445,-1,4445,4428,4427,-1,4445,4427,4446,-1,4446,4427,4426,-1,4446,4426,4441,-1,4441,4426,4425,-1,4441,4425,4442,-1,4442,4425,4424,-1,4442,4424,4448,-1,4448,4424,4422,-1,4448,4422,4429,-1,4332,4331,4504,-1,4332,4504,4361,-1,4361,4504,4509,-1,4361,4509,4362,-1,4362,4509,4508,-1,4362,4508,4357,-1,4357,4508,4507,-1,4357,4507,4358,-1,4358,4507,4506,-1,4358,4506,4359,-1,4359,4506,4500,-1,4359,4500,4354,-1,4384,4486,4385,-1,4385,4486,4480,-1,4385,4480,4387,-1,4387,4480,4479,-1,4387,4479,4388,-1,4388,4479,4478,-1,4388,4478,4376,-1,4376,4478,4465,-1,4376,4465,4377,-1,4377,4465,4464,-1,4377,4464,4389,-1,4389,4464,4477,-1,4347,4348,4482,-1,4482,4348,4391,-1,4482,4391,4461,-1,4461,4391,4368,-1,4461,4368,4462,-1,4462,4368,4366,-1,4462,4366,4469,-1,4469,4366,4365,-1,4469,4365,4474,-1,4474,4365,4372,-1,4474,4372,4475,-1,4475,4372,4374,-1,4309,4308,4367,-1,4367,4308,4463,-1,4367,4463,4386,-1,4386,4463,4467,-1,4386,4467,4383,-1,4383,4467,4468,-1,4383,4468,4371,-1,4371,4468,4471,-1,4371,4471,4392,-1,4392,4471,4473,-1,4392,4473,4380,-1,4380,4473,4489,-1,4322,4321,4487,-1,4487,4321,4390,-1,4487,4390,4481,-1,4481,4390,4381,-1,4481,4381,4466,-1,4466,4381,4370,-1,4466,4370,4472,-1,4472,4370,4369,-1,4472,4369,4488,-1,4488,4369,4379,-1,4488,4379,4483,-1,4483,4379,4378,-1,4564,4401,4395,-1,4564,4395,4575,-1,4575,4395,4399,-1,4575,4399,4566,-1,4566,4399,4400,-1,4566,4400,4567,-1,4398,4570,4400,-1,4400,4570,4569,-1,4400,4569,4567,-1,4405,4404,4582,-1,4582,4580,4405,-1,4405,4580,4579,-1,4405,4579,4398,-1,4398,4579,4577,-1,4398,4577,4570,-1,4582,4404,4581,-1,4581,4404,4397,-1,4581,4397,4578,-1,4578,4397,4576,-1,4576,4397,4396,-1,4576,4396,4571,-1,4571,4396,4568,-1,4568,4396,4394,-1,4568,4394,4572,-1,4572,4394,4393,-1,4572,4393,4573,-1,4573,4393,4403,-1,4573,4403,4574,-1,4574,4403,4402,-1,4574,4402,4565,-1,4666,4668,4682,-1,4666,4682,4659,-1,4659,4682,4673,-1,4659,4673,4660,-1,4660,4673,4674,-1,4660,4674,4661,-1,4661,4674,4676,-1,4661,4676,4663,-1,4663,4676,4675,-1,4663,4675,4662,-1,4662,4675,4672,-1,4662,4672,4653,-1,4654,4671,4681,-1,4654,4681,4655,-1,4655,4681,4680,-1,4655,4680,4656,-1,4656,4680,4679,-1,4656,4679,4657,-1,4657,4679,4678,-1,4657,4678,4658,-1,4658,4678,4677,-1,4658,4677,4664,-1,4664,4677,4667,-1,4664,4667,4665,-1,4630,4593,4598,-1,4630,4598,4636,-1,4636,4598,4597,-1,4636,4597,4637,-1,4637,4597,4596,-1,4637,4596,4638,-1,4638,4596,4595,-1,4638,4595,4632,-1,4632,4595,4594,-1,4632,4594,4631,-1,4631,4594,4592,-1,4631,4592,4625,-1,4626,4585,4590,-1,4626,4590,4628,-1,4628,4590,4589,-1,4628,4589,4629,-1,4629,4589,4588,-1,4629,4588,4633,-1,4633,4588,4587,-1,4633,4587,4634,-1,4634,4587,4586,-1,4634,4586,4635,-1,4635,4586,4584,-1,4635,4584,4627,-1,4455,4319,4452,-1,4452,4319,4318,-1,4455,4457,4319,-1,4319,4457,4459,-1,4319,4459,4407,-1,4407,4459,4460,-1,4436,4419,4437,-1,4437,4419,4420,-1,4437,4420,4447,-1,4447,4420,4421,-1,4447,4421,4443,-1,4443,4421,4423,-1,4443,4423,4444,-1,4444,4423,4416,-1,4444,4416,4438,-1,4438,4416,4409,-1,4438,4409,4460,-1,4460,4409,4695,-1,4460,4695,4407,-1,4495,4494,4306,-1,4306,4494,4493,-1,4306,4493,4307,-1,4351,4497,4353,-1,4353,4497,4505,-1,4353,4505,4355,-1,4355,4505,4502,-1,4355,4502,4356,-1,4356,4502,4501,-1,4356,4501,4360,-1,4360,4501,4503,-1,4360,4503,4349,-1,4349,4503,4492,-1,4349,4492,4363,-1,4363,4492,4491,-1,4363,4491,4364,-1,4364,4491,4490,-1,4364,4490,4306,-1,4306,4490,4496,-1,4306,4496,4495,-1,4614,4606,4607,-1,4614,4607,4615,-1,4615,4607,4608,-1,4615,4608,4616,-1,4617,4610,4609,-1,4617,4609,4618,-1,4618,4609,4433,-1,4618,4433,4434,-1,4642,4690,4691,-1,4642,4691,4643,-1,4643,4691,4692,-1,4643,4692,4644,-1,4645,4694,4693,-1,4645,4693,4646,-1,4646,4693,4511,-1,4646,4511,4510,-1,4696,4697,4698,-1,4696,4698,4699,-1,4700,4701,4702,-1,4702,4701,4703,-1,4702,4703,4704,-1,4704,4703,4705,-1,4704,4705,4706,-1,4706,4705,4707,-1,4706,4707,4698,-1,4698,4707,4708,-1,4698,4708,4699,-1,4709,4710,4711,-1,4712,4713,4714,-1,4714,4713,4715,-1,4714,4715,4716,-1,4716,4715,4717,-1,4716,4717,4718,-1,4718,4717,4719,-1,4718,4719,4720,-1,4720,4719,4709,-1,4720,4709,4721,-1,4721,4709,4711,-1,4722,4723,4724,-1,4724,4723,4725,-1,4724,4725,4726,-1,4726,4725,4727,-1,4726,4727,4728,-1,4728,4727,4729,-1,4728,4729,4730,-1,4730,4729,4731,-1,4730,4731,4732,-1,4732,4731,4733,-1,4732,4733,4734,-1,4734,4733,4735,-1,4734,4735,4736,-1,4736,4735,4737,-1,4736,4737,4738,-1,4738,4737,4739,-1,4740,4725,4723,-1,4741,4742,4743,-1,4743,4742,4744,-1,4743,4744,4745,-1,4745,4744,4746,-1,4745,4746,4747,-1,4748,4749,4747,-1,4747,4749,4750,-1,4747,4750,4745,-1,4740,4723,4751,-1,4751,4723,4752,-1,4751,4752,4747,-1,4747,4752,4753,-1,4747,4753,4748,-1,4727,4699,4729,-1,4729,4699,4708,-1,4729,4708,4731,-1,4731,4708,4707,-1,4731,4707,4733,-1,4733,4707,4705,-1,4733,4705,4735,-1,4735,4705,4703,-1,4735,4703,4737,-1,4725,4740,4754,-1,4754,4755,4725,-1,4725,4755,4697,-1,4725,4697,4727,-1,4727,4697,4696,-1,4727,4696,4699,-1,4756,4757,4758,-1,4712,4714,4759,-1,4756,4760,4757,-1,4757,4760,4761,-1,4757,4761,4762,-1,4762,4763,4757,-1,4757,4763,4764,-1,4757,4764,4765,-1,4766,4767,4768,-1,4769,4770,4771,-1,4772,4773,4769,-1,4769,4773,4774,-1,4769,4774,4770,-1,4737,4775,4739,-1,4739,4775,4776,-1,4777,4778,4779,-1,4758,4775,4756,-1,4756,4775,4737,-1,4756,4737,4701,-1,4701,4737,4703,-1,4776,4775,4780,-1,4780,4775,4781,-1,4780,4781,4759,-1,4759,4781,4782,-1,4759,4782,4712,-1,4768,4767,4783,-1,4771,4784,4769,-1,4769,4784,4777,-1,4769,4777,4785,-1,4785,4777,4779,-1,4765,4764,4767,-1,4767,4764,4786,-1,4767,4786,4783,-1,4772,4759,4773,-1,4773,4759,4714,-1,4773,4714,4787,-1,4787,4714,4788,-1,4789,4768,4790,-1,4790,4768,4791,-1,4789,4792,4768,-1,4768,4792,4793,-1,4768,4793,4794,-1,4794,4795,4768,-1,4768,4795,4796,-1,4768,4796,4766,-1,4711,4710,4797,-1,4710,4798,4797,-1,4797,4798,4799,-1,4797,4799,4800,-1,4797,4801,4711,-1,4711,4801,4802,-1,4711,4802,4721,-1,4721,4802,4803,-1,4721,4803,4720,-1,4720,4803,4804,-1,4720,4804,4718,-1,4718,4804,4805,-1,4718,4805,4716,-1,4716,4805,4788,-1,4716,4788,4714,-1,4797,4800,4806,-1,4806,4800,4807,-1,4808,4809,4810,-1,4810,4809,4811,-1,4811,4809,4812,-1,4812,4809,4813,-1,4812,4813,4814,-1,4814,4813,4815,-1,4814,4815,4816,-1,4816,4817,4814,-1,4814,4817,4818,-1,4814,4818,4807,-1,4807,4818,4819,-1,4807,4819,4806,-1,4820,4813,4821,-1,4821,4813,4809,-1,4821,4809,4822,-1,4822,4809,4823,-1,4822,4823,4824,-1,4824,4823,4825,-1,4826,4827,4821,-1,4821,4827,4828,-1,4821,4828,4820,-1,4829,4830,4831,-1,4832,4833,4834,-1,4829,4831,4835,-1,4835,4831,4836,-1,4835,4836,4834,-1,4834,4836,4837,-1,4834,4837,4832,-1,4828,4838,4820,-1,4820,4838,4834,-1,4820,4834,4839,-1,4839,4834,4833,-1,4715,4840,4717,-1,4717,4840,4841,-1,4717,4841,4719,-1,4719,4841,4842,-1,4719,4842,4709,-1,4709,4842,4843,-1,4842,4844,4843,-1,4843,4844,4845,-1,4843,4845,4846,-1,4846,4845,4847,-1,4846,4847,4848,-1,4848,4847,4849,-1,4848,4849,4850,-1,4850,4849,4851,-1,4851,4849,4830,-1,4851,4830,4829,-1,4852,4853,4854,-1,4855,4856,4857,-1,4858,4859,4860,-1,4861,4862,4863,-1,4855,4864,4865,-1,4865,4864,4866,-1,4865,4866,4867,-1,4867,4866,4868,-1,4867,4868,4869,-1,4869,4868,4870,-1,4869,4870,4871,-1,4871,4870,4852,-1,4854,4872,4852,-1,4852,4872,4858,-1,4852,4858,4873,-1,4873,4858,4860,-1,4857,4874,4855,-1,4855,4874,4861,-1,4855,4861,4875,-1,4875,4861,4863,-1,4840,4715,4876,-1,4876,4715,4713,-1,4876,4713,4865,-1,4865,4713,4877,-1,4865,4877,4855,-1,4855,4877,4878,-1,4855,4878,4856,-1,4702,4736,4700,-1,4700,4736,4738,-1,4700,4738,4870,-1,4870,4738,4879,-1,4870,4879,4852,-1,4852,4879,4880,-1,4852,4880,4853,-1,4726,4881,4724,-1,4724,4881,4882,-1,4724,4882,4883,-1,4728,4730,4884,-1,4884,4885,4728,-1,4728,4885,4886,-1,4728,4886,4726,-1,4726,4886,4887,-1,4726,4887,4881,-1,4736,4702,4734,-1,4734,4702,4704,-1,4734,4704,4732,-1,4732,4704,4706,-1,4732,4706,4730,-1,4730,4706,4698,-1,4730,4698,4884,-1,4888,4889,4890,-1,4891,4892,4893,-1,4724,4883,4722,-1,4722,4883,4894,-1,4722,4894,4895,-1,4891,4893,4890,-1,4890,4893,4896,-1,4890,4896,4888,-1,4892,4891,4894,-1,4894,4891,4897,-1,4894,4897,4898,-1,4898,4899,4894,-1,4894,4899,4900,-1,4894,4900,4895,-1,4901,4902,4903,-1,4903,4902,4904,-1,4903,4904,4890,-1,4890,4904,4743,-1,4890,4743,4891,-1,4891,4743,4745,-1,4876,4787,4840,-1,4840,4787,4788,-1,4840,4788,4841,-1,4841,4788,4805,-1,4841,4805,4842,-1,4842,4805,4804,-1,4842,4804,4844,-1,4844,4804,4803,-1,4806,4831,4797,-1,4797,4831,4830,-1,4797,4830,4801,-1,4801,4830,4849,-1,4801,4849,4802,-1,4802,4849,4847,-1,4802,4847,4803,-1,4803,4847,4845,-1,4803,4845,4844,-1,4905,4906,4907,-1,4907,4906,4908,-1,4907,4908,4909,-1,4909,4908,4910,-1,4909,4910,4911,-1,4911,4910,4912,-1,4911,4912,4913,-1,4913,4912,4914,-1,4913,4914,4915,-1,4915,4914,4916,-1,4915,4916,4778,-1,4778,4916,4779,-1,4906,4905,4917,-1,4917,4905,4918,-1,4917,4918,4919,-1,4919,4918,4920,-1,4920,4918,4921,-1,4920,4921,4922,-1,4923,4924,4925,-1,4925,4924,4926,-1,4925,4926,4927,-1,4922,4928,4920,-1,4920,4928,4925,-1,4920,4925,4929,-1,4929,4925,4927,-1,4930,4931,4932,-1,4932,4933,4930,-1,4930,4933,4934,-1,4930,4934,4935,-1,4936,4937,4935,-1,4935,4937,4938,-1,4935,4938,4930,-1,4939,4940,4941,-1,4941,4940,4942,-1,4936,4943,4937,-1,4937,4943,4942,-1,4937,4942,4944,-1,4944,4942,4940,-1,4860,4859,4945,-1,4860,4945,4946,-1,4946,4945,4947,-1,4946,4947,4948,-1,4948,4947,4949,-1,4948,4949,4950,-1,4950,4949,4951,-1,4950,4951,4952,-1,4952,4951,4953,-1,4952,4953,4954,-1,4954,4953,4932,-1,4954,4932,4931,-1,4777,4873,4778,-1,4778,4873,4860,-1,4778,4860,4915,-1,4915,4860,4946,-1,4915,4946,4913,-1,4913,4946,4948,-1,4913,4948,4911,-1,4911,4948,4950,-1,4911,4950,4909,-1,4909,4950,4952,-1,4909,4952,4907,-1,4907,4952,4954,-1,4907,4954,4905,-1,4905,4954,4931,-1,4905,4931,4918,-1,4918,4931,4930,-1,4917,4933,4906,-1,4906,4933,4932,-1,4906,4932,4908,-1,4908,4932,4953,-1,4908,4953,4910,-1,4910,4953,4951,-1,4910,4951,4912,-1,4912,4951,4949,-1,4912,4949,4914,-1,4914,4949,4947,-1,4914,4947,4916,-1,4916,4947,4945,-1,4916,4945,4779,-1,4779,4945,4859,-1,4779,4859,4785,-1,4785,4859,4858,-1,4861,4765,4862,-1,4862,4765,4767,-1,4862,4767,4955,-1,4956,4786,4863,-1,4863,4786,4764,-1,4863,4764,4875,-1,4956,4863,4862,-1,4957,4958,4959,-1,4862,4955,4956,-1,4956,4955,4960,-1,4956,4960,4961,-1,4961,4962,4956,-1,4956,4962,4963,-1,4956,4963,4964,-1,4964,4963,4965,-1,4966,4967,4968,-1,4959,4958,4963,-1,4963,4958,4969,-1,4963,4969,4965,-1,4957,4959,4967,-1,4967,4959,4970,-1,4967,4970,4968,-1,4966,4968,4971,-1,4971,4968,4972,-1,4971,4972,4973,-1,4974,4975,4976,-1,4975,4974,4977,-1,4977,4974,4978,-1,4977,4978,4979,-1,4980,4981,4982,-1,4976,4983,4974,-1,4974,4983,4980,-1,4974,4980,4984,-1,4984,4980,4982,-1,4985,4986,4987,-1,4978,4988,4979,-1,4979,4988,4985,-1,4979,4985,4989,-1,4989,4985,4987,-1,4990,4991,4992,-1,4990,4992,4993,-1,4993,4992,4994,-1,4993,4994,4995,-1,4995,4994,4975,-1,4995,4975,4977,-1,4996,4822,4824,-1,4991,4990,4997,-1,4997,4990,4996,-1,4997,4996,4998,-1,4998,4996,4999,-1,4824,5000,4996,-1,4996,5000,5001,-1,4996,5001,4999,-1,4826,4821,4996,-1,4996,4821,4822,-1,4823,4809,5002,-1,5002,4809,4808,-1,5003,5004,5002,-1,5002,5004,5005,-1,5005,5006,5002,-1,5002,5006,5007,-1,5002,5007,5008,-1,5008,5009,5002,-1,5002,5009,4825,-1,5002,4825,4823,-1,5010,5011,5012,-1,5012,5011,5013,-1,5012,5013,5014,-1,5014,5013,5015,-1,5014,5015,5003,-1,5003,5015,5004,-1,5016,5011,5017,-1,5018,5019,5020,-1,5017,5011,5019,-1,5019,5011,5010,-1,5019,5010,5020,-1,5020,5021,5022,-1,5023,5017,5024,-1,5024,5017,5025,-1,5023,5026,5017,-1,5017,5026,5027,-1,5017,5027,5016,-1,5022,5028,5020,-1,5020,5028,5029,-1,5020,5029,5018,-1,5017,5019,4974,-1,4974,5019,4978,-1,4810,4827,4808,-1,4808,4827,4826,-1,4808,4826,5002,-1,5002,4826,4996,-1,5002,4996,5003,-1,5003,4996,4990,-1,5003,4990,5014,-1,5014,4990,4993,-1,5014,4993,5012,-1,5012,4993,4995,-1,5012,4995,5010,-1,5010,4995,4977,-1,5010,4977,5020,-1,5020,4977,4979,-1,5030,4903,4889,-1,4889,4903,4890,-1,5031,5032,5030,-1,5030,5032,5033,-1,5033,5034,5030,-1,5030,5034,5035,-1,5030,5035,5036,-1,5036,5037,5030,-1,5030,5037,4901,-1,5030,4901,4903,-1,5038,5039,5040,-1,5038,5040,5041,-1,5041,5040,5042,-1,5041,5042,5043,-1,5043,5042,5032,-1,5043,5032,5031,-1,5039,5038,5044,-1,5044,5038,5045,-1,5046,5047,5045,-1,5045,5047,5048,-1,5045,5048,5049,-1,5050,5051,5052,-1,5052,5051,5053,-1,5052,5053,5054,-1,5049,5055,5045,-1,5045,5055,5056,-1,5045,5056,5044,-1,5044,5056,5051,-1,5044,5051,5057,-1,5057,5051,5050,-1,5058,5059,5056,-1,5056,5059,5051,-1,5059,5058,5060,-1,5060,5058,5061,-1,5062,5063,5064,-1,5064,5063,5059,-1,5064,5059,5065,-1,5061,5066,5060,-1,5060,5066,5067,-1,5060,5067,5068,-1,5068,5067,5069,-1,5070,5071,5060,-1,5060,5071,5072,-1,5060,5072,5059,-1,5059,5072,5073,-1,5059,5073,5065,-1,5074,5075,5076,-1,5076,5075,5077,-1,5076,5077,5078,-1,5078,5077,5079,-1,5078,5079,5070,-1,5070,5079,5071,-1,5080,4904,4902,-1,5075,5074,5081,-1,5081,5074,5080,-1,5081,5080,5082,-1,5082,5080,5083,-1,4902,5084,5080,-1,5080,5084,5085,-1,5080,5085,5083,-1,4743,4904,4741,-1,4741,4904,5080,-1,4888,4742,4889,-1,4889,4742,4741,-1,4889,4741,5030,-1,5030,4741,5080,-1,5030,5080,5031,-1,5031,5080,5074,-1,5031,5074,5043,-1,5043,5074,5076,-1,5043,5076,5041,-1,5041,5076,5078,-1,5041,5078,5038,-1,5038,5078,5070,-1,5038,5070,5045,-1,5045,5070,5060,-1,5081,5033,5075,-1,5075,5033,5032,-1,5075,5032,5077,-1,5077,5032,5042,-1,5077,5042,5079,-1,5079,5042,5040,-1,5079,5040,5071,-1,5071,5040,5039,-1,5071,5039,5072,-1,5072,5039,5044,-1,5036,5035,5085,-1,5085,5035,5083,-1,5008,5007,5001,-1,5001,5007,4999,-1,5016,4976,5011,-1,5011,4976,4975,-1,5011,4975,5013,-1,5013,4975,4994,-1,5013,4994,5015,-1,5015,4994,4992,-1,5015,4992,5004,-1,5004,4992,4991,-1,5004,4991,5005,-1,5005,4991,4997,-1,4941,4924,4923,-1,4941,4923,4939,-1,4939,4923,4925,-1,4939,4925,4940,-1,4940,4925,4928,-1,4940,4928,4944,-1,4944,4928,4922,-1,4944,4922,4937,-1,4937,4922,4921,-1,4937,4921,4938,-1,4938,4921,4918,-1,4938,4918,4930,-1,4924,4941,4942,-1,4924,4942,4926,-1,4926,4942,4943,-1,4926,4943,4927,-1,4927,4943,4936,-1,4927,4936,4929,-1,4929,4936,4935,-1,4929,4935,4920,-1,4920,4935,4934,-1,4920,4934,4919,-1,4919,4934,4933,-1,4919,4933,4917,-1,4831,4806,4819,-1,4831,4819,4836,-1,4836,4819,4818,-1,4836,4818,4837,-1,4837,4818,4817,-1,4837,4817,4832,-1,4832,4817,4816,-1,4832,4816,4833,-1,4833,4816,4815,-1,4833,4815,4839,-1,4839,4815,4813,-1,4839,4813,4820,-1,4723,4722,4895,-1,4723,4895,4752,-1,4752,4895,4900,-1,4752,4900,4753,-1,4753,4900,4899,-1,4753,4899,4748,-1,4748,4899,4898,-1,4748,4898,4749,-1,4749,4898,4897,-1,4749,4897,4750,-1,4750,4897,4891,-1,4750,4891,4745,-1,4787,4876,4773,-1,4773,4876,4865,-1,4773,4865,4774,-1,4774,4865,4867,-1,4774,4867,4770,-1,4770,4867,4869,-1,4770,4869,4771,-1,4771,4869,4871,-1,4771,4871,4784,-1,4784,4871,4852,-1,4784,4852,4777,-1,4777,4852,4873,-1,4738,4739,4879,-1,4879,4739,4776,-1,4879,4776,4880,-1,4880,4776,4780,-1,4880,4780,4853,-1,4853,4780,4759,-1,4853,4759,4854,-1,4854,4759,4772,-1,4854,4772,4872,-1,4872,4772,4769,-1,4872,4769,4858,-1,4858,4769,4785,-1,4701,4700,4756,-1,4756,4700,4870,-1,4756,4870,4760,-1,4760,4870,4868,-1,4760,4868,4761,-1,4761,4868,4866,-1,4761,4866,4762,-1,4762,4866,4864,-1,4762,4864,4763,-1,4763,4864,4855,-1,4763,4855,4764,-1,4764,4855,4875,-1,4713,4712,4877,-1,4877,4712,4782,-1,4877,4782,4878,-1,4878,4782,4781,-1,4878,4781,4856,-1,4856,4781,4775,-1,4856,4775,4857,-1,4857,4775,4758,-1,4857,4758,4874,-1,4874,4758,4757,-1,4874,4757,4861,-1,4861,4757,4765,-1,4955,4767,4766,-1,4955,4766,4960,-1,4960,4766,4796,-1,4960,4796,4961,-1,4961,4796,4795,-1,4961,4795,4962,-1,4794,4959,4795,-1,4795,4959,4963,-1,4795,4963,4962,-1,4793,4792,4973,-1,4973,4972,4793,-1,4793,4972,4968,-1,4793,4968,4794,-1,4794,4968,4970,-1,4794,4970,4959,-1,4973,4792,4971,-1,4971,4792,4789,-1,4971,4789,4966,-1,4966,4789,4967,-1,4967,4789,4790,-1,4967,4790,4957,-1,4957,4790,4958,-1,4958,4790,4791,-1,4958,4791,4969,-1,4969,4791,4768,-1,4969,4768,4965,-1,4965,4768,4783,-1,4965,4783,4964,-1,4964,4783,4786,-1,4964,4786,4956,-1,5051,5059,5063,-1,5051,5063,5053,-1,5053,5063,5062,-1,5053,5062,5054,-1,5054,5062,5064,-1,5054,5064,5052,-1,5052,5064,5065,-1,5052,5065,5050,-1,5050,5065,5073,-1,5050,5073,5057,-1,5057,5073,5072,-1,5057,5072,5044,-1,5045,5060,5068,-1,5045,5068,5046,-1,5046,5068,5069,-1,5046,5069,5047,-1,5047,5069,5067,-1,5047,5067,5048,-1,5048,5067,5066,-1,5048,5066,5049,-1,5049,5066,5061,-1,5049,5061,5055,-1,5055,5061,5058,-1,5055,5058,5056,-1,5020,4979,4989,-1,5020,4989,5021,-1,5021,4989,4987,-1,5021,4987,5022,-1,5022,4987,4986,-1,5022,4986,5028,-1,5028,4986,4985,-1,5028,4985,5029,-1,5029,4985,4988,-1,5029,4988,5018,-1,5018,4988,4978,-1,5018,4978,5019,-1,5017,4974,4984,-1,5017,4984,5025,-1,5025,4984,4982,-1,5025,4982,5024,-1,5024,4982,4981,-1,5024,4981,5023,-1,5023,4981,4980,-1,5023,4980,5026,-1,5026,4980,4983,-1,5026,4983,5027,-1,5027,4983,4976,-1,5027,4976,5016,-1,4846,4710,4843,-1,4843,4710,4709,-1,4846,4848,4710,-1,4710,4848,4850,-1,4710,4850,4798,-1,4798,4850,4851,-1,4827,4810,4828,-1,4828,4810,4811,-1,4828,4811,4838,-1,4838,4811,4812,-1,4838,4812,4834,-1,4834,4812,4814,-1,4834,4814,4835,-1,4835,4814,4807,-1,4835,4807,4829,-1,4829,4807,4800,-1,4829,4800,4851,-1,4851,4800,5086,-1,4851,5086,4798,-1,4886,4885,4697,-1,4697,4885,4884,-1,4697,4884,4698,-1,4742,4888,4744,-1,4744,4888,4896,-1,4744,4896,4746,-1,4746,4896,4893,-1,4746,4893,4747,-1,4747,4893,4892,-1,4747,4892,4751,-1,4751,4892,4894,-1,4751,4894,4740,-1,4740,4894,4883,-1,4740,4883,4754,-1,4754,4883,4882,-1,4754,4882,4755,-1,4755,4882,4881,-1,4755,4881,4697,-1,4697,4881,4887,-1,4697,4887,4886,-1,5005,4997,4998,-1,5005,4998,5006,-1,5006,4998,4999,-1,5006,4999,5007,-1,5008,5001,5000,-1,5008,5000,5009,-1,5009,5000,4824,-1,5009,4824,4825,-1,5033,5081,5082,-1,5033,5082,5034,-1,5034,5082,5083,-1,5034,5083,5035,-1,5036,5085,5084,-1,5036,5084,5037,-1,5037,5084,4902,-1,5037,4902,4901,-1,5087,5088,5089,-1,5087,5089,5090,-1,5091,5092,5093,-1,5093,5092,5094,-1,5093,5094,5095,-1,5095,5094,5096,-1,5095,5096,5097,-1,5097,5096,5098,-1,5097,5098,5089,-1,5089,5098,5099,-1,5089,5099,5090,-1,5100,5101,5102,-1,5103,5104,5105,-1,5105,5104,5106,-1,5105,5106,5107,-1,5107,5106,5108,-1,5107,5108,5109,-1,5109,5108,5110,-1,5109,5110,5111,-1,5111,5110,5100,-1,5111,5100,5112,-1,5112,5100,5102,-1,5113,5114,5115,-1,5115,5114,5116,-1,5115,5116,5117,-1,5117,5116,5118,-1,5117,5118,5119,-1,5119,5118,5120,-1,5119,5120,5121,-1,5121,5120,5122,-1,5121,5122,5123,-1,5123,5122,5124,-1,5123,5124,5125,-1,5125,5124,5126,-1,5125,5126,5127,-1,5127,5126,5128,-1,5127,5128,5129,-1,5129,5128,5130,-1,5131,5116,5114,-1,5132,5133,5134,-1,5134,5133,5135,-1,5134,5135,5136,-1,5136,5135,5137,-1,5136,5137,5138,-1,5139,5140,5138,-1,5138,5140,5141,-1,5138,5141,5136,-1,5131,5114,5142,-1,5142,5114,5143,-1,5142,5143,5138,-1,5138,5143,5144,-1,5138,5144,5139,-1,5118,5090,5120,-1,5120,5090,5099,-1,5120,5099,5122,-1,5122,5099,5098,-1,5122,5098,5124,-1,5124,5098,5096,-1,5124,5096,5126,-1,5126,5096,5094,-1,5126,5094,5128,-1,5116,5131,5145,-1,5145,5146,5116,-1,5116,5146,5088,-1,5116,5088,5118,-1,5118,5088,5087,-1,5118,5087,5090,-1,5147,5148,5149,-1,5103,5105,5150,-1,5147,5151,5148,-1,5148,5151,5152,-1,5148,5152,5153,-1,5153,5154,5148,-1,5148,5154,5155,-1,5148,5155,5156,-1,5157,5158,5159,-1,5160,5161,5162,-1,5163,5164,5160,-1,5160,5164,5165,-1,5160,5165,5161,-1,5128,5166,5130,-1,5130,5166,5167,-1,5168,5169,5170,-1,5149,5166,5147,-1,5147,5166,5128,-1,5147,5128,5092,-1,5092,5128,5094,-1,5167,5166,5171,-1,5171,5166,5172,-1,5171,5172,5150,-1,5150,5172,5173,-1,5150,5173,5103,-1,5159,5158,5174,-1,5162,5175,5160,-1,5160,5175,5168,-1,5160,5168,5176,-1,5176,5168,5170,-1,5156,5155,5158,-1,5158,5155,5177,-1,5158,5177,5174,-1,5163,5150,5164,-1,5164,5150,5105,-1,5164,5105,5178,-1,5178,5105,5179,-1,5180,5159,5181,-1,5181,5159,5182,-1,5180,5183,5159,-1,5159,5183,5184,-1,5159,5184,5185,-1,5185,5186,5159,-1,5159,5186,5187,-1,5159,5187,5157,-1,5102,5101,5188,-1,5101,5189,5188,-1,5188,5189,5190,-1,5188,5190,5191,-1,5188,5192,5102,-1,5102,5192,5193,-1,5102,5193,5112,-1,5112,5193,5194,-1,5112,5194,5111,-1,5111,5194,5195,-1,5111,5195,5109,-1,5109,5195,5196,-1,5109,5196,5107,-1,5107,5196,5179,-1,5107,5179,5105,-1,5188,5191,5197,-1,5197,5191,5198,-1,5199,5200,5201,-1,5201,5200,5202,-1,5202,5200,5203,-1,5203,5200,5204,-1,5203,5204,5205,-1,5205,5204,5206,-1,5205,5206,5207,-1,5207,5208,5205,-1,5205,5208,5209,-1,5205,5209,5198,-1,5198,5209,5210,-1,5198,5210,5197,-1,5211,5204,5212,-1,5212,5204,5200,-1,5212,5200,5213,-1,5213,5200,5214,-1,5213,5214,5215,-1,5215,5214,5216,-1,5217,5218,5212,-1,5212,5218,5219,-1,5212,5219,5211,-1,5220,5221,5222,-1,5223,5224,5225,-1,5220,5222,5226,-1,5226,5222,5227,-1,5226,5227,5225,-1,5225,5227,5228,-1,5225,5228,5223,-1,5219,5229,5211,-1,5211,5229,5225,-1,5211,5225,5230,-1,5230,5225,5224,-1,5106,5231,5108,-1,5108,5231,5232,-1,5108,5232,5110,-1,5110,5232,5233,-1,5110,5233,5100,-1,5100,5233,5234,-1,5233,5235,5234,-1,5234,5235,5236,-1,5234,5236,5237,-1,5237,5236,5238,-1,5237,5238,5239,-1,5239,5238,5240,-1,5239,5240,5241,-1,5241,5240,5242,-1,5242,5240,5221,-1,5242,5221,5220,-1,5243,5244,5245,-1,5246,5247,5248,-1,5249,5250,5251,-1,5252,5253,5254,-1,5246,5255,5256,-1,5256,5255,5257,-1,5256,5257,5258,-1,5258,5257,5259,-1,5258,5259,5260,-1,5260,5259,5261,-1,5260,5261,5262,-1,5262,5261,5243,-1,5245,5263,5243,-1,5243,5263,5249,-1,5243,5249,5264,-1,5264,5249,5251,-1,5248,5265,5246,-1,5246,5265,5252,-1,5246,5252,5266,-1,5266,5252,5254,-1,5231,5106,5267,-1,5267,5106,5104,-1,5267,5104,5256,-1,5256,5104,5268,-1,5256,5268,5246,-1,5246,5268,5269,-1,5246,5269,5247,-1,5093,5127,5091,-1,5091,5127,5129,-1,5091,5129,5261,-1,5261,5129,5270,-1,5261,5270,5243,-1,5243,5270,5271,-1,5243,5271,5244,-1,5117,5272,5115,-1,5115,5272,5273,-1,5115,5273,5274,-1,5119,5121,5275,-1,5275,5276,5119,-1,5119,5276,5277,-1,5119,5277,5117,-1,5117,5277,5278,-1,5117,5278,5272,-1,5127,5093,5125,-1,5125,5093,5095,-1,5125,5095,5123,-1,5123,5095,5097,-1,5123,5097,5121,-1,5121,5097,5089,-1,5121,5089,5275,-1,5279,5280,5281,-1,5282,5283,5284,-1,5115,5274,5113,-1,5113,5274,5285,-1,5113,5285,5286,-1,5282,5284,5281,-1,5281,5284,5287,-1,5281,5287,5279,-1,5283,5282,5285,-1,5285,5282,5288,-1,5285,5288,5289,-1,5289,5290,5285,-1,5285,5290,5291,-1,5285,5291,5286,-1,5292,5293,5294,-1,5294,5293,5295,-1,5294,5295,5281,-1,5281,5295,5134,-1,5281,5134,5282,-1,5282,5134,5136,-1,5267,5178,5231,-1,5231,5178,5179,-1,5231,5179,5232,-1,5232,5179,5196,-1,5232,5196,5233,-1,5233,5196,5195,-1,5233,5195,5235,-1,5235,5195,5194,-1,5197,5222,5188,-1,5188,5222,5221,-1,5188,5221,5192,-1,5192,5221,5240,-1,5192,5240,5193,-1,5193,5240,5238,-1,5193,5238,5194,-1,5194,5238,5236,-1,5194,5236,5235,-1,5296,5297,5298,-1,5298,5297,5299,-1,5298,5299,5300,-1,5300,5299,5301,-1,5300,5301,5302,-1,5302,5301,5303,-1,5302,5303,5304,-1,5304,5303,5305,-1,5304,5305,5306,-1,5306,5305,5307,-1,5306,5307,5169,-1,5169,5307,5170,-1,5297,5296,5308,-1,5308,5296,5309,-1,5308,5309,5310,-1,5310,5309,5311,-1,5311,5309,5312,-1,5311,5312,5313,-1,5314,5315,5316,-1,5316,5315,5317,-1,5316,5317,5318,-1,5313,5319,5311,-1,5311,5319,5316,-1,5311,5316,5320,-1,5320,5316,5318,-1,5321,5322,5323,-1,5323,5324,5321,-1,5321,5324,5325,-1,5321,5325,5326,-1,5327,5328,5326,-1,5326,5328,5329,-1,5326,5329,5321,-1,5330,5331,5332,-1,5332,5331,5333,-1,5327,5334,5328,-1,5328,5334,5333,-1,5328,5333,5335,-1,5335,5333,5331,-1,5251,5250,5336,-1,5251,5336,5337,-1,5337,5336,5338,-1,5337,5338,5339,-1,5339,5338,5340,-1,5339,5340,5341,-1,5341,5340,5342,-1,5341,5342,5343,-1,5343,5342,5344,-1,5343,5344,5345,-1,5345,5344,5323,-1,5345,5323,5322,-1,5168,5264,5169,-1,5169,5264,5251,-1,5169,5251,5306,-1,5306,5251,5337,-1,5306,5337,5304,-1,5304,5337,5339,-1,5304,5339,5302,-1,5302,5339,5341,-1,5302,5341,5300,-1,5300,5341,5343,-1,5300,5343,5298,-1,5298,5343,5345,-1,5298,5345,5296,-1,5296,5345,5322,-1,5296,5322,5309,-1,5309,5322,5321,-1,5308,5324,5297,-1,5297,5324,5323,-1,5297,5323,5299,-1,5299,5323,5344,-1,5299,5344,5301,-1,5301,5344,5342,-1,5301,5342,5303,-1,5303,5342,5340,-1,5303,5340,5305,-1,5305,5340,5338,-1,5305,5338,5307,-1,5307,5338,5336,-1,5307,5336,5170,-1,5170,5336,5250,-1,5170,5250,5176,-1,5176,5250,5249,-1,5252,5156,5253,-1,5253,5156,5158,-1,5253,5158,5346,-1,5347,5177,5254,-1,5254,5177,5155,-1,5254,5155,5266,-1,5347,5254,5253,-1,5348,5349,5350,-1,5253,5346,5347,-1,5347,5346,5351,-1,5347,5351,5352,-1,5352,5353,5347,-1,5347,5353,5354,-1,5347,5354,5355,-1,5355,5354,5356,-1,5357,5358,5359,-1,5350,5349,5354,-1,5354,5349,5360,-1,5354,5360,5356,-1,5348,5350,5358,-1,5358,5350,5361,-1,5358,5361,5359,-1,5357,5359,5362,-1,5362,5359,5363,-1,5362,5363,5364,-1,5365,5366,5367,-1,5366,5365,5368,-1,5368,5365,5369,-1,5368,5369,5370,-1,5371,5372,5373,-1,5367,5374,5365,-1,5365,5374,5371,-1,5365,5371,5375,-1,5375,5371,5373,-1,5376,5377,5378,-1,5369,5379,5370,-1,5370,5379,5376,-1,5370,5376,5380,-1,5380,5376,5378,-1,5381,5382,5383,-1,5381,5383,5384,-1,5384,5383,5385,-1,5384,5385,5386,-1,5386,5385,5366,-1,5386,5366,5368,-1,5387,5213,5215,-1,5382,5381,5388,-1,5388,5381,5387,-1,5388,5387,5389,-1,5389,5387,5390,-1,5215,5391,5387,-1,5387,5391,5392,-1,5387,5392,5390,-1,5217,5212,5387,-1,5387,5212,5213,-1,5214,5200,5393,-1,5393,5200,5199,-1,5394,5395,5393,-1,5393,5395,5396,-1,5396,5397,5393,-1,5393,5397,5398,-1,5393,5398,5399,-1,5399,5400,5393,-1,5393,5400,5216,-1,5393,5216,5214,-1,5401,5402,5403,-1,5403,5402,5404,-1,5403,5404,5405,-1,5405,5404,5406,-1,5405,5406,5394,-1,5394,5406,5395,-1,5407,5402,5408,-1,5409,5410,5411,-1,5408,5402,5410,-1,5410,5402,5401,-1,5410,5401,5411,-1,5411,5412,5413,-1,5414,5408,5415,-1,5415,5408,5416,-1,5414,5417,5408,-1,5408,5417,5418,-1,5408,5418,5407,-1,5413,5419,5411,-1,5411,5419,5420,-1,5411,5420,5409,-1,5408,5410,5365,-1,5365,5410,5369,-1,5201,5218,5199,-1,5199,5218,5217,-1,5199,5217,5393,-1,5393,5217,5387,-1,5393,5387,5394,-1,5394,5387,5381,-1,5394,5381,5405,-1,5405,5381,5384,-1,5405,5384,5403,-1,5403,5384,5386,-1,5403,5386,5401,-1,5401,5386,5368,-1,5401,5368,5411,-1,5411,5368,5370,-1,5421,5294,5280,-1,5280,5294,5281,-1,5422,5423,5421,-1,5421,5423,5424,-1,5424,5425,5421,-1,5421,5425,5426,-1,5421,5426,5427,-1,5427,5428,5421,-1,5421,5428,5292,-1,5421,5292,5294,-1,5429,5430,5431,-1,5429,5431,5432,-1,5432,5431,5433,-1,5432,5433,5434,-1,5434,5433,5423,-1,5434,5423,5422,-1,5430,5429,5435,-1,5435,5429,5436,-1,5437,5438,5436,-1,5436,5438,5439,-1,5436,5439,5440,-1,5441,5442,5443,-1,5443,5442,5444,-1,5443,5444,5445,-1,5440,5446,5436,-1,5436,5446,5447,-1,5436,5447,5435,-1,5435,5447,5442,-1,5435,5442,5448,-1,5448,5442,5441,-1,5449,5450,5447,-1,5447,5450,5442,-1,5450,5449,5451,-1,5451,5449,5452,-1,5453,5454,5455,-1,5455,5454,5450,-1,5455,5450,5456,-1,5452,5457,5451,-1,5451,5457,5458,-1,5451,5458,5459,-1,5459,5458,5460,-1,5461,5462,5451,-1,5451,5462,5463,-1,5451,5463,5450,-1,5450,5463,5464,-1,5450,5464,5456,-1,5465,5466,5467,-1,5467,5466,5468,-1,5467,5468,5469,-1,5469,5468,5470,-1,5469,5470,5461,-1,5461,5470,5462,-1,5471,5295,5293,-1,5466,5465,5472,-1,5472,5465,5471,-1,5472,5471,5473,-1,5473,5471,5474,-1,5293,5475,5471,-1,5471,5475,5476,-1,5471,5476,5474,-1,5134,5295,5132,-1,5132,5295,5471,-1,5279,5133,5280,-1,5280,5133,5132,-1,5280,5132,5421,-1,5421,5132,5471,-1,5421,5471,5422,-1,5422,5471,5465,-1,5422,5465,5434,-1,5434,5465,5467,-1,5434,5467,5432,-1,5432,5467,5469,-1,5432,5469,5429,-1,5429,5469,5461,-1,5429,5461,5436,-1,5436,5461,5451,-1,5472,5424,5466,-1,5466,5424,5423,-1,5466,5423,5468,-1,5468,5423,5433,-1,5468,5433,5470,-1,5470,5433,5431,-1,5470,5431,5462,-1,5462,5431,5430,-1,5462,5430,5463,-1,5463,5430,5435,-1,5427,5426,5476,-1,5476,5426,5474,-1,5399,5398,5392,-1,5392,5398,5390,-1,5407,5367,5402,-1,5402,5367,5366,-1,5402,5366,5404,-1,5404,5366,5385,-1,5404,5385,5406,-1,5406,5385,5383,-1,5406,5383,5395,-1,5395,5383,5382,-1,5395,5382,5396,-1,5396,5382,5388,-1,5332,5315,5314,-1,5332,5314,5330,-1,5330,5314,5316,-1,5330,5316,5331,-1,5331,5316,5319,-1,5331,5319,5335,-1,5335,5319,5313,-1,5335,5313,5328,-1,5328,5313,5312,-1,5328,5312,5329,-1,5329,5312,5309,-1,5329,5309,5321,-1,5315,5332,5333,-1,5315,5333,5317,-1,5317,5333,5334,-1,5317,5334,5318,-1,5318,5334,5327,-1,5318,5327,5320,-1,5320,5327,5326,-1,5320,5326,5311,-1,5311,5326,5325,-1,5311,5325,5310,-1,5310,5325,5324,-1,5310,5324,5308,-1,5222,5197,5210,-1,5222,5210,5227,-1,5227,5210,5209,-1,5227,5209,5228,-1,5228,5209,5208,-1,5228,5208,5223,-1,5223,5208,5207,-1,5223,5207,5224,-1,5224,5207,5206,-1,5224,5206,5230,-1,5230,5206,5204,-1,5230,5204,5211,-1,5114,5113,5286,-1,5114,5286,5143,-1,5143,5286,5291,-1,5143,5291,5144,-1,5144,5291,5290,-1,5144,5290,5139,-1,5139,5290,5289,-1,5139,5289,5140,-1,5140,5289,5288,-1,5140,5288,5141,-1,5141,5288,5282,-1,5141,5282,5136,-1,5178,5267,5164,-1,5164,5267,5256,-1,5164,5256,5165,-1,5165,5256,5258,-1,5165,5258,5161,-1,5161,5258,5260,-1,5161,5260,5162,-1,5162,5260,5262,-1,5162,5262,5175,-1,5175,5262,5243,-1,5175,5243,5168,-1,5168,5243,5264,-1,5129,5130,5270,-1,5270,5130,5167,-1,5270,5167,5271,-1,5271,5167,5171,-1,5271,5171,5244,-1,5244,5171,5150,-1,5244,5150,5245,-1,5245,5150,5163,-1,5245,5163,5263,-1,5263,5163,5160,-1,5263,5160,5249,-1,5249,5160,5176,-1,5092,5091,5147,-1,5147,5091,5261,-1,5147,5261,5151,-1,5151,5261,5259,-1,5151,5259,5152,-1,5152,5259,5257,-1,5152,5257,5153,-1,5153,5257,5255,-1,5153,5255,5154,-1,5154,5255,5246,-1,5154,5246,5155,-1,5155,5246,5266,-1,5104,5103,5268,-1,5268,5103,5173,-1,5268,5173,5269,-1,5269,5173,5172,-1,5269,5172,5247,-1,5247,5172,5166,-1,5247,5166,5248,-1,5248,5166,5149,-1,5248,5149,5265,-1,5265,5149,5148,-1,5265,5148,5252,-1,5252,5148,5156,-1,5346,5158,5157,-1,5346,5157,5351,-1,5351,5157,5187,-1,5351,5187,5352,-1,5352,5187,5186,-1,5352,5186,5353,-1,5185,5350,5186,-1,5186,5350,5354,-1,5186,5354,5353,-1,5184,5183,5364,-1,5364,5363,5184,-1,5184,5363,5359,-1,5184,5359,5185,-1,5185,5359,5361,-1,5185,5361,5350,-1,5364,5183,5362,-1,5362,5183,5180,-1,5362,5180,5357,-1,5357,5180,5358,-1,5358,5180,5181,-1,5358,5181,5348,-1,5348,5181,5349,-1,5349,5181,5182,-1,5349,5182,5360,-1,5360,5182,5159,-1,5360,5159,5356,-1,5356,5159,5174,-1,5356,5174,5355,-1,5355,5174,5177,-1,5355,5177,5347,-1,5442,5450,5454,-1,5442,5454,5444,-1,5444,5454,5453,-1,5444,5453,5445,-1,5445,5453,5455,-1,5445,5455,5443,-1,5443,5455,5456,-1,5443,5456,5441,-1,5441,5456,5464,-1,5441,5464,5448,-1,5448,5464,5463,-1,5448,5463,5435,-1,5436,5451,5459,-1,5436,5459,5437,-1,5437,5459,5460,-1,5437,5460,5438,-1,5438,5460,5458,-1,5438,5458,5439,-1,5439,5458,5457,-1,5439,5457,5440,-1,5440,5457,5452,-1,5440,5452,5446,-1,5446,5452,5449,-1,5446,5449,5447,-1,5411,5370,5380,-1,5411,5380,5412,-1,5412,5380,5378,-1,5412,5378,5413,-1,5413,5378,5377,-1,5413,5377,5419,-1,5419,5377,5376,-1,5419,5376,5420,-1,5420,5376,5379,-1,5420,5379,5409,-1,5409,5379,5369,-1,5409,5369,5410,-1,5408,5365,5375,-1,5408,5375,5416,-1,5416,5375,5373,-1,5416,5373,5415,-1,5415,5373,5372,-1,5415,5372,5414,-1,5414,5372,5371,-1,5414,5371,5417,-1,5417,5371,5374,-1,5417,5374,5418,-1,5418,5374,5367,-1,5418,5367,5407,-1,5237,5101,5234,-1,5234,5101,5100,-1,5237,5239,5101,-1,5101,5239,5241,-1,5101,5241,5189,-1,5189,5241,5242,-1,5218,5201,5219,-1,5219,5201,5202,-1,5219,5202,5229,-1,5229,5202,5203,-1,5229,5203,5225,-1,5225,5203,5205,-1,5225,5205,5226,-1,5226,5205,5198,-1,5226,5198,5220,-1,5220,5198,5191,-1,5220,5191,5242,-1,5242,5191,5477,-1,5242,5477,5189,-1,5277,5276,5088,-1,5088,5276,5275,-1,5088,5275,5089,-1,5133,5279,5135,-1,5135,5279,5287,-1,5135,5287,5137,-1,5137,5287,5284,-1,5137,5284,5138,-1,5138,5284,5283,-1,5138,5283,5142,-1,5142,5283,5285,-1,5142,5285,5131,-1,5131,5285,5274,-1,5131,5274,5145,-1,5145,5274,5273,-1,5145,5273,5146,-1,5146,5273,5272,-1,5146,5272,5088,-1,5088,5272,5278,-1,5088,5278,5277,-1,5396,5388,5389,-1,5396,5389,5397,-1,5397,5389,5390,-1,5397,5390,5398,-1,5399,5392,5391,-1,5399,5391,5400,-1,5400,5391,5215,-1,5400,5215,5216,-1,5424,5472,5473,-1,5424,5473,5425,-1,5425,5473,5474,-1,5425,5474,5426,-1,5427,5476,5475,-1,5427,5475,5428,-1,5428,5475,5293,-1,5428,5293,5292,-1,5478,5479,5480,-1,5478,5480,5481,-1,5482,5483,5484,-1,5484,5483,5485,-1,5484,5485,5486,-1,5486,5485,5487,-1,5486,5487,5488,-1,5488,5487,5489,-1,5488,5489,5480,-1,5480,5489,5490,-1,5480,5490,5481,-1,5491,5492,5493,-1,5494,5495,5496,-1,5496,5495,5497,-1,5496,5497,5498,-1,5498,5497,5499,-1,5498,5499,5500,-1,5500,5499,5501,-1,5500,5501,5502,-1,5502,5501,5491,-1,5502,5491,5503,-1,5503,5491,5493,-1,5504,5505,5506,-1,5506,5505,5507,-1,5506,5507,5508,-1,5508,5507,5509,-1,5508,5509,5510,-1,5510,5509,5511,-1,5510,5511,5512,-1,5512,5511,5513,-1,5512,5513,5514,-1,5514,5513,5515,-1,5514,5515,5516,-1,5516,5515,5517,-1,5516,5517,5518,-1,5518,5517,5519,-1,5518,5519,5520,-1,5520,5519,5521,-1,5522,5507,5505,-1,5523,5524,5525,-1,5525,5524,5526,-1,5525,5526,5527,-1,5527,5526,5528,-1,5527,5528,5529,-1,5530,5531,5529,-1,5529,5531,5532,-1,5529,5532,5527,-1,5522,5505,5533,-1,5533,5505,5534,-1,5533,5534,5529,-1,5529,5534,5535,-1,5529,5535,5530,-1,5509,5481,5511,-1,5511,5481,5490,-1,5511,5490,5513,-1,5513,5490,5489,-1,5513,5489,5515,-1,5515,5489,5487,-1,5515,5487,5517,-1,5517,5487,5485,-1,5517,5485,5519,-1,5507,5522,5536,-1,5536,5537,5507,-1,5507,5537,5479,-1,5507,5479,5509,-1,5509,5479,5478,-1,5509,5478,5481,-1,5538,5539,5540,-1,5494,5496,5541,-1,5538,5542,5539,-1,5539,5542,5543,-1,5539,5543,5544,-1,5544,5545,5539,-1,5539,5545,5546,-1,5539,5546,5547,-1,5548,5549,5550,-1,5551,5552,5553,-1,5554,5555,5551,-1,5551,5555,5556,-1,5551,5556,5552,-1,5519,5557,5521,-1,5521,5557,5558,-1,5559,5560,5561,-1,5540,5557,5538,-1,5538,5557,5519,-1,5538,5519,5483,-1,5483,5519,5485,-1,5558,5557,5562,-1,5562,5557,5563,-1,5562,5563,5541,-1,5541,5563,5564,-1,5541,5564,5494,-1,5550,5549,5565,-1,5553,5566,5551,-1,5551,5566,5559,-1,5551,5559,5567,-1,5567,5559,5561,-1,5547,5546,5549,-1,5549,5546,5568,-1,5549,5568,5565,-1,5554,5541,5555,-1,5555,5541,5496,-1,5555,5496,5569,-1,5569,5496,5570,-1,5571,5550,5572,-1,5572,5550,5573,-1,5571,5574,5550,-1,5550,5574,5575,-1,5550,5575,5576,-1,5576,5577,5550,-1,5550,5577,5578,-1,5550,5578,5548,-1,5493,5492,5579,-1,5492,5580,5579,-1,5579,5580,5581,-1,5579,5581,5582,-1,5579,5583,5493,-1,5493,5583,5584,-1,5493,5584,5503,-1,5503,5584,5585,-1,5503,5585,5502,-1,5502,5585,5586,-1,5502,5586,5500,-1,5500,5586,5587,-1,5500,5587,5498,-1,5498,5587,5570,-1,5498,5570,5496,-1,5579,5582,5588,-1,5588,5582,5589,-1,5590,5591,5592,-1,5592,5591,5593,-1,5593,5591,5594,-1,5594,5591,5595,-1,5594,5595,5596,-1,5596,5595,5597,-1,5596,5597,5598,-1,5598,5599,5596,-1,5596,5599,5600,-1,5596,5600,5589,-1,5589,5600,5601,-1,5589,5601,5588,-1,5602,5595,5603,-1,5603,5595,5591,-1,5603,5591,5604,-1,5604,5591,5605,-1,5604,5605,5606,-1,5606,5605,5607,-1,5608,5609,5603,-1,5603,5609,5610,-1,5603,5610,5602,-1,5611,5612,5613,-1,5614,5615,5616,-1,5611,5613,5617,-1,5617,5613,5618,-1,5617,5618,5616,-1,5616,5618,5619,-1,5616,5619,5614,-1,5610,5620,5602,-1,5602,5620,5616,-1,5602,5616,5621,-1,5621,5616,5615,-1,5497,5622,5499,-1,5499,5622,5623,-1,5499,5623,5501,-1,5501,5623,5624,-1,5501,5624,5491,-1,5491,5624,5625,-1,5624,5626,5625,-1,5625,5626,5627,-1,5625,5627,5628,-1,5628,5627,5629,-1,5628,5629,5630,-1,5630,5629,5631,-1,5630,5631,5632,-1,5632,5631,5633,-1,5633,5631,5612,-1,5633,5612,5611,-1,5634,5635,5636,-1,5637,5638,5639,-1,5640,5641,5642,-1,5643,5644,5645,-1,5637,5646,5647,-1,5647,5646,5648,-1,5647,5648,5649,-1,5649,5648,5650,-1,5649,5650,5651,-1,5651,5650,5652,-1,5651,5652,5653,-1,5653,5652,5634,-1,5636,5654,5634,-1,5634,5654,5640,-1,5634,5640,5655,-1,5655,5640,5642,-1,5639,5656,5637,-1,5637,5656,5643,-1,5637,5643,5657,-1,5657,5643,5645,-1,5622,5497,5658,-1,5658,5497,5495,-1,5658,5495,5647,-1,5647,5495,5659,-1,5647,5659,5637,-1,5637,5659,5660,-1,5637,5660,5638,-1,5484,5518,5482,-1,5482,5518,5520,-1,5482,5520,5652,-1,5652,5520,5661,-1,5652,5661,5634,-1,5634,5661,5662,-1,5634,5662,5635,-1,5508,5663,5506,-1,5506,5663,5664,-1,5506,5664,5665,-1,5510,5512,5666,-1,5666,5667,5510,-1,5510,5667,5668,-1,5510,5668,5508,-1,5508,5668,5669,-1,5508,5669,5663,-1,5518,5484,5516,-1,5516,5484,5486,-1,5516,5486,5514,-1,5514,5486,5488,-1,5514,5488,5512,-1,5512,5488,5480,-1,5512,5480,5666,-1,5670,5671,5672,-1,5673,5674,5675,-1,5506,5665,5504,-1,5504,5665,5676,-1,5504,5676,5677,-1,5673,5675,5672,-1,5672,5675,5678,-1,5672,5678,5670,-1,5674,5673,5676,-1,5676,5673,5679,-1,5676,5679,5680,-1,5680,5681,5676,-1,5676,5681,5682,-1,5676,5682,5677,-1,5683,5684,5685,-1,5685,5684,5686,-1,5685,5686,5672,-1,5672,5686,5525,-1,5672,5525,5673,-1,5673,5525,5527,-1,5658,5569,5622,-1,5622,5569,5570,-1,5622,5570,5623,-1,5623,5570,5587,-1,5623,5587,5624,-1,5624,5587,5586,-1,5624,5586,5626,-1,5626,5586,5585,-1,5588,5613,5579,-1,5579,5613,5612,-1,5579,5612,5583,-1,5583,5612,5631,-1,5583,5631,5584,-1,5584,5631,5629,-1,5584,5629,5585,-1,5585,5629,5627,-1,5585,5627,5626,-1,5687,5688,5689,-1,5689,5688,5690,-1,5689,5690,5691,-1,5691,5690,5692,-1,5691,5692,5693,-1,5693,5692,5694,-1,5693,5694,5695,-1,5695,5694,5696,-1,5695,5696,5697,-1,5697,5696,5698,-1,5697,5698,5560,-1,5560,5698,5561,-1,5688,5687,5699,-1,5699,5687,5700,-1,5699,5700,5701,-1,5701,5700,5702,-1,5702,5700,5703,-1,5702,5703,5704,-1,5705,5706,5707,-1,5707,5706,5708,-1,5707,5708,5709,-1,5704,5710,5702,-1,5702,5710,5707,-1,5702,5707,5711,-1,5711,5707,5709,-1,5712,5713,5714,-1,5714,5715,5712,-1,5712,5715,5716,-1,5712,5716,5717,-1,5718,5719,5717,-1,5717,5719,5720,-1,5717,5720,5712,-1,5721,5722,5723,-1,5723,5722,5724,-1,5718,5725,5719,-1,5719,5725,5724,-1,5719,5724,5726,-1,5726,5724,5722,-1,5642,5641,5727,-1,5642,5727,5728,-1,5728,5727,5729,-1,5728,5729,5730,-1,5730,5729,5731,-1,5730,5731,5732,-1,5732,5731,5733,-1,5732,5733,5734,-1,5734,5733,5735,-1,5734,5735,5736,-1,5736,5735,5714,-1,5736,5714,5713,-1,5559,5655,5560,-1,5560,5655,5642,-1,5560,5642,5697,-1,5697,5642,5728,-1,5697,5728,5695,-1,5695,5728,5730,-1,5695,5730,5693,-1,5693,5730,5732,-1,5693,5732,5691,-1,5691,5732,5734,-1,5691,5734,5689,-1,5689,5734,5736,-1,5689,5736,5687,-1,5687,5736,5713,-1,5687,5713,5700,-1,5700,5713,5712,-1,5699,5715,5688,-1,5688,5715,5714,-1,5688,5714,5690,-1,5690,5714,5735,-1,5690,5735,5692,-1,5692,5735,5733,-1,5692,5733,5694,-1,5694,5733,5731,-1,5694,5731,5696,-1,5696,5731,5729,-1,5696,5729,5698,-1,5698,5729,5727,-1,5698,5727,5561,-1,5561,5727,5641,-1,5561,5641,5567,-1,5567,5641,5640,-1,5643,5547,5644,-1,5644,5547,5549,-1,5644,5549,5737,-1,5738,5568,5645,-1,5645,5568,5546,-1,5645,5546,5657,-1,5738,5645,5644,-1,5739,5740,5741,-1,5644,5737,5738,-1,5738,5737,5742,-1,5738,5742,5743,-1,5743,5744,5738,-1,5738,5744,5745,-1,5738,5745,5746,-1,5746,5745,5747,-1,5748,5749,5750,-1,5741,5740,5745,-1,5745,5740,5751,-1,5745,5751,5747,-1,5739,5741,5749,-1,5749,5741,5752,-1,5749,5752,5750,-1,5748,5750,5753,-1,5753,5750,5754,-1,5753,5754,5755,-1,5756,5757,5758,-1,5757,5756,5759,-1,5759,5756,5760,-1,5759,5760,5761,-1,5762,5763,5764,-1,5758,5765,5756,-1,5756,5765,5762,-1,5756,5762,5766,-1,5766,5762,5764,-1,5767,5768,5769,-1,5760,5770,5761,-1,5761,5770,5767,-1,5761,5767,5771,-1,5771,5767,5769,-1,5772,5773,5774,-1,5772,5774,5775,-1,5775,5774,5776,-1,5775,5776,5777,-1,5777,5776,5757,-1,5777,5757,5759,-1,5778,5604,5606,-1,5773,5772,5779,-1,5779,5772,5778,-1,5779,5778,5780,-1,5780,5778,5781,-1,5606,5782,5778,-1,5778,5782,5783,-1,5778,5783,5781,-1,5608,5603,5778,-1,5778,5603,5604,-1,5605,5591,5784,-1,5784,5591,5590,-1,5785,5786,5784,-1,5784,5786,5787,-1,5787,5788,5784,-1,5784,5788,5789,-1,5784,5789,5790,-1,5790,5791,5784,-1,5784,5791,5607,-1,5784,5607,5605,-1,5792,5793,5794,-1,5794,5793,5795,-1,5794,5795,5796,-1,5796,5795,5797,-1,5796,5797,5785,-1,5785,5797,5786,-1,5798,5793,5799,-1,5800,5801,5802,-1,5799,5793,5801,-1,5801,5793,5792,-1,5801,5792,5802,-1,5802,5803,5804,-1,5805,5799,5806,-1,5806,5799,5807,-1,5805,5808,5799,-1,5799,5808,5809,-1,5799,5809,5798,-1,5804,5810,5802,-1,5802,5810,5811,-1,5802,5811,5800,-1,5799,5801,5756,-1,5756,5801,5760,-1,5592,5609,5590,-1,5590,5609,5608,-1,5590,5608,5784,-1,5784,5608,5778,-1,5784,5778,5785,-1,5785,5778,5772,-1,5785,5772,5796,-1,5796,5772,5775,-1,5796,5775,5794,-1,5794,5775,5777,-1,5794,5777,5792,-1,5792,5777,5759,-1,5792,5759,5802,-1,5802,5759,5761,-1,5812,5685,5671,-1,5671,5685,5672,-1,5813,5814,5812,-1,5812,5814,5815,-1,5815,5816,5812,-1,5812,5816,5817,-1,5812,5817,5818,-1,5818,5819,5812,-1,5812,5819,5683,-1,5812,5683,5685,-1,5820,5821,5822,-1,5820,5822,5823,-1,5823,5822,5824,-1,5823,5824,5825,-1,5825,5824,5814,-1,5825,5814,5813,-1,5821,5820,5826,-1,5826,5820,5827,-1,5828,5829,5827,-1,5827,5829,5830,-1,5827,5830,5831,-1,5832,5833,5834,-1,5834,5833,5835,-1,5834,5835,5836,-1,5831,5837,5827,-1,5827,5837,5838,-1,5827,5838,5826,-1,5826,5838,5833,-1,5826,5833,5839,-1,5839,5833,5832,-1,5840,5841,5838,-1,5838,5841,5833,-1,5841,5840,5842,-1,5842,5840,5843,-1,5844,5845,5846,-1,5846,5845,5841,-1,5846,5841,5847,-1,5843,5848,5842,-1,5842,5848,5849,-1,5842,5849,5850,-1,5850,5849,5851,-1,5852,5853,5842,-1,5842,5853,5854,-1,5842,5854,5841,-1,5841,5854,5855,-1,5841,5855,5847,-1,5856,5857,5858,-1,5858,5857,5859,-1,5858,5859,5860,-1,5860,5859,5861,-1,5860,5861,5852,-1,5852,5861,5853,-1,5862,5686,5684,-1,5857,5856,5863,-1,5863,5856,5862,-1,5863,5862,5864,-1,5864,5862,5865,-1,5684,5866,5862,-1,5862,5866,5867,-1,5862,5867,5865,-1,5525,5686,5523,-1,5523,5686,5862,-1,5670,5524,5671,-1,5671,5524,5523,-1,5671,5523,5812,-1,5812,5523,5862,-1,5812,5862,5813,-1,5813,5862,5856,-1,5813,5856,5825,-1,5825,5856,5858,-1,5825,5858,5823,-1,5823,5858,5860,-1,5823,5860,5820,-1,5820,5860,5852,-1,5820,5852,5827,-1,5827,5852,5842,-1,5863,5815,5857,-1,5857,5815,5814,-1,5857,5814,5859,-1,5859,5814,5824,-1,5859,5824,5861,-1,5861,5824,5822,-1,5861,5822,5853,-1,5853,5822,5821,-1,5853,5821,5854,-1,5854,5821,5826,-1,5818,5817,5867,-1,5867,5817,5865,-1,5790,5789,5783,-1,5783,5789,5781,-1,5798,5758,5793,-1,5793,5758,5757,-1,5793,5757,5795,-1,5795,5757,5776,-1,5795,5776,5797,-1,5797,5776,5774,-1,5797,5774,5786,-1,5786,5774,5773,-1,5786,5773,5787,-1,5787,5773,5779,-1,5723,5706,5705,-1,5723,5705,5721,-1,5721,5705,5707,-1,5721,5707,5722,-1,5722,5707,5710,-1,5722,5710,5726,-1,5726,5710,5704,-1,5726,5704,5719,-1,5719,5704,5703,-1,5719,5703,5720,-1,5720,5703,5700,-1,5720,5700,5712,-1,5706,5723,5724,-1,5706,5724,5708,-1,5708,5724,5725,-1,5708,5725,5709,-1,5709,5725,5718,-1,5709,5718,5711,-1,5711,5718,5717,-1,5711,5717,5702,-1,5702,5717,5716,-1,5702,5716,5701,-1,5701,5716,5715,-1,5701,5715,5699,-1,5613,5588,5601,-1,5613,5601,5618,-1,5618,5601,5600,-1,5618,5600,5619,-1,5619,5600,5599,-1,5619,5599,5614,-1,5614,5599,5598,-1,5614,5598,5615,-1,5615,5598,5597,-1,5615,5597,5621,-1,5621,5597,5595,-1,5621,5595,5602,-1,5505,5504,5677,-1,5505,5677,5534,-1,5534,5677,5682,-1,5534,5682,5535,-1,5535,5682,5681,-1,5535,5681,5530,-1,5530,5681,5680,-1,5530,5680,5531,-1,5531,5680,5679,-1,5531,5679,5532,-1,5532,5679,5673,-1,5532,5673,5527,-1,5569,5658,5555,-1,5555,5658,5647,-1,5555,5647,5556,-1,5556,5647,5649,-1,5556,5649,5552,-1,5552,5649,5651,-1,5552,5651,5553,-1,5553,5651,5653,-1,5553,5653,5566,-1,5566,5653,5634,-1,5566,5634,5559,-1,5559,5634,5655,-1,5520,5521,5661,-1,5661,5521,5558,-1,5661,5558,5662,-1,5662,5558,5562,-1,5662,5562,5635,-1,5635,5562,5541,-1,5635,5541,5636,-1,5636,5541,5554,-1,5636,5554,5654,-1,5654,5554,5551,-1,5654,5551,5640,-1,5640,5551,5567,-1,5483,5482,5538,-1,5538,5482,5652,-1,5538,5652,5542,-1,5542,5652,5650,-1,5542,5650,5543,-1,5543,5650,5648,-1,5543,5648,5544,-1,5544,5648,5646,-1,5544,5646,5545,-1,5545,5646,5637,-1,5545,5637,5546,-1,5546,5637,5657,-1,5495,5494,5659,-1,5659,5494,5564,-1,5659,5564,5660,-1,5660,5564,5563,-1,5660,5563,5638,-1,5638,5563,5557,-1,5638,5557,5639,-1,5639,5557,5540,-1,5639,5540,5656,-1,5656,5540,5539,-1,5656,5539,5643,-1,5643,5539,5547,-1,5737,5549,5548,-1,5737,5548,5742,-1,5742,5548,5578,-1,5742,5578,5743,-1,5743,5578,5577,-1,5743,5577,5744,-1,5576,5741,5577,-1,5577,5741,5745,-1,5577,5745,5744,-1,5575,5574,5755,-1,5755,5754,5575,-1,5575,5754,5750,-1,5575,5750,5576,-1,5576,5750,5752,-1,5576,5752,5741,-1,5755,5574,5753,-1,5753,5574,5571,-1,5753,5571,5748,-1,5748,5571,5749,-1,5749,5571,5572,-1,5749,5572,5739,-1,5739,5572,5740,-1,5740,5572,5573,-1,5740,5573,5751,-1,5751,5573,5550,-1,5751,5550,5747,-1,5747,5550,5565,-1,5747,5565,5746,-1,5746,5565,5568,-1,5746,5568,5738,-1,5833,5841,5845,-1,5833,5845,5835,-1,5835,5845,5844,-1,5835,5844,5836,-1,5836,5844,5846,-1,5836,5846,5834,-1,5834,5846,5847,-1,5834,5847,5832,-1,5832,5847,5855,-1,5832,5855,5839,-1,5839,5855,5854,-1,5839,5854,5826,-1,5827,5842,5850,-1,5827,5850,5828,-1,5828,5850,5851,-1,5828,5851,5829,-1,5829,5851,5849,-1,5829,5849,5830,-1,5830,5849,5848,-1,5830,5848,5831,-1,5831,5848,5843,-1,5831,5843,5837,-1,5837,5843,5840,-1,5837,5840,5838,-1,5802,5761,5771,-1,5802,5771,5803,-1,5803,5771,5769,-1,5803,5769,5804,-1,5804,5769,5768,-1,5804,5768,5810,-1,5810,5768,5767,-1,5810,5767,5811,-1,5811,5767,5770,-1,5811,5770,5800,-1,5800,5770,5760,-1,5800,5760,5801,-1,5799,5756,5766,-1,5799,5766,5807,-1,5807,5766,5764,-1,5807,5764,5806,-1,5806,5764,5763,-1,5806,5763,5805,-1,5805,5763,5762,-1,5805,5762,5808,-1,5808,5762,5765,-1,5808,5765,5809,-1,5809,5765,5758,-1,5809,5758,5798,-1,5628,5492,5625,-1,5625,5492,5491,-1,5628,5630,5492,-1,5492,5630,5632,-1,5492,5632,5580,-1,5580,5632,5633,-1,5609,5592,5610,-1,5610,5592,5593,-1,5610,5593,5620,-1,5620,5593,5594,-1,5620,5594,5616,-1,5616,5594,5596,-1,5616,5596,5617,-1,5617,5596,5589,-1,5617,5589,5611,-1,5611,5589,5582,-1,5611,5582,5633,-1,5633,5582,5868,-1,5633,5868,5580,-1,5668,5667,5479,-1,5479,5667,5666,-1,5479,5666,5480,-1,5524,5670,5526,-1,5526,5670,5678,-1,5526,5678,5528,-1,5528,5678,5675,-1,5528,5675,5529,-1,5529,5675,5674,-1,5529,5674,5533,-1,5533,5674,5676,-1,5533,5676,5522,-1,5522,5676,5665,-1,5522,5665,5536,-1,5536,5665,5664,-1,5536,5664,5537,-1,5537,5664,5663,-1,5537,5663,5479,-1,5479,5663,5669,-1,5479,5669,5668,-1,5787,5779,5780,-1,5787,5780,5788,-1,5788,5780,5781,-1,5788,5781,5789,-1,5790,5783,5782,-1,5790,5782,5791,-1,5791,5782,5606,-1,5791,5606,5607,-1,5815,5863,5864,-1,5815,5864,5816,-1,5816,5864,5865,-1,5816,5865,5817,-1,5818,5867,5866,-1,5818,5866,5819,-1,5819,5866,5684,-1,5819,5684,5683,-1,5869,5870,5871,-1,5872,5873,5874,-1,5874,5873,5875,-1,5874,5875,5876,-1,5876,5875,5877,-1,5876,5877,5878,-1,5877,5879,5878,-1,5878,5879,5880,-1,5878,5880,5871,-1,5871,5880,5881,-1,5871,5881,5869,-1,5882,5883,5884,-1,5885,5886,5887,-1,5887,5886,5888,-1,5887,5888,5889,-1,5889,5888,5890,-1,5889,5890,5891,-1,5891,5890,5892,-1,5891,5892,5893,-1,5893,5892,5882,-1,5893,5882,5894,-1,5894,5882,5884,-1,5895,5896,5897,-1,5897,5896,5898,-1,5897,5898,5899,-1,5899,5898,5900,-1,5899,5900,5901,-1,5901,5900,5902,-1,5901,5902,5903,-1,5903,5902,5904,-1,5903,5904,5905,-1,5905,5904,5906,-1,5905,5906,5907,-1,5907,5906,5908,-1,5907,5908,5909,-1,5909,5908,5910,-1,5909,5910,5911,-1,5911,5910,5912,-1,5913,5898,5896,-1,5914,5915,5916,-1,5916,5915,5917,-1,5916,5917,5918,-1,5918,5917,5919,-1,5918,5919,5920,-1,5921,5922,5920,-1,5920,5922,5923,-1,5920,5923,5918,-1,5913,5896,5924,-1,5924,5896,5925,-1,5924,5925,5920,-1,5920,5925,5926,-1,5920,5926,5921,-1,5900,5881,5902,-1,5902,5881,5880,-1,5902,5880,5904,-1,5904,5880,5879,-1,5904,5879,5906,-1,5906,5879,5877,-1,5906,5877,5908,-1,5908,5877,5875,-1,5908,5875,5910,-1,5898,5913,5927,-1,5927,5928,5898,-1,5898,5928,5870,-1,5898,5870,5900,-1,5900,5870,5869,-1,5900,5869,5881,-1,5929,5930,5931,-1,5932,5933,5930,-1,5930,5933,5934,-1,5935,5936,5937,-1,5937,5936,5938,-1,5912,5910,5875,-1,5885,5887,5939,-1,5929,5931,5940,-1,5940,5931,5941,-1,5940,5941,5942,-1,5942,5941,5943,-1,5942,5943,5937,-1,5944,5945,5946,-1,5934,5947,5930,-1,5930,5947,5948,-1,5930,5948,5931,-1,5931,5948,5912,-1,5931,5912,5873,-1,5873,5912,5875,-1,5938,5949,5937,-1,5937,5949,5950,-1,5937,5950,5942,-1,5942,5950,5885,-1,5942,5885,5951,-1,5951,5885,5939,-1,5937,5952,5935,-1,5935,5952,5953,-1,5935,5953,5954,-1,5954,5953,5955,-1,5930,5956,5932,-1,5932,5956,5944,-1,5932,5944,5957,-1,5957,5944,5946,-1,5953,5958,5955,-1,5955,5958,5959,-1,5955,5959,5960,-1,5960,5959,5961,-1,5962,5963,5964,-1,5961,5965,5960,-1,5960,5965,5966,-1,5960,5966,5967,-1,5967,5966,5968,-1,5962,5964,5966,-1,5966,5964,5969,-1,5966,5969,5968,-1,5884,5883,5970,-1,5883,5971,5970,-1,5970,5971,5972,-1,5970,5972,5973,-1,5970,5974,5884,-1,5884,5974,5975,-1,5884,5975,5894,-1,5894,5975,5976,-1,5894,5976,5893,-1,5893,5976,5977,-1,5893,5977,5891,-1,5891,5977,5978,-1,5891,5978,5889,-1,5889,5978,5939,-1,5889,5939,5887,-1,5970,5973,5979,-1,5979,5973,5980,-1,5981,5982,5983,-1,5983,5982,5984,-1,5984,5982,5985,-1,5985,5982,5986,-1,5985,5986,5987,-1,5987,5986,5988,-1,5987,5988,5989,-1,5989,5990,5987,-1,5987,5990,5991,-1,5987,5991,5980,-1,5980,5991,5992,-1,5980,5992,5979,-1,5993,5986,5994,-1,5994,5986,5982,-1,5994,5982,5995,-1,5995,5982,5996,-1,5995,5996,5997,-1,5997,5996,5998,-1,5999,6000,5994,-1,5994,6000,6001,-1,5994,6001,5993,-1,6002,6003,6004,-1,6005,6006,6007,-1,6002,6004,6008,-1,6008,6004,6009,-1,6008,6009,6007,-1,6007,6009,6010,-1,6007,6010,6005,-1,6001,6011,5993,-1,5993,6011,6007,-1,5993,6007,6012,-1,6012,6007,6006,-1,5888,6013,5890,-1,5890,6013,6014,-1,5890,6014,5892,-1,5892,6014,6015,-1,5892,6015,5882,-1,5882,6015,6016,-1,6015,6017,6016,-1,6016,6017,6018,-1,6016,6018,6019,-1,6019,6018,6020,-1,6019,6020,6021,-1,6021,6020,6022,-1,6021,6022,6023,-1,6023,6022,6024,-1,6024,6022,6003,-1,6024,6003,6002,-1,6025,6026,6027,-1,6027,6026,6028,-1,6029,6030,6031,-1,6031,6030,6032,-1,6033,6031,6034,-1,6033,6034,6035,-1,6035,6034,6036,-1,6035,6036,6037,-1,6037,6036,6038,-1,6037,6038,6027,-1,6039,6040,6041,-1,6041,6040,6042,-1,6041,6042,6028,-1,6028,6042,6043,-1,6028,6043,6027,-1,6013,5888,6044,-1,6044,5888,5886,-1,6044,5886,6033,-1,6033,5886,6045,-1,6033,6045,6031,-1,6031,6045,6046,-1,6031,6046,6029,-1,5874,5909,5872,-1,5872,5909,5911,-1,5872,5911,6038,-1,6038,5911,6047,-1,6038,6047,6027,-1,6027,6047,6048,-1,6027,6048,6025,-1,6049,6050,6051,-1,6051,6050,6052,-1,6051,6052,6032,-1,6032,6052,6053,-1,6032,6053,6031,-1,5899,6054,5897,-1,5897,6054,6055,-1,5897,6055,6056,-1,5901,5903,6057,-1,6057,6058,5901,-1,5901,6058,6059,-1,5901,6059,5899,-1,5899,6059,6060,-1,5899,6060,6054,-1,5909,5874,5907,-1,5907,5874,5876,-1,5907,5876,5905,-1,5905,5876,5878,-1,5905,5878,5903,-1,5903,5878,5871,-1,5903,5871,6057,-1,6061,6062,6063,-1,6064,6065,6066,-1,5897,6056,5895,-1,5895,6056,6067,-1,5895,6067,6068,-1,6064,6066,6063,-1,6063,6066,6069,-1,6063,6069,6061,-1,6065,6064,6067,-1,6067,6064,6070,-1,6067,6070,6071,-1,6071,6072,6067,-1,6067,6072,6073,-1,6067,6073,6068,-1,6074,6075,6076,-1,6076,6075,6077,-1,6076,6077,6063,-1,6063,6077,5916,-1,6063,5916,6064,-1,6064,5916,5918,-1,5979,6004,5970,-1,5970,6004,6003,-1,5970,6003,5974,-1,5974,6003,6022,-1,5974,6022,5975,-1,5975,6022,6020,-1,5975,6020,5976,-1,6044,5951,6013,-1,6013,5951,5939,-1,6013,5939,6014,-1,6014,5939,5978,-1,6014,5978,6015,-1,6015,5978,5977,-1,6015,5977,6017,-1,6017,5977,5976,-1,6017,5976,6018,-1,6018,5976,6020,-1,6078,6079,6080,-1,6080,6079,6081,-1,6080,6081,6082,-1,6082,6081,6083,-1,6082,6083,6084,-1,6084,6083,6085,-1,6084,6085,6086,-1,6086,6085,6087,-1,6086,6087,6088,-1,6088,6087,6089,-1,6088,6089,5945,-1,5945,6089,5946,-1,6090,6091,6092,-1,6079,6078,6093,-1,6093,6078,6094,-1,6093,6094,6092,-1,6092,6094,6095,-1,6092,6095,6090,-1,6096,6097,6098,-1,6099,6100,6091,-1,6091,6100,6101,-1,6091,6101,6092,-1,6099,6091,6098,-1,6098,6091,6102,-1,6098,6102,6096,-1,6103,6104,6105,-1,6105,6106,6103,-1,6103,6106,6107,-1,6103,6107,6108,-1,6108,6107,6109,-1,6110,6111,6112,-1,6112,6111,6113,-1,6109,6107,6112,-1,6112,6107,6114,-1,6112,6114,6110,-1,6115,6116,6113,-1,6113,6116,6117,-1,6113,6117,6112,-1,6040,6039,6118,-1,6040,6118,6119,-1,6119,6118,6120,-1,6119,6120,6121,-1,6121,6120,6122,-1,6121,6122,6123,-1,6123,6122,6124,-1,6123,6124,6125,-1,6125,6124,6126,-1,6125,6126,6127,-1,6127,6126,6105,-1,6127,6105,6104,-1,5944,6042,5945,-1,5945,6042,6040,-1,5945,6040,6088,-1,6088,6040,6119,-1,6088,6119,6086,-1,6086,6119,6121,-1,6086,6121,6084,-1,6084,6121,6123,-1,6084,6123,6082,-1,6082,6123,6125,-1,6082,6125,6080,-1,6080,6125,6127,-1,6080,6127,6078,-1,6078,6127,6104,-1,6078,6104,6094,-1,6094,6104,6103,-1,6093,6106,6079,-1,6079,6106,6105,-1,6079,6105,6081,-1,6081,6105,6126,-1,6081,6126,6083,-1,6083,6126,6124,-1,6083,6124,6085,-1,6085,6124,6122,-1,6085,6122,6087,-1,6087,6122,6120,-1,6087,6120,6089,-1,6089,6120,6118,-1,6089,6118,5946,-1,5946,6118,6039,-1,5946,6039,5957,-1,5957,6039,6041,-1,6051,5954,6049,-1,6049,5954,5955,-1,6049,5955,6128,-1,6129,5958,6050,-1,6050,5958,5953,-1,6050,5953,6052,-1,6129,6050,6049,-1,6049,6128,6129,-1,6129,6128,6130,-1,6129,6130,6131,-1,6131,6132,6129,-1,6129,6132,6133,-1,6129,6133,6134,-1,6134,6133,6135,-1,6136,6137,6138,-1,6138,6137,6139,-1,6138,6139,6133,-1,6133,6139,6140,-1,6133,6140,6135,-1,6138,6141,6136,-1,6136,6141,6142,-1,6136,6142,6143,-1,6143,6142,6144,-1,6143,6144,6145,-1,6145,6144,6146,-1,6147,6148,6149,-1,6148,6147,6150,-1,6150,6147,6151,-1,6150,6151,6152,-1,6149,6153,6147,-1,6147,6153,6154,-1,6147,6154,6155,-1,6155,6154,6156,-1,6155,6156,6157,-1,6158,6151,6159,-1,6159,6151,6160,-1,6158,6161,6151,-1,6151,6161,6162,-1,6151,6162,6152,-1,6163,6164,6165,-1,6163,6165,6166,-1,6166,6165,6167,-1,6166,6167,6168,-1,6168,6167,6148,-1,6168,6148,6150,-1,6169,5995,5997,-1,6164,6163,6170,-1,6170,6163,6169,-1,6170,6169,6171,-1,6171,6169,6172,-1,5997,6173,6169,-1,6169,6173,6174,-1,6169,6174,6172,-1,5999,5994,6169,-1,6169,5994,5995,-1,5996,5982,6175,-1,6175,5982,5981,-1,6176,6177,6175,-1,6175,6177,6178,-1,6178,6179,6175,-1,6175,6179,6180,-1,6175,6180,6181,-1,6181,6182,6175,-1,6175,6182,5998,-1,6175,5998,5996,-1,6183,6184,6185,-1,6185,6184,6186,-1,6185,6186,6187,-1,6187,6186,6188,-1,6187,6188,6176,-1,6176,6188,6177,-1,6183,6189,6184,-1,6184,6189,6190,-1,6184,6190,6191,-1,6191,6190,6192,-1,6191,6192,6193,-1,6193,6194,6191,-1,6191,6194,6195,-1,6191,6195,6196,-1,6183,6197,6189,-1,6189,6197,6198,-1,6189,6198,6199,-1,6199,6200,6189,-1,6189,6200,6201,-1,6189,6201,6202,-1,6190,6189,6147,-1,6147,6189,6151,-1,5983,6000,5981,-1,5981,6000,5999,-1,5981,5999,6175,-1,6175,5999,6169,-1,6175,6169,6176,-1,6176,6169,6163,-1,6176,6163,6187,-1,6187,6163,6166,-1,6187,6166,6185,-1,6185,6166,6168,-1,6185,6168,6183,-1,6183,6168,6150,-1,6183,6150,6197,-1,6197,6150,6152,-1,6203,6076,6062,-1,6062,6076,6063,-1,6204,6205,6203,-1,6203,6205,6206,-1,6206,6207,6203,-1,6203,6207,6208,-1,6203,6208,6209,-1,6209,6210,6203,-1,6203,6210,6074,-1,6203,6074,6076,-1,6211,6212,6213,-1,6211,6213,6214,-1,6214,6213,6215,-1,6214,6215,6216,-1,6216,6215,6205,-1,6216,6205,6204,-1,6212,6211,6217,-1,6217,6211,6218,-1,6219,6220,6218,-1,6221,6222,6223,-1,6218,6220,6217,-1,6217,6220,6224,-1,6217,6224,6225,-1,6225,6226,6217,-1,6217,6226,6227,-1,6217,6227,6228,-1,6228,6227,6229,-1,6219,6218,6223,-1,6223,6218,6230,-1,6223,6230,6221,-1,6231,6232,6220,-1,6220,6232,6224,-1,6233,6234,6235,-1,6235,6234,6236,-1,6237,6238,6239,-1,6231,6235,6232,-1,6232,6235,6236,-1,6232,6236,6240,-1,6240,6236,6241,-1,6231,6242,6235,-1,6235,6242,6237,-1,6235,6237,6243,-1,6243,6237,6239,-1,6244,6245,6236,-1,6236,6245,6246,-1,6236,6246,6241,-1,6247,6248,6249,-1,6249,6248,6250,-1,6249,6250,6251,-1,6251,6250,6252,-1,6251,6252,6233,-1,6233,6252,6234,-1,6253,6077,6075,-1,6248,6247,6254,-1,6254,6247,6253,-1,6254,6253,6255,-1,6255,6253,6256,-1,6075,6257,6253,-1,6253,6257,6258,-1,6253,6258,6256,-1,5916,6077,5914,-1,5914,6077,6253,-1,6235,6218,6233,-1,6233,6218,6211,-1,6233,6211,6251,-1,6251,6211,6214,-1,6251,6214,6249,-1,6249,6214,6216,-1,6249,6216,6247,-1,6247,6216,6204,-1,6247,6204,6253,-1,6253,6204,6203,-1,6253,6203,5914,-1,5914,6203,6062,-1,5914,6062,5915,-1,5915,6062,6061,-1,6254,6206,6248,-1,6248,6206,6205,-1,6248,6205,6250,-1,6250,6205,6215,-1,6250,6215,6252,-1,6252,6215,6213,-1,6252,6213,6234,-1,6234,6213,6212,-1,6234,6212,6236,-1,6236,6212,6217,-1,6209,6208,6258,-1,6258,6208,6256,-1,6181,6180,6174,-1,6174,6180,6172,-1,6191,6149,6184,-1,6184,6149,6148,-1,6184,6148,6186,-1,6186,6148,6167,-1,6186,6167,6188,-1,6188,6167,6165,-1,6188,6165,6177,-1,6177,6165,6164,-1,6177,6164,6178,-1,6178,6164,6170,-1,6115,6097,6096,-1,6115,6096,6116,-1,6116,6096,6102,-1,6116,6102,6117,-1,6117,6102,6091,-1,6117,6091,6112,-1,6112,6091,6090,-1,6112,6090,6109,-1,6109,6090,6095,-1,6109,6095,6108,-1,6108,6095,6094,-1,6108,6094,6103,-1,6097,6115,6113,-1,6097,6113,6098,-1,6098,6113,6111,-1,6098,6111,6099,-1,6099,6111,6110,-1,6099,6110,6100,-1,6100,6110,6114,-1,6100,6114,6101,-1,6101,6114,6107,-1,6101,6107,6092,-1,6092,6107,6106,-1,6092,6106,6093,-1,6004,5979,5992,-1,6004,5992,6009,-1,6009,5992,5991,-1,6009,5991,6010,-1,6010,5991,5990,-1,6010,5990,6005,-1,6005,5990,5989,-1,6005,5989,6006,-1,6006,5989,5988,-1,6006,5988,6012,-1,6012,5988,5986,-1,6012,5986,5993,-1,5896,5895,6068,-1,5896,6068,5925,-1,5925,6068,6073,-1,5925,6073,5926,-1,5926,6073,6072,-1,5926,6072,5921,-1,5921,6072,6071,-1,5921,6071,5922,-1,5922,6071,6070,-1,5922,6070,5923,-1,5923,6070,6064,-1,5923,6064,5918,-1,5951,6044,5942,-1,5942,6044,6033,-1,5942,6033,5940,-1,5940,6033,6035,-1,5940,6035,5929,-1,5929,6035,6037,-1,5929,6037,5930,-1,5930,6037,6027,-1,5930,6027,5956,-1,5956,6027,6043,-1,5956,6043,5944,-1,5944,6043,6042,-1,5911,5912,6047,-1,6047,5912,5948,-1,6047,5948,6048,-1,6048,5948,5947,-1,6048,5947,6025,-1,6025,5947,5934,-1,6025,5934,6026,-1,6026,5934,5933,-1,6026,5933,6028,-1,6028,5933,5932,-1,6028,5932,6041,-1,6041,5932,5957,-1,5873,5872,5931,-1,5931,5872,6038,-1,5931,6038,5941,-1,5941,6038,6036,-1,5941,6036,5943,-1,5943,6036,6034,-1,5943,6034,5937,-1,5937,6034,6031,-1,5937,6031,5952,-1,5952,6031,6053,-1,5952,6053,5953,-1,5953,6053,6052,-1,5886,5885,6045,-1,6045,5885,5950,-1,6045,5950,6046,-1,6046,5950,5949,-1,6046,5949,6029,-1,6029,5949,5938,-1,6029,5938,6030,-1,6030,5938,5936,-1,6030,5936,6032,-1,6032,5936,5935,-1,6032,5935,6051,-1,6051,5935,5954,-1,6128,5955,5960,-1,6128,5960,6130,-1,6130,5960,5967,-1,6130,5967,6131,-1,6131,5967,5968,-1,6131,5968,6132,-1,5969,6138,5968,-1,5968,6138,6133,-1,5968,6133,6132,-1,5964,5963,6146,-1,6146,6144,5964,-1,5964,6144,6142,-1,5964,6142,5969,-1,5969,6142,6141,-1,5969,6141,6138,-1,6146,5963,6145,-1,6145,5963,5962,-1,6145,5962,6143,-1,6143,5962,6136,-1,6136,5962,5966,-1,6136,5966,6137,-1,6137,5966,6139,-1,6139,5966,5965,-1,6139,5965,6140,-1,6140,5965,5961,-1,6140,5961,6135,-1,6135,5961,5959,-1,6135,5959,6134,-1,6134,5959,5958,-1,6134,5958,6129,-1,6224,6232,6240,-1,6224,6240,6225,-1,6225,6240,6241,-1,6225,6241,6226,-1,6226,6241,6246,-1,6226,6246,6227,-1,6227,6246,6245,-1,6227,6245,6229,-1,6229,6245,6244,-1,6229,6244,6228,-1,6228,6244,6236,-1,6228,6236,6217,-1,6218,6235,6243,-1,6218,6243,6230,-1,6230,6243,6239,-1,6230,6239,6221,-1,6221,6239,6238,-1,6221,6238,6222,-1,6222,6238,6237,-1,6222,6237,6223,-1,6223,6237,6242,-1,6223,6242,6219,-1,6219,6242,6231,-1,6219,6231,6220,-1,6197,6152,6162,-1,6197,6162,6198,-1,6198,6162,6161,-1,6198,6161,6199,-1,6199,6161,6158,-1,6199,6158,6200,-1,6200,6158,6159,-1,6200,6159,6201,-1,6201,6159,6160,-1,6201,6160,6202,-1,6202,6160,6151,-1,6202,6151,6189,-1,6190,6147,6155,-1,6190,6155,6192,-1,6192,6155,6157,-1,6192,6157,6193,-1,6193,6157,6156,-1,6193,6156,6194,-1,6194,6156,6154,-1,6194,6154,6195,-1,6195,6154,6153,-1,6195,6153,6196,-1,6196,6153,6149,-1,6196,6149,6191,-1,6019,5883,6016,-1,6016,5883,5882,-1,6019,6021,5883,-1,5883,6021,6023,-1,5883,6023,5971,-1,5971,6023,6024,-1,6000,5983,6001,-1,6001,5983,5984,-1,6001,5984,6011,-1,6011,5984,5985,-1,6011,5985,6007,-1,6007,5985,5987,-1,6007,5987,6008,-1,6008,5987,5980,-1,6008,5980,6002,-1,6002,5980,5973,-1,6002,5973,6024,-1,6024,5973,6259,-1,6024,6259,5971,-1,6059,6058,5870,-1,5870,6058,6057,-1,5870,6057,5871,-1,5915,6061,5917,-1,5917,6061,6069,-1,5917,6069,5919,-1,5919,6069,6066,-1,5919,6066,5920,-1,5920,6066,6065,-1,5920,6065,5924,-1,5924,6065,6067,-1,5924,6067,5913,-1,5913,6067,6056,-1,5913,6056,5927,-1,5927,6056,6055,-1,5927,6055,5928,-1,5928,6055,6054,-1,5928,6054,5870,-1,5870,6054,6060,-1,5870,6060,6059,-1,6178,6170,6171,-1,6178,6171,6179,-1,6179,6171,6172,-1,6179,6172,6180,-1,6181,6174,6173,-1,6181,6173,6182,-1,6182,6173,5997,-1,6182,5997,5998,-1,6206,6254,6255,-1,6206,6255,6207,-1,6207,6255,6256,-1,6207,6256,6208,-1,6209,6258,6257,-1,6209,6257,6210,-1,6210,6257,6075,-1,6210,6075,6074,-1,6260,6261,6262,-1,6263,6264,6265,-1,6265,6264,6266,-1,6265,6266,6267,-1,6267,6266,6268,-1,6267,6268,6269,-1,6268,6270,6269,-1,6269,6270,6271,-1,6269,6271,6262,-1,6262,6271,6272,-1,6262,6272,6260,-1,6273,6274,6275,-1,6276,6277,6278,-1,6278,6277,6279,-1,6278,6279,6280,-1,6280,6279,6281,-1,6280,6281,6282,-1,6282,6281,6283,-1,6282,6283,6284,-1,6284,6283,6273,-1,6284,6273,6285,-1,6285,6273,6275,-1,6286,6287,6288,-1,6288,6287,6289,-1,6288,6289,6290,-1,6290,6289,6291,-1,6290,6291,6292,-1,6292,6291,6293,-1,6292,6293,6294,-1,6294,6293,6295,-1,6294,6295,6296,-1,6296,6295,6297,-1,6296,6297,6298,-1,6298,6297,6299,-1,6298,6299,6300,-1,6300,6299,6301,-1,6300,6301,6302,-1,6302,6301,6303,-1,6304,6289,6287,-1,6305,6306,6307,-1,6307,6306,6308,-1,6307,6308,6309,-1,6309,6308,6310,-1,6309,6310,6311,-1,6312,6313,6311,-1,6311,6313,6314,-1,6311,6314,6309,-1,6304,6287,6315,-1,6315,6287,6316,-1,6315,6316,6311,-1,6311,6316,6317,-1,6311,6317,6312,-1,6291,6272,6293,-1,6293,6272,6271,-1,6293,6271,6295,-1,6295,6271,6270,-1,6295,6270,6297,-1,6297,6270,6268,-1,6297,6268,6299,-1,6299,6268,6266,-1,6299,6266,6301,-1,6289,6304,6318,-1,6318,6319,6289,-1,6289,6319,6261,-1,6289,6261,6291,-1,6291,6261,6260,-1,6291,6260,6272,-1,6320,6321,6322,-1,6323,6324,6321,-1,6321,6324,6325,-1,6326,6327,6328,-1,6328,6327,6329,-1,6303,6301,6266,-1,6276,6278,6330,-1,6320,6322,6331,-1,6331,6322,6332,-1,6331,6332,6333,-1,6333,6332,6334,-1,6333,6334,6328,-1,6335,6336,6337,-1,6325,6338,6321,-1,6321,6338,6339,-1,6321,6339,6322,-1,6322,6339,6303,-1,6322,6303,6264,-1,6264,6303,6266,-1,6329,6340,6328,-1,6328,6340,6341,-1,6328,6341,6333,-1,6333,6341,6276,-1,6333,6276,6342,-1,6342,6276,6330,-1,6328,6343,6326,-1,6326,6343,6344,-1,6326,6344,6345,-1,6345,6344,6346,-1,6321,6347,6323,-1,6323,6347,6335,-1,6323,6335,6348,-1,6348,6335,6337,-1,6344,6349,6346,-1,6346,6349,6350,-1,6346,6350,6351,-1,6351,6350,6352,-1,6353,6354,6355,-1,6352,6356,6351,-1,6351,6356,6357,-1,6351,6357,6358,-1,6358,6357,6359,-1,6353,6355,6357,-1,6357,6355,6360,-1,6357,6360,6359,-1,6275,6274,6361,-1,6274,6362,6361,-1,6361,6362,6363,-1,6361,6363,6364,-1,6361,6365,6275,-1,6275,6365,6366,-1,6275,6366,6285,-1,6285,6366,6367,-1,6285,6367,6284,-1,6284,6367,6368,-1,6284,6368,6282,-1,6282,6368,6369,-1,6282,6369,6280,-1,6280,6369,6330,-1,6280,6330,6278,-1,6361,6364,6370,-1,6370,6364,6371,-1,6372,6373,6374,-1,6374,6373,6375,-1,6375,6373,6376,-1,6376,6373,6377,-1,6376,6377,6378,-1,6378,6377,6379,-1,6378,6379,6380,-1,6380,6381,6378,-1,6378,6381,6382,-1,6378,6382,6371,-1,6371,6382,6383,-1,6371,6383,6370,-1,6384,6377,6385,-1,6385,6377,6373,-1,6385,6373,6386,-1,6386,6373,6387,-1,6386,6387,6388,-1,6388,6387,6389,-1,6390,6391,6385,-1,6385,6391,6392,-1,6385,6392,6384,-1,6393,6394,6395,-1,6396,6397,6398,-1,6393,6395,6399,-1,6399,6395,6400,-1,6399,6400,6398,-1,6398,6400,6401,-1,6398,6401,6396,-1,6392,6402,6384,-1,6384,6402,6398,-1,6384,6398,6403,-1,6403,6398,6397,-1,6279,6404,6281,-1,6281,6404,6405,-1,6281,6405,6283,-1,6283,6405,6406,-1,6283,6406,6273,-1,6273,6406,6407,-1,6406,6408,6407,-1,6407,6408,6409,-1,6407,6409,6410,-1,6410,6409,6411,-1,6410,6411,6412,-1,6412,6411,6413,-1,6412,6413,6414,-1,6414,6413,6415,-1,6415,6413,6394,-1,6415,6394,6393,-1,6416,6417,6418,-1,6418,6417,6419,-1,6420,6421,6422,-1,6422,6421,6423,-1,6424,6422,6425,-1,6424,6425,6426,-1,6426,6425,6427,-1,6426,6427,6428,-1,6428,6427,6429,-1,6428,6429,6418,-1,6430,6431,6432,-1,6432,6431,6433,-1,6432,6433,6419,-1,6419,6433,6434,-1,6419,6434,6418,-1,6404,6279,6435,-1,6435,6279,6277,-1,6435,6277,6424,-1,6424,6277,6436,-1,6424,6436,6422,-1,6422,6436,6437,-1,6422,6437,6420,-1,6265,6300,6263,-1,6263,6300,6302,-1,6263,6302,6429,-1,6429,6302,6438,-1,6429,6438,6418,-1,6418,6438,6439,-1,6418,6439,6416,-1,6440,6441,6442,-1,6442,6441,6443,-1,6442,6443,6423,-1,6423,6443,6444,-1,6423,6444,6422,-1,6290,6445,6288,-1,6288,6445,6446,-1,6288,6446,6447,-1,6292,6294,6448,-1,6448,6449,6292,-1,6292,6449,6450,-1,6292,6450,6290,-1,6290,6450,6451,-1,6290,6451,6445,-1,6300,6265,6298,-1,6298,6265,6267,-1,6298,6267,6296,-1,6296,6267,6269,-1,6296,6269,6294,-1,6294,6269,6262,-1,6294,6262,6448,-1,6452,6453,6454,-1,6455,6456,6457,-1,6288,6447,6286,-1,6286,6447,6458,-1,6286,6458,6459,-1,6455,6457,6454,-1,6454,6457,6460,-1,6454,6460,6452,-1,6456,6455,6458,-1,6458,6455,6461,-1,6458,6461,6462,-1,6462,6463,6458,-1,6458,6463,6464,-1,6458,6464,6459,-1,6465,6466,6467,-1,6467,6466,6468,-1,6467,6468,6454,-1,6454,6468,6307,-1,6454,6307,6455,-1,6455,6307,6309,-1,6370,6395,6361,-1,6361,6395,6394,-1,6361,6394,6365,-1,6365,6394,6413,-1,6365,6413,6366,-1,6366,6413,6411,-1,6366,6411,6367,-1,6435,6342,6404,-1,6404,6342,6330,-1,6404,6330,6405,-1,6405,6330,6369,-1,6405,6369,6406,-1,6406,6369,6368,-1,6406,6368,6408,-1,6408,6368,6367,-1,6408,6367,6409,-1,6409,6367,6411,-1,6469,6470,6471,-1,6471,6470,6472,-1,6471,6472,6473,-1,6473,6472,6474,-1,6473,6474,6475,-1,6475,6474,6476,-1,6475,6476,6477,-1,6477,6476,6478,-1,6477,6478,6479,-1,6479,6478,6480,-1,6479,6480,6336,-1,6336,6480,6337,-1,6481,6482,6483,-1,6470,6469,6484,-1,6484,6469,6485,-1,6484,6485,6483,-1,6483,6485,6486,-1,6483,6486,6481,-1,6487,6488,6489,-1,6490,6491,6482,-1,6482,6491,6492,-1,6482,6492,6483,-1,6490,6482,6489,-1,6489,6482,6493,-1,6489,6493,6487,-1,6494,6495,6496,-1,6496,6497,6494,-1,6494,6497,6498,-1,6494,6498,6499,-1,6499,6498,6500,-1,6501,6502,6503,-1,6503,6502,6504,-1,6500,6498,6503,-1,6503,6498,6505,-1,6503,6505,6501,-1,6506,6507,6504,-1,6504,6507,6508,-1,6504,6508,6503,-1,6431,6430,6509,-1,6431,6509,6510,-1,6510,6509,6511,-1,6510,6511,6512,-1,6512,6511,6513,-1,6512,6513,6514,-1,6514,6513,6515,-1,6514,6515,6516,-1,6516,6515,6517,-1,6516,6517,6518,-1,6518,6517,6496,-1,6518,6496,6495,-1,6335,6433,6336,-1,6336,6433,6431,-1,6336,6431,6479,-1,6479,6431,6510,-1,6479,6510,6477,-1,6477,6510,6512,-1,6477,6512,6475,-1,6475,6512,6514,-1,6475,6514,6473,-1,6473,6514,6516,-1,6473,6516,6471,-1,6471,6516,6518,-1,6471,6518,6469,-1,6469,6518,6495,-1,6469,6495,6485,-1,6485,6495,6494,-1,6484,6497,6470,-1,6470,6497,6496,-1,6470,6496,6472,-1,6472,6496,6517,-1,6472,6517,6474,-1,6474,6517,6515,-1,6474,6515,6476,-1,6476,6515,6513,-1,6476,6513,6478,-1,6478,6513,6511,-1,6478,6511,6480,-1,6480,6511,6509,-1,6480,6509,6337,-1,6337,6509,6430,-1,6337,6430,6348,-1,6348,6430,6432,-1,6442,6345,6440,-1,6440,6345,6346,-1,6440,6346,6519,-1,6520,6349,6441,-1,6441,6349,6344,-1,6441,6344,6443,-1,6520,6441,6440,-1,6440,6519,6520,-1,6520,6519,6521,-1,6520,6521,6522,-1,6522,6523,6520,-1,6520,6523,6524,-1,6520,6524,6525,-1,6525,6524,6526,-1,6527,6528,6529,-1,6529,6528,6530,-1,6529,6530,6524,-1,6524,6530,6531,-1,6524,6531,6526,-1,6529,6532,6527,-1,6527,6532,6533,-1,6527,6533,6534,-1,6534,6533,6535,-1,6534,6535,6536,-1,6536,6535,6537,-1,6538,6539,6540,-1,6539,6538,6541,-1,6541,6538,6542,-1,6541,6542,6543,-1,6540,6544,6538,-1,6538,6544,6545,-1,6538,6545,6546,-1,6546,6545,6547,-1,6546,6547,6548,-1,6549,6542,6550,-1,6550,6542,6551,-1,6549,6552,6542,-1,6542,6552,6553,-1,6542,6553,6543,-1,6554,6555,6556,-1,6554,6556,6557,-1,6557,6556,6558,-1,6557,6558,6559,-1,6559,6558,6539,-1,6559,6539,6541,-1,6560,6386,6388,-1,6555,6554,6561,-1,6561,6554,6560,-1,6561,6560,6562,-1,6562,6560,6563,-1,6388,6564,6560,-1,6560,6564,6565,-1,6560,6565,6563,-1,6390,6385,6560,-1,6560,6385,6386,-1,6387,6373,6566,-1,6566,6373,6372,-1,6567,6568,6566,-1,6566,6568,6569,-1,6569,6570,6566,-1,6566,6570,6571,-1,6566,6571,6572,-1,6572,6573,6566,-1,6566,6573,6389,-1,6566,6389,6387,-1,6574,6575,6576,-1,6576,6575,6577,-1,6576,6577,6578,-1,6578,6577,6579,-1,6578,6579,6567,-1,6567,6579,6568,-1,6574,6580,6575,-1,6575,6580,6581,-1,6575,6581,6582,-1,6582,6581,6583,-1,6582,6583,6584,-1,6584,6585,6582,-1,6582,6585,6586,-1,6582,6586,6587,-1,6574,6588,6580,-1,6580,6588,6589,-1,6580,6589,6590,-1,6590,6591,6580,-1,6580,6591,6592,-1,6580,6592,6593,-1,6581,6580,6538,-1,6538,6580,6542,-1,6374,6391,6372,-1,6372,6391,6390,-1,6372,6390,6566,-1,6566,6390,6560,-1,6566,6560,6567,-1,6567,6560,6554,-1,6567,6554,6578,-1,6578,6554,6557,-1,6578,6557,6576,-1,6576,6557,6559,-1,6576,6559,6574,-1,6574,6559,6541,-1,6574,6541,6588,-1,6588,6541,6543,-1,6594,6467,6453,-1,6453,6467,6454,-1,6595,6596,6594,-1,6594,6596,6597,-1,6597,6598,6594,-1,6594,6598,6599,-1,6594,6599,6600,-1,6600,6601,6594,-1,6594,6601,6465,-1,6594,6465,6467,-1,6602,6603,6604,-1,6602,6604,6605,-1,6605,6604,6606,-1,6605,6606,6607,-1,6607,6606,6596,-1,6607,6596,6595,-1,6603,6602,6608,-1,6608,6602,6609,-1,6610,6611,6609,-1,6612,6613,6614,-1,6609,6611,6608,-1,6608,6611,6615,-1,6608,6615,6616,-1,6616,6617,6608,-1,6608,6617,6618,-1,6608,6618,6619,-1,6619,6618,6620,-1,6610,6609,6614,-1,6614,6609,6621,-1,6614,6621,6612,-1,6622,6623,6611,-1,6611,6623,6615,-1,6624,6625,6626,-1,6626,6625,6627,-1,6628,6629,6630,-1,6622,6626,6623,-1,6623,6626,6627,-1,6623,6627,6631,-1,6631,6627,6632,-1,6622,6633,6626,-1,6626,6633,6628,-1,6626,6628,6634,-1,6634,6628,6630,-1,6635,6636,6627,-1,6627,6636,6637,-1,6627,6637,6632,-1,6638,6639,6640,-1,6640,6639,6641,-1,6640,6641,6642,-1,6642,6641,6643,-1,6642,6643,6624,-1,6624,6643,6625,-1,6644,6468,6466,-1,6639,6638,6645,-1,6645,6638,6644,-1,6645,6644,6646,-1,6646,6644,6647,-1,6466,6648,6644,-1,6644,6648,6649,-1,6644,6649,6647,-1,6307,6468,6305,-1,6305,6468,6644,-1,6626,6609,6624,-1,6624,6609,6602,-1,6624,6602,6642,-1,6642,6602,6605,-1,6642,6605,6640,-1,6640,6605,6607,-1,6640,6607,6638,-1,6638,6607,6595,-1,6638,6595,6644,-1,6644,6595,6594,-1,6644,6594,6305,-1,6305,6594,6453,-1,6305,6453,6306,-1,6306,6453,6452,-1,6645,6597,6639,-1,6639,6597,6596,-1,6639,6596,6641,-1,6641,6596,6606,-1,6641,6606,6643,-1,6643,6606,6604,-1,6643,6604,6625,-1,6625,6604,6603,-1,6625,6603,6627,-1,6627,6603,6608,-1,6600,6599,6649,-1,6649,6599,6647,-1,6572,6571,6565,-1,6565,6571,6563,-1,6582,6540,6575,-1,6575,6540,6539,-1,6575,6539,6577,-1,6577,6539,6558,-1,6577,6558,6579,-1,6579,6558,6556,-1,6579,6556,6568,-1,6568,6556,6555,-1,6568,6555,6569,-1,6569,6555,6561,-1,6506,6488,6487,-1,6506,6487,6507,-1,6507,6487,6493,-1,6507,6493,6508,-1,6508,6493,6482,-1,6508,6482,6503,-1,6503,6482,6481,-1,6503,6481,6500,-1,6500,6481,6486,-1,6500,6486,6499,-1,6499,6486,6485,-1,6499,6485,6494,-1,6488,6506,6504,-1,6488,6504,6489,-1,6489,6504,6502,-1,6489,6502,6490,-1,6490,6502,6501,-1,6490,6501,6491,-1,6491,6501,6505,-1,6491,6505,6492,-1,6492,6505,6498,-1,6492,6498,6483,-1,6483,6498,6497,-1,6483,6497,6484,-1,6395,6370,6383,-1,6395,6383,6400,-1,6400,6383,6382,-1,6400,6382,6401,-1,6401,6382,6381,-1,6401,6381,6396,-1,6396,6381,6380,-1,6396,6380,6397,-1,6397,6380,6379,-1,6397,6379,6403,-1,6403,6379,6377,-1,6403,6377,6384,-1,6287,6286,6459,-1,6287,6459,6316,-1,6316,6459,6464,-1,6316,6464,6317,-1,6317,6464,6463,-1,6317,6463,6312,-1,6312,6463,6462,-1,6312,6462,6313,-1,6313,6462,6461,-1,6313,6461,6314,-1,6314,6461,6455,-1,6314,6455,6309,-1,6342,6435,6333,-1,6333,6435,6424,-1,6333,6424,6331,-1,6331,6424,6426,-1,6331,6426,6320,-1,6320,6426,6428,-1,6320,6428,6321,-1,6321,6428,6418,-1,6321,6418,6347,-1,6347,6418,6434,-1,6347,6434,6335,-1,6335,6434,6433,-1,6302,6303,6438,-1,6438,6303,6339,-1,6438,6339,6439,-1,6439,6339,6338,-1,6439,6338,6416,-1,6416,6338,6325,-1,6416,6325,6417,-1,6417,6325,6324,-1,6417,6324,6419,-1,6419,6324,6323,-1,6419,6323,6432,-1,6432,6323,6348,-1,6264,6263,6322,-1,6322,6263,6429,-1,6322,6429,6332,-1,6332,6429,6427,-1,6332,6427,6334,-1,6334,6427,6425,-1,6334,6425,6328,-1,6328,6425,6422,-1,6328,6422,6343,-1,6343,6422,6444,-1,6343,6444,6344,-1,6344,6444,6443,-1,6277,6276,6436,-1,6436,6276,6341,-1,6436,6341,6437,-1,6437,6341,6340,-1,6437,6340,6420,-1,6420,6340,6329,-1,6420,6329,6421,-1,6421,6329,6327,-1,6421,6327,6423,-1,6423,6327,6326,-1,6423,6326,6442,-1,6442,6326,6345,-1,6519,6346,6351,-1,6519,6351,6521,-1,6521,6351,6358,-1,6521,6358,6522,-1,6522,6358,6359,-1,6522,6359,6523,-1,6360,6529,6359,-1,6359,6529,6524,-1,6359,6524,6523,-1,6355,6354,6537,-1,6537,6535,6355,-1,6355,6535,6533,-1,6355,6533,6360,-1,6360,6533,6532,-1,6360,6532,6529,-1,6537,6354,6536,-1,6536,6354,6353,-1,6536,6353,6534,-1,6534,6353,6527,-1,6527,6353,6357,-1,6527,6357,6528,-1,6528,6357,6530,-1,6530,6357,6356,-1,6530,6356,6531,-1,6531,6356,6352,-1,6531,6352,6526,-1,6526,6352,6350,-1,6526,6350,6525,-1,6525,6350,6349,-1,6525,6349,6520,-1,6615,6623,6631,-1,6615,6631,6616,-1,6616,6631,6632,-1,6616,6632,6617,-1,6617,6632,6637,-1,6617,6637,6618,-1,6618,6637,6636,-1,6618,6636,6620,-1,6620,6636,6635,-1,6620,6635,6619,-1,6619,6635,6627,-1,6619,6627,6608,-1,6609,6626,6634,-1,6609,6634,6621,-1,6621,6634,6630,-1,6621,6630,6612,-1,6612,6630,6629,-1,6612,6629,6613,-1,6613,6629,6628,-1,6613,6628,6614,-1,6614,6628,6633,-1,6614,6633,6610,-1,6610,6633,6622,-1,6610,6622,6611,-1,6588,6543,6553,-1,6588,6553,6589,-1,6589,6553,6552,-1,6589,6552,6590,-1,6590,6552,6549,-1,6590,6549,6591,-1,6591,6549,6550,-1,6591,6550,6592,-1,6592,6550,6551,-1,6592,6551,6593,-1,6593,6551,6542,-1,6593,6542,6580,-1,6581,6538,6546,-1,6581,6546,6583,-1,6583,6546,6548,-1,6583,6548,6584,-1,6584,6548,6547,-1,6584,6547,6585,-1,6585,6547,6545,-1,6585,6545,6586,-1,6586,6545,6544,-1,6586,6544,6587,-1,6587,6544,6540,-1,6587,6540,6582,-1,6410,6274,6407,-1,6407,6274,6273,-1,6410,6412,6274,-1,6274,6412,6414,-1,6274,6414,6362,-1,6362,6414,6415,-1,6391,6374,6392,-1,6392,6374,6375,-1,6392,6375,6402,-1,6402,6375,6376,-1,6402,6376,6398,-1,6398,6376,6378,-1,6398,6378,6399,-1,6399,6378,6371,-1,6399,6371,6393,-1,6393,6371,6364,-1,6393,6364,6415,-1,6415,6364,6650,-1,6415,6650,6362,-1,6450,6449,6261,-1,6261,6449,6448,-1,6261,6448,6262,-1,6306,6452,6308,-1,6308,6452,6460,-1,6308,6460,6310,-1,6310,6460,6457,-1,6310,6457,6311,-1,6311,6457,6456,-1,6311,6456,6315,-1,6315,6456,6458,-1,6315,6458,6304,-1,6304,6458,6447,-1,6304,6447,6318,-1,6318,6447,6446,-1,6318,6446,6319,-1,6319,6446,6445,-1,6319,6445,6261,-1,6261,6445,6451,-1,6261,6451,6450,-1,6569,6561,6562,-1,6569,6562,6570,-1,6570,6562,6563,-1,6570,6563,6571,-1,6572,6565,6564,-1,6572,6564,6573,-1,6573,6564,6388,-1,6573,6388,6389,-1,6597,6645,6646,-1,6597,6646,6598,-1,6598,6646,6647,-1,6598,6647,6599,-1,6600,6649,6648,-1,6600,6648,6601,-1,6601,6648,6466,-1,6601,6466,6465,-1,6651,6652,6653,-1,6654,6655,6656,-1,6656,6655,6657,-1,6656,6657,6658,-1,6658,6657,6659,-1,6658,6659,6660,-1,6660,6659,6661,-1,6660,6661,6662,-1,6662,6661,6651,-1,6662,6651,6663,-1,6663,6651,6653,-1,6664,6665,6666,-1,6667,6668,6669,-1,6669,6668,6670,-1,6669,6670,6671,-1,6671,6670,6672,-1,6671,6672,6673,-1,6672,6674,6673,-1,6673,6674,6675,-1,6673,6675,6666,-1,6666,6675,6676,-1,6666,6676,6664,-1,6677,6678,6679,-1,6679,6678,6680,-1,6679,6680,6681,-1,6681,6680,6682,-1,6681,6682,6683,-1,6683,6682,6684,-1,6683,6684,6685,-1,6685,6684,6686,-1,6685,6686,6687,-1,6687,6686,6688,-1,6687,6688,6689,-1,6689,6688,6690,-1,6689,6690,6691,-1,6691,6690,6692,-1,6691,6692,6693,-1,6693,6692,6694,-1,6695,6696,6697,-1,6697,6696,6698,-1,6698,6696,6699,-1,6699,6696,6700,-1,6699,6700,6701,-1,6692,6702,6694,-1,6694,6702,6703,-1,6694,6703,6704,-1,6701,6700,6703,-1,6703,6700,6705,-1,6703,6705,6706,-1,6706,6707,6703,-1,6703,6707,6708,-1,6703,6708,6704,-1,6653,6652,6692,-1,6652,6709,6692,-1,6692,6709,6710,-1,6692,6710,6702,-1,6692,6690,6653,-1,6653,6690,6688,-1,6653,6688,6663,-1,6663,6688,6686,-1,6663,6686,6662,-1,6662,6686,6684,-1,6662,6684,6660,-1,6660,6684,6682,-1,6660,6682,6658,-1,6658,6682,6680,-1,6658,6680,6656,-1,6711,6712,6713,-1,6713,6712,6668,-1,6714,6715,6712,-1,6712,6715,6716,-1,6654,6656,6680,-1,6711,6713,6717,-1,6717,6713,6718,-1,6717,6718,6719,-1,6719,6718,6720,-1,6719,6720,6721,-1,6722,6721,6723,-1,6723,6721,6724,-1,6723,6724,6725,-1,6725,6724,6726,-1,6725,6726,6727,-1,6728,6729,6730,-1,6731,6670,6732,-1,6732,6670,6668,-1,6732,6668,6733,-1,6733,6668,6712,-1,6733,6712,6734,-1,6734,6712,6716,-1,6722,6735,6721,-1,6721,6735,6736,-1,6721,6736,6719,-1,6719,6736,6654,-1,6719,6654,6678,-1,6678,6654,6680,-1,6712,6737,6714,-1,6714,6737,6728,-1,6714,6728,6738,-1,6738,6728,6730,-1,6727,6726,6739,-1,6739,6726,6740,-1,6739,6740,6741,-1,6742,6743,6744,-1,6745,6746,6741,-1,6741,6746,6747,-1,6741,6747,6739,-1,6743,6748,6744,-1,6744,6748,6749,-1,6744,6749,6750,-1,6742,6744,6741,-1,6741,6744,6751,-1,6741,6751,6745,-1,6752,6676,6753,-1,6753,6676,6675,-1,6753,6675,6754,-1,6754,6675,6674,-1,6754,6674,6755,-1,6755,6674,6672,-1,6755,6672,6756,-1,6756,6672,6670,-1,6756,6670,6731,-1,6757,6758,6759,-1,6759,6760,6757,-1,6757,6760,6665,-1,6757,6665,6752,-1,6752,6665,6664,-1,6752,6664,6676,-1,6761,6762,6763,-1,6763,6762,6764,-1,6763,6764,6765,-1,6758,6757,6766,-1,6767,6768,6769,-1,6758,6766,6770,-1,6770,6766,6771,-1,6770,6771,6769,-1,6769,6771,6772,-1,6769,6772,6767,-1,6764,6773,6765,-1,6765,6773,6769,-1,6765,6769,6774,-1,6774,6769,6768,-1,6775,6776,6777,-1,6777,6776,6778,-1,6777,6778,6779,-1,6779,6778,6763,-1,6779,6763,6780,-1,6780,6763,6765,-1,6781,6782,6779,-1,6783,6784,6780,-1,6780,6784,6779,-1,6779,6784,6785,-1,6779,6785,6781,-1,6786,6787,6788,-1,6788,6787,6789,-1,6790,6791,6789,-1,6783,6780,6789,-1,6789,6780,6792,-1,6789,6792,6790,-1,6791,6793,6789,-1,6789,6793,6794,-1,6789,6794,6788,-1,6787,6786,6795,-1,6795,6786,6796,-1,6795,6796,6797,-1,6797,6796,6798,-1,6797,6798,6799,-1,6799,6798,6800,-1,6799,6800,6801,-1,6801,6800,6802,-1,6801,6802,6803,-1,6804,6669,6805,-1,6805,6669,6671,-1,6805,6671,6806,-1,6806,6671,6673,-1,6806,6673,6802,-1,6802,6673,6666,-1,6802,6666,6803,-1,6807,6808,6809,-1,6809,6808,6810,-1,6811,6812,6813,-1,6814,6815,6816,-1,6816,6815,6817,-1,6816,6817,6818,-1,6818,6817,6819,-1,6818,6819,6820,-1,6667,6669,6804,-1,6810,6821,6809,-1,6809,6821,6822,-1,6809,6822,6823,-1,6823,6822,6811,-1,6823,6811,6824,-1,6824,6811,6813,-1,6825,6826,6827,-1,6679,6657,6677,-1,6677,6657,6655,-1,6677,6655,6819,-1,6819,6655,6828,-1,6819,6828,6820,-1,6820,6828,6829,-1,6820,6829,6830,-1,6804,6831,6667,-1,6667,6831,6807,-1,6667,6807,6814,-1,6814,6807,6809,-1,6814,6809,6815,-1,6830,6832,6820,-1,6820,6832,6833,-1,6820,6833,6834,-1,6834,6833,6825,-1,6834,6825,6835,-1,6835,6825,6827,-1,6657,6679,6659,-1,6659,6679,6681,-1,6659,6681,6661,-1,6661,6681,6683,-1,6685,6687,6836,-1,6836,6837,6685,-1,6685,6837,6838,-1,6685,6838,6683,-1,6683,6838,6651,-1,6683,6651,6661,-1,6689,6691,6839,-1,6839,6840,6689,-1,6689,6840,6841,-1,6689,6841,6687,-1,6687,6841,6842,-1,6687,6842,6836,-1,6843,6844,6845,-1,6845,6844,6846,-1,6845,6846,6847,-1,6839,6691,6693,-1,6846,6848,6847,-1,6847,6848,6849,-1,6847,6849,6850,-1,6850,6849,6851,-1,6839,6693,6851,-1,6851,6693,6852,-1,6851,6852,6853,-1,6853,6854,6851,-1,6851,6854,6855,-1,6851,6855,6850,-1,6847,6700,6845,-1,6845,6700,6696,-1,6845,6696,6856,-1,6856,6696,6857,-1,6856,6857,6858,-1,6858,6857,6859,-1,6732,6831,6731,-1,6731,6831,6804,-1,6731,6804,6756,-1,6756,6804,6805,-1,6756,6805,6755,-1,6755,6805,6806,-1,6755,6806,6754,-1,6788,6766,6786,-1,6786,6766,6757,-1,6786,6757,6796,-1,6796,6757,6752,-1,6796,6752,6798,-1,6798,6752,6753,-1,6798,6753,6800,-1,6800,6753,6754,-1,6800,6754,6802,-1,6802,6754,6806,-1,6730,6729,6860,-1,6860,6729,6861,-1,6860,6861,6862,-1,6862,6861,6863,-1,6862,6863,6864,-1,6864,6863,6865,-1,6864,6865,6866,-1,6866,6865,6867,-1,6866,6867,6868,-1,6868,6867,6869,-1,6868,6869,6870,-1,6870,6869,6871,-1,6872,6870,6871,-1,6871,6873,6872,-1,6872,6873,6874,-1,6872,6874,6875,-1,6875,6874,6876,-1,6877,6878,6879,-1,6876,6880,6875,-1,6875,6880,6881,-1,6875,6881,6882,-1,6882,6881,6883,-1,6883,6881,6879,-1,6879,6881,6884,-1,6879,6884,6877,-1,6885,6886,6887,-1,6887,6886,6888,-1,6887,6888,6889,-1,6889,6888,6890,-1,6889,6890,6891,-1,6892,6893,6894,-1,6894,6893,6895,-1,6892,6894,6890,-1,6890,6894,6896,-1,6890,6896,6891,-1,6897,6898,6895,-1,6895,6898,6899,-1,6895,6899,6894,-1,6886,6885,6900,-1,6886,6900,6901,-1,6901,6900,6902,-1,6901,6902,6903,-1,6903,6902,6904,-1,6903,6904,6905,-1,6905,6904,6906,-1,6905,6906,6907,-1,6907,6906,6908,-1,6907,6908,6909,-1,6909,6908,6813,-1,6909,6813,6812,-1,6872,6888,6870,-1,6870,6888,6886,-1,6870,6886,6868,-1,6868,6886,6901,-1,6868,6901,6866,-1,6866,6901,6903,-1,6866,6903,6864,-1,6864,6903,6905,-1,6864,6905,6862,-1,6862,6905,6907,-1,6862,6907,6860,-1,6860,6907,6909,-1,6860,6909,6730,-1,6730,6909,6812,-1,6730,6812,6738,-1,6738,6812,6811,-1,6728,6824,6729,-1,6729,6824,6813,-1,6729,6813,6861,-1,6861,6813,6908,-1,6861,6908,6863,-1,6863,6908,6906,-1,6863,6906,6865,-1,6865,6906,6904,-1,6865,6904,6867,-1,6867,6904,6902,-1,6867,6902,6869,-1,6869,6902,6900,-1,6869,6900,6871,-1,6871,6900,6885,-1,6871,6885,6873,-1,6873,6885,6887,-1,6910,6740,6827,-1,6827,6740,6726,-1,6827,6726,6835,-1,6825,6727,6826,-1,6826,6727,6739,-1,6826,6739,6911,-1,6827,6826,6910,-1,6910,6826,6911,-1,6912,6913,6914,-1,6915,6916,6911,-1,6911,6916,6917,-1,6911,6917,6910,-1,6915,6911,6918,-1,6918,6911,6919,-1,6918,6919,6920,-1,6920,6921,6918,-1,6918,6921,6922,-1,6918,6922,6913,-1,6913,6922,6923,-1,6913,6923,6914,-1,6912,6914,6924,-1,6924,6914,6925,-1,6924,6925,6926,-1,6926,6925,6927,-1,6926,6927,6928,-1,6929,6930,6931,-1,6931,6932,6933,-1,6934,6935,6936,-1,6936,6935,6937,-1,6936,6937,6931,-1,6931,6937,6938,-1,6931,6938,6932,-1,6933,6939,6931,-1,6931,6939,6940,-1,6931,6940,6929,-1,6934,6941,6935,-1,6935,6941,6942,-1,6935,6942,6943,-1,6943,6942,6944,-1,6938,6937,6945,-1,6938,6945,6946,-1,6946,6945,6947,-1,6946,6947,6948,-1,6948,6947,6949,-1,6948,6949,6950,-1,6950,6949,6951,-1,6951,6949,6952,-1,6952,6953,6951,-1,6951,6953,6954,-1,6951,6954,6955,-1,6955,6956,6951,-1,6951,6956,6775,-1,6951,6775,6777,-1,6951,6777,6782,-1,6782,6777,6779,-1,6763,6778,6761,-1,6761,6778,6957,-1,6957,6778,6776,-1,6958,6959,6960,-1,6960,6959,6957,-1,6960,6957,6961,-1,6961,6957,6962,-1,6776,6963,6957,-1,6957,6963,6964,-1,6957,6964,6962,-1,6959,6958,6965,-1,6965,6958,6966,-1,6965,6966,6967,-1,6967,6966,6968,-1,6967,6968,6969,-1,6969,6968,6970,-1,6971,6969,6970,-1,6972,6973,6970,-1,6974,6975,6976,-1,6976,6975,6977,-1,6976,6977,6978,-1,6972,6970,6979,-1,6974,6976,6980,-1,6980,6976,6981,-1,6980,6981,6970,-1,6970,6981,6982,-1,6970,6982,6979,-1,6973,6983,6970,-1,6970,6983,6984,-1,6970,6984,6971,-1,6982,6981,6931,-1,6931,6981,6936,-1,6971,6932,6969,-1,6969,6932,6938,-1,6969,6938,6967,-1,6967,6938,6946,-1,6967,6946,6965,-1,6965,6946,6948,-1,6965,6948,6959,-1,6959,6948,6950,-1,6959,6950,6957,-1,6957,6950,6951,-1,6957,6951,6761,-1,6761,6951,6782,-1,6761,6782,6762,-1,6762,6782,6781,-1,6843,6845,6985,-1,6985,6845,6856,-1,6985,6856,6858,-1,6986,6987,6988,-1,6988,6987,6985,-1,6988,6985,6989,-1,6989,6985,6990,-1,6858,6991,6985,-1,6985,6991,6992,-1,6985,6992,6990,-1,6987,6986,6993,-1,6987,6993,6994,-1,6994,6993,6995,-1,6994,6995,6996,-1,6996,6995,6997,-1,6996,6997,6998,-1,6999,6998,7000,-1,7001,7002,7003,-1,6997,7004,6998,-1,6998,7004,7005,-1,7000,7006,6999,-1,6999,7006,7001,-1,6999,7001,7007,-1,7007,7001,7003,-1,7005,7008,6998,-1,6998,7008,7009,-1,6998,7009,7010,-1,7010,7011,6998,-1,6998,7011,7012,-1,6998,7012,7000,-1,7013,7014,7012,-1,7012,7014,7000,-1,7015,7016,7017,-1,7017,7016,7018,-1,7019,7017,7020,-1,7020,7017,7013,-1,7013,7017,7014,-1,7014,7017,7018,-1,7014,7018,7021,-1,7021,7018,7022,-1,7021,7022,7023,-1,7023,7022,7024,-1,7023,7024,7025,-1,7019,7026,7017,-1,7017,7026,7027,-1,7017,7027,7028,-1,7016,7015,7029,-1,7029,7015,7030,-1,7029,7030,7031,-1,7031,7030,7032,-1,7031,7032,7033,-1,7033,7032,7034,-1,7033,7034,7035,-1,7035,7034,7036,-1,7036,7037,7035,-1,7035,7037,7038,-1,7035,7038,7039,-1,7039,7040,7035,-1,7035,7040,6859,-1,7035,6859,6857,-1,6857,6696,7035,-1,7035,6696,6695,-1,6697,6844,6695,-1,6695,6844,6843,-1,6695,6843,7035,-1,7035,6843,6985,-1,7035,6985,7033,-1,7033,6985,6987,-1,7033,6987,7031,-1,7031,6987,6994,-1,7031,6994,7029,-1,7029,6994,6996,-1,7029,6996,7016,-1,7016,6996,6998,-1,7016,6998,7018,-1,7018,6998,6999,-1,7017,7004,7015,-1,7015,7004,6997,-1,7015,6997,7030,-1,7030,6997,6995,-1,7030,6995,7032,-1,7032,6995,6993,-1,7032,6993,7034,-1,7034,6993,6986,-1,7034,6986,7036,-1,7036,6986,6988,-1,6990,6992,7038,-1,7038,6992,7039,-1,6962,6964,6954,-1,6954,6964,6955,-1,6960,6952,6958,-1,6958,6952,6949,-1,6958,6949,6966,-1,6966,6949,6947,-1,6966,6947,6968,-1,6968,6947,6945,-1,6968,6945,6970,-1,6970,6945,6937,-1,6970,6937,6980,-1,6980,6937,6935,-1,6888,6872,6875,-1,6888,6875,6890,-1,6890,6875,6882,-1,6890,6882,6892,-1,6892,6882,6883,-1,6892,6883,6893,-1,6893,6883,6879,-1,6893,6879,6895,-1,6895,6879,6878,-1,6895,6878,6897,-1,6897,6878,6877,-1,6897,6877,6898,-1,6873,6887,6889,-1,6873,6889,6874,-1,6874,6889,6891,-1,6874,6891,6876,-1,6876,6891,6896,-1,6876,6896,6880,-1,6880,6896,6894,-1,6880,6894,6881,-1,6881,6894,6899,-1,6881,6899,6884,-1,6884,6899,6898,-1,6884,6898,6877,-1,6780,6765,6774,-1,6780,6774,6792,-1,6792,6774,6768,-1,6792,6768,6790,-1,6790,6768,6767,-1,6790,6767,6791,-1,6791,6767,6772,-1,6791,6772,6793,-1,6793,6772,6771,-1,6793,6771,6794,-1,6794,6771,6766,-1,6794,6766,6788,-1,6700,6847,6850,-1,6700,6850,6705,-1,6705,6850,6855,-1,6705,6855,6706,-1,6706,6855,6854,-1,6706,6854,6707,-1,6707,6854,6853,-1,6707,6853,6708,-1,6708,6853,6852,-1,6708,6852,6704,-1,6704,6852,6693,-1,6704,6693,6694,-1,6738,6811,6714,-1,6714,6811,6822,-1,6714,6822,6715,-1,6715,6822,6821,-1,6715,6821,6716,-1,6716,6821,6810,-1,6716,6810,6734,-1,6734,6810,6808,-1,6734,6808,6733,-1,6733,6808,6807,-1,6733,6807,6732,-1,6732,6807,6831,-1,6824,6728,6823,-1,6823,6728,6737,-1,6823,6737,6809,-1,6809,6737,6712,-1,6809,6712,6815,-1,6815,6712,6711,-1,6815,6711,6817,-1,6817,6711,6717,-1,6817,6717,6819,-1,6819,6717,6719,-1,6819,6719,6677,-1,6677,6719,6678,-1,6727,6825,6725,-1,6725,6825,6833,-1,6725,6833,6723,-1,6723,6833,6832,-1,6723,6832,6722,-1,6722,6832,6830,-1,6722,6830,6735,-1,6735,6830,6829,-1,6735,6829,6736,-1,6736,6829,6828,-1,6736,6828,6654,-1,6654,6828,6655,-1,6835,6726,6834,-1,6834,6726,6724,-1,6834,6724,6820,-1,6820,6724,6721,-1,6820,6721,6818,-1,6818,6721,6720,-1,6818,6720,6816,-1,6816,6720,6718,-1,6816,6718,6814,-1,6814,6718,6713,-1,6814,6713,6667,-1,6667,6713,6668,-1,6928,6750,6926,-1,6926,6750,6749,-1,6926,6749,6924,-1,6924,6749,6912,-1,6912,6749,6748,-1,6912,6748,6913,-1,6913,6748,6918,-1,6918,6748,6743,-1,6918,6743,6915,-1,6915,6743,6742,-1,6915,6742,6916,-1,6916,6742,6741,-1,6916,6741,6917,-1,6917,6741,6740,-1,6917,6740,6910,-1,6911,6739,6747,-1,6911,6747,6919,-1,6919,6747,6746,-1,6919,6746,6920,-1,6920,6746,6745,-1,6920,6745,6921,-1,6751,6923,6745,-1,6745,6923,6922,-1,6745,6922,6921,-1,6744,6750,6928,-1,6928,6927,6744,-1,6744,6927,6925,-1,6744,6925,6751,-1,6751,6925,6914,-1,6751,6914,6923,-1,7004,7017,7028,-1,7004,7028,7005,-1,7005,7028,7027,-1,7005,7027,7008,-1,7008,7027,7026,-1,7008,7026,7009,-1,7009,7026,7019,-1,7009,7019,7010,-1,7010,7019,7020,-1,7010,7020,7011,-1,7011,7020,7013,-1,7011,7013,7012,-1,7000,7014,7021,-1,7000,7021,7006,-1,7006,7021,7023,-1,7006,7023,7001,-1,7001,7023,7025,-1,7001,7025,7002,-1,7002,7025,7024,-1,7002,7024,7003,-1,7003,7024,7022,-1,7003,7022,7007,-1,7007,7022,7018,-1,7007,7018,6999,-1,6982,6931,6930,-1,6982,6930,6979,-1,6979,6930,6929,-1,6979,6929,6972,-1,6972,6929,6940,-1,6972,6940,6973,-1,6973,6940,6939,-1,6973,6939,6983,-1,6983,6939,6933,-1,6983,6933,6984,-1,6984,6933,6932,-1,6984,6932,6971,-1,6980,6935,6943,-1,6980,6943,6974,-1,6974,6943,6944,-1,6974,6944,6975,-1,6975,6944,6942,-1,6975,6942,6977,-1,6977,6942,6941,-1,6977,6941,6978,-1,6978,6941,6934,-1,6978,6934,6976,-1,6976,6934,6936,-1,6976,6936,6981,-1,6762,6781,6764,-1,6764,6781,6785,-1,6764,6785,6773,-1,6773,6785,6784,-1,6773,6784,6769,-1,6769,6784,6783,-1,6769,6783,6770,-1,6770,6783,6789,-1,6770,6789,6758,-1,6758,6789,7041,-1,6789,6787,7041,-1,7041,6787,6795,-1,7041,6795,6760,-1,6760,6795,6797,-1,6760,6797,6665,-1,6665,6797,6799,-1,6799,6801,6665,-1,6665,6801,6803,-1,6665,6803,6666,-1,6844,6697,6846,-1,6846,6697,6698,-1,6846,6698,6848,-1,6848,6698,6699,-1,6848,6699,6849,-1,6849,6699,6701,-1,6849,6701,6851,-1,6851,6701,6703,-1,6851,6703,6839,-1,6839,6703,6702,-1,6839,6702,6840,-1,6651,6838,6652,-1,6652,6838,6837,-1,6652,6837,6836,-1,6836,6842,6652,-1,6652,6842,6841,-1,6652,6841,6709,-1,6709,6841,6840,-1,6709,6840,6710,-1,6710,6840,6702,-1,6962,6954,6953,-1,6962,6953,6961,-1,6961,6953,6952,-1,6961,6952,6960,-1,6776,6775,6956,-1,6776,6956,6963,-1,6963,6956,6955,-1,6963,6955,6964,-1,6990,7038,7037,-1,6990,7037,6989,-1,6989,7037,7036,-1,6989,7036,6988,-1,6858,6859,7040,-1,6858,7040,6991,-1,6991,7040,7039,-1,6991,7039,6992,-1,7042,7043,7044,-1,7045,7046,7047,-1,7047,7046,7048,-1,7047,7048,7049,-1,7049,7048,7050,-1,7049,7050,7051,-1,7051,7050,7052,-1,7051,7052,7053,-1,7053,7052,7042,-1,7053,7042,7054,-1,7054,7042,7044,-1,7055,7056,7057,-1,7058,7059,7060,-1,7060,7059,7061,-1,7060,7061,7062,-1,7062,7061,7063,-1,7062,7063,7064,-1,7063,7065,7064,-1,7064,7065,7066,-1,7064,7066,7057,-1,7057,7066,7067,-1,7057,7067,7055,-1,7068,7069,7070,-1,7070,7069,7071,-1,7070,7071,7072,-1,7072,7071,7073,-1,7072,7073,7074,-1,7074,7073,7075,-1,7074,7075,7076,-1,7076,7075,7077,-1,7076,7077,7078,-1,7078,7077,7079,-1,7078,7079,7080,-1,7080,7079,7081,-1,7080,7081,7082,-1,7082,7081,7083,-1,7082,7083,7084,-1,7084,7083,7085,-1,7086,7087,7088,-1,7088,7087,7089,-1,7089,7087,7090,-1,7090,7087,7091,-1,7090,7091,7092,-1,7083,7093,7085,-1,7085,7093,7094,-1,7085,7094,7095,-1,7092,7091,7094,-1,7094,7091,7096,-1,7094,7096,7097,-1,7097,7098,7094,-1,7094,7098,7099,-1,7094,7099,7095,-1,7044,7043,7083,-1,7043,7100,7083,-1,7083,7100,7101,-1,7083,7101,7093,-1,7083,7081,7044,-1,7044,7081,7079,-1,7044,7079,7054,-1,7054,7079,7077,-1,7054,7077,7053,-1,7053,7077,7075,-1,7053,7075,7051,-1,7051,7075,7073,-1,7051,7073,7049,-1,7049,7073,7071,-1,7049,7071,7047,-1,7102,7103,7104,-1,7104,7103,7105,-1,7104,7105,7106,-1,7107,7108,7109,-1,7109,7108,7110,-1,7109,7110,7111,-1,7111,7112,7109,-1,7109,7112,7113,-1,7109,7113,7114,-1,7115,7116,7117,-1,7117,7116,7118,-1,7119,7120,7121,-1,7107,7116,7108,-1,7108,7116,7115,-1,7108,7115,7059,-1,7059,7115,7061,-1,7118,7116,7122,-1,7122,7116,7123,-1,7122,7123,7124,-1,7124,7123,7125,-1,7124,7125,7126,-1,7045,7047,7071,-1,7106,7127,7104,-1,7104,7127,7119,-1,7104,7119,7128,-1,7128,7119,7121,-1,7071,7069,7045,-1,7045,7069,7102,-1,7045,7102,7125,-1,7125,7102,7104,-1,7125,7104,7126,-1,7129,7130,7131,-1,7131,7130,7132,-1,7131,7132,7114,-1,7114,7132,7133,-1,7114,7133,7109,-1,7131,7134,7129,-1,7129,7134,7135,-1,7129,7135,7136,-1,7136,7137,7129,-1,7129,7137,7138,-1,7129,7138,7139,-1,7139,7140,7129,-1,7129,7140,7141,-1,7129,7141,7142,-1,7143,7067,7144,-1,7144,7067,7066,-1,7144,7066,7145,-1,7145,7066,7065,-1,7145,7065,7146,-1,7146,7065,7063,-1,7146,7063,7147,-1,7147,7063,7061,-1,7147,7061,7115,-1,7148,7149,7150,-1,7150,7151,7148,-1,7148,7151,7056,-1,7148,7056,7143,-1,7143,7056,7055,-1,7143,7055,7067,-1,7152,7153,7154,-1,7154,7153,7155,-1,7154,7155,7156,-1,7149,7148,7157,-1,7158,7159,7160,-1,7149,7157,7161,-1,7161,7157,7162,-1,7161,7162,7160,-1,7160,7162,7163,-1,7160,7163,7158,-1,7155,7164,7156,-1,7156,7164,7160,-1,7156,7160,7165,-1,7165,7160,7159,-1,7166,7167,7168,-1,7168,7167,7169,-1,7168,7169,7170,-1,7170,7169,7154,-1,7170,7154,7171,-1,7171,7154,7156,-1,7172,7173,7170,-1,7174,7175,7171,-1,7171,7175,7170,-1,7170,7175,7176,-1,7170,7176,7172,-1,7177,7178,7179,-1,7179,7178,7180,-1,7181,7182,7180,-1,7174,7171,7180,-1,7180,7171,7183,-1,7180,7183,7181,-1,7182,7184,7180,-1,7180,7184,7185,-1,7180,7185,7179,-1,7178,7177,7186,-1,7186,7177,7187,-1,7186,7187,7188,-1,7188,7187,7189,-1,7188,7189,7190,-1,7190,7189,7191,-1,7190,7191,7192,-1,7192,7191,7193,-1,7192,7193,7194,-1,7195,7060,7196,-1,7196,7060,7062,-1,7196,7062,7197,-1,7197,7062,7064,-1,7197,7064,7193,-1,7193,7064,7057,-1,7193,7057,7194,-1,7058,7060,7198,-1,7199,7200,7201,-1,7202,7203,7204,-1,7200,7205,7201,-1,7201,7205,7206,-1,7201,7206,7207,-1,7207,7206,7208,-1,7209,7210,7211,-1,7211,7210,7212,-1,7211,7212,7201,-1,7201,7212,7213,-1,7201,7213,7199,-1,7202,7214,7203,-1,7203,7214,7215,-1,7203,7215,7216,-1,7058,7198,7206,-1,7206,7198,7217,-1,7206,7217,7208,-1,7208,7217,7218,-1,7208,7218,7219,-1,7220,7221,7222,-1,7216,7223,7203,-1,7203,7223,7220,-1,7203,7220,7224,-1,7224,7220,7222,-1,7204,7198,7202,-1,7202,7198,7060,-1,7202,7060,7225,-1,7225,7060,7195,-1,7070,7048,7068,-1,7068,7048,7046,-1,7068,7046,7218,-1,7218,7046,7226,-1,7218,7226,7219,-1,7048,7070,7050,-1,7050,7070,7072,-1,7050,7072,7052,-1,7052,7072,7074,-1,7076,7078,7227,-1,7227,7228,7076,-1,7076,7228,7229,-1,7076,7229,7074,-1,7074,7229,7042,-1,7074,7042,7052,-1,7080,7082,7230,-1,7230,7231,7080,-1,7080,7231,7232,-1,7080,7232,7078,-1,7078,7232,7233,-1,7078,7233,7227,-1,7234,7235,7236,-1,7236,7235,7237,-1,7236,7237,7238,-1,7230,7082,7084,-1,7237,7239,7238,-1,7238,7239,7240,-1,7238,7240,7241,-1,7241,7240,7242,-1,7230,7084,7242,-1,7242,7084,7243,-1,7242,7243,7244,-1,7244,7245,7242,-1,7242,7245,7246,-1,7242,7246,7241,-1,7238,7091,7236,-1,7236,7091,7087,-1,7236,7087,7247,-1,7247,7087,7248,-1,7247,7248,7249,-1,7249,7248,7250,-1,7117,7225,7115,-1,7115,7225,7195,-1,7115,7195,7147,-1,7147,7195,7196,-1,7147,7196,7146,-1,7146,7196,7197,-1,7146,7197,7145,-1,7179,7157,7177,-1,7177,7157,7148,-1,7177,7148,7187,-1,7187,7148,7143,-1,7187,7143,7189,-1,7189,7143,7144,-1,7189,7144,7191,-1,7191,7144,7145,-1,7191,7145,7193,-1,7193,7145,7197,-1,7121,7120,7251,-1,7251,7120,7252,-1,7251,7252,7253,-1,7253,7252,7254,-1,7253,7254,7255,-1,7255,7254,7256,-1,7255,7256,7257,-1,7257,7256,7258,-1,7257,7258,7259,-1,7259,7258,7260,-1,7259,7260,7261,-1,7261,7260,7262,-1,7261,7262,7263,-1,7263,7262,7264,-1,7265,7266,7267,-1,7264,7268,7263,-1,7263,7268,7267,-1,7263,7267,7269,-1,7269,7267,7266,-1,7270,7271,7272,-1,7272,7271,7273,-1,7272,7273,7274,-1,7265,7267,7273,-1,7273,7267,7275,-1,7273,7275,7274,-1,7276,7277,7278,-1,7278,7277,7279,-1,7278,7279,7280,-1,7280,7279,7281,-1,7281,7279,7282,-1,7281,7282,7283,-1,7284,7285,7286,-1,7286,7285,7287,-1,7286,7287,7288,-1,7283,7289,7281,-1,7281,7289,7285,-1,7281,7285,7290,-1,7290,7285,7284,-1,7277,7276,7291,-1,7277,7291,7292,-1,7292,7291,7293,-1,7292,7293,7294,-1,7294,7293,7295,-1,7294,7295,7296,-1,7296,7295,7297,-1,7296,7297,7298,-1,7298,7297,7299,-1,7298,7299,7300,-1,7300,7299,7222,-1,7300,7222,7221,-1,7263,7279,7261,-1,7261,7279,7277,-1,7261,7277,7259,-1,7259,7277,7292,-1,7259,7292,7257,-1,7257,7292,7294,-1,7257,7294,7255,-1,7255,7294,7296,-1,7255,7296,7253,-1,7253,7296,7298,-1,7253,7298,7251,-1,7251,7298,7300,-1,7251,7300,7121,-1,7121,7300,7221,-1,7121,7221,7128,-1,7128,7221,7220,-1,7119,7224,7120,-1,7120,7224,7222,-1,7120,7222,7252,-1,7252,7222,7299,-1,7252,7299,7254,-1,7254,7299,7297,-1,7254,7297,7256,-1,7256,7297,7295,-1,7256,7295,7258,-1,7258,7295,7293,-1,7258,7293,7260,-1,7260,7293,7291,-1,7260,7291,7262,-1,7262,7291,7276,-1,7262,7276,7264,-1,7264,7276,7278,-1,7301,7131,7210,-1,7210,7131,7114,-1,7210,7114,7212,-1,7211,7133,7209,-1,7209,7133,7132,-1,7209,7132,7302,-1,7210,7209,7301,-1,7301,7209,7302,-1,7303,7304,7305,-1,7306,7307,7302,-1,7302,7307,7308,-1,7302,7308,7301,-1,7306,7302,7305,-1,7305,7302,7309,-1,7305,7309,7303,-1,7304,7310,7305,-1,7305,7310,7311,-1,7305,7311,7312,-1,7312,7311,7313,-1,7312,7313,7314,-1,7314,7313,7315,-1,7313,7316,7315,-1,7315,7316,7317,-1,7315,7317,7318,-1,7318,7317,7319,-1,7320,7321,7322,-1,7322,7321,7323,-1,7324,7325,7323,-1,7326,7327,7322,-1,7328,7329,7330,-1,7323,7325,7322,-1,7322,7325,7331,-1,7322,7331,7326,-1,7332,7333,7327,-1,7327,7333,7334,-1,7327,7334,7322,-1,7324,7323,7330,-1,7330,7323,7335,-1,7330,7335,7328,-1,7321,7320,7336,-1,7321,7336,7337,-1,7337,7336,7338,-1,7337,7338,7339,-1,7339,7338,7340,-1,7339,7340,7341,-1,7341,7340,7342,-1,7342,7340,7343,-1,7343,7344,7342,-1,7342,7344,7345,-1,7342,7345,7346,-1,7346,7347,7342,-1,7342,7347,7166,-1,7342,7166,7168,-1,7342,7168,7173,-1,7173,7168,7170,-1,7154,7169,7152,-1,7152,7169,7348,-1,7348,7169,7167,-1,7349,7350,7351,-1,7351,7350,7348,-1,7351,7348,7352,-1,7352,7348,7353,-1,7167,7354,7348,-1,7348,7354,7355,-1,7348,7355,7353,-1,7350,7349,7356,-1,7356,7349,7357,-1,7356,7357,7358,-1,7358,7357,7359,-1,7358,7359,7360,-1,7360,7359,7361,-1,7362,7363,7364,-1,7364,7363,7365,-1,7362,7366,7363,-1,7363,7366,7367,-1,7363,7367,7368,-1,7368,7367,7361,-1,7361,7367,7369,-1,7361,7369,7370,-1,7370,7371,7361,-1,7361,7371,7372,-1,7361,7372,7373,-1,7373,7374,7361,-1,7361,7374,7375,-1,7361,7375,7360,-1,7369,7367,7325,-1,7325,7367,7331,-1,7375,7323,7360,-1,7360,7323,7321,-1,7360,7321,7358,-1,7358,7321,7337,-1,7358,7337,7356,-1,7356,7337,7339,-1,7356,7339,7350,-1,7350,7339,7341,-1,7350,7341,7348,-1,7348,7341,7342,-1,7348,7342,7152,-1,7152,7342,7173,-1,7152,7173,7153,-1,7153,7173,7172,-1,7234,7236,7376,-1,7376,7236,7247,-1,7376,7247,7249,-1,7377,7378,7379,-1,7379,7378,7376,-1,7379,7376,7380,-1,7380,7376,7381,-1,7249,7382,7376,-1,7376,7382,7383,-1,7376,7383,7381,-1,7378,7377,7384,-1,7378,7384,7385,-1,7385,7384,7386,-1,7385,7386,7387,-1,7387,7386,7388,-1,7387,7388,7389,-1,7390,7391,7392,-1,7392,7391,7393,-1,7389,7388,7392,-1,7392,7388,7394,-1,7392,7394,7390,-1,7390,7394,7395,-1,7396,7397,7398,-1,7398,7397,7392,-1,7398,7392,7399,-1,7399,7392,7393,-1,7395,7400,7390,-1,7390,7400,7401,-1,7390,7401,7402,-1,7402,7401,7403,-1,7404,7405,7390,-1,7390,7405,7391,-1,7406,7407,7408,-1,7408,7407,7409,-1,7410,7409,7411,-1,7411,7409,7412,-1,7411,7412,7413,-1,7410,7414,7409,-1,7409,7414,7405,-1,7409,7405,7408,-1,7408,7405,7404,-1,7408,7404,7415,-1,7415,7404,7416,-1,7416,7404,7417,-1,7417,7404,7418,-1,7417,7418,7419,-1,7407,7406,7420,-1,7420,7406,7421,-1,7420,7421,7422,-1,7422,7421,7423,-1,7422,7423,7424,-1,7424,7423,7425,-1,7424,7425,7426,-1,7426,7425,7427,-1,7427,7428,7426,-1,7426,7428,7429,-1,7426,7429,7430,-1,7430,7431,7426,-1,7426,7431,7250,-1,7426,7250,7248,-1,7248,7087,7426,-1,7426,7087,7086,-1,7088,7235,7086,-1,7086,7235,7234,-1,7086,7234,7426,-1,7426,7234,7376,-1,7426,7376,7424,-1,7424,7376,7378,-1,7424,7378,7422,-1,7422,7378,7385,-1,7422,7385,7420,-1,7420,7385,7387,-1,7420,7387,7407,-1,7407,7387,7389,-1,7407,7389,7409,-1,7409,7389,7392,-1,7408,7394,7406,-1,7406,7394,7388,-1,7406,7388,7421,-1,7421,7388,7386,-1,7421,7386,7423,-1,7423,7386,7384,-1,7423,7384,7425,-1,7425,7384,7377,-1,7425,7377,7427,-1,7427,7377,7379,-1,7381,7383,7429,-1,7429,7383,7430,-1,7353,7355,7345,-1,7345,7355,7346,-1,7351,7343,7349,-1,7349,7343,7340,-1,7349,7340,7357,-1,7357,7340,7338,-1,7357,7338,7359,-1,7359,7338,7336,-1,7359,7336,7361,-1,7361,7336,7320,-1,7361,7320,7368,-1,7368,7320,7322,-1,7279,7263,7269,-1,7279,7269,7282,-1,7282,7269,7266,-1,7282,7266,7283,-1,7283,7266,7265,-1,7283,7265,7289,-1,7289,7265,7273,-1,7289,7273,7285,-1,7285,7273,7271,-1,7285,7271,7287,-1,7287,7271,7270,-1,7287,7270,7288,-1,7264,7278,7280,-1,7264,7280,7268,-1,7268,7280,7281,-1,7268,7281,7267,-1,7267,7281,7290,-1,7267,7290,7275,-1,7275,7290,7284,-1,7275,7284,7274,-1,7274,7284,7286,-1,7274,7286,7272,-1,7272,7286,7288,-1,7272,7288,7270,-1,7171,7156,7165,-1,7171,7165,7183,-1,7183,7165,7159,-1,7183,7159,7181,-1,7181,7159,7158,-1,7181,7158,7182,-1,7182,7158,7163,-1,7182,7163,7184,-1,7184,7163,7162,-1,7184,7162,7185,-1,7185,7162,7157,-1,7185,7157,7179,-1,7091,7238,7241,-1,7091,7241,7096,-1,7096,7241,7246,-1,7096,7246,7097,-1,7097,7246,7245,-1,7097,7245,7098,-1,7098,7245,7244,-1,7098,7244,7099,-1,7099,7244,7243,-1,7099,7243,7095,-1,7095,7243,7084,-1,7095,7084,7085,-1,7128,7220,7104,-1,7104,7220,7223,-1,7104,7223,7126,-1,7126,7223,7216,-1,7126,7216,7124,-1,7124,7216,7215,-1,7124,7215,7122,-1,7122,7215,7214,-1,7122,7214,7118,-1,7118,7214,7202,-1,7118,7202,7117,-1,7117,7202,7225,-1,7224,7119,7203,-1,7203,7119,7127,-1,7203,7127,7204,-1,7204,7127,7106,-1,7204,7106,7198,-1,7198,7106,7105,-1,7198,7105,7217,-1,7217,7105,7103,-1,7217,7103,7218,-1,7218,7103,7102,-1,7218,7102,7068,-1,7068,7102,7069,-1,7133,7211,7109,-1,7109,7211,7201,-1,7109,7201,7107,-1,7107,7201,7207,-1,7107,7207,7116,-1,7116,7207,7208,-1,7116,7208,7123,-1,7123,7208,7219,-1,7123,7219,7125,-1,7125,7219,7226,-1,7125,7226,7045,-1,7045,7226,7046,-1,7212,7114,7213,-1,7213,7114,7113,-1,7213,7113,7199,-1,7199,7113,7112,-1,7199,7112,7200,-1,7200,7112,7111,-1,7200,7111,7205,-1,7205,7111,7110,-1,7205,7110,7206,-1,7206,7110,7108,-1,7206,7108,7058,-1,7058,7108,7059,-1,7319,7139,7318,-1,7318,7139,7138,-1,7318,7138,7315,-1,7315,7138,7314,-1,7314,7138,7137,-1,7314,7137,7312,-1,7312,7137,7305,-1,7305,7137,7136,-1,7305,7136,7306,-1,7306,7136,7135,-1,7306,7135,7307,-1,7307,7135,7134,-1,7307,7134,7308,-1,7308,7134,7131,-1,7308,7131,7301,-1,7302,7132,7130,-1,7302,7130,7309,-1,7309,7130,7129,-1,7309,7129,7303,-1,7303,7129,7142,-1,7303,7142,7304,-1,7141,7311,7142,-1,7142,7311,7310,-1,7142,7310,7304,-1,7140,7139,7319,-1,7319,7317,7140,-1,7140,7317,7316,-1,7140,7316,7141,-1,7141,7316,7313,-1,7141,7313,7311,-1,7394,7408,7415,-1,7394,7415,7395,-1,7395,7415,7416,-1,7395,7416,7400,-1,7400,7416,7417,-1,7400,7417,7401,-1,7401,7417,7419,-1,7401,7419,7403,-1,7403,7419,7418,-1,7403,7418,7402,-1,7402,7418,7404,-1,7402,7404,7390,-1,7391,7405,7414,-1,7391,7414,7393,-1,7393,7414,7410,-1,7393,7410,7399,-1,7399,7410,7411,-1,7399,7411,7398,-1,7398,7411,7413,-1,7398,7413,7396,-1,7396,7413,7412,-1,7396,7412,7397,-1,7397,7412,7409,-1,7397,7409,7392,-1,7369,7325,7324,-1,7369,7324,7370,-1,7370,7324,7330,-1,7370,7330,7371,-1,7371,7330,7329,-1,7371,7329,7372,-1,7372,7329,7328,-1,7372,7328,7373,-1,7373,7328,7335,-1,7373,7335,7374,-1,7374,7335,7323,-1,7374,7323,7375,-1,7368,7322,7334,-1,7368,7334,7363,-1,7363,7334,7333,-1,7363,7333,7365,-1,7365,7333,7332,-1,7365,7332,7364,-1,7364,7332,7327,-1,7364,7327,7362,-1,7362,7327,7326,-1,7362,7326,7366,-1,7366,7326,7331,-1,7366,7331,7367,-1,7153,7172,7155,-1,7155,7172,7176,-1,7155,7176,7164,-1,7164,7176,7175,-1,7164,7175,7160,-1,7160,7175,7174,-1,7160,7174,7161,-1,7161,7174,7180,-1,7161,7180,7149,-1,7149,7180,7432,-1,7180,7178,7432,-1,7432,7178,7186,-1,7432,7186,7151,-1,7151,7186,7188,-1,7151,7188,7056,-1,7056,7188,7190,-1,7190,7192,7056,-1,7056,7192,7194,-1,7056,7194,7057,-1,7235,7088,7237,-1,7237,7088,7089,-1,7237,7089,7239,-1,7239,7089,7090,-1,7239,7090,7240,-1,7240,7090,7092,-1,7240,7092,7242,-1,7242,7092,7094,-1,7242,7094,7230,-1,7230,7094,7093,-1,7230,7093,7231,-1,7042,7229,7043,-1,7043,7229,7228,-1,7043,7228,7227,-1,7227,7233,7043,-1,7043,7233,7232,-1,7043,7232,7100,-1,7100,7232,7231,-1,7100,7231,7101,-1,7101,7231,7093,-1,7353,7345,7344,-1,7353,7344,7352,-1,7352,7344,7343,-1,7352,7343,7351,-1,7167,7166,7347,-1,7167,7347,7354,-1,7354,7347,7346,-1,7354,7346,7355,-1,7381,7429,7428,-1,7381,7428,7380,-1,7380,7428,7427,-1,7380,7427,7379,-1,7249,7250,7431,-1,7249,7431,7382,-1,7382,7431,7430,-1,7382,7430,7383,-1,7433,7434,7435,-1,7436,7437,7438,-1,7438,7437,7439,-1,7438,7439,7440,-1,7440,7439,7441,-1,7440,7441,7442,-1,7442,7441,7443,-1,7442,7443,7444,-1,7444,7443,7433,-1,7444,7433,7445,-1,7445,7433,7435,-1,7446,7447,7448,-1,7446,7448,7449,-1,7450,7451,7452,-1,7452,7451,7453,-1,7452,7453,7454,-1,7454,7453,7455,-1,7454,7455,7456,-1,7456,7455,7457,-1,7456,7457,7448,-1,7448,7457,7458,-1,7448,7458,7449,-1,7459,7460,7461,-1,7461,7460,7462,-1,7461,7462,7463,-1,7463,7462,7464,-1,7463,7464,7465,-1,7465,7464,7466,-1,7465,7466,7467,-1,7467,7466,7468,-1,7467,7468,7469,-1,7469,7468,7470,-1,7469,7470,7471,-1,7471,7470,7472,-1,7471,7472,7473,-1,7473,7472,7474,-1,7473,7474,7475,-1,7475,7474,7476,-1,7477,7478,7479,-1,7479,7478,7480,-1,7480,7478,7481,-1,7481,7478,7482,-1,7481,7482,7483,-1,7474,7484,7476,-1,7476,7484,7485,-1,7476,7485,7486,-1,7483,7482,7485,-1,7485,7482,7487,-1,7485,7487,7488,-1,7488,7489,7485,-1,7485,7489,7490,-1,7485,7490,7486,-1,7435,7434,7474,-1,7434,7491,7474,-1,7474,7491,7492,-1,7474,7492,7484,-1,7474,7472,7435,-1,7435,7472,7470,-1,7435,7470,7445,-1,7445,7470,7468,-1,7445,7468,7444,-1,7444,7468,7466,-1,7444,7466,7442,-1,7442,7466,7464,-1,7442,7464,7440,-1,7440,7464,7462,-1,7440,7462,7438,-1,7493,7494,7495,-1,7495,7494,7496,-1,7495,7496,7497,-1,7498,7499,7500,-1,7501,7502,7498,-1,7498,7502,7503,-1,7498,7503,7499,-1,7500,7504,7498,-1,7498,7504,7505,-1,7498,7505,7506,-1,7507,7508,7509,-1,7509,7508,7510,-1,7511,7512,7513,-1,7514,7515,7516,-1,7501,7508,7502,-1,7502,7508,7507,-1,7502,7507,7451,-1,7451,7507,7453,-1,7510,7508,7517,-1,7517,7508,7518,-1,7517,7518,7519,-1,7519,7518,7520,-1,7519,7520,7521,-1,7436,7438,7462,-1,7497,7522,7495,-1,7495,7522,7511,-1,7495,7511,7523,-1,7523,7511,7513,-1,7462,7460,7436,-1,7436,7460,7493,-1,7436,7493,7520,-1,7520,7493,7495,-1,7520,7495,7521,-1,7516,7515,7524,-1,7506,7505,7515,-1,7515,7505,7525,-1,7515,7525,7524,-1,7526,7527,7528,-1,7514,7516,7528,-1,7528,7516,7529,-1,7528,7529,7526,-1,7527,7530,7531,-1,7531,7532,7527,-1,7527,7532,7533,-1,7527,7533,7528,-1,7534,7449,7535,-1,7535,7449,7458,-1,7535,7458,7536,-1,7536,7458,7457,-1,7536,7457,7537,-1,7537,7457,7455,-1,7537,7455,7538,-1,7538,7455,7453,-1,7538,7453,7507,-1,7539,7540,7541,-1,7541,7542,7539,-1,7539,7542,7447,-1,7539,7447,7534,-1,7534,7447,7446,-1,7534,7446,7449,-1,7543,7544,7545,-1,7545,7544,7546,-1,7545,7546,7547,-1,7540,7539,7548,-1,7549,7550,7551,-1,7540,7548,7552,-1,7552,7548,7553,-1,7552,7553,7551,-1,7551,7553,7554,-1,7551,7554,7549,-1,7546,7555,7547,-1,7547,7555,7551,-1,7547,7551,7556,-1,7556,7551,7550,-1,7557,7558,7559,-1,7559,7558,7560,-1,7559,7560,7561,-1,7561,7560,7545,-1,7561,7545,7562,-1,7562,7545,7547,-1,7563,7564,7561,-1,7565,7566,7562,-1,7562,7566,7561,-1,7561,7566,7567,-1,7561,7567,7563,-1,7568,7569,7570,-1,7570,7569,7571,-1,7572,7573,7571,-1,7565,7562,7571,-1,7571,7562,7574,-1,7571,7574,7572,-1,7573,7575,7571,-1,7571,7575,7576,-1,7571,7576,7570,-1,7569,7568,7577,-1,7577,7568,7578,-1,7577,7578,7579,-1,7579,7578,7580,-1,7579,7580,7581,-1,7581,7580,7582,-1,7581,7582,7583,-1,7583,7582,7584,-1,7583,7584,7585,-1,7586,7452,7587,-1,7587,7452,7454,-1,7587,7454,7588,-1,7588,7454,7456,-1,7588,7456,7584,-1,7584,7456,7448,-1,7584,7448,7585,-1,7450,7452,7589,-1,7590,7591,7592,-1,7593,7594,7595,-1,7591,7596,7592,-1,7592,7596,7597,-1,7592,7597,7598,-1,7598,7597,7599,-1,7600,7601,7602,-1,7602,7601,7603,-1,7602,7603,7592,-1,7592,7603,7604,-1,7592,7604,7590,-1,7593,7605,7594,-1,7594,7605,7606,-1,7594,7606,7607,-1,7450,7589,7597,-1,7597,7589,7608,-1,7597,7608,7599,-1,7599,7608,7609,-1,7599,7609,7610,-1,7611,7612,7613,-1,7607,7614,7594,-1,7594,7614,7611,-1,7594,7611,7615,-1,7615,7611,7613,-1,7595,7589,7593,-1,7593,7589,7452,-1,7593,7452,7616,-1,7616,7452,7586,-1,7461,7439,7459,-1,7459,7439,7437,-1,7459,7437,7609,-1,7609,7437,7617,-1,7609,7617,7610,-1,7439,7461,7441,-1,7441,7461,7463,-1,7441,7463,7443,-1,7443,7463,7465,-1,7467,7469,7618,-1,7618,7619,7467,-1,7467,7619,7620,-1,7467,7620,7465,-1,7465,7620,7433,-1,7465,7433,7443,-1,7471,7473,7621,-1,7621,7622,7471,-1,7471,7622,7623,-1,7471,7623,7469,-1,7469,7623,7624,-1,7469,7624,7618,-1,7625,7626,7627,-1,7627,7626,7628,-1,7627,7628,7629,-1,7621,7473,7475,-1,7628,7630,7629,-1,7629,7630,7631,-1,7629,7631,7632,-1,7632,7631,7633,-1,7621,7475,7633,-1,7633,7475,7634,-1,7633,7634,7635,-1,7635,7636,7633,-1,7633,7636,7637,-1,7633,7637,7632,-1,7629,7482,7627,-1,7627,7482,7478,-1,7627,7478,7638,-1,7638,7478,7639,-1,7638,7639,7640,-1,7640,7639,7641,-1,7509,7616,7507,-1,7507,7616,7586,-1,7507,7586,7538,-1,7538,7586,7587,-1,7538,7587,7537,-1,7537,7587,7588,-1,7537,7588,7536,-1,7570,7548,7568,-1,7568,7548,7539,-1,7568,7539,7578,-1,7578,7539,7534,-1,7578,7534,7580,-1,7580,7534,7535,-1,7580,7535,7582,-1,7582,7535,7536,-1,7582,7536,7584,-1,7584,7536,7588,-1,7513,7512,7642,-1,7642,7512,7643,-1,7642,7643,7644,-1,7644,7643,7645,-1,7644,7645,7646,-1,7646,7645,7647,-1,7646,7647,7648,-1,7648,7647,7649,-1,7648,7649,7650,-1,7650,7649,7651,-1,7650,7651,7652,-1,7652,7651,7653,-1,7652,7653,7654,-1,7654,7653,7655,-1,7654,7655,7656,-1,7656,7655,7657,-1,7658,7659,7660,-1,7655,7661,7657,-1,7657,7661,7659,-1,7657,7659,7662,-1,7662,7659,7658,-1,7660,7663,7658,-1,7658,7663,7664,-1,7658,7664,7665,-1,7665,7664,7666,-1,7667,7668,7669,-1,7669,7668,7670,-1,7670,7671,7669,-1,7669,7671,7672,-1,7669,7672,7673,-1,7674,7675,7676,-1,7673,7672,7675,-1,7675,7672,7677,-1,7675,7677,7676,-1,7678,7679,7680,-1,7678,7680,7676,-1,7676,7680,7681,-1,7676,7681,7674,-1,7668,7667,7682,-1,7668,7682,7683,-1,7683,7682,7684,-1,7683,7684,7685,-1,7685,7684,7686,-1,7685,7686,7687,-1,7687,7686,7688,-1,7687,7688,7689,-1,7689,7688,7690,-1,7689,7690,7691,-1,7691,7690,7613,-1,7691,7613,7612,-1,7654,7670,7652,-1,7652,7670,7668,-1,7652,7668,7650,-1,7650,7668,7683,-1,7650,7683,7648,-1,7648,7683,7685,-1,7648,7685,7646,-1,7646,7685,7687,-1,7646,7687,7644,-1,7644,7687,7689,-1,7644,7689,7642,-1,7642,7689,7691,-1,7642,7691,7513,-1,7513,7691,7612,-1,7513,7612,7523,-1,7523,7612,7611,-1,7511,7615,7512,-1,7512,7615,7613,-1,7512,7613,7643,-1,7643,7613,7690,-1,7643,7690,7645,-1,7645,7690,7688,-1,7645,7688,7647,-1,7647,7688,7686,-1,7647,7686,7649,-1,7649,7686,7684,-1,7649,7684,7651,-1,7651,7684,7682,-1,7651,7682,7653,-1,7653,7682,7667,-1,7653,7667,7655,-1,7655,7667,7669,-1,7692,7525,7601,-1,7601,7525,7505,-1,7601,7505,7603,-1,7602,7506,7600,-1,7600,7506,7515,-1,7600,7515,7693,-1,7601,7600,7692,-1,7692,7600,7693,-1,7692,7693,7694,-1,7695,7696,7697,-1,7697,7696,7698,-1,7694,7699,7692,-1,7692,7699,7700,-1,7692,7700,7697,-1,7698,7701,7697,-1,7697,7701,7702,-1,7697,7702,7692,-1,7697,7703,7695,-1,7695,7703,7704,-1,7695,7704,7705,-1,7705,7704,7706,-1,7704,7707,7706,-1,7706,7707,7708,-1,7706,7708,7709,-1,7709,7708,7710,-1,7711,7712,7713,-1,7713,7712,7714,-1,7715,7716,7714,-1,7717,7718,7719,-1,7714,7716,7713,-1,7713,7716,7720,-1,7713,7720,7721,-1,7715,7714,7719,-1,7719,7714,7722,-1,7719,7722,7717,-1,7721,7723,7713,-1,7713,7723,7724,-1,7713,7724,7725,-1,7725,7724,7726,-1,7712,7711,7727,-1,7712,7727,7728,-1,7728,7727,7729,-1,7728,7729,7730,-1,7730,7729,7731,-1,7730,7731,7732,-1,7732,7731,7733,-1,7733,7731,7734,-1,7734,7735,7733,-1,7733,7735,7736,-1,7733,7736,7737,-1,7737,7738,7733,-1,7733,7738,7557,-1,7733,7557,7559,-1,7733,7559,7564,-1,7564,7559,7561,-1,7545,7560,7543,-1,7543,7560,7739,-1,7739,7560,7558,-1,7740,7741,7742,-1,7742,7741,7739,-1,7742,7739,7743,-1,7743,7739,7744,-1,7558,7745,7739,-1,7739,7745,7746,-1,7739,7746,7744,-1,7741,7740,7747,-1,7747,7740,7748,-1,7747,7748,7749,-1,7749,7748,7750,-1,7749,7750,7751,-1,7751,7750,7752,-1,7753,7754,7755,-1,7755,7754,7756,-1,7753,7757,7754,-1,7754,7757,7758,-1,7754,7758,7759,-1,7759,7758,7752,-1,7752,7758,7760,-1,7752,7760,7761,-1,7761,7762,7752,-1,7752,7762,7763,-1,7752,7763,7764,-1,7764,7765,7752,-1,7752,7765,7766,-1,7752,7766,7751,-1,7760,7758,7716,-1,7716,7758,7720,-1,7766,7714,7751,-1,7751,7714,7712,-1,7751,7712,7749,-1,7749,7712,7728,-1,7749,7728,7747,-1,7747,7728,7730,-1,7747,7730,7741,-1,7741,7730,7732,-1,7741,7732,7739,-1,7739,7732,7733,-1,7739,7733,7543,-1,7543,7733,7564,-1,7543,7564,7544,-1,7544,7564,7563,-1,7625,7627,7767,-1,7767,7627,7638,-1,7767,7638,7640,-1,7768,7769,7770,-1,7770,7769,7767,-1,7770,7767,7771,-1,7771,7767,7772,-1,7640,7773,7767,-1,7767,7773,7774,-1,7767,7774,7772,-1,7769,7768,7775,-1,7769,7775,7776,-1,7776,7775,7777,-1,7776,7777,7778,-1,7778,7777,7779,-1,7778,7779,7780,-1,7781,7782,7783,-1,7783,7782,7784,-1,7780,7779,7783,-1,7783,7779,7785,-1,7783,7785,7781,-1,7781,7785,7786,-1,7787,7788,7789,-1,7789,7788,7783,-1,7789,7783,7790,-1,7790,7783,7784,-1,7786,7791,7781,-1,7781,7791,7792,-1,7781,7792,7793,-1,7793,7792,7794,-1,7795,7796,7781,-1,7781,7796,7782,-1,7797,7798,7799,-1,7799,7798,7800,-1,7801,7800,7802,-1,7802,7800,7803,-1,7802,7803,7804,-1,7801,7805,7800,-1,7800,7805,7796,-1,7800,7796,7799,-1,7799,7796,7795,-1,7799,7795,7806,-1,7806,7795,7807,-1,7807,7795,7808,-1,7808,7795,7809,-1,7808,7809,7810,-1,7798,7797,7811,-1,7811,7797,7812,-1,7811,7812,7813,-1,7813,7812,7814,-1,7813,7814,7815,-1,7815,7814,7816,-1,7815,7816,7817,-1,7817,7816,7818,-1,7818,7819,7817,-1,7817,7819,7820,-1,7817,7820,7821,-1,7821,7822,7817,-1,7817,7822,7641,-1,7817,7641,7639,-1,7639,7478,7817,-1,7817,7478,7477,-1,7479,7626,7477,-1,7477,7626,7625,-1,7477,7625,7817,-1,7817,7625,7767,-1,7817,7767,7815,-1,7815,7767,7769,-1,7815,7769,7813,-1,7813,7769,7776,-1,7813,7776,7811,-1,7811,7776,7778,-1,7811,7778,7798,-1,7798,7778,7780,-1,7798,7780,7800,-1,7800,7780,7783,-1,7799,7785,7797,-1,7797,7785,7779,-1,7797,7779,7812,-1,7812,7779,7777,-1,7812,7777,7814,-1,7814,7777,7775,-1,7814,7775,7816,-1,7816,7775,7768,-1,7816,7768,7818,-1,7818,7768,7770,-1,7772,7774,7820,-1,7820,7774,7821,-1,7744,7746,7736,-1,7736,7746,7737,-1,7742,7734,7740,-1,7740,7734,7731,-1,7740,7731,7748,-1,7748,7731,7729,-1,7748,7729,7750,-1,7750,7729,7727,-1,7750,7727,7752,-1,7752,7727,7711,-1,7752,7711,7759,-1,7759,7711,7713,-1,7670,7654,7656,-1,7670,7656,7671,-1,7671,7656,7657,-1,7671,7657,7672,-1,7672,7657,7662,-1,7672,7662,7677,-1,7677,7662,7658,-1,7677,7658,7676,-1,7676,7658,7665,-1,7676,7665,7678,-1,7678,7665,7666,-1,7678,7666,7679,-1,7655,7669,7673,-1,7655,7673,7661,-1,7661,7673,7675,-1,7661,7675,7659,-1,7659,7675,7674,-1,7659,7674,7660,-1,7660,7674,7681,-1,7660,7681,7663,-1,7663,7681,7680,-1,7663,7680,7664,-1,7664,7680,7679,-1,7664,7679,7666,-1,7562,7547,7556,-1,7562,7556,7574,-1,7574,7556,7550,-1,7574,7550,7572,-1,7572,7550,7549,-1,7572,7549,7573,-1,7573,7549,7554,-1,7573,7554,7575,-1,7575,7554,7553,-1,7575,7553,7576,-1,7576,7553,7548,-1,7576,7548,7570,-1,7482,7629,7632,-1,7482,7632,7487,-1,7487,7632,7637,-1,7487,7637,7488,-1,7488,7637,7636,-1,7488,7636,7489,-1,7489,7636,7635,-1,7489,7635,7490,-1,7490,7635,7634,-1,7490,7634,7486,-1,7486,7634,7475,-1,7486,7475,7476,-1,7523,7611,7495,-1,7495,7611,7614,-1,7495,7614,7521,-1,7521,7614,7607,-1,7521,7607,7519,-1,7519,7607,7606,-1,7519,7606,7517,-1,7517,7606,7605,-1,7517,7605,7510,-1,7510,7605,7593,-1,7510,7593,7509,-1,7509,7593,7616,-1,7615,7511,7594,-1,7594,7511,7522,-1,7594,7522,7595,-1,7595,7522,7497,-1,7595,7497,7589,-1,7589,7497,7496,-1,7589,7496,7608,-1,7608,7496,7494,-1,7608,7494,7609,-1,7609,7494,7493,-1,7609,7493,7459,-1,7459,7493,7460,-1,7506,7602,7498,-1,7498,7602,7592,-1,7498,7592,7501,-1,7501,7592,7598,-1,7501,7598,7508,-1,7508,7598,7599,-1,7508,7599,7518,-1,7518,7599,7610,-1,7518,7610,7520,-1,7520,7610,7617,-1,7520,7617,7436,-1,7436,7617,7437,-1,7603,7505,7604,-1,7604,7505,7504,-1,7604,7504,7590,-1,7590,7504,7500,-1,7590,7500,7591,-1,7591,7500,7499,-1,7591,7499,7596,-1,7596,7499,7503,-1,7596,7503,7597,-1,7597,7503,7502,-1,7597,7502,7450,-1,7450,7502,7451,-1,7710,7530,7709,-1,7709,7530,7527,-1,7709,7527,7706,-1,7706,7527,7705,-1,7705,7527,7526,-1,7705,7526,7695,-1,7695,7526,7696,-1,7696,7526,7529,-1,7696,7529,7698,-1,7698,7529,7516,-1,7698,7516,7701,-1,7701,7516,7524,-1,7701,7524,7702,-1,7702,7524,7525,-1,7702,7525,7692,-1,7693,7515,7514,-1,7693,7514,7694,-1,7694,7514,7528,-1,7694,7528,7699,-1,7699,7528,7533,-1,7699,7533,7700,-1,7532,7703,7533,-1,7533,7703,7697,-1,7533,7697,7700,-1,7531,7530,7710,-1,7710,7708,7531,-1,7531,7708,7707,-1,7531,7707,7532,-1,7532,7707,7704,-1,7532,7704,7703,-1,7785,7799,7806,-1,7785,7806,7786,-1,7786,7806,7807,-1,7786,7807,7791,-1,7791,7807,7808,-1,7791,7808,7792,-1,7792,7808,7810,-1,7792,7810,7794,-1,7794,7810,7809,-1,7794,7809,7793,-1,7793,7809,7795,-1,7793,7795,7781,-1,7782,7796,7805,-1,7782,7805,7784,-1,7784,7805,7801,-1,7784,7801,7790,-1,7790,7801,7802,-1,7790,7802,7789,-1,7789,7802,7804,-1,7789,7804,7787,-1,7787,7804,7803,-1,7787,7803,7788,-1,7788,7803,7800,-1,7788,7800,7783,-1,7760,7716,7715,-1,7760,7715,7761,-1,7761,7715,7719,-1,7761,7719,7762,-1,7762,7719,7718,-1,7762,7718,7763,-1,7763,7718,7717,-1,7763,7717,7764,-1,7764,7717,7722,-1,7764,7722,7765,-1,7765,7722,7714,-1,7765,7714,7766,-1,7759,7713,7725,-1,7759,7725,7754,-1,7754,7725,7726,-1,7754,7726,7756,-1,7756,7726,7724,-1,7756,7724,7755,-1,7755,7724,7723,-1,7755,7723,7753,-1,7753,7723,7721,-1,7753,7721,7757,-1,7757,7721,7720,-1,7757,7720,7758,-1,7544,7563,7546,-1,7546,7563,7567,-1,7546,7567,7555,-1,7555,7567,7566,-1,7555,7566,7551,-1,7551,7566,7565,-1,7551,7565,7552,-1,7552,7565,7571,-1,7552,7571,7540,-1,7540,7571,7823,-1,7571,7569,7823,-1,7823,7569,7577,-1,7823,7577,7542,-1,7542,7577,7579,-1,7542,7579,7447,-1,7447,7579,7581,-1,7581,7583,7447,-1,7447,7583,7585,-1,7447,7585,7448,-1,7626,7479,7628,-1,7628,7479,7480,-1,7628,7480,7630,-1,7630,7480,7481,-1,7630,7481,7631,-1,7631,7481,7483,-1,7631,7483,7633,-1,7633,7483,7485,-1,7633,7485,7621,-1,7621,7485,7484,-1,7621,7484,7622,-1,7433,7620,7434,-1,7434,7620,7619,-1,7434,7619,7618,-1,7618,7624,7434,-1,7434,7624,7623,-1,7434,7623,7491,-1,7491,7623,7622,-1,7491,7622,7492,-1,7492,7622,7484,-1,7744,7736,7735,-1,7744,7735,7743,-1,7743,7735,7734,-1,7743,7734,7742,-1,7558,7557,7738,-1,7558,7738,7745,-1,7745,7738,7737,-1,7745,7737,7746,-1,7772,7820,7819,-1,7772,7819,7771,-1,7771,7819,7818,-1,7771,7818,7770,-1,7640,7641,7822,-1,7640,7822,7773,-1,7773,7822,7821,-1,7773,7821,7774,-1,7824,7825,7826,-1,7827,7828,7829,-1,7829,7828,7830,-1,7829,7830,7831,-1,7831,7830,7832,-1,7831,7832,7833,-1,7833,7832,7834,-1,7833,7834,7835,-1,7835,7834,7824,-1,7835,7824,7836,-1,7836,7824,7826,-1,7837,7838,7839,-1,7837,7839,7840,-1,7841,7842,7843,-1,7843,7842,7844,-1,7843,7844,7845,-1,7845,7844,7846,-1,7845,7846,7847,-1,7847,7846,7848,-1,7847,7848,7839,-1,7839,7848,7849,-1,7839,7849,7840,-1,7850,7851,7852,-1,7852,7851,7853,-1,7852,7853,7854,-1,7854,7853,7855,-1,7854,7855,7856,-1,7856,7855,7857,-1,7856,7857,7858,-1,7858,7857,7859,-1,7858,7859,7860,-1,7860,7859,7861,-1,7860,7861,7862,-1,7862,7861,7863,-1,7862,7863,7864,-1,7864,7863,7865,-1,7864,7865,7866,-1,7866,7865,7867,-1,7868,7869,7870,-1,7870,7869,7871,-1,7871,7869,7872,-1,7872,7869,7873,-1,7872,7873,7874,-1,7865,7875,7867,-1,7867,7875,7876,-1,7867,7876,7877,-1,7874,7873,7876,-1,7876,7873,7878,-1,7876,7878,7879,-1,7879,7880,7876,-1,7876,7880,7881,-1,7876,7881,7877,-1,7826,7825,7865,-1,7825,7882,7865,-1,7865,7882,7883,-1,7865,7883,7875,-1,7865,7863,7826,-1,7826,7863,7861,-1,7826,7861,7836,-1,7836,7861,7859,-1,7836,7859,7835,-1,7835,7859,7857,-1,7835,7857,7833,-1,7833,7857,7855,-1,7833,7855,7831,-1,7831,7855,7853,-1,7831,7853,7829,-1,7884,7885,7886,-1,7886,7885,7887,-1,7886,7887,7888,-1,7889,7890,7891,-1,7892,7893,7889,-1,7889,7893,7894,-1,7889,7894,7890,-1,7891,7895,7889,-1,7889,7895,7896,-1,7889,7896,7897,-1,7898,7899,7900,-1,7900,7899,7901,-1,7902,7903,7904,-1,7905,7906,7907,-1,7892,7899,7893,-1,7893,7899,7898,-1,7893,7898,7842,-1,7842,7898,7844,-1,7901,7899,7908,-1,7908,7899,7909,-1,7908,7909,7910,-1,7910,7909,7911,-1,7910,7911,7912,-1,7827,7829,7853,-1,7888,7913,7886,-1,7886,7913,7902,-1,7886,7902,7914,-1,7914,7902,7904,-1,7853,7851,7827,-1,7827,7851,7884,-1,7827,7884,7911,-1,7911,7884,7886,-1,7911,7886,7912,-1,7907,7906,7915,-1,7897,7896,7906,-1,7906,7896,7916,-1,7906,7916,7915,-1,7917,7918,7919,-1,7905,7907,7919,-1,7919,7907,7920,-1,7919,7920,7917,-1,7918,7921,7922,-1,7922,7923,7918,-1,7918,7923,7924,-1,7918,7924,7919,-1,7925,7840,7926,-1,7926,7840,7849,-1,7926,7849,7927,-1,7927,7849,7848,-1,7927,7848,7928,-1,7928,7848,7846,-1,7928,7846,7929,-1,7929,7846,7844,-1,7929,7844,7898,-1,7930,7931,7932,-1,7932,7933,7930,-1,7930,7933,7838,-1,7930,7838,7925,-1,7925,7838,7837,-1,7925,7837,7840,-1,7934,7935,7936,-1,7936,7935,7937,-1,7936,7937,7938,-1,7931,7930,7939,-1,7940,7941,7942,-1,7931,7939,7943,-1,7943,7939,7944,-1,7943,7944,7942,-1,7942,7944,7945,-1,7942,7945,7940,-1,7937,7946,7938,-1,7938,7946,7942,-1,7938,7942,7947,-1,7947,7942,7941,-1,7948,7949,7950,-1,7950,7949,7951,-1,7950,7951,7952,-1,7952,7951,7936,-1,7952,7936,7953,-1,7953,7936,7938,-1,7954,7955,7952,-1,7956,7957,7953,-1,7953,7957,7952,-1,7952,7957,7958,-1,7952,7958,7954,-1,7959,7960,7961,-1,7961,7960,7962,-1,7963,7964,7962,-1,7956,7953,7962,-1,7962,7953,7965,-1,7962,7965,7963,-1,7964,7966,7962,-1,7962,7966,7967,-1,7962,7967,7961,-1,7960,7959,7968,-1,7968,7959,7969,-1,7968,7969,7970,-1,7970,7969,7971,-1,7970,7971,7972,-1,7972,7971,7973,-1,7972,7973,7974,-1,7974,7973,7975,-1,7974,7975,7976,-1,7977,7843,7978,-1,7978,7843,7845,-1,7978,7845,7979,-1,7979,7845,7847,-1,7979,7847,7975,-1,7975,7847,7839,-1,7975,7839,7976,-1,7841,7843,7980,-1,7981,7982,7983,-1,7984,7985,7986,-1,7982,7987,7983,-1,7983,7987,7988,-1,7983,7988,7989,-1,7989,7988,7990,-1,7991,7992,7993,-1,7993,7992,7994,-1,7993,7994,7983,-1,7983,7994,7995,-1,7983,7995,7981,-1,7984,7996,7985,-1,7985,7996,7997,-1,7985,7997,7998,-1,7841,7980,7988,-1,7988,7980,7999,-1,7988,7999,7990,-1,7990,7999,8000,-1,7990,8000,8001,-1,8002,8003,8004,-1,7998,8005,7985,-1,7985,8005,8002,-1,7985,8002,8006,-1,8006,8002,8004,-1,7986,7980,7984,-1,7984,7980,7843,-1,7984,7843,8007,-1,8007,7843,7977,-1,7852,7830,7850,-1,7850,7830,7828,-1,7850,7828,8000,-1,8000,7828,8008,-1,8000,8008,8001,-1,7830,7852,7832,-1,7832,7852,7854,-1,7832,7854,7834,-1,7834,7854,7856,-1,7858,7860,8009,-1,8009,8010,7858,-1,7858,8010,8011,-1,7858,8011,7856,-1,7856,8011,7824,-1,7856,7824,7834,-1,7862,7864,8012,-1,8012,8013,7862,-1,7862,8013,8014,-1,7862,8014,7860,-1,7860,8014,8015,-1,7860,8015,8009,-1,8016,8017,8018,-1,8018,8017,8019,-1,8018,8019,8020,-1,8012,7864,7866,-1,8019,8021,8020,-1,8020,8021,8022,-1,8020,8022,8023,-1,8023,8022,8024,-1,8012,7866,8024,-1,8024,7866,8025,-1,8024,8025,8026,-1,8026,8027,8024,-1,8024,8027,8028,-1,8024,8028,8023,-1,8020,7873,8018,-1,8018,7873,7869,-1,8018,7869,8029,-1,8029,7869,8030,-1,8029,8030,8031,-1,8031,8030,8032,-1,7900,8007,7898,-1,7898,8007,7977,-1,7898,7977,7929,-1,7929,7977,7978,-1,7929,7978,7928,-1,7928,7978,7979,-1,7928,7979,7927,-1,7961,7939,7959,-1,7959,7939,7930,-1,7959,7930,7969,-1,7969,7930,7925,-1,7969,7925,7971,-1,7971,7925,7926,-1,7971,7926,7973,-1,7973,7926,7927,-1,7973,7927,7975,-1,7975,7927,7979,-1,7904,7903,8033,-1,8033,7903,8034,-1,8033,8034,8035,-1,8035,8034,8036,-1,8035,8036,8037,-1,8037,8036,8038,-1,8037,8038,8039,-1,8039,8038,8040,-1,8039,8040,8041,-1,8041,8040,8042,-1,8041,8042,8043,-1,8043,8042,8044,-1,8043,8044,8045,-1,8045,8044,8046,-1,8045,8046,8047,-1,8047,8046,8048,-1,8049,8050,8051,-1,8046,8052,8048,-1,8048,8052,8050,-1,8048,8050,8053,-1,8053,8050,8049,-1,8051,8054,8049,-1,8049,8054,8055,-1,8049,8055,8056,-1,8056,8055,8057,-1,8058,8059,8060,-1,8060,8059,8061,-1,8061,8062,8060,-1,8060,8062,8063,-1,8060,8063,8064,-1,8065,8066,8067,-1,8064,8063,8066,-1,8066,8063,8068,-1,8066,8068,8067,-1,8069,8070,8071,-1,8069,8071,8067,-1,8067,8071,8072,-1,8067,8072,8065,-1,8059,8058,8073,-1,8059,8073,8074,-1,8074,8073,8075,-1,8074,8075,8076,-1,8076,8075,8077,-1,8076,8077,8078,-1,8078,8077,8079,-1,8078,8079,8080,-1,8080,8079,8081,-1,8080,8081,8082,-1,8082,8081,8004,-1,8082,8004,8003,-1,8045,8061,8043,-1,8043,8061,8059,-1,8043,8059,8041,-1,8041,8059,8074,-1,8041,8074,8039,-1,8039,8074,8076,-1,8039,8076,8037,-1,8037,8076,8078,-1,8037,8078,8035,-1,8035,8078,8080,-1,8035,8080,8033,-1,8033,8080,8082,-1,8033,8082,7904,-1,7904,8082,8003,-1,7904,8003,7914,-1,7914,8003,8002,-1,7902,8006,7903,-1,7903,8006,8004,-1,7903,8004,8034,-1,8034,8004,8081,-1,8034,8081,8036,-1,8036,8081,8079,-1,8036,8079,8038,-1,8038,8079,8077,-1,8038,8077,8040,-1,8040,8077,8075,-1,8040,8075,8042,-1,8042,8075,8073,-1,8042,8073,8044,-1,8044,8073,8058,-1,8044,8058,8046,-1,8046,8058,8060,-1,8083,7916,7992,-1,7992,7916,7896,-1,7992,7896,7994,-1,7993,7897,7991,-1,7991,7897,7906,-1,7991,7906,8084,-1,7992,7991,8083,-1,8083,7991,8084,-1,8083,8084,8085,-1,8086,8087,8088,-1,8088,8087,8089,-1,8085,8090,8083,-1,8083,8090,8091,-1,8083,8091,8088,-1,8089,8092,8088,-1,8088,8092,8093,-1,8088,8093,8083,-1,8088,8094,8086,-1,8086,8094,8095,-1,8086,8095,8096,-1,8096,8095,8097,-1,8095,8098,8097,-1,8097,8098,8099,-1,8097,8099,8100,-1,8100,8099,8101,-1,8102,8103,8104,-1,8104,8103,8105,-1,8106,8107,8105,-1,8108,8109,8110,-1,8105,8107,8104,-1,8104,8107,8111,-1,8104,8111,8112,-1,8106,8105,8110,-1,8110,8105,8113,-1,8110,8113,8108,-1,8112,8114,8104,-1,8104,8114,8115,-1,8104,8115,8116,-1,8116,8115,8117,-1,8103,8102,8118,-1,8103,8118,8119,-1,8119,8118,8120,-1,8119,8120,8121,-1,8121,8120,8122,-1,8121,8122,8123,-1,8123,8122,8124,-1,8124,8122,8125,-1,8125,8126,8124,-1,8124,8126,8127,-1,8124,8127,8128,-1,8128,8129,8124,-1,8124,8129,7948,-1,8124,7948,7950,-1,8124,7950,7955,-1,7955,7950,7952,-1,7936,7951,7934,-1,7934,7951,8130,-1,8130,7951,7949,-1,8131,8132,8133,-1,8133,8132,8130,-1,8133,8130,8134,-1,8134,8130,8135,-1,7949,8136,8130,-1,8130,8136,8137,-1,8130,8137,8135,-1,8132,8131,8138,-1,8138,8131,8139,-1,8138,8139,8140,-1,8140,8139,8141,-1,8140,8141,8142,-1,8142,8141,8143,-1,8144,8145,8146,-1,8146,8145,8147,-1,8144,8148,8145,-1,8145,8148,8149,-1,8145,8149,8150,-1,8150,8149,8143,-1,8143,8149,8151,-1,8143,8151,8152,-1,8152,8153,8143,-1,8143,8153,8154,-1,8143,8154,8155,-1,8155,8156,8143,-1,8143,8156,8157,-1,8143,8157,8142,-1,8151,8149,8107,-1,8107,8149,8111,-1,8157,8105,8142,-1,8142,8105,8103,-1,8142,8103,8140,-1,8140,8103,8119,-1,8140,8119,8138,-1,8138,8119,8121,-1,8138,8121,8132,-1,8132,8121,8123,-1,8132,8123,8130,-1,8130,8123,8124,-1,8130,8124,7934,-1,7934,8124,7955,-1,7934,7955,7935,-1,7935,7955,7954,-1,8016,8018,8158,-1,8158,8018,8029,-1,8158,8029,8031,-1,8159,8160,8161,-1,8161,8160,8158,-1,8161,8158,8162,-1,8162,8158,8163,-1,8031,8164,8158,-1,8158,8164,8165,-1,8158,8165,8163,-1,8160,8159,8166,-1,8160,8166,8167,-1,8167,8166,8168,-1,8167,8168,8169,-1,8169,8168,8170,-1,8169,8170,8171,-1,8172,8173,8174,-1,8174,8173,8175,-1,8171,8170,8174,-1,8174,8170,8176,-1,8174,8176,8172,-1,8172,8176,8177,-1,8178,8179,8180,-1,8180,8179,8174,-1,8180,8174,8181,-1,8181,8174,8175,-1,8177,8182,8172,-1,8172,8182,8183,-1,8172,8183,8184,-1,8184,8183,8185,-1,8186,8187,8172,-1,8172,8187,8173,-1,8188,8189,8190,-1,8190,8189,8191,-1,8192,8191,8193,-1,8193,8191,8194,-1,8193,8194,8195,-1,8192,8196,8191,-1,8191,8196,8187,-1,8191,8187,8190,-1,8190,8187,8186,-1,8190,8186,8197,-1,8197,8186,8198,-1,8198,8186,8199,-1,8199,8186,8200,-1,8199,8200,8201,-1,8189,8188,8202,-1,8202,8188,8203,-1,8202,8203,8204,-1,8204,8203,8205,-1,8204,8205,8206,-1,8206,8205,8207,-1,8206,8207,8208,-1,8208,8207,8209,-1,8209,8210,8208,-1,8208,8210,8211,-1,8208,8211,8212,-1,8212,8213,8208,-1,8208,8213,8032,-1,8208,8032,8030,-1,8030,7869,8208,-1,8208,7869,7868,-1,7870,8017,7868,-1,7868,8017,8016,-1,7868,8016,8208,-1,8208,8016,8158,-1,8208,8158,8206,-1,8206,8158,8160,-1,8206,8160,8204,-1,8204,8160,8167,-1,8204,8167,8202,-1,8202,8167,8169,-1,8202,8169,8189,-1,8189,8169,8171,-1,8189,8171,8191,-1,8191,8171,8174,-1,8190,8176,8188,-1,8188,8176,8170,-1,8188,8170,8203,-1,8203,8170,8168,-1,8203,8168,8205,-1,8205,8168,8166,-1,8205,8166,8207,-1,8207,8166,8159,-1,8207,8159,8209,-1,8209,8159,8161,-1,8163,8165,8211,-1,8211,8165,8212,-1,8135,8137,8127,-1,8127,8137,8128,-1,8133,8125,8131,-1,8131,8125,8122,-1,8131,8122,8139,-1,8139,8122,8120,-1,8139,8120,8141,-1,8141,8120,8118,-1,8141,8118,8143,-1,8143,8118,8102,-1,8143,8102,8150,-1,8150,8102,8104,-1,8061,8045,8047,-1,8061,8047,8062,-1,8062,8047,8048,-1,8062,8048,8063,-1,8063,8048,8053,-1,8063,8053,8068,-1,8068,8053,8049,-1,8068,8049,8067,-1,8067,8049,8056,-1,8067,8056,8069,-1,8069,8056,8057,-1,8069,8057,8070,-1,8046,8060,8064,-1,8046,8064,8052,-1,8052,8064,8066,-1,8052,8066,8050,-1,8050,8066,8065,-1,8050,8065,8051,-1,8051,8065,8072,-1,8051,8072,8054,-1,8054,8072,8071,-1,8054,8071,8055,-1,8055,8071,8070,-1,8055,8070,8057,-1,7953,7938,7947,-1,7953,7947,7965,-1,7965,7947,7941,-1,7965,7941,7963,-1,7963,7941,7940,-1,7963,7940,7964,-1,7964,7940,7945,-1,7964,7945,7966,-1,7966,7945,7944,-1,7966,7944,7967,-1,7967,7944,7939,-1,7967,7939,7961,-1,7873,8020,8023,-1,7873,8023,7878,-1,7878,8023,8028,-1,7878,8028,7879,-1,7879,8028,8027,-1,7879,8027,7880,-1,7880,8027,8026,-1,7880,8026,7881,-1,7881,8026,8025,-1,7881,8025,7877,-1,7877,8025,7866,-1,7877,7866,7867,-1,7914,8002,7886,-1,7886,8002,8005,-1,7886,8005,7912,-1,7912,8005,7998,-1,7912,7998,7910,-1,7910,7998,7997,-1,7910,7997,7908,-1,7908,7997,7996,-1,7908,7996,7901,-1,7901,7996,7984,-1,7901,7984,7900,-1,7900,7984,8007,-1,8006,7902,7985,-1,7985,7902,7913,-1,7985,7913,7986,-1,7986,7913,7888,-1,7986,7888,7980,-1,7980,7888,7887,-1,7980,7887,7999,-1,7999,7887,7885,-1,7999,7885,8000,-1,8000,7885,7884,-1,8000,7884,7850,-1,7850,7884,7851,-1,7897,7993,7889,-1,7889,7993,7983,-1,7889,7983,7892,-1,7892,7983,7989,-1,7892,7989,7899,-1,7899,7989,7990,-1,7899,7990,7909,-1,7909,7990,8001,-1,7909,8001,7911,-1,7911,8001,8008,-1,7911,8008,7827,-1,7827,8008,7828,-1,7994,7896,7995,-1,7995,7896,7895,-1,7995,7895,7981,-1,7981,7895,7891,-1,7981,7891,7982,-1,7982,7891,7890,-1,7982,7890,7987,-1,7987,7890,7894,-1,7987,7894,7988,-1,7988,7894,7893,-1,7988,7893,7841,-1,7841,7893,7842,-1,8101,7921,8100,-1,8100,7921,7918,-1,8100,7918,8097,-1,8097,7918,8096,-1,8096,7918,7917,-1,8096,7917,8086,-1,8086,7917,8087,-1,8087,7917,7920,-1,8087,7920,8089,-1,8089,7920,7907,-1,8089,7907,8092,-1,8092,7907,7915,-1,8092,7915,8093,-1,8093,7915,7916,-1,8093,7916,8083,-1,8084,7906,7905,-1,8084,7905,8085,-1,8085,7905,7919,-1,8085,7919,8090,-1,8090,7919,7924,-1,8090,7924,8091,-1,7923,8094,7924,-1,7924,8094,8088,-1,7924,8088,8091,-1,7922,7921,8101,-1,8101,8099,7922,-1,7922,8099,8098,-1,7922,8098,7923,-1,7923,8098,8095,-1,7923,8095,8094,-1,8176,8190,8197,-1,8176,8197,8177,-1,8177,8197,8198,-1,8177,8198,8182,-1,8182,8198,8199,-1,8182,8199,8183,-1,8183,8199,8201,-1,8183,8201,8185,-1,8185,8201,8200,-1,8185,8200,8184,-1,8184,8200,8186,-1,8184,8186,8172,-1,8173,8187,8196,-1,8173,8196,8175,-1,8175,8196,8192,-1,8175,8192,8181,-1,8181,8192,8193,-1,8181,8193,8180,-1,8180,8193,8195,-1,8180,8195,8178,-1,8178,8195,8194,-1,8178,8194,8179,-1,8179,8194,8191,-1,8179,8191,8174,-1,8151,8107,8106,-1,8151,8106,8152,-1,8152,8106,8110,-1,8152,8110,8153,-1,8153,8110,8109,-1,8153,8109,8154,-1,8154,8109,8108,-1,8154,8108,8155,-1,8155,8108,8113,-1,8155,8113,8156,-1,8156,8113,8105,-1,8156,8105,8157,-1,8150,8104,8116,-1,8150,8116,8145,-1,8145,8116,8117,-1,8145,8117,8147,-1,8147,8117,8115,-1,8147,8115,8146,-1,8146,8115,8114,-1,8146,8114,8144,-1,8144,8114,8112,-1,8144,8112,8148,-1,8148,8112,8111,-1,8148,8111,8149,-1,7935,7954,7937,-1,7937,7954,7958,-1,7937,7958,7946,-1,7946,7958,7957,-1,7946,7957,7942,-1,7942,7957,7956,-1,7942,7956,7943,-1,7943,7956,7962,-1,7943,7962,7931,-1,7931,7962,8214,-1,7962,7960,8214,-1,8214,7960,7968,-1,8214,7968,7933,-1,7933,7968,7970,-1,7933,7970,7838,-1,7838,7970,7972,-1,7972,7974,7838,-1,7838,7974,7976,-1,7838,7976,7839,-1,8017,7870,8019,-1,8019,7870,7871,-1,8019,7871,8021,-1,8021,7871,7872,-1,8021,7872,8022,-1,8022,7872,7874,-1,8022,7874,8024,-1,8024,7874,7876,-1,8024,7876,8012,-1,8012,7876,7875,-1,8012,7875,8013,-1,7824,8011,7825,-1,7825,8011,8010,-1,7825,8010,8009,-1,8009,8015,7825,-1,7825,8015,8014,-1,7825,8014,7882,-1,7882,8014,8013,-1,7882,8013,7883,-1,7883,8013,7875,-1,8135,8127,8126,-1,8135,8126,8134,-1,8134,8126,8125,-1,8134,8125,8133,-1,7949,7948,8129,-1,7949,8129,8136,-1,8136,8129,8128,-1,8136,8128,8137,-1,8163,8211,8210,-1,8163,8210,8162,-1,8162,8210,8209,-1,8162,8209,8161,-1,8031,8032,8213,-1,8031,8213,8164,-1,8164,8213,8212,-1,8164,8212,8165,-1,8215,8216,8217,-1,8218,8219,8220,-1,8220,8219,8221,-1,8220,8221,8222,-1,8222,8221,8223,-1,8222,8223,8224,-1,8224,8223,8225,-1,8224,8225,8226,-1,8226,8225,8215,-1,8226,8215,8227,-1,8227,8215,8217,-1,8228,8229,8230,-1,8228,8230,8231,-1,8232,8233,8234,-1,8234,8233,8235,-1,8234,8235,8236,-1,8236,8235,8237,-1,8236,8237,8238,-1,8238,8237,8239,-1,8238,8239,8230,-1,8230,8239,8240,-1,8230,8240,8231,-1,8241,8242,8243,-1,8243,8242,8244,-1,8243,8244,8245,-1,8245,8244,8246,-1,8245,8246,8247,-1,8247,8246,8248,-1,8247,8248,8249,-1,8249,8248,8250,-1,8249,8250,8251,-1,8251,8250,8252,-1,8251,8252,8253,-1,8253,8252,8254,-1,8253,8254,8255,-1,8255,8254,8256,-1,8255,8256,8257,-1,8257,8256,8258,-1,8259,8260,8261,-1,8261,8260,8262,-1,8262,8260,8263,-1,8263,8260,8264,-1,8263,8264,8265,-1,8256,8266,8258,-1,8258,8266,8267,-1,8258,8267,8268,-1,8265,8264,8267,-1,8267,8264,8269,-1,8267,8269,8270,-1,8270,8271,8267,-1,8267,8271,8272,-1,8267,8272,8268,-1,8217,8216,8256,-1,8216,8273,8256,-1,8256,8273,8274,-1,8256,8274,8266,-1,8256,8254,8217,-1,8217,8254,8252,-1,8217,8252,8227,-1,8227,8252,8250,-1,8227,8250,8226,-1,8226,8250,8248,-1,8226,8248,8224,-1,8224,8248,8246,-1,8224,8246,8222,-1,8222,8246,8244,-1,8222,8244,8220,-1,8275,8276,8277,-1,8277,8276,8278,-1,8277,8278,8279,-1,8280,8281,8282,-1,8283,8284,8233,-1,8233,8284,8235,-1,8285,8286,8287,-1,8288,8289,8277,-1,8277,8289,8290,-1,8277,8290,8291,-1,8280,8282,8292,-1,8283,8275,8284,-1,8284,8275,8277,-1,8284,8277,8293,-1,8293,8277,8291,-1,8293,8291,8294,-1,8294,8291,8282,-1,8294,8282,8295,-1,8295,8282,8281,-1,8279,8278,8286,-1,8286,8278,8296,-1,8286,8296,8287,-1,8218,8220,8244,-1,8288,8297,8289,-1,8289,8297,8218,-1,8289,8218,8242,-1,8242,8218,8244,-1,8298,8299,8300,-1,8285,8287,8301,-1,8301,8287,8302,-1,8301,8302,8303,-1,8282,8304,8292,-1,8292,8304,8298,-1,8292,8298,8305,-1,8305,8298,8300,-1,8306,8307,8303,-1,8307,8308,8303,-1,8303,8308,8309,-1,8303,8309,8301,-1,8306,8303,8310,-1,8310,8303,8311,-1,8310,8311,8312,-1,8312,8313,8310,-1,8310,8313,8314,-1,8310,8314,8315,-1,8316,8231,8317,-1,8317,8231,8240,-1,8317,8240,8318,-1,8318,8240,8239,-1,8318,8239,8319,-1,8319,8239,8237,-1,8319,8237,8320,-1,8320,8237,8235,-1,8320,8235,8284,-1,8321,8322,8323,-1,8323,8324,8321,-1,8321,8324,8229,-1,8321,8229,8316,-1,8316,8229,8228,-1,8316,8228,8231,-1,8325,8326,8327,-1,8327,8326,8328,-1,8327,8328,8329,-1,8322,8321,8330,-1,8331,8332,8333,-1,8322,8330,8334,-1,8334,8330,8335,-1,8334,8335,8333,-1,8333,8335,8336,-1,8333,8336,8331,-1,8328,8337,8329,-1,8329,8337,8333,-1,8329,8333,8338,-1,8338,8333,8332,-1,8339,8340,8341,-1,8341,8340,8342,-1,8341,8342,8343,-1,8343,8342,8327,-1,8343,8327,8344,-1,8344,8327,8329,-1,8345,8346,8343,-1,8347,8348,8344,-1,8344,8348,8343,-1,8343,8348,8349,-1,8343,8349,8345,-1,8350,8351,8352,-1,8352,8351,8353,-1,8354,8355,8353,-1,8347,8344,8353,-1,8353,8344,8356,-1,8353,8356,8354,-1,8355,8357,8353,-1,8353,8357,8358,-1,8353,8358,8352,-1,8351,8350,8359,-1,8359,8350,8360,-1,8359,8360,8361,-1,8361,8360,8362,-1,8361,8362,8363,-1,8363,8362,8364,-1,8363,8364,8365,-1,8365,8364,8366,-1,8365,8366,8367,-1,8368,8234,8369,-1,8369,8234,8236,-1,8369,8236,8370,-1,8370,8236,8238,-1,8370,8238,8366,-1,8366,8238,8230,-1,8366,8230,8367,-1,8371,8372,8373,-1,8374,8243,8219,-1,8219,8243,8221,-1,8375,8371,8376,-1,8376,8377,8375,-1,8375,8377,8378,-1,8375,8378,8379,-1,8372,8380,8381,-1,8232,8234,8368,-1,8371,8375,8372,-1,8372,8375,8382,-1,8372,8382,8380,-1,8374,8383,8243,-1,8243,8383,8372,-1,8243,8372,8241,-1,8241,8372,8381,-1,8373,8384,8371,-1,8371,8384,8232,-1,8371,8232,8385,-1,8385,8232,8368,-1,8386,8387,8388,-1,8383,8389,8372,-1,8372,8389,8390,-1,8372,8390,8391,-1,8391,8390,8392,-1,8391,8392,8393,-1,8393,8392,8386,-1,8393,8386,8394,-1,8394,8386,8388,-1,8395,8396,8397,-1,8378,8398,8379,-1,8379,8398,8395,-1,8379,8395,8399,-1,8399,8395,8397,-1,8221,8243,8223,-1,8223,8243,8245,-1,8223,8245,8225,-1,8225,8245,8247,-1,8249,8251,8400,-1,8400,8401,8249,-1,8249,8401,8402,-1,8249,8402,8247,-1,8247,8402,8215,-1,8247,8215,8225,-1,8253,8255,8403,-1,8403,8404,8253,-1,8253,8404,8405,-1,8253,8405,8251,-1,8251,8405,8406,-1,8251,8406,8400,-1,8407,8408,8409,-1,8409,8408,8410,-1,8409,8410,8411,-1,8403,8255,8257,-1,8410,8412,8411,-1,8411,8412,8413,-1,8411,8413,8414,-1,8414,8413,8415,-1,8403,8257,8415,-1,8415,8257,8416,-1,8415,8416,8417,-1,8417,8418,8415,-1,8415,8418,8419,-1,8415,8419,8414,-1,8411,8264,8409,-1,8409,8264,8260,-1,8409,8260,8420,-1,8420,8260,8421,-1,8420,8421,8422,-1,8422,8421,8423,-1,8293,8385,8284,-1,8284,8385,8368,-1,8284,8368,8320,-1,8320,8368,8369,-1,8320,8369,8319,-1,8319,8369,8370,-1,8319,8370,8318,-1,8352,8330,8350,-1,8350,8330,8321,-1,8350,8321,8360,-1,8360,8321,8316,-1,8360,8316,8362,-1,8362,8316,8317,-1,8362,8317,8364,-1,8364,8317,8318,-1,8364,8318,8366,-1,8366,8318,8370,-1,8300,8299,8424,-1,8424,8299,8425,-1,8424,8425,8426,-1,8426,8425,8427,-1,8426,8427,8428,-1,8428,8427,8429,-1,8428,8429,8430,-1,8430,8429,8431,-1,8430,8431,8432,-1,8432,8431,8433,-1,8432,8433,8434,-1,8434,8433,8435,-1,8434,8435,8436,-1,8436,8435,8437,-1,8436,8437,8438,-1,8438,8437,8439,-1,8440,8441,8437,-1,8437,8441,8442,-1,8437,8442,8439,-1,8440,8443,8441,-1,8441,8443,8444,-1,8441,8444,8445,-1,8445,8446,8441,-1,8441,8446,8447,-1,8441,8447,8448,-1,8449,8450,8451,-1,8452,8453,8454,-1,8451,8455,8449,-1,8449,8455,8456,-1,8449,8456,8454,-1,8454,8456,8457,-1,8454,8457,8452,-1,8458,8459,8453,-1,8453,8459,8460,-1,8453,8460,8461,-1,8461,8462,8453,-1,8453,8462,8463,-1,8453,8463,8454,-1,8451,8450,8464,-1,8451,8464,8465,-1,8465,8464,8466,-1,8465,8466,8467,-1,8467,8466,8468,-1,8467,8468,8469,-1,8469,8468,8470,-1,8469,8470,8471,-1,8471,8470,8472,-1,8471,8472,8473,-1,8473,8472,8397,-1,8473,8397,8396,-1,8436,8455,8434,-1,8434,8455,8451,-1,8434,8451,8432,-1,8432,8451,8465,-1,8432,8465,8430,-1,8430,8465,8467,-1,8430,8467,8428,-1,8428,8467,8469,-1,8428,8469,8426,-1,8426,8469,8471,-1,8426,8471,8424,-1,8424,8471,8473,-1,8424,8473,8300,-1,8300,8473,8396,-1,8300,8396,8305,-1,8305,8396,8395,-1,8298,8399,8299,-1,8299,8399,8397,-1,8299,8397,8425,-1,8425,8397,8472,-1,8425,8472,8427,-1,8427,8472,8470,-1,8427,8470,8429,-1,8429,8470,8468,-1,8429,8468,8431,-1,8431,8468,8466,-1,8431,8466,8433,-1,8433,8466,8464,-1,8433,8464,8435,-1,8435,8464,8450,-1,8435,8450,8437,-1,8437,8450,8449,-1,8474,8302,8388,-1,8388,8302,8287,-1,8388,8287,8394,-1,8386,8285,8387,-1,8387,8285,8301,-1,8387,8301,8475,-1,8388,8387,8474,-1,8474,8387,8475,-1,8474,8475,8476,-1,8477,8478,8479,-1,8479,8478,8480,-1,8476,8481,8474,-1,8474,8481,8482,-1,8474,8482,8479,-1,8480,8483,8479,-1,8479,8483,8484,-1,8479,8484,8474,-1,8479,8485,8477,-1,8477,8485,8486,-1,8477,8486,8487,-1,8487,8486,8488,-1,8487,8488,8489,-1,8489,8488,8490,-1,8490,8488,8491,-1,8490,8491,8492,-1,8493,8494,8495,-1,8493,8495,8496,-1,8497,8498,8499,-1,8499,8498,8500,-1,8499,8500,8501,-1,8502,8503,8495,-1,8501,8504,8499,-1,8499,8504,8505,-1,8499,8505,8495,-1,8495,8505,8506,-1,8495,8506,8502,-1,8503,8507,8495,-1,8495,8507,8508,-1,8495,8508,8496,-1,8495,8494,8509,-1,8495,8509,8510,-1,8510,8509,8511,-1,8510,8511,8512,-1,8512,8511,8513,-1,8512,8513,8514,-1,8514,8513,8515,-1,8515,8513,8516,-1,8516,8517,8515,-1,8515,8517,8518,-1,8515,8518,8519,-1,8519,8520,8515,-1,8515,8520,8339,-1,8515,8339,8341,-1,8515,8341,8346,-1,8346,8341,8343,-1,8327,8342,8325,-1,8325,8342,8521,-1,8521,8342,8340,-1,8522,8523,8524,-1,8524,8523,8521,-1,8524,8521,8525,-1,8525,8521,8526,-1,8340,8527,8521,-1,8521,8527,8528,-1,8521,8528,8526,-1,8523,8522,8529,-1,8529,8522,8530,-1,8529,8530,8531,-1,8531,8530,8532,-1,8531,8532,8533,-1,8533,8532,8534,-1,8535,8536,8537,-1,8537,8536,8538,-1,8537,8538,8539,-1,8537,8540,8535,-1,8535,8540,8541,-1,8535,8541,8534,-1,8534,8541,8542,-1,8534,8542,8543,-1,8543,8544,8534,-1,8534,8544,8545,-1,8534,8545,8546,-1,8546,8547,8534,-1,8534,8547,8548,-1,8534,8548,8533,-1,8542,8541,8505,-1,8505,8541,8506,-1,8345,8326,8346,-1,8346,8326,8325,-1,8346,8325,8515,-1,8515,8325,8521,-1,8515,8521,8514,-1,8514,8521,8523,-1,8514,8523,8512,-1,8512,8523,8529,-1,8512,8529,8510,-1,8510,8529,8531,-1,8510,8531,8495,-1,8495,8531,8533,-1,8495,8533,8499,-1,8499,8533,8548,-1,8407,8409,8549,-1,8549,8409,8420,-1,8549,8420,8422,-1,8550,8551,8552,-1,8552,8551,8549,-1,8552,8549,8553,-1,8553,8549,8554,-1,8422,8555,8549,-1,8549,8555,8556,-1,8549,8556,8554,-1,8551,8550,8557,-1,8551,8557,8558,-1,8558,8557,8559,-1,8558,8559,8560,-1,8560,8559,8561,-1,8560,8561,8562,-1,8562,8561,8563,-1,8563,8561,8564,-1,8564,8565,8563,-1,8563,8565,8566,-1,8563,8566,8567,-1,8567,8568,8563,-1,8563,8568,8569,-1,8563,8569,8570,-1,8570,8569,8571,-1,8572,8573,8574,-1,8574,8573,8575,-1,8574,8575,8564,-1,8564,8575,8576,-1,8564,8576,8565,-1,8577,8578,8565,-1,8565,8578,8566,-1,8579,8580,8581,-1,8581,8580,8582,-1,8583,8582,8584,-1,8584,8582,8585,-1,8584,8585,8586,-1,8583,8587,8582,-1,8582,8587,8578,-1,8582,8578,8581,-1,8581,8578,8577,-1,8581,8577,8588,-1,8588,8589,8581,-1,8581,8589,8590,-1,8581,8590,8591,-1,8591,8590,8592,-1,8580,8579,8593,-1,8593,8579,8594,-1,8593,8594,8595,-1,8595,8594,8596,-1,8595,8596,8597,-1,8597,8596,8598,-1,8597,8598,8599,-1,8599,8598,8600,-1,8600,8601,8599,-1,8599,8601,8602,-1,8599,8602,8603,-1,8603,8604,8599,-1,8599,8604,8423,-1,8599,8423,8421,-1,8421,8260,8599,-1,8599,8260,8259,-1,8261,8408,8259,-1,8259,8408,8407,-1,8259,8407,8599,-1,8599,8407,8549,-1,8599,8549,8597,-1,8597,8549,8551,-1,8597,8551,8595,-1,8595,8551,8558,-1,8595,8558,8593,-1,8593,8558,8560,-1,8593,8560,8580,-1,8580,8560,8562,-1,8580,8562,8582,-1,8582,8562,8563,-1,8581,8564,8579,-1,8579,8564,8561,-1,8579,8561,8594,-1,8594,8561,8559,-1,8594,8559,8596,-1,8596,8559,8557,-1,8596,8557,8598,-1,8598,8557,8550,-1,8598,8550,8600,-1,8600,8550,8552,-1,8554,8556,8602,-1,8602,8556,8603,-1,8526,8528,8518,-1,8518,8528,8519,-1,8524,8516,8522,-1,8522,8516,8513,-1,8522,8513,8530,-1,8530,8513,8511,-1,8530,8511,8532,-1,8532,8511,8509,-1,8532,8509,8534,-1,8534,8509,8494,-1,8534,8494,8535,-1,8535,8494,8493,-1,8455,8436,8438,-1,8455,8438,8456,-1,8456,8438,8439,-1,8456,8439,8457,-1,8457,8439,8442,-1,8457,8442,8452,-1,8452,8442,8441,-1,8452,8441,8453,-1,8453,8441,8448,-1,8453,8448,8458,-1,8458,8448,8447,-1,8458,8447,8459,-1,8437,8449,8454,-1,8437,8454,8440,-1,8440,8454,8463,-1,8440,8463,8443,-1,8443,8463,8462,-1,8443,8462,8444,-1,8444,8462,8461,-1,8444,8461,8445,-1,8445,8461,8460,-1,8445,8460,8446,-1,8446,8460,8459,-1,8446,8459,8447,-1,8344,8329,8338,-1,8344,8338,8356,-1,8356,8338,8332,-1,8356,8332,8354,-1,8354,8332,8331,-1,8354,8331,8355,-1,8355,8331,8336,-1,8355,8336,8357,-1,8357,8336,8335,-1,8357,8335,8358,-1,8358,8335,8330,-1,8358,8330,8352,-1,8264,8411,8414,-1,8264,8414,8269,-1,8269,8414,8419,-1,8269,8419,8270,-1,8270,8419,8418,-1,8270,8418,8271,-1,8271,8418,8417,-1,8271,8417,8272,-1,8272,8417,8416,-1,8272,8416,8268,-1,8268,8416,8257,-1,8268,8257,8258,-1,8305,8395,8292,-1,8292,8395,8398,-1,8292,8398,8280,-1,8280,8398,8378,-1,8280,8378,8281,-1,8281,8378,8377,-1,8281,8377,8295,-1,8295,8377,8376,-1,8295,8376,8294,-1,8294,8376,8371,-1,8294,8371,8293,-1,8293,8371,8385,-1,8399,8298,8379,-1,8379,8298,8304,-1,8379,8304,8375,-1,8375,8304,8282,-1,8375,8282,8382,-1,8382,8282,8291,-1,8382,8291,8380,-1,8380,8291,8290,-1,8380,8290,8381,-1,8381,8290,8289,-1,8381,8289,8241,-1,8241,8289,8242,-1,8285,8386,8286,-1,8286,8386,8392,-1,8286,8392,8279,-1,8279,8392,8390,-1,8279,8390,8277,-1,8277,8390,8389,-1,8277,8389,8288,-1,8288,8389,8383,-1,8288,8383,8297,-1,8297,8383,8374,-1,8297,8374,8218,-1,8218,8374,8219,-1,8394,8287,8393,-1,8393,8287,8296,-1,8393,8296,8391,-1,8391,8296,8278,-1,8391,8278,8372,-1,8372,8278,8276,-1,8372,8276,8373,-1,8373,8276,8275,-1,8373,8275,8384,-1,8384,8275,8283,-1,8384,8283,8232,-1,8232,8283,8233,-1,8492,8315,8490,-1,8490,8315,8314,-1,8490,8314,8489,-1,8489,8314,8487,-1,8487,8314,8313,-1,8487,8313,8477,-1,8477,8313,8478,-1,8478,8313,8312,-1,8478,8312,8480,-1,8480,8312,8311,-1,8480,8311,8483,-1,8483,8311,8303,-1,8483,8303,8484,-1,8484,8303,8302,-1,8484,8302,8474,-1,8475,8301,8309,-1,8475,8309,8476,-1,8476,8309,8308,-1,8476,8308,8481,-1,8481,8308,8307,-1,8481,8307,8482,-1,8306,8485,8307,-1,8307,8485,8479,-1,8307,8479,8482,-1,8310,8315,8492,-1,8492,8491,8310,-1,8310,8491,8488,-1,8310,8488,8306,-1,8306,8488,8486,-1,8306,8486,8485,-1,8564,8581,8591,-1,8564,8591,8574,-1,8574,8591,8592,-1,8574,8592,8572,-1,8572,8592,8590,-1,8572,8590,8573,-1,8573,8590,8589,-1,8573,8589,8575,-1,8575,8589,8588,-1,8575,8588,8576,-1,8576,8588,8577,-1,8576,8577,8565,-1,8566,8578,8587,-1,8566,8587,8567,-1,8567,8587,8583,-1,8567,8583,8568,-1,8568,8583,8584,-1,8568,8584,8569,-1,8569,8584,8586,-1,8569,8586,8571,-1,8571,8586,8585,-1,8571,8585,8570,-1,8570,8585,8582,-1,8570,8582,8563,-1,8542,8505,8504,-1,8542,8504,8543,-1,8543,8504,8501,-1,8543,8501,8544,-1,8544,8501,8500,-1,8544,8500,8545,-1,8545,8500,8498,-1,8545,8498,8546,-1,8546,8498,8497,-1,8546,8497,8547,-1,8547,8497,8499,-1,8547,8499,8548,-1,8535,8493,8496,-1,8535,8496,8536,-1,8536,8496,8508,-1,8536,8508,8538,-1,8538,8508,8507,-1,8538,8507,8539,-1,8539,8507,8503,-1,8539,8503,8537,-1,8537,8503,8502,-1,8537,8502,8540,-1,8540,8502,8506,-1,8540,8506,8541,-1,8326,8345,8328,-1,8328,8345,8349,-1,8328,8349,8337,-1,8337,8349,8348,-1,8337,8348,8333,-1,8333,8348,8347,-1,8333,8347,8334,-1,8334,8347,8353,-1,8334,8353,8322,-1,8322,8353,8605,-1,8353,8351,8605,-1,8605,8351,8359,-1,8605,8359,8324,-1,8324,8359,8361,-1,8324,8361,8229,-1,8229,8361,8363,-1,8363,8365,8229,-1,8229,8365,8367,-1,8229,8367,8230,-1,8408,8261,8410,-1,8410,8261,8262,-1,8410,8262,8412,-1,8412,8262,8263,-1,8412,8263,8413,-1,8413,8263,8265,-1,8413,8265,8415,-1,8415,8265,8267,-1,8415,8267,8403,-1,8403,8267,8266,-1,8403,8266,8404,-1,8215,8402,8216,-1,8216,8402,8401,-1,8216,8401,8400,-1,8400,8406,8216,-1,8216,8406,8405,-1,8216,8405,8273,-1,8273,8405,8404,-1,8273,8404,8274,-1,8274,8404,8266,-1,8526,8518,8517,-1,8526,8517,8525,-1,8525,8517,8516,-1,8525,8516,8524,-1,8340,8339,8520,-1,8340,8520,8527,-1,8527,8520,8519,-1,8527,8519,8528,-1,8554,8602,8601,-1,8554,8601,8553,-1,8553,8601,8600,-1,8553,8600,8552,-1,8422,8423,8604,-1,8422,8604,8555,-1,8555,8604,8603,-1,8555,8603,8556,-1,8606,8607,8608,-1,8609,8610,8611,-1,8611,8610,8612,-1,8611,8612,8613,-1,8613,8612,8614,-1,8613,8614,8615,-1,8615,8614,8616,-1,8615,8616,8617,-1,8617,8616,8606,-1,8617,8606,8618,-1,8618,8606,8608,-1,8619,8620,8621,-1,8619,8621,8622,-1,8623,8624,8625,-1,8625,8624,8626,-1,8625,8626,8627,-1,8627,8626,8628,-1,8627,8628,8629,-1,8629,8628,8630,-1,8629,8630,8621,-1,8621,8630,8631,-1,8621,8631,8622,-1,8632,8633,8634,-1,8634,8633,8635,-1,8634,8635,8636,-1,8636,8635,8637,-1,8636,8637,8638,-1,8638,8637,8639,-1,8638,8639,8640,-1,8640,8639,8641,-1,8640,8641,8642,-1,8642,8641,8643,-1,8642,8643,8644,-1,8644,8643,8645,-1,8644,8645,8646,-1,8646,8645,8647,-1,8646,8647,8648,-1,8648,8647,8649,-1,8650,8651,8652,-1,8652,8651,8653,-1,8653,8651,8654,-1,8654,8651,8655,-1,8654,8655,8656,-1,8647,8657,8649,-1,8649,8657,8658,-1,8649,8658,8659,-1,8656,8655,8658,-1,8658,8655,8660,-1,8658,8660,8661,-1,8661,8662,8658,-1,8658,8662,8663,-1,8658,8663,8659,-1,8608,8607,8647,-1,8607,8664,8647,-1,8647,8664,8665,-1,8647,8665,8657,-1,8647,8645,8608,-1,8608,8645,8643,-1,8608,8643,8618,-1,8618,8643,8641,-1,8618,8641,8617,-1,8617,8641,8639,-1,8617,8639,8615,-1,8615,8639,8637,-1,8615,8637,8613,-1,8613,8637,8635,-1,8613,8635,8611,-1,8666,8667,8668,-1,8669,8670,8671,-1,8667,8635,8633,-1,8667,8672,8673,-1,8673,8672,8674,-1,8673,8674,8675,-1,8611,8635,8609,-1,8609,8635,8676,-1,8668,8667,8677,-1,8677,8667,8633,-1,8677,8633,8678,-1,8673,8679,8667,-1,8667,8679,8680,-1,8667,8680,8635,-1,8635,8680,8681,-1,8635,8681,8676,-1,8633,8682,8678,-1,8678,8682,8683,-1,8678,8683,8670,-1,8670,8683,8684,-1,8670,8684,8671,-1,8685,8626,8686,-1,8686,8626,8624,-1,8686,8624,8668,-1,8668,8624,8687,-1,8668,8687,8666,-1,8688,8689,8690,-1,8671,8691,8669,-1,8669,8691,8688,-1,8669,8688,8692,-1,8692,8688,8690,-1,8693,8694,8695,-1,8695,8694,8696,-1,8695,8696,8697,-1,8697,8696,8698,-1,8697,8698,8675,-1,8675,8698,8699,-1,8675,8699,8673,-1,8700,8701,8702,-1,8702,8701,8703,-1,8700,8704,8701,-1,8701,8704,8705,-1,8701,8705,8695,-1,8695,8705,8706,-1,8695,8706,8693,-1,8707,8622,8708,-1,8708,8622,8631,-1,8708,8631,8709,-1,8709,8631,8630,-1,8709,8630,8710,-1,8710,8630,8628,-1,8710,8628,8711,-1,8711,8628,8626,-1,8711,8626,8685,-1,8712,8713,8714,-1,8714,8715,8712,-1,8712,8715,8620,-1,8712,8620,8707,-1,8707,8620,8619,-1,8707,8619,8622,-1,8716,8717,8718,-1,8718,8717,8719,-1,8718,8719,8720,-1,8713,8712,8721,-1,8722,8723,8724,-1,8713,8721,8725,-1,8725,8721,8726,-1,8725,8726,8724,-1,8724,8726,8727,-1,8724,8727,8722,-1,8719,8728,8720,-1,8720,8728,8724,-1,8720,8724,8729,-1,8729,8724,8723,-1,8730,8731,8732,-1,8732,8731,8733,-1,8732,8733,8734,-1,8734,8733,8718,-1,8734,8718,8735,-1,8735,8718,8720,-1,8736,8737,8734,-1,8738,8739,8735,-1,8735,8739,8734,-1,8734,8739,8740,-1,8734,8740,8736,-1,8741,8742,8743,-1,8743,8742,8744,-1,8745,8746,8744,-1,8738,8735,8744,-1,8744,8735,8747,-1,8744,8747,8745,-1,8746,8748,8744,-1,8744,8748,8749,-1,8744,8749,8743,-1,8742,8741,8750,-1,8750,8741,8751,-1,8750,8751,8752,-1,8752,8751,8753,-1,8752,8753,8754,-1,8754,8753,8755,-1,8754,8755,8756,-1,8756,8755,8757,-1,8756,8757,8758,-1,8759,8625,8760,-1,8760,8625,8627,-1,8760,8627,8761,-1,8761,8627,8629,-1,8761,8629,8757,-1,8757,8629,8621,-1,8757,8621,8758,-1,8762,8763,8764,-1,8764,8763,8765,-1,8623,8625,8766,-1,8767,8768,8769,-1,8770,8771,8767,-1,8767,8771,8772,-1,8767,8772,8768,-1,8634,8612,8610,-1,8634,8763,8632,-1,8632,8763,8773,-1,8610,8774,8634,-1,8634,8774,8775,-1,8634,8775,8763,-1,8763,8775,8776,-1,8763,8776,8765,-1,8777,8778,8779,-1,8779,8778,8780,-1,8779,8780,8764,-1,8764,8780,8781,-1,8764,8781,8762,-1,8782,8783,8784,-1,8773,8763,8785,-1,8785,8763,8786,-1,8785,8786,8766,-1,8766,8786,8787,-1,8766,8787,8623,-1,8769,8788,8767,-1,8767,8788,8782,-1,8767,8782,8789,-1,8789,8782,8784,-1,8770,8766,8771,-1,8771,8766,8625,-1,8771,8625,8790,-1,8790,8625,8759,-1,8612,8634,8614,-1,8614,8634,8636,-1,8614,8636,8616,-1,8616,8636,8638,-1,8640,8642,8791,-1,8791,8792,8640,-1,8640,8792,8793,-1,8640,8793,8638,-1,8638,8793,8606,-1,8638,8606,8616,-1,8644,8646,8794,-1,8794,8795,8644,-1,8644,8795,8796,-1,8644,8796,8642,-1,8642,8796,8797,-1,8642,8797,8791,-1,8798,8799,8800,-1,8800,8799,8801,-1,8800,8801,8802,-1,8794,8646,8648,-1,8801,8803,8802,-1,8802,8803,8804,-1,8802,8804,8805,-1,8805,8804,8806,-1,8794,8648,8806,-1,8806,8648,8807,-1,8806,8807,8808,-1,8808,8809,8806,-1,8806,8809,8810,-1,8806,8810,8805,-1,8802,8655,8800,-1,8800,8655,8651,-1,8800,8651,8811,-1,8811,8651,8812,-1,8811,8812,8813,-1,8813,8812,8814,-1,8686,8790,8685,-1,8685,8790,8759,-1,8685,8759,8711,-1,8711,8759,8760,-1,8711,8760,8710,-1,8710,8760,8761,-1,8710,8761,8709,-1,8743,8721,8741,-1,8741,8721,8712,-1,8741,8712,8751,-1,8751,8712,8707,-1,8751,8707,8753,-1,8753,8707,8708,-1,8753,8708,8755,-1,8755,8708,8709,-1,8755,8709,8757,-1,8757,8709,8761,-1,8690,8689,8815,-1,8815,8689,8816,-1,8815,8816,8817,-1,8817,8816,8818,-1,8817,8818,8819,-1,8819,8818,8820,-1,8819,8820,8821,-1,8821,8820,8822,-1,8821,8822,8823,-1,8823,8822,8824,-1,8823,8824,8825,-1,8825,8824,8826,-1,8827,8828,8829,-1,8829,8828,8830,-1,8829,8830,8831,-1,8825,8826,8832,-1,8832,8826,8833,-1,8832,8833,8829,-1,8829,8833,8834,-1,8829,8834,8827,-1,8835,8836,8837,-1,8837,8836,8838,-1,8837,8838,8830,-1,8830,8838,8839,-1,8830,8839,8831,-1,8840,8841,8842,-1,8842,8841,8843,-1,8844,8845,8846,-1,8846,8845,8847,-1,8846,8847,8848,-1,8848,8847,8842,-1,8848,8842,8849,-1,8849,8842,8843,-1,8840,8850,8841,-1,8841,8850,8851,-1,8841,8851,8852,-1,8852,8851,8853,-1,8852,8853,8854,-1,8845,8844,8855,-1,8845,8855,8856,-1,8856,8855,8857,-1,8856,8857,8858,-1,8858,8857,8859,-1,8858,8859,8860,-1,8860,8859,8861,-1,8860,8861,8862,-1,8862,8861,8863,-1,8862,8863,8864,-1,8864,8863,8784,-1,8864,8784,8783,-1,8832,8847,8825,-1,8825,8847,8845,-1,8825,8845,8823,-1,8823,8845,8856,-1,8823,8856,8821,-1,8821,8856,8858,-1,8821,8858,8819,-1,8819,8858,8860,-1,8819,8860,8817,-1,8817,8860,8862,-1,8817,8862,8815,-1,8815,8862,8864,-1,8815,8864,8690,-1,8690,8864,8783,-1,8690,8783,8692,-1,8692,8783,8782,-1,8688,8789,8689,-1,8689,8789,8784,-1,8689,8784,8816,-1,8816,8784,8863,-1,8816,8863,8818,-1,8818,8863,8861,-1,8818,8861,8820,-1,8820,8861,8859,-1,8820,8859,8822,-1,8822,8859,8857,-1,8822,8857,8824,-1,8824,8857,8855,-1,8824,8855,8826,-1,8826,8855,8844,-1,8826,8844,8833,-1,8833,8844,8846,-1,8865,8697,8778,-1,8778,8697,8675,-1,8778,8675,8780,-1,8779,8699,8777,-1,8777,8699,8698,-1,8777,8698,8866,-1,8778,8777,8865,-1,8865,8777,8866,-1,8867,8868,8866,-1,8866,8868,8869,-1,8866,8869,8865,-1,8867,8866,8870,-1,8870,8866,8871,-1,8870,8871,8872,-1,8873,8874,8875,-1,8872,8876,8870,-1,8870,8876,8877,-1,8870,8877,8878,-1,8878,8877,8879,-1,8878,8879,8874,-1,8874,8879,8880,-1,8874,8880,8875,-1,8873,8875,8881,-1,8881,8875,8882,-1,8881,8882,8883,-1,8884,8885,8886,-1,8884,8886,8887,-1,8888,8889,8890,-1,8890,8889,8891,-1,8890,8891,8892,-1,8893,8894,8886,-1,8892,8895,8890,-1,8890,8895,8896,-1,8890,8896,8886,-1,8886,8896,8897,-1,8886,8897,8893,-1,8894,8898,8886,-1,8886,8898,8899,-1,8886,8899,8887,-1,8886,8885,8900,-1,8886,8900,8901,-1,8901,8900,8902,-1,8901,8902,8903,-1,8903,8902,8904,-1,8903,8904,8905,-1,8905,8904,8906,-1,8906,8904,8907,-1,8907,8908,8906,-1,8906,8908,8909,-1,8906,8909,8910,-1,8910,8911,8906,-1,8906,8911,8730,-1,8906,8730,8732,-1,8906,8732,8737,-1,8737,8732,8734,-1,8718,8733,8716,-1,8716,8733,8912,-1,8912,8733,8731,-1,8913,8914,8915,-1,8915,8914,8912,-1,8915,8912,8916,-1,8916,8912,8917,-1,8731,8918,8912,-1,8912,8918,8919,-1,8912,8919,8917,-1,8914,8913,8920,-1,8920,8913,8921,-1,8920,8921,8922,-1,8922,8921,8923,-1,8922,8923,8924,-1,8924,8923,8925,-1,8926,8927,8928,-1,8928,8927,8929,-1,8928,8929,8930,-1,8928,8931,8926,-1,8926,8931,8932,-1,8926,8932,8925,-1,8925,8932,8933,-1,8925,8933,8934,-1,8934,8935,8925,-1,8925,8935,8936,-1,8925,8936,8937,-1,8937,8938,8925,-1,8925,8938,8939,-1,8925,8939,8924,-1,8933,8932,8896,-1,8896,8932,8897,-1,8736,8717,8737,-1,8737,8717,8716,-1,8737,8716,8906,-1,8906,8716,8912,-1,8906,8912,8905,-1,8905,8912,8914,-1,8905,8914,8903,-1,8903,8914,8920,-1,8903,8920,8901,-1,8901,8920,8922,-1,8901,8922,8886,-1,8886,8922,8924,-1,8886,8924,8890,-1,8890,8924,8939,-1,8798,8800,8940,-1,8940,8800,8811,-1,8940,8811,8813,-1,8941,8942,8943,-1,8943,8942,8940,-1,8943,8940,8944,-1,8944,8940,8945,-1,8813,8946,8940,-1,8940,8946,8947,-1,8940,8947,8945,-1,8942,8941,8948,-1,8942,8948,8949,-1,8949,8948,8950,-1,8949,8950,8951,-1,8951,8950,8952,-1,8951,8952,8953,-1,8953,8952,8954,-1,8954,8952,8955,-1,8956,8957,8958,-1,8958,8959,8956,-1,8956,8959,8960,-1,8956,8960,8954,-1,8961,8962,8955,-1,8955,8962,8963,-1,8955,8963,8954,-1,8954,8963,8964,-1,8954,8964,8956,-1,8961,8965,8962,-1,8962,8965,8966,-1,8962,8966,8967,-1,8968,8969,8963,-1,8963,8969,8964,-1,8970,8971,8972,-1,8972,8973,8970,-1,8970,8973,8969,-1,8970,8969,8968,-1,8974,8973,8975,-1,8975,8973,8976,-1,8974,8977,8973,-1,8973,8977,8978,-1,8973,8978,8969,-1,8979,8980,8981,-1,8968,8982,8970,-1,8970,8982,8979,-1,8970,8979,8983,-1,8983,8979,8981,-1,8972,8971,8984,-1,8984,8971,8985,-1,8984,8985,8986,-1,8986,8985,8987,-1,8986,8987,8988,-1,8988,8987,8989,-1,8988,8989,8990,-1,8990,8989,8991,-1,8991,8992,8990,-1,8990,8992,8993,-1,8990,8993,8994,-1,8994,8995,8990,-1,8990,8995,8814,-1,8990,8814,8812,-1,8812,8651,8990,-1,8990,8651,8650,-1,8652,8799,8650,-1,8650,8799,8798,-1,8650,8798,8990,-1,8990,8798,8940,-1,8990,8940,8988,-1,8988,8940,8942,-1,8988,8942,8986,-1,8986,8942,8949,-1,8986,8949,8984,-1,8984,8949,8951,-1,8984,8951,8972,-1,8972,8951,8953,-1,8972,8953,8973,-1,8973,8953,8954,-1,8970,8955,8971,-1,8971,8955,8952,-1,8971,8952,8985,-1,8985,8952,8950,-1,8985,8950,8987,-1,8987,8950,8948,-1,8987,8948,8989,-1,8989,8948,8941,-1,8989,8941,8991,-1,8991,8941,8943,-1,8945,8947,8993,-1,8993,8947,8994,-1,8917,8919,8909,-1,8909,8919,8910,-1,8915,8907,8913,-1,8913,8907,8904,-1,8913,8904,8921,-1,8921,8904,8902,-1,8921,8902,8923,-1,8923,8902,8900,-1,8923,8900,8925,-1,8925,8900,8885,-1,8925,8885,8926,-1,8926,8885,8884,-1,8847,8832,8829,-1,8847,8829,8842,-1,8842,8829,8831,-1,8842,8831,8840,-1,8840,8831,8839,-1,8840,8839,8850,-1,8850,8839,8838,-1,8850,8838,8851,-1,8851,8838,8836,-1,8851,8836,8853,-1,8853,8836,8835,-1,8853,8835,8854,-1,8833,8846,8848,-1,8833,8848,8834,-1,8834,8848,8849,-1,8834,8849,8827,-1,8827,8849,8843,-1,8827,8843,8828,-1,8828,8843,8841,-1,8828,8841,8830,-1,8830,8841,8852,-1,8830,8852,8837,-1,8837,8852,8854,-1,8837,8854,8835,-1,8735,8720,8729,-1,8735,8729,8747,-1,8747,8729,8723,-1,8747,8723,8745,-1,8745,8723,8722,-1,8745,8722,8746,-1,8746,8722,8727,-1,8746,8727,8748,-1,8748,8727,8726,-1,8748,8726,8749,-1,8749,8726,8721,-1,8749,8721,8743,-1,8655,8802,8805,-1,8655,8805,8660,-1,8660,8805,8810,-1,8660,8810,8661,-1,8661,8810,8809,-1,8661,8809,8662,-1,8662,8809,8808,-1,8662,8808,8663,-1,8663,8808,8807,-1,8663,8807,8659,-1,8659,8807,8648,-1,8659,8648,8649,-1,8692,8782,8669,-1,8669,8782,8788,-1,8669,8788,8670,-1,8670,8788,8769,-1,8670,8769,8678,-1,8678,8769,8768,-1,8678,8768,8677,-1,8677,8768,8772,-1,8677,8772,8668,-1,8668,8772,8771,-1,8668,8771,8686,-1,8686,8771,8790,-1,8789,8688,8767,-1,8767,8688,8691,-1,8767,8691,8770,-1,8770,8691,8671,-1,8770,8671,8766,-1,8766,8671,8684,-1,8766,8684,8785,-1,8785,8684,8683,-1,8785,8683,8773,-1,8773,8683,8682,-1,8773,8682,8632,-1,8632,8682,8633,-1,8699,8779,8673,-1,8673,8779,8764,-1,8673,8764,8679,-1,8679,8764,8765,-1,8679,8765,8680,-1,8680,8765,8776,-1,8680,8776,8681,-1,8681,8776,8775,-1,8681,8775,8676,-1,8676,8775,8774,-1,8676,8774,8609,-1,8609,8774,8610,-1,8780,8675,8781,-1,8781,8675,8674,-1,8781,8674,8762,-1,8762,8674,8672,-1,8762,8672,8763,-1,8763,8672,8667,-1,8763,8667,8786,-1,8786,8667,8666,-1,8786,8666,8787,-1,8787,8666,8687,-1,8787,8687,8623,-1,8623,8687,8624,-1,8883,8704,8881,-1,8881,8704,8700,-1,8881,8700,8873,-1,8873,8700,8874,-1,8874,8700,8702,-1,8874,8702,8878,-1,8878,8702,8870,-1,8870,8702,8703,-1,8870,8703,8867,-1,8867,8703,8701,-1,8867,8701,8868,-1,8868,8701,8695,-1,8868,8695,8869,-1,8869,8695,8697,-1,8869,8697,8865,-1,8866,8698,8696,-1,8866,8696,8871,-1,8871,8696,8694,-1,8871,8694,8872,-1,8872,8694,8693,-1,8872,8693,8876,-1,8706,8879,8693,-1,8693,8879,8877,-1,8693,8877,8876,-1,8705,8704,8883,-1,8883,8882,8705,-1,8705,8882,8875,-1,8705,8875,8706,-1,8706,8875,8880,-1,8706,8880,8879,-1,8955,8970,8983,-1,8955,8983,8961,-1,8961,8983,8981,-1,8961,8981,8965,-1,8965,8981,8980,-1,8965,8980,8966,-1,8966,8980,8979,-1,8966,8979,8967,-1,8967,8979,8982,-1,8967,8982,8962,-1,8962,8982,8968,-1,8962,8968,8963,-1,8964,8969,8978,-1,8964,8978,8956,-1,8956,8978,8977,-1,8956,8977,8957,-1,8957,8977,8974,-1,8957,8974,8958,-1,8958,8974,8975,-1,8958,8975,8959,-1,8959,8975,8976,-1,8959,8976,8960,-1,8960,8976,8973,-1,8960,8973,8954,-1,8933,8896,8895,-1,8933,8895,8934,-1,8934,8895,8892,-1,8934,8892,8935,-1,8935,8892,8891,-1,8935,8891,8936,-1,8936,8891,8889,-1,8936,8889,8937,-1,8937,8889,8888,-1,8937,8888,8938,-1,8938,8888,8890,-1,8938,8890,8939,-1,8926,8884,8887,-1,8926,8887,8927,-1,8927,8887,8899,-1,8927,8899,8929,-1,8929,8899,8898,-1,8929,8898,8930,-1,8930,8898,8894,-1,8930,8894,8928,-1,8928,8894,8893,-1,8928,8893,8931,-1,8931,8893,8897,-1,8931,8897,8932,-1,8717,8736,8719,-1,8719,8736,8740,-1,8719,8740,8728,-1,8728,8740,8739,-1,8728,8739,8724,-1,8724,8739,8738,-1,8724,8738,8725,-1,8725,8738,8744,-1,8725,8744,8713,-1,8713,8744,8996,-1,8744,8742,8996,-1,8996,8742,8750,-1,8996,8750,8715,-1,8715,8750,8752,-1,8715,8752,8620,-1,8620,8752,8754,-1,8754,8756,8620,-1,8620,8756,8758,-1,8620,8758,8621,-1,8799,8652,8801,-1,8801,8652,8653,-1,8801,8653,8803,-1,8803,8653,8654,-1,8803,8654,8804,-1,8804,8654,8656,-1,8804,8656,8806,-1,8806,8656,8658,-1,8806,8658,8794,-1,8794,8658,8657,-1,8794,8657,8795,-1,8606,8793,8607,-1,8607,8793,8792,-1,8607,8792,8791,-1,8791,8797,8607,-1,8607,8797,8796,-1,8607,8796,8664,-1,8664,8796,8795,-1,8664,8795,8665,-1,8665,8795,8657,-1,8917,8909,8908,-1,8917,8908,8916,-1,8916,8908,8907,-1,8916,8907,8915,-1,8731,8730,8911,-1,8731,8911,8918,-1,8918,8911,8910,-1,8918,8910,8919,-1,8945,8993,8992,-1,8945,8992,8944,-1,8944,8992,8991,-1,8944,8991,8943,-1,8813,8814,8995,-1,8813,8995,8946,-1,8946,8995,8994,-1,8946,8994,8947,-1,8997,8998,8999,-1,9000,9001,9002,-1,9002,9001,9003,-1,9002,9003,9004,-1,9004,9003,9005,-1,9004,9005,9006,-1,9006,9005,9007,-1,9006,9007,9008,-1,9008,9007,8997,-1,9008,8997,9009,-1,9009,8997,8999,-1,9010,9011,9012,-1,9010,9012,9013,-1,9014,9015,9016,-1,9016,9015,9017,-1,9016,9017,9018,-1,9018,9017,9019,-1,9018,9019,9020,-1,9020,9019,9021,-1,9020,9021,9012,-1,9012,9021,9022,-1,9012,9022,9013,-1,9023,9024,9025,-1,9025,9024,9026,-1,9025,9026,9027,-1,9027,9026,9028,-1,9027,9028,9029,-1,9029,9028,9030,-1,9029,9030,9031,-1,9031,9030,9032,-1,9031,9032,9033,-1,9033,9032,9034,-1,9033,9034,9035,-1,9035,9034,9036,-1,9035,9036,9037,-1,9037,9036,9038,-1,9037,9038,9039,-1,9039,9038,9040,-1,9041,9042,9043,-1,9043,9042,9044,-1,9044,9042,9045,-1,9045,9042,9046,-1,9045,9046,9047,-1,9038,9048,9040,-1,9040,9048,9049,-1,9040,9049,9050,-1,9047,9046,9049,-1,9049,9046,9051,-1,9049,9051,9052,-1,9052,9053,9049,-1,9049,9053,9054,-1,9049,9054,9050,-1,8999,8998,9038,-1,8998,9055,9038,-1,9038,9055,9056,-1,9038,9056,9048,-1,9038,9036,8999,-1,8999,9036,9034,-1,8999,9034,9009,-1,9009,9034,9032,-1,9009,9032,9008,-1,9008,9032,9030,-1,9008,9030,9006,-1,9006,9030,9028,-1,9006,9028,9004,-1,9004,9028,9026,-1,9004,9026,9002,-1,9057,9058,9059,-1,9060,9061,9062,-1,9017,9015,9063,-1,9063,9015,9064,-1,9063,9064,9065,-1,9061,9066,9062,-1,9062,9066,9067,-1,9062,9067,9068,-1,9063,9069,9017,-1,9017,9069,9070,-1,9017,9070,9071,-1,9071,9072,9017,-1,9017,9072,9073,-1,9017,9073,9074,-1,9057,9059,9064,-1,9064,9059,9075,-1,9064,9075,9065,-1,9076,9060,9077,-1,9077,9060,9062,-1,9077,9062,9078,-1,9078,9062,9065,-1,9078,9065,9079,-1,9079,9065,9075,-1,9002,9026,9000,-1,9000,9026,9024,-1,9000,9024,9077,-1,9077,9024,9080,-1,9077,9080,9076,-1,9058,9081,9059,-1,9059,9081,9082,-1,9059,9082,9083,-1,9084,9085,9086,-1,9086,9085,9087,-1,9086,9087,9088,-1,9088,9087,9089,-1,9088,9089,9083,-1,9083,9089,9090,-1,9083,9090,9059,-1,9091,9092,9093,-1,9093,9092,9094,-1,9091,9095,9092,-1,9092,9095,9096,-1,9092,9096,9086,-1,9086,9096,9097,-1,9086,9097,9084,-1,9098,9013,9099,-1,9099,9013,9022,-1,9099,9022,9100,-1,9100,9022,9021,-1,9100,9021,9101,-1,9101,9021,9019,-1,9101,9019,9102,-1,9102,9019,9017,-1,9102,9017,9074,-1,9103,9104,9105,-1,9105,9106,9103,-1,9103,9106,9011,-1,9103,9011,9098,-1,9098,9011,9010,-1,9098,9010,9013,-1,9107,9108,9109,-1,9109,9108,9110,-1,9109,9110,9111,-1,9104,9103,9112,-1,9113,9114,9115,-1,9104,9112,9116,-1,9116,9112,9117,-1,9116,9117,9115,-1,9115,9117,9118,-1,9115,9118,9113,-1,9110,9119,9111,-1,9111,9119,9115,-1,9111,9115,9120,-1,9120,9115,9114,-1,9121,9122,9123,-1,9123,9122,9124,-1,9123,9124,9125,-1,9125,9124,9109,-1,9125,9109,9126,-1,9126,9109,9111,-1,9127,9128,9125,-1,9129,9130,9126,-1,9126,9130,9125,-1,9125,9130,9131,-1,9125,9131,9127,-1,9132,9133,9134,-1,9134,9133,9135,-1,9136,9137,9135,-1,9129,9126,9135,-1,9135,9126,9138,-1,9135,9138,9136,-1,9137,9139,9135,-1,9135,9139,9140,-1,9135,9140,9134,-1,9133,9132,9141,-1,9141,9132,9142,-1,9141,9142,9143,-1,9143,9142,9144,-1,9143,9144,9145,-1,9145,9144,9146,-1,9145,9146,9147,-1,9147,9146,9148,-1,9147,9148,9149,-1,9150,9016,9151,-1,9151,9016,9018,-1,9151,9018,9152,-1,9152,9018,9020,-1,9152,9020,9148,-1,9148,9020,9012,-1,9148,9012,9149,-1,9153,9154,9155,-1,9155,9154,9156,-1,9157,9158,9159,-1,9159,9158,9160,-1,9161,9162,9163,-1,9163,9162,9164,-1,9023,9025,9003,-1,9164,9165,9163,-1,9163,9165,9166,-1,9163,9166,9167,-1,9160,9168,9159,-1,9159,9168,9023,-1,9159,9023,9001,-1,9001,9023,9003,-1,9153,9157,9154,-1,9154,9157,9159,-1,9154,9159,9166,-1,9166,9159,9169,-1,9166,9169,9167,-1,9170,9171,9172,-1,9167,9173,9163,-1,9163,9173,9174,-1,9163,9174,9175,-1,9175,9174,9176,-1,9172,9177,9170,-1,9170,9177,9178,-1,9170,9178,9174,-1,9174,9178,9179,-1,9174,9179,9176,-1,9016,9150,9014,-1,9014,9150,9180,-1,9014,9180,9163,-1,9163,9180,9181,-1,9163,9181,9161,-1,9003,9025,9005,-1,9005,9025,9027,-1,9005,9027,9007,-1,9007,9027,9029,-1,9031,9033,9182,-1,9182,9183,9031,-1,9031,9183,9184,-1,9031,9184,9029,-1,9029,9184,8997,-1,9029,8997,9007,-1,9035,9037,9185,-1,9185,9186,9035,-1,9035,9186,9187,-1,9035,9187,9033,-1,9033,9187,9188,-1,9033,9188,9182,-1,9189,9190,9191,-1,9191,9190,9192,-1,9191,9192,9193,-1,9185,9037,9039,-1,9192,9194,9193,-1,9193,9194,9195,-1,9193,9195,9196,-1,9196,9195,9197,-1,9185,9039,9197,-1,9197,9039,9198,-1,9197,9198,9199,-1,9199,9200,9197,-1,9197,9200,9201,-1,9197,9201,9196,-1,9193,9046,9191,-1,9191,9046,9042,-1,9191,9042,9202,-1,9202,9042,9203,-1,9202,9203,9204,-1,9204,9203,9205,-1,9073,9180,9074,-1,9074,9180,9150,-1,9074,9150,9102,-1,9102,9150,9151,-1,9102,9151,9101,-1,9101,9151,9152,-1,9101,9152,9100,-1,9134,9112,9132,-1,9132,9112,9103,-1,9132,9103,9142,-1,9142,9103,9098,-1,9142,9098,9144,-1,9144,9098,9099,-1,9144,9099,9146,-1,9146,9099,9100,-1,9146,9100,9148,-1,9148,9100,9152,-1,9062,9068,9206,-1,9206,9068,9207,-1,9206,9207,9208,-1,9208,9207,9209,-1,9208,9209,9210,-1,9210,9209,9211,-1,9210,9211,9212,-1,9212,9211,9213,-1,9212,9213,9214,-1,9214,9213,9215,-1,9214,9215,9216,-1,9216,9215,9217,-1,9216,9217,9218,-1,9218,9217,9219,-1,9218,9219,9220,-1,9219,9221,9220,-1,9220,9221,9222,-1,9220,9222,9223,-1,9223,9224,9220,-1,9220,9224,9225,-1,9220,9225,9226,-1,9226,9225,9227,-1,9228,9229,9225,-1,9225,9229,9230,-1,9225,9230,9227,-1,9231,9232,9233,-1,9233,9232,9234,-1,9233,9234,9235,-1,9235,9234,9236,-1,9235,9236,9237,-1,9237,9236,9238,-1,9239,9240,9241,-1,9239,9241,9236,-1,9236,9241,9242,-1,9236,9242,9238,-1,9240,9243,9241,-1,9241,9243,9244,-1,9241,9244,9245,-1,9232,9231,9246,-1,9232,9246,9247,-1,9247,9246,9248,-1,9247,9248,9249,-1,9249,9248,9250,-1,9249,9250,9251,-1,9251,9250,9252,-1,9251,9252,9253,-1,9253,9252,9254,-1,9253,9254,9255,-1,9255,9254,9156,-1,9255,9156,9154,-1,9218,9234,9216,-1,9216,9234,9232,-1,9216,9232,9214,-1,9214,9232,9247,-1,9214,9247,9212,-1,9212,9247,9249,-1,9212,9249,9210,-1,9210,9249,9251,-1,9210,9251,9208,-1,9208,9251,9253,-1,9208,9253,9206,-1,9206,9253,9255,-1,9206,9255,9062,-1,9062,9255,9154,-1,9062,9154,9065,-1,9065,9154,9166,-1,9067,9155,9068,-1,9068,9155,9156,-1,9068,9156,9207,-1,9207,9156,9254,-1,9207,9254,9209,-1,9209,9254,9252,-1,9209,9252,9211,-1,9211,9252,9250,-1,9211,9250,9213,-1,9213,9250,9248,-1,9213,9248,9215,-1,9215,9248,9246,-1,9215,9246,9217,-1,9217,9246,9231,-1,9217,9231,9219,-1,9219,9231,9233,-1,9256,9088,9172,-1,9172,9088,9083,-1,9172,9083,9177,-1,9170,9090,9171,-1,9171,9090,9089,-1,9171,9089,9257,-1,9172,9171,9256,-1,9256,9171,9257,-1,9256,9257,9258,-1,9259,9260,9261,-1,9258,9262,9256,-1,9256,9262,9263,-1,9256,9263,9259,-1,9264,9265,9266,-1,9261,9267,9259,-1,9259,9267,9268,-1,9259,9268,9256,-1,9260,9259,9269,-1,9269,9259,9270,-1,9269,9270,9265,-1,9265,9270,9271,-1,9265,9271,9266,-1,9264,9266,9272,-1,9272,9266,9273,-1,9272,9273,9274,-1,9275,9276,9277,-1,9277,9276,9278,-1,9277,9278,9279,-1,9279,9280,9277,-1,9277,9280,9281,-1,9277,9281,9282,-1,9275,9277,9283,-1,9283,9277,9284,-1,9283,9284,9285,-1,9285,9284,9286,-1,9285,9286,9287,-1,9287,9288,9285,-1,9285,9288,9289,-1,9285,9289,9290,-1,9275,9283,9291,-1,9275,9291,9292,-1,9292,9291,9293,-1,9292,9293,9294,-1,9294,9293,9295,-1,9294,9295,9296,-1,9296,9295,9297,-1,9297,9295,9298,-1,9298,9299,9297,-1,9297,9299,9300,-1,9297,9300,9301,-1,9301,9302,9297,-1,9297,9302,9121,-1,9297,9121,9123,-1,9297,9123,9128,-1,9128,9123,9125,-1,9109,9124,9107,-1,9107,9124,9303,-1,9303,9124,9122,-1,9304,9305,9306,-1,9306,9305,9303,-1,9306,9303,9307,-1,9307,9303,9308,-1,9122,9309,9303,-1,9303,9309,9310,-1,9303,9310,9308,-1,9305,9304,9311,-1,9311,9304,9312,-1,9311,9312,9313,-1,9313,9312,9314,-1,9313,9314,9315,-1,9315,9314,9316,-1,9317,9315,9316,-1,9317,9316,9318,-1,9319,9320,9321,-1,9321,9320,9322,-1,9321,9322,9323,-1,9324,9325,9316,-1,9323,9326,9321,-1,9321,9326,9327,-1,9321,9327,9316,-1,9316,9327,9328,-1,9316,9328,9324,-1,9325,9329,9316,-1,9316,9329,9330,-1,9316,9330,9318,-1,9328,9327,9277,-1,9277,9327,9284,-1,9317,9276,9315,-1,9315,9276,9275,-1,9315,9275,9313,-1,9313,9275,9292,-1,9313,9292,9311,-1,9311,9292,9294,-1,9311,9294,9305,-1,9305,9294,9296,-1,9305,9296,9303,-1,9303,9296,9297,-1,9303,9297,9107,-1,9107,9297,9128,-1,9107,9128,9108,-1,9108,9128,9127,-1,9189,9191,9331,-1,9331,9191,9202,-1,9331,9202,9204,-1,9332,9333,9334,-1,9334,9333,9331,-1,9334,9331,9335,-1,9335,9331,9336,-1,9204,9337,9331,-1,9331,9337,9338,-1,9331,9338,9336,-1,9333,9332,9339,-1,9333,9339,9340,-1,9340,9339,9341,-1,9340,9341,9342,-1,9342,9341,9343,-1,9342,9343,9344,-1,9345,9346,9347,-1,9347,9346,9348,-1,9347,9348,9343,-1,9343,9348,9344,-1,9349,9350,9351,-1,9346,9352,9348,-1,9348,9352,9353,-1,9348,9353,9354,-1,9354,9355,9348,-1,9348,9355,9356,-1,9348,9356,9357,-1,9349,9351,9347,-1,9347,9351,9358,-1,9347,9358,9345,-1,9359,9360,9346,-1,9346,9360,9352,-1,9361,9362,9363,-1,9363,9362,9364,-1,9364,9360,9363,-1,9363,9360,9359,-1,9363,9359,9365,-1,9366,9364,9367,-1,9367,9364,9368,-1,9366,9369,9364,-1,9364,9369,9370,-1,9364,9370,9360,-1,9365,9371,9363,-1,9363,9371,9372,-1,9363,9372,9373,-1,9373,9372,9374,-1,9362,9361,9375,-1,9375,9361,9376,-1,9375,9376,9377,-1,9377,9376,9378,-1,9377,9378,9379,-1,9379,9378,9380,-1,9379,9380,9381,-1,9381,9380,9382,-1,9382,9383,9381,-1,9381,9383,9384,-1,9381,9384,9385,-1,9385,9386,9381,-1,9381,9386,9205,-1,9381,9205,9203,-1,9203,9042,9381,-1,9381,9042,9041,-1,9043,9190,9041,-1,9041,9190,9189,-1,9041,9189,9381,-1,9381,9189,9331,-1,9381,9331,9379,-1,9379,9331,9333,-1,9379,9333,9377,-1,9377,9333,9340,-1,9377,9340,9375,-1,9375,9340,9342,-1,9375,9342,9362,-1,9362,9342,9344,-1,9362,9344,9364,-1,9364,9344,9348,-1,9363,9347,9361,-1,9361,9347,9343,-1,9361,9343,9376,-1,9376,9343,9341,-1,9376,9341,9378,-1,9378,9341,9339,-1,9378,9339,9380,-1,9380,9339,9332,-1,9380,9332,9382,-1,9382,9332,9334,-1,9336,9338,9384,-1,9384,9338,9385,-1,9308,9310,9300,-1,9300,9310,9301,-1,9306,9298,9304,-1,9304,9298,9295,-1,9304,9295,9312,-1,9312,9295,9293,-1,9312,9293,9314,-1,9314,9293,9291,-1,9314,9291,9316,-1,9316,9291,9283,-1,9316,9283,9321,-1,9321,9283,9285,-1,9234,9218,9220,-1,9234,9220,9236,-1,9236,9220,9226,-1,9236,9226,9239,-1,9239,9226,9227,-1,9239,9227,9240,-1,9240,9227,9230,-1,9240,9230,9243,-1,9243,9230,9229,-1,9243,9229,9244,-1,9244,9229,9228,-1,9244,9228,9245,-1,9219,9233,9235,-1,9219,9235,9221,-1,9221,9235,9237,-1,9221,9237,9222,-1,9222,9237,9238,-1,9222,9238,9223,-1,9223,9238,9242,-1,9223,9242,9224,-1,9224,9242,9241,-1,9224,9241,9225,-1,9225,9241,9245,-1,9225,9245,9228,-1,9126,9111,9120,-1,9126,9120,9138,-1,9138,9120,9114,-1,9138,9114,9136,-1,9136,9114,9113,-1,9136,9113,9137,-1,9137,9113,9118,-1,9137,9118,9139,-1,9139,9118,9117,-1,9139,9117,9140,-1,9140,9117,9112,-1,9140,9112,9134,-1,9046,9193,9196,-1,9046,9196,9051,-1,9051,9196,9201,-1,9051,9201,9052,-1,9052,9201,9200,-1,9052,9200,9053,-1,9053,9200,9199,-1,9053,9199,9054,-1,9054,9199,9198,-1,9054,9198,9050,-1,9050,9198,9039,-1,9050,9039,9040,-1,9065,9166,9063,-1,9063,9166,9165,-1,9063,9165,9069,-1,9069,9165,9164,-1,9069,9164,9070,-1,9070,9164,9162,-1,9070,9162,9071,-1,9071,9162,9161,-1,9071,9161,9072,-1,9072,9161,9181,-1,9072,9181,9073,-1,9073,9181,9180,-1,9155,9067,9153,-1,9153,9067,9066,-1,9153,9066,9157,-1,9157,9066,9061,-1,9157,9061,9158,-1,9158,9061,9060,-1,9158,9060,9160,-1,9160,9060,9076,-1,9160,9076,9168,-1,9168,9076,9080,-1,9168,9080,9023,-1,9023,9080,9024,-1,9090,9170,9059,-1,9059,9170,9174,-1,9059,9174,9075,-1,9075,9174,9173,-1,9075,9173,9079,-1,9079,9173,9167,-1,9079,9167,9078,-1,9078,9167,9169,-1,9078,9169,9077,-1,9077,9169,9159,-1,9077,9159,9000,-1,9000,9159,9001,-1,9177,9083,9178,-1,9178,9083,9082,-1,9178,9082,9179,-1,9179,9082,9081,-1,9179,9081,9176,-1,9176,9081,9058,-1,9176,9058,9175,-1,9175,9058,9057,-1,9175,9057,9163,-1,9163,9057,9064,-1,9163,9064,9014,-1,9014,9064,9015,-1,9274,9095,9272,-1,9272,9095,9091,-1,9272,9091,9264,-1,9264,9091,9265,-1,9265,9091,9093,-1,9265,9093,9269,-1,9269,9093,9260,-1,9260,9093,9094,-1,9260,9094,9261,-1,9261,9094,9092,-1,9261,9092,9267,-1,9267,9092,9086,-1,9267,9086,9268,-1,9268,9086,9088,-1,9268,9088,9256,-1,9257,9089,9087,-1,9257,9087,9258,-1,9258,9087,9085,-1,9258,9085,9262,-1,9262,9085,9084,-1,9262,9084,9263,-1,9097,9270,9084,-1,9084,9270,9259,-1,9084,9259,9263,-1,9096,9095,9274,-1,9274,9273,9096,-1,9096,9273,9266,-1,9096,9266,9097,-1,9097,9266,9271,-1,9097,9271,9270,-1,9347,9363,9373,-1,9347,9373,9349,-1,9349,9373,9374,-1,9349,9374,9350,-1,9350,9374,9372,-1,9350,9372,9351,-1,9351,9372,9371,-1,9351,9371,9358,-1,9358,9371,9365,-1,9358,9365,9345,-1,9345,9365,9359,-1,9345,9359,9346,-1,9352,9360,9370,-1,9352,9370,9353,-1,9353,9370,9369,-1,9353,9369,9354,-1,9354,9369,9366,-1,9354,9366,9355,-1,9355,9366,9367,-1,9355,9367,9356,-1,9356,9367,9368,-1,9356,9368,9357,-1,9357,9368,9364,-1,9357,9364,9348,-1,9328,9277,9282,-1,9328,9282,9324,-1,9324,9282,9281,-1,9324,9281,9325,-1,9325,9281,9280,-1,9325,9280,9329,-1,9329,9280,9279,-1,9329,9279,9330,-1,9330,9279,9278,-1,9330,9278,9318,-1,9318,9278,9276,-1,9318,9276,9317,-1,9321,9285,9290,-1,9321,9290,9319,-1,9319,9290,9289,-1,9319,9289,9320,-1,9320,9289,9288,-1,9320,9288,9322,-1,9322,9288,9287,-1,9322,9287,9323,-1,9323,9287,9286,-1,9323,9286,9326,-1,9326,9286,9284,-1,9326,9284,9327,-1,9108,9127,9110,-1,9110,9127,9131,-1,9110,9131,9119,-1,9119,9131,9130,-1,9119,9130,9115,-1,9115,9130,9129,-1,9115,9129,9116,-1,9116,9129,9135,-1,9116,9135,9104,-1,9104,9135,9387,-1,9135,9133,9387,-1,9387,9133,9141,-1,9387,9141,9106,-1,9106,9141,9143,-1,9106,9143,9011,-1,9011,9143,9145,-1,9145,9147,9011,-1,9011,9147,9149,-1,9011,9149,9012,-1,9190,9043,9192,-1,9192,9043,9044,-1,9192,9044,9194,-1,9194,9044,9045,-1,9194,9045,9195,-1,9195,9045,9047,-1,9195,9047,9197,-1,9197,9047,9049,-1,9197,9049,9185,-1,9185,9049,9048,-1,9185,9048,9186,-1,8997,9184,8998,-1,8998,9184,9183,-1,8998,9183,9182,-1,9182,9188,8998,-1,8998,9188,9187,-1,8998,9187,9055,-1,9055,9187,9186,-1,9055,9186,9056,-1,9056,9186,9048,-1,9308,9300,9299,-1,9308,9299,9307,-1,9307,9299,9298,-1,9307,9298,9306,-1,9122,9121,9302,-1,9122,9302,9309,-1,9309,9302,9301,-1,9309,9301,9310,-1,9336,9384,9383,-1,9336,9383,9335,-1,9335,9383,9382,-1,9335,9382,9334,-1,9204,9205,9386,-1,9204,9386,9337,-1,9337,9386,9385,-1,9337,9385,9338,-1,9388,9389,9390,-1,9391,9392,9393,-1,9393,9392,9394,-1,9393,9394,9395,-1,9395,9394,9396,-1,9395,9396,9397,-1,9397,9396,9398,-1,9397,9398,9399,-1,9399,9398,9388,-1,9399,9388,9400,-1,9400,9388,9390,-1,9401,9402,9403,-1,9404,9405,9406,-1,9406,9405,9407,-1,9406,9407,9408,-1,9408,9407,9409,-1,9408,9409,9410,-1,9409,9411,9410,-1,9410,9411,9412,-1,9410,9412,9403,-1,9403,9412,9413,-1,9403,9413,9401,-1,9414,9415,9416,-1,9416,9415,9417,-1,9416,9417,9418,-1,9418,9417,9419,-1,9418,9419,9420,-1,9420,9419,9421,-1,9420,9421,9422,-1,9422,9421,9423,-1,9422,9423,9424,-1,9424,9423,9425,-1,9424,9425,9426,-1,9426,9425,9427,-1,9426,9427,9428,-1,9428,9427,9429,-1,9428,9429,9430,-1,9430,9429,9431,-1,9432,9433,9434,-1,9434,9433,9435,-1,9435,9433,9436,-1,9436,9433,9437,-1,9436,9437,9438,-1,9429,9439,9431,-1,9431,9439,9440,-1,9431,9440,9441,-1,9438,9437,9440,-1,9440,9437,9442,-1,9440,9442,9443,-1,9443,9444,9440,-1,9440,9444,9445,-1,9440,9445,9441,-1,9390,9389,9429,-1,9389,9446,9429,-1,9429,9446,9447,-1,9429,9447,9439,-1,9429,9427,9390,-1,9390,9427,9425,-1,9390,9425,9400,-1,9400,9425,9423,-1,9400,9423,9399,-1,9399,9423,9421,-1,9399,9421,9397,-1,9397,9421,9419,-1,9397,9419,9395,-1,9395,9419,9417,-1,9395,9417,9393,-1,9448,9449,9450,-1,9451,9452,9453,-1,9452,9454,9455,-1,9452,9455,9453,-1,9453,9455,9456,-1,9453,9456,9457,-1,9458,9459,9460,-1,9460,9459,9461,-1,9460,9461,9462,-1,9454,9463,9455,-1,9455,9463,9464,-1,9455,9464,9465,-1,9462,9466,9460,-1,9460,9466,9467,-1,9460,9467,9468,-1,9457,9469,9453,-1,9453,9469,9470,-1,9453,9470,9471,-1,9471,9470,9472,-1,9471,9472,9450,-1,9450,9472,9473,-1,9450,9473,9448,-1,9393,9417,9391,-1,9391,9417,9415,-1,9391,9415,9453,-1,9453,9415,9474,-1,9453,9474,9451,-1,9458,9450,9459,-1,9459,9450,9449,-1,9459,9449,9405,-1,9405,9449,9407,-1,9475,9476,9477,-1,9477,9476,9478,-1,9477,9478,9479,-1,9479,9478,9480,-1,9479,9480,9468,-1,9468,9480,9481,-1,9468,9481,9460,-1,9482,9483,9484,-1,9484,9483,9485,-1,9482,9486,9483,-1,9483,9486,9487,-1,9483,9487,9477,-1,9477,9487,9488,-1,9477,9488,9475,-1,9489,9413,9490,-1,9490,9413,9412,-1,9490,9412,9491,-1,9491,9412,9411,-1,9491,9411,9492,-1,9492,9411,9409,-1,9492,9409,9493,-1,9493,9409,9407,-1,9493,9407,9449,-1,9494,9495,9496,-1,9496,9497,9494,-1,9494,9497,9402,-1,9494,9402,9489,-1,9489,9402,9401,-1,9489,9401,9413,-1,9498,9499,9500,-1,9500,9499,9501,-1,9500,9501,9502,-1,9495,9494,9503,-1,9504,9505,9506,-1,9495,9503,9507,-1,9507,9503,9508,-1,9507,9508,9506,-1,9506,9508,9509,-1,9506,9509,9504,-1,9501,9510,9502,-1,9502,9510,9506,-1,9502,9506,9511,-1,9511,9506,9505,-1,9512,9513,9514,-1,9514,9513,9515,-1,9514,9515,9516,-1,9516,9515,9500,-1,9516,9500,9517,-1,9517,9500,9502,-1,9518,9519,9516,-1,9520,9521,9517,-1,9517,9521,9516,-1,9516,9521,9522,-1,9516,9522,9518,-1,9523,9524,9525,-1,9525,9524,9526,-1,9527,9528,9526,-1,9520,9517,9526,-1,9526,9517,9529,-1,9526,9529,9527,-1,9528,9530,9526,-1,9526,9530,9531,-1,9526,9531,9525,-1,9524,9523,9532,-1,9532,9523,9533,-1,9532,9533,9534,-1,9534,9533,9535,-1,9534,9535,9536,-1,9536,9535,9537,-1,9536,9537,9538,-1,9538,9537,9539,-1,9538,9539,9540,-1,9541,9406,9542,-1,9542,9406,9408,-1,9542,9408,9543,-1,9543,9408,9410,-1,9543,9410,9539,-1,9539,9410,9403,-1,9539,9403,9540,-1,9544,9545,9546,-1,9546,9545,9547,-1,9548,9549,9550,-1,9551,9552,9553,-1,9553,9552,9554,-1,9404,9406,9541,-1,9546,9555,9556,-1,9414,9416,9394,-1,9404,9541,9557,-1,9551,9544,9552,-1,9552,9544,9546,-1,9552,9546,9558,-1,9558,9546,9556,-1,9547,9559,9546,-1,9546,9559,9414,-1,9546,9414,9392,-1,9392,9414,9394,-1,9560,9561,9562,-1,9562,9561,9563,-1,9562,9563,9546,-1,9546,9563,9564,-1,9546,9564,9555,-1,9565,9566,9567,-1,9567,9566,9568,-1,9567,9568,9550,-1,9550,9568,9569,-1,9550,9569,9548,-1,9549,9570,9550,-1,9550,9570,9557,-1,9550,9557,9571,-1,9571,9557,9541,-1,9571,9541,9560,-1,9560,9541,9572,-1,9560,9572,9561,-1,9394,9416,9396,-1,9396,9416,9418,-1,9396,9418,9398,-1,9398,9418,9420,-1,9422,9424,9573,-1,9573,9574,9422,-1,9422,9574,9575,-1,9422,9575,9420,-1,9420,9575,9388,-1,9420,9388,9398,-1,9426,9428,9576,-1,9576,9577,9426,-1,9426,9577,9578,-1,9426,9578,9424,-1,9424,9578,9579,-1,9424,9579,9573,-1,9580,9581,9582,-1,9582,9581,9583,-1,9582,9583,9584,-1,9576,9428,9430,-1,9583,9585,9584,-1,9584,9585,9586,-1,9584,9586,9587,-1,9587,9586,9588,-1,9576,9430,9588,-1,9588,9430,9589,-1,9588,9589,9590,-1,9590,9591,9588,-1,9588,9591,9592,-1,9588,9592,9587,-1,9584,9437,9582,-1,9582,9437,9433,-1,9582,9433,9593,-1,9593,9433,9594,-1,9593,9594,9595,-1,9595,9594,9596,-1,9448,9572,9449,-1,9449,9572,9541,-1,9449,9541,9493,-1,9493,9541,9542,-1,9493,9542,9492,-1,9492,9542,9543,-1,9492,9543,9491,-1,9525,9503,9523,-1,9523,9503,9494,-1,9523,9494,9533,-1,9533,9494,9489,-1,9533,9489,9535,-1,9535,9489,9490,-1,9535,9490,9537,-1,9537,9490,9491,-1,9537,9491,9539,-1,9539,9491,9543,-1,9455,9465,9597,-1,9597,9465,9598,-1,9597,9598,9599,-1,9599,9598,9600,-1,9599,9600,9601,-1,9601,9600,9602,-1,9601,9602,9603,-1,9603,9602,9604,-1,9603,9604,9605,-1,9605,9604,9606,-1,9605,9606,9607,-1,9607,9606,9608,-1,9607,9608,9609,-1,9609,9608,9610,-1,9609,9610,9611,-1,9610,9612,9611,-1,9611,9612,9613,-1,9611,9613,9614,-1,9614,9615,9611,-1,9611,9615,9616,-1,9611,9616,9617,-1,9617,9616,9618,-1,9619,9620,9616,-1,9616,9620,9621,-1,9616,9621,9618,-1,9622,9623,9624,-1,9624,9623,9625,-1,9624,9625,9626,-1,9626,9625,9627,-1,9626,9627,9628,-1,9628,9627,9629,-1,9630,9631,9632,-1,9630,9632,9627,-1,9627,9632,9633,-1,9627,9633,9629,-1,9631,9634,9632,-1,9632,9634,9635,-1,9632,9635,9636,-1,9623,9622,9637,-1,9623,9637,9638,-1,9638,9637,9639,-1,9638,9639,9640,-1,9640,9639,9641,-1,9640,9641,9642,-1,9642,9641,9643,-1,9642,9643,9644,-1,9644,9643,9645,-1,9644,9645,9646,-1,9646,9645,9554,-1,9646,9554,9552,-1,9609,9625,9607,-1,9607,9625,9623,-1,9607,9623,9605,-1,9605,9623,9638,-1,9605,9638,9603,-1,9603,9638,9640,-1,9603,9640,9601,-1,9601,9640,9642,-1,9601,9642,9599,-1,9599,9642,9644,-1,9599,9644,9597,-1,9597,9644,9646,-1,9597,9646,9455,-1,9455,9646,9552,-1,9455,9552,9456,-1,9456,9552,9558,-1,9464,9553,9465,-1,9465,9553,9554,-1,9465,9554,9598,-1,9598,9554,9645,-1,9598,9645,9600,-1,9600,9645,9643,-1,9600,9643,9602,-1,9602,9643,9641,-1,9602,9641,9604,-1,9604,9641,9639,-1,9604,9639,9606,-1,9606,9639,9637,-1,9606,9637,9608,-1,9608,9637,9622,-1,9608,9622,9610,-1,9610,9622,9624,-1,9647,9479,9566,-1,9566,9479,9468,-1,9566,9468,9568,-1,9567,9481,9565,-1,9565,9481,9480,-1,9565,9480,9648,-1,9566,9565,9647,-1,9647,9565,9648,-1,9647,9648,9649,-1,9650,9651,9652,-1,9649,9653,9647,-1,9647,9653,9654,-1,9647,9654,9650,-1,9655,9656,9657,-1,9652,9658,9650,-1,9650,9658,9659,-1,9650,9659,9647,-1,9651,9650,9660,-1,9660,9650,9661,-1,9660,9661,9656,-1,9656,9661,9662,-1,9656,9662,9657,-1,9655,9657,9663,-1,9663,9657,9664,-1,9663,9664,9665,-1,9666,9667,9668,-1,9668,9667,9669,-1,9668,9669,9670,-1,9670,9671,9668,-1,9668,9671,9672,-1,9668,9672,9673,-1,9666,9668,9674,-1,9674,9668,9675,-1,9674,9675,9676,-1,9676,9675,9677,-1,9676,9677,9678,-1,9678,9679,9676,-1,9676,9679,9680,-1,9676,9680,9681,-1,9666,9674,9682,-1,9666,9682,9683,-1,9683,9682,9684,-1,9683,9684,9685,-1,9685,9684,9686,-1,9685,9686,9687,-1,9687,9686,9688,-1,9688,9686,9689,-1,9689,9690,9688,-1,9688,9690,9691,-1,9688,9691,9692,-1,9692,9693,9688,-1,9688,9693,9512,-1,9688,9512,9514,-1,9688,9514,9519,-1,9519,9514,9516,-1,9500,9515,9498,-1,9498,9515,9694,-1,9694,9515,9513,-1,9695,9696,9697,-1,9697,9696,9694,-1,9697,9694,9698,-1,9698,9694,9699,-1,9513,9700,9694,-1,9694,9700,9701,-1,9694,9701,9699,-1,9696,9695,9702,-1,9702,9695,9703,-1,9702,9703,9704,-1,9704,9703,9705,-1,9704,9705,9706,-1,9706,9705,9707,-1,9708,9706,9707,-1,9708,9707,9709,-1,9710,9711,9712,-1,9712,9711,9713,-1,9712,9713,9714,-1,9715,9716,9707,-1,9714,9717,9712,-1,9712,9717,9718,-1,9712,9718,9707,-1,9707,9718,9719,-1,9707,9719,9715,-1,9716,9720,9707,-1,9707,9720,9721,-1,9707,9721,9709,-1,9719,9718,9668,-1,9668,9718,9675,-1,9708,9667,9706,-1,9706,9667,9666,-1,9706,9666,9704,-1,9704,9666,9683,-1,9704,9683,9702,-1,9702,9683,9685,-1,9702,9685,9696,-1,9696,9685,9687,-1,9696,9687,9694,-1,9694,9687,9688,-1,9694,9688,9498,-1,9498,9688,9519,-1,9498,9519,9499,-1,9499,9519,9518,-1,9580,9582,9722,-1,9722,9582,9593,-1,9722,9593,9595,-1,9723,9724,9725,-1,9725,9724,9722,-1,9725,9722,9726,-1,9726,9722,9727,-1,9595,9728,9722,-1,9722,9728,9729,-1,9722,9729,9727,-1,9724,9723,9730,-1,9724,9730,9731,-1,9731,9730,9732,-1,9731,9732,9733,-1,9733,9732,9734,-1,9733,9734,9735,-1,9735,9734,9736,-1,9736,9734,9737,-1,9736,9737,9738,-1,9738,9739,9736,-1,9736,9739,9740,-1,9736,9740,9741,-1,9741,9742,9736,-1,9736,9742,9743,-1,9736,9743,9744,-1,9745,9746,9747,-1,9747,9746,9748,-1,9747,9748,9737,-1,9737,9748,9749,-1,9737,9749,9738,-1,9750,9751,9738,-1,9738,9751,9739,-1,9752,9753,9754,-1,9754,9753,9755,-1,9754,9755,9751,-1,9756,9755,9757,-1,9757,9755,9758,-1,9756,9759,9755,-1,9755,9759,9760,-1,9755,9760,9751,-1,9751,9750,9754,-1,9754,9750,9761,-1,9754,9761,9762,-1,9762,9763,9754,-1,9754,9763,9764,-1,9754,9764,9765,-1,9753,9752,9766,-1,9766,9752,9767,-1,9766,9767,9768,-1,9768,9767,9769,-1,9768,9769,9770,-1,9770,9769,9771,-1,9770,9771,9772,-1,9772,9771,9773,-1,9773,9774,9772,-1,9772,9774,9775,-1,9772,9775,9776,-1,9776,9777,9772,-1,9772,9777,9596,-1,9772,9596,9594,-1,9594,9433,9772,-1,9772,9433,9432,-1,9434,9581,9432,-1,9432,9581,9580,-1,9432,9580,9772,-1,9772,9580,9722,-1,9772,9722,9770,-1,9770,9722,9724,-1,9770,9724,9768,-1,9768,9724,9731,-1,9768,9731,9766,-1,9766,9731,9733,-1,9766,9733,9753,-1,9753,9733,9735,-1,9753,9735,9755,-1,9755,9735,9736,-1,9754,9737,9752,-1,9752,9737,9734,-1,9752,9734,9767,-1,9767,9734,9732,-1,9767,9732,9769,-1,9769,9732,9730,-1,9769,9730,9771,-1,9771,9730,9723,-1,9771,9723,9773,-1,9773,9723,9725,-1,9727,9729,9775,-1,9775,9729,9776,-1,9699,9701,9691,-1,9691,9701,9692,-1,9697,9689,9695,-1,9695,9689,9686,-1,9695,9686,9703,-1,9703,9686,9684,-1,9703,9684,9705,-1,9705,9684,9682,-1,9705,9682,9707,-1,9707,9682,9674,-1,9707,9674,9712,-1,9712,9674,9676,-1,9625,9609,9611,-1,9625,9611,9627,-1,9627,9611,9617,-1,9627,9617,9630,-1,9630,9617,9618,-1,9630,9618,9631,-1,9631,9618,9621,-1,9631,9621,9634,-1,9634,9621,9620,-1,9634,9620,9635,-1,9635,9620,9619,-1,9635,9619,9636,-1,9610,9624,9626,-1,9610,9626,9612,-1,9612,9626,9628,-1,9612,9628,9613,-1,9613,9628,9629,-1,9613,9629,9614,-1,9614,9629,9633,-1,9614,9633,9615,-1,9615,9633,9632,-1,9615,9632,9616,-1,9616,9632,9636,-1,9616,9636,9619,-1,9517,9502,9511,-1,9517,9511,9529,-1,9529,9511,9505,-1,9529,9505,9527,-1,9527,9505,9504,-1,9527,9504,9528,-1,9528,9504,9509,-1,9528,9509,9530,-1,9530,9509,9508,-1,9530,9508,9531,-1,9531,9508,9503,-1,9531,9503,9525,-1,9437,9584,9587,-1,9437,9587,9442,-1,9442,9587,9592,-1,9442,9592,9443,-1,9443,9592,9591,-1,9443,9591,9444,-1,9444,9591,9590,-1,9444,9590,9445,-1,9445,9590,9589,-1,9445,9589,9441,-1,9441,9589,9430,-1,9441,9430,9431,-1,9456,9558,9457,-1,9457,9558,9556,-1,9457,9556,9469,-1,9469,9556,9555,-1,9469,9555,9470,-1,9470,9555,9564,-1,9470,9564,9472,-1,9472,9564,9563,-1,9472,9563,9473,-1,9473,9563,9561,-1,9473,9561,9448,-1,9448,9561,9572,-1,9553,9464,9551,-1,9551,9464,9463,-1,9551,9463,9544,-1,9544,9463,9454,-1,9544,9454,9545,-1,9545,9454,9452,-1,9545,9452,9547,-1,9547,9452,9451,-1,9547,9451,9559,-1,9559,9451,9474,-1,9559,9474,9414,-1,9414,9474,9415,-1,9481,9567,9460,-1,9460,9567,9550,-1,9460,9550,9458,-1,9458,9550,9571,-1,9458,9571,9450,-1,9450,9571,9560,-1,9450,9560,9471,-1,9471,9560,9562,-1,9471,9562,9453,-1,9453,9562,9546,-1,9453,9546,9391,-1,9391,9546,9392,-1,9568,9468,9569,-1,9569,9468,9467,-1,9569,9467,9548,-1,9548,9467,9466,-1,9548,9466,9549,-1,9549,9466,9462,-1,9549,9462,9570,-1,9570,9462,9461,-1,9570,9461,9557,-1,9557,9461,9459,-1,9557,9459,9404,-1,9404,9459,9405,-1,9665,9486,9663,-1,9663,9486,9482,-1,9663,9482,9655,-1,9655,9482,9656,-1,9656,9482,9484,-1,9656,9484,9660,-1,9660,9484,9651,-1,9651,9484,9485,-1,9651,9485,9652,-1,9652,9485,9483,-1,9652,9483,9658,-1,9658,9483,9477,-1,9658,9477,9659,-1,9659,9477,9479,-1,9659,9479,9647,-1,9648,9480,9478,-1,9648,9478,9649,-1,9649,9478,9476,-1,9649,9476,9653,-1,9653,9476,9475,-1,9653,9475,9654,-1,9488,9661,9475,-1,9475,9661,9650,-1,9475,9650,9654,-1,9487,9486,9665,-1,9665,9664,9487,-1,9487,9664,9657,-1,9487,9657,9488,-1,9488,9657,9662,-1,9488,9662,9661,-1,9737,9754,9765,-1,9737,9765,9747,-1,9747,9765,9764,-1,9747,9764,9745,-1,9745,9764,9763,-1,9745,9763,9746,-1,9746,9763,9762,-1,9746,9762,9748,-1,9748,9762,9761,-1,9748,9761,9749,-1,9749,9761,9750,-1,9749,9750,9738,-1,9739,9751,9760,-1,9739,9760,9740,-1,9740,9760,9759,-1,9740,9759,9741,-1,9741,9759,9756,-1,9741,9756,9742,-1,9742,9756,9757,-1,9742,9757,9743,-1,9743,9757,9758,-1,9743,9758,9744,-1,9744,9758,9755,-1,9744,9755,9736,-1,9719,9668,9673,-1,9719,9673,9715,-1,9715,9673,9672,-1,9715,9672,9716,-1,9716,9672,9671,-1,9716,9671,9720,-1,9720,9671,9670,-1,9720,9670,9721,-1,9721,9670,9669,-1,9721,9669,9709,-1,9709,9669,9667,-1,9709,9667,9708,-1,9712,9676,9681,-1,9712,9681,9710,-1,9710,9681,9680,-1,9710,9680,9711,-1,9711,9680,9679,-1,9711,9679,9713,-1,9713,9679,9678,-1,9713,9678,9714,-1,9714,9678,9677,-1,9714,9677,9717,-1,9717,9677,9675,-1,9717,9675,9718,-1,9499,9518,9501,-1,9501,9518,9522,-1,9501,9522,9510,-1,9510,9522,9521,-1,9510,9521,9506,-1,9506,9521,9520,-1,9506,9520,9507,-1,9507,9520,9526,-1,9507,9526,9495,-1,9495,9526,9778,-1,9526,9524,9778,-1,9778,9524,9532,-1,9778,9532,9497,-1,9497,9532,9534,-1,9497,9534,9402,-1,9402,9534,9536,-1,9536,9538,9402,-1,9402,9538,9540,-1,9402,9540,9403,-1,9581,9434,9583,-1,9583,9434,9435,-1,9583,9435,9585,-1,9585,9435,9436,-1,9585,9436,9586,-1,9586,9436,9438,-1,9586,9438,9588,-1,9588,9438,9440,-1,9588,9440,9576,-1,9576,9440,9439,-1,9576,9439,9577,-1,9388,9575,9389,-1,9389,9575,9574,-1,9389,9574,9573,-1,9573,9579,9389,-1,9389,9579,9578,-1,9389,9578,9446,-1,9446,9578,9577,-1,9446,9577,9447,-1,9447,9577,9439,-1,9699,9691,9690,-1,9699,9690,9698,-1,9698,9690,9689,-1,9698,9689,9697,-1,9513,9512,9693,-1,9513,9693,9700,-1,9700,9693,9692,-1,9700,9692,9701,-1,9727,9775,9774,-1,9727,9774,9726,-1,9726,9774,9773,-1,9726,9773,9725,-1,9595,9596,9777,-1,9595,9777,9728,-1,9728,9777,9776,-1,9728,9776,9729,-1,9779,9780,9781,-1,9782,9783,9784,-1,9784,9783,9785,-1,9784,9785,9786,-1,9786,9785,9787,-1,9786,9787,9788,-1,9788,9787,9789,-1,9788,9789,9790,-1,9790,9789,9779,-1,9790,9779,9791,-1,9791,9779,9781,-1,9792,9793,9794,-1,9792,9794,9795,-1,9796,9797,9798,-1,9798,9797,9799,-1,9798,9799,9800,-1,9800,9799,9801,-1,9800,9801,9802,-1,9802,9801,9803,-1,9802,9803,9794,-1,9794,9803,9804,-1,9794,9804,9795,-1,9805,9806,9807,-1,9807,9806,9808,-1,9807,9808,9809,-1,9809,9808,9810,-1,9809,9810,9811,-1,9811,9810,9812,-1,9811,9812,9813,-1,9813,9812,9814,-1,9813,9814,9815,-1,9815,9814,9816,-1,9815,9816,9817,-1,9817,9816,9818,-1,9817,9818,9819,-1,9819,9818,9820,-1,9819,9820,9821,-1,9821,9820,9822,-1,9823,9824,9825,-1,9825,9824,9826,-1,9826,9824,9827,-1,9827,9824,9828,-1,9827,9828,9829,-1,9820,9830,9822,-1,9822,9830,9831,-1,9822,9831,9832,-1,9829,9828,9831,-1,9831,9828,9833,-1,9831,9833,9834,-1,9834,9835,9831,-1,9831,9835,9836,-1,9831,9836,9832,-1,9781,9780,9820,-1,9780,9837,9820,-1,9820,9837,9838,-1,9820,9838,9830,-1,9820,9818,9781,-1,9781,9818,9816,-1,9781,9816,9791,-1,9791,9816,9814,-1,9791,9814,9790,-1,9790,9814,9812,-1,9790,9812,9788,-1,9788,9812,9810,-1,9788,9810,9786,-1,9786,9810,9808,-1,9786,9808,9784,-1,9782,9784,9839,-1,9799,9797,9840,-1,9840,9797,9841,-1,9840,9841,9842,-1,9843,9844,9845,-1,9842,9846,9840,-1,9840,9846,9847,-1,9840,9847,9848,-1,9848,9847,9849,-1,9850,9851,9852,-1,9853,9854,9845,-1,9845,9854,9855,-1,9845,9855,9843,-1,9842,9856,9846,-1,9846,9856,9857,-1,9846,9857,9851,-1,9851,9857,9858,-1,9851,9858,9852,-1,9859,9860,9861,-1,9849,9847,9862,-1,9862,9847,9863,-1,9862,9863,9839,-1,9839,9863,9864,-1,9839,9864,9782,-1,9844,9865,9845,-1,9845,9865,9859,-1,9845,9859,9866,-1,9866,9859,9861,-1,9853,9839,9854,-1,9854,9839,9784,-1,9854,9784,9806,-1,9806,9784,9808,-1,9850,9852,9867,-1,9867,9852,9868,-1,9867,9868,9869,-1,9870,9869,9871,-1,9871,9869,9872,-1,9870,9873,9869,-1,9869,9873,9874,-1,9869,9874,9867,-1,9875,9876,9877,-1,9877,9876,9878,-1,9877,9878,9869,-1,9869,9878,9879,-1,9869,9879,9872,-1,9880,9795,9881,-1,9881,9795,9804,-1,9881,9804,9882,-1,9882,9804,9803,-1,9882,9803,9883,-1,9883,9803,9801,-1,9883,9801,9884,-1,9884,9801,9799,-1,9884,9799,9840,-1,9885,9886,9887,-1,9887,9888,9885,-1,9885,9888,9793,-1,9885,9793,9880,-1,9880,9793,9792,-1,9880,9792,9795,-1,9889,9890,9891,-1,9891,9890,9892,-1,9891,9892,9893,-1,9886,9885,9894,-1,9895,9896,9897,-1,9886,9894,9898,-1,9898,9894,9899,-1,9898,9899,9897,-1,9897,9899,9900,-1,9897,9900,9895,-1,9892,9901,9893,-1,9893,9901,9897,-1,9893,9897,9902,-1,9902,9897,9896,-1,9903,9904,9905,-1,9905,9904,9906,-1,9905,9906,9907,-1,9907,9906,9891,-1,9907,9891,9908,-1,9908,9891,9893,-1,9909,9910,9907,-1,9911,9912,9908,-1,9908,9912,9907,-1,9907,9912,9913,-1,9907,9913,9909,-1,9914,9915,9916,-1,9916,9915,9917,-1,9918,9919,9917,-1,9911,9908,9917,-1,9917,9908,9920,-1,9917,9920,9918,-1,9919,9921,9917,-1,9917,9921,9922,-1,9917,9922,9916,-1,9915,9914,9923,-1,9923,9914,9924,-1,9923,9924,9925,-1,9925,9924,9926,-1,9925,9926,9927,-1,9927,9926,9928,-1,9927,9928,9929,-1,9929,9928,9930,-1,9929,9930,9931,-1,9932,9798,9933,-1,9933,9798,9800,-1,9933,9800,9934,-1,9934,9800,9802,-1,9934,9802,9930,-1,9930,9802,9794,-1,9930,9794,9931,-1,9935,9936,9937,-1,9937,9936,9932,-1,9938,9936,9939,-1,9940,9941,9942,-1,9942,9941,9943,-1,9944,9936,9945,-1,9945,9936,9946,-1,9798,9932,9796,-1,9796,9932,9947,-1,9946,9936,9948,-1,9948,9936,9935,-1,9948,9935,9941,-1,9941,9935,9949,-1,9941,9949,9943,-1,9950,9951,9952,-1,9938,9953,9936,-1,9936,9953,9954,-1,9936,9954,9932,-1,9932,9954,9955,-1,9932,9955,9947,-1,9939,9956,9938,-1,9938,9956,9950,-1,9938,9950,9957,-1,9957,9950,9952,-1,9958,9959,9960,-1,9942,9961,9940,-1,9940,9961,9958,-1,9940,9958,9962,-1,9962,9958,9960,-1,9807,9785,9805,-1,9805,9785,9783,-1,9805,9783,9945,-1,9945,9783,9963,-1,9945,9963,9944,-1,9785,9807,9787,-1,9787,9807,9809,-1,9787,9809,9789,-1,9789,9809,9811,-1,9813,9815,9964,-1,9964,9965,9813,-1,9813,9965,9966,-1,9813,9966,9811,-1,9811,9966,9779,-1,9811,9779,9789,-1,9817,9819,9967,-1,9967,9968,9817,-1,9817,9968,9969,-1,9817,9969,9815,-1,9815,9969,9970,-1,9815,9970,9964,-1,9971,9972,9973,-1,9973,9972,9974,-1,9973,9974,9975,-1,9967,9819,9821,-1,9974,9976,9975,-1,9975,9976,9977,-1,9975,9977,9978,-1,9978,9977,9979,-1,9967,9821,9979,-1,9979,9821,9980,-1,9979,9980,9981,-1,9981,9982,9979,-1,9979,9982,9983,-1,9979,9983,9978,-1,9975,9828,9973,-1,9973,9828,9824,-1,9973,9824,9984,-1,9984,9824,9985,-1,9984,9985,9986,-1,9986,9985,9987,-1,9848,9937,9840,-1,9840,9937,9932,-1,9840,9932,9884,-1,9884,9932,9933,-1,9884,9933,9883,-1,9883,9933,9934,-1,9883,9934,9882,-1,9916,9894,9914,-1,9914,9894,9885,-1,9914,9885,9924,-1,9924,9885,9880,-1,9924,9880,9926,-1,9926,9880,9881,-1,9926,9881,9928,-1,9928,9881,9882,-1,9928,9882,9930,-1,9930,9882,9934,-1,9861,9860,9988,-1,9988,9860,9989,-1,9988,9989,9990,-1,9990,9989,9991,-1,9990,9991,9992,-1,9992,9991,9993,-1,9992,9993,9994,-1,9994,9993,9995,-1,9994,9995,9996,-1,9996,9995,9997,-1,9996,9997,9998,-1,9998,9997,9999,-1,9998,9999,10000,-1,10000,9999,10001,-1,10000,10001,10002,-1,10002,10001,10003,-1,10002,10003,10004,-1,10004,10005,10002,-1,10002,10005,10006,-1,10002,10006,10007,-1,10008,10009,10010,-1,10010,10009,10011,-1,10010,10011,10006,-1,10006,10011,10012,-1,10006,10012,10007,-1,10013,10014,10015,-1,10016,10017,10014,-1,10014,10017,10018,-1,10014,10018,10015,-1,10019,10015,10020,-1,10019,10021,10015,-1,10015,10021,10022,-1,10015,10022,10013,-1,10020,10023,10019,-1,10019,10023,10024,-1,10019,10024,10025,-1,10025,10024,10026,-1,10025,10026,10027,-1,10017,10016,10028,-1,10017,10028,10029,-1,10029,10028,10030,-1,10029,10030,10031,-1,10031,10030,10032,-1,10031,10032,10033,-1,10033,10032,10034,-1,10033,10034,10035,-1,10035,10034,10036,-1,10035,10036,10037,-1,10037,10036,9960,-1,10037,9960,9959,-1,10000,10018,9998,-1,9998,10018,10017,-1,9998,10017,9996,-1,9996,10017,10029,-1,9996,10029,9994,-1,9994,10029,10031,-1,9994,10031,9992,-1,9992,10031,10033,-1,9992,10033,9990,-1,9990,10033,10035,-1,9990,10035,9988,-1,9988,10035,10037,-1,9988,10037,9861,-1,9861,10037,9959,-1,9861,9959,9866,-1,9866,9959,9958,-1,9859,9962,9860,-1,9860,9962,9960,-1,9860,9960,9989,-1,9989,9960,10036,-1,9989,10036,9991,-1,9991,10036,10034,-1,9991,10034,9993,-1,9993,10034,10032,-1,9993,10032,9995,-1,9995,10032,10030,-1,9995,10030,9997,-1,9997,10030,10028,-1,9997,10028,9999,-1,9999,10028,10016,-1,9999,10016,10001,-1,10001,10016,10014,-1,10038,9868,9952,-1,9952,9868,9852,-1,9952,9852,9957,-1,9950,9850,9951,-1,9951,9850,9867,-1,9951,9867,10039,-1,9952,9951,10038,-1,10038,9951,10039,-1,10038,10039,10040,-1,10041,10042,10043,-1,10043,10042,10044,-1,10040,10045,10038,-1,10038,10045,10046,-1,10038,10046,10043,-1,10044,10047,10043,-1,10043,10047,10048,-1,10043,10048,10038,-1,10043,10049,10041,-1,10041,10049,10050,-1,10041,10050,10051,-1,10051,10050,10052,-1,10051,10052,10053,-1,10053,10052,10054,-1,10054,10052,10055,-1,10054,10055,10056,-1,10057,10058,10059,-1,10059,10058,10060,-1,10059,10060,10061,-1,10061,10060,10062,-1,10061,10062,10063,-1,10057,10064,10058,-1,10058,10064,10065,-1,10058,10065,10066,-1,10063,10067,10061,-1,10061,10067,10068,-1,10061,10068,10069,-1,10066,10070,10058,-1,10058,10070,10071,-1,10058,10071,10072,-1,10057,10059,10073,-1,10057,10073,10074,-1,10074,10073,10075,-1,10074,10075,10076,-1,10076,10075,10077,-1,10076,10077,10078,-1,10078,10077,10079,-1,10079,10077,10080,-1,10080,10081,10079,-1,10079,10081,10082,-1,10079,10082,10083,-1,10083,10084,10079,-1,10079,10084,9903,-1,10079,9903,9905,-1,10079,9905,9910,-1,9910,9905,9907,-1,9891,9906,9889,-1,9889,9906,10085,-1,10085,9906,9904,-1,10086,10087,10088,-1,10088,10087,10085,-1,10088,10085,10089,-1,10089,10085,10090,-1,9904,10091,10085,-1,10085,10091,10092,-1,10085,10092,10090,-1,10087,10086,10093,-1,10093,10086,10094,-1,10093,10094,10095,-1,10095,10094,10096,-1,10095,10096,10097,-1,10097,10096,10098,-1,10099,10097,10098,-1,10099,10098,10100,-1,10101,10102,10103,-1,10103,10102,10104,-1,10103,10104,10105,-1,10106,10107,10098,-1,10105,10108,10103,-1,10103,10108,10109,-1,10103,10109,10098,-1,10098,10109,10110,-1,10098,10110,10106,-1,10107,10111,10098,-1,10098,10111,10112,-1,10098,10112,10100,-1,10110,10109,10058,-1,10058,10109,10060,-1,10099,10064,10097,-1,10097,10064,10057,-1,10097,10057,10095,-1,10095,10057,10074,-1,10095,10074,10093,-1,10093,10074,10076,-1,10093,10076,10087,-1,10087,10076,10078,-1,10087,10078,10085,-1,10085,10078,10079,-1,10085,10079,9889,-1,9889,10079,9910,-1,9889,9910,9890,-1,9890,9910,9909,-1,9971,9973,10113,-1,10113,9973,9984,-1,10113,9984,9986,-1,10114,10115,10116,-1,10116,10115,10113,-1,10116,10113,10117,-1,10117,10113,10118,-1,9986,10119,10113,-1,10113,10119,10120,-1,10113,10120,10118,-1,10115,10114,10121,-1,10115,10121,10122,-1,10122,10121,10123,-1,10122,10123,10124,-1,10124,10123,10125,-1,10124,10125,10126,-1,10126,10125,10127,-1,10127,10125,10128,-1,10128,10129,10127,-1,10127,10129,10130,-1,10127,10130,10131,-1,10131,10132,10127,-1,10127,10132,10133,-1,10127,10133,10134,-1,10134,10133,10135,-1,10136,10137,10138,-1,10138,10137,10139,-1,10138,10139,10128,-1,10128,10139,10140,-1,10128,10140,10129,-1,10141,10142,10129,-1,10129,10142,10130,-1,10143,10144,10145,-1,10145,10144,10146,-1,10147,10146,10148,-1,10148,10146,10149,-1,10148,10149,10150,-1,10147,10151,10146,-1,10146,10151,10142,-1,10146,10142,10145,-1,10145,10142,10141,-1,10145,10141,10152,-1,10152,10153,10145,-1,10145,10153,10154,-1,10145,10154,10155,-1,10155,10154,10156,-1,10144,10143,10157,-1,10157,10143,10158,-1,10157,10158,10159,-1,10159,10158,10160,-1,10159,10160,10161,-1,10161,10160,10162,-1,10161,10162,10163,-1,10163,10162,10164,-1,10164,10165,10163,-1,10163,10165,10166,-1,10163,10166,10167,-1,10167,10168,10163,-1,10163,10168,9987,-1,10163,9987,9985,-1,9985,9824,10163,-1,10163,9824,9823,-1,9825,9972,9823,-1,9823,9972,9971,-1,9823,9971,10163,-1,10163,9971,10113,-1,10163,10113,10161,-1,10161,10113,10115,-1,10161,10115,10159,-1,10159,10115,10122,-1,10159,10122,10157,-1,10157,10122,10124,-1,10157,10124,10144,-1,10144,10124,10126,-1,10144,10126,10146,-1,10146,10126,10127,-1,10145,10128,10143,-1,10143,10128,10125,-1,10143,10125,10158,-1,10158,10125,10123,-1,10158,10123,10160,-1,10160,10123,10121,-1,10160,10121,10162,-1,10162,10121,10114,-1,10162,10114,10164,-1,10164,10114,10116,-1,10118,10120,10166,-1,10166,10120,10167,-1,10090,10092,10082,-1,10082,10092,10083,-1,10088,10080,10086,-1,10086,10080,10077,-1,10086,10077,10094,-1,10094,10077,10075,-1,10094,10075,10096,-1,10096,10075,10073,-1,10096,10073,10098,-1,10098,10073,10059,-1,10098,10059,10103,-1,10103,10059,10061,-1,10018,10000,10002,-1,10018,10002,10015,-1,10015,10002,10007,-1,10015,10007,10020,-1,10020,10007,10012,-1,10020,10012,10023,-1,10023,10012,10011,-1,10023,10011,10024,-1,10024,10011,10009,-1,10024,10009,10026,-1,10026,10009,10008,-1,10026,10008,10027,-1,10001,10014,10013,-1,10001,10013,10003,-1,10003,10013,10022,-1,10003,10022,10004,-1,10004,10022,10021,-1,10004,10021,10005,-1,10005,10021,10019,-1,10005,10019,10006,-1,10006,10019,10025,-1,10006,10025,10010,-1,10010,10025,10027,-1,10010,10027,10008,-1,9908,9893,9902,-1,9908,9902,9920,-1,9920,9902,9896,-1,9920,9896,9918,-1,9918,9896,9895,-1,9918,9895,9919,-1,9919,9895,9900,-1,9919,9900,9921,-1,9921,9900,9899,-1,9921,9899,9922,-1,9922,9899,9894,-1,9922,9894,9916,-1,9828,9975,9978,-1,9828,9978,9833,-1,9833,9978,9983,-1,9833,9983,9834,-1,9834,9983,9982,-1,9834,9982,9835,-1,9835,9982,9981,-1,9835,9981,9836,-1,9836,9981,9980,-1,9836,9980,9832,-1,9832,9980,9821,-1,9832,9821,9822,-1,9866,9958,9845,-1,9845,9958,9961,-1,9845,9961,9853,-1,9853,9961,9942,-1,9853,9942,9839,-1,9839,9942,9943,-1,9839,9943,9862,-1,9862,9943,9949,-1,9862,9949,9849,-1,9849,9949,9935,-1,9849,9935,9848,-1,9848,9935,9937,-1,9962,9859,9940,-1,9940,9859,9865,-1,9940,9865,9941,-1,9941,9865,9844,-1,9941,9844,9948,-1,9948,9844,9843,-1,9948,9843,9946,-1,9946,9843,9855,-1,9946,9855,9945,-1,9945,9855,9854,-1,9945,9854,9805,-1,9805,9854,9806,-1,9850,9950,9851,-1,9851,9950,9956,-1,9851,9956,9846,-1,9846,9956,9939,-1,9846,9939,9847,-1,9847,9939,9936,-1,9847,9936,9863,-1,9863,9936,9944,-1,9863,9944,9864,-1,9864,9944,9963,-1,9864,9963,9782,-1,9782,9963,9783,-1,9957,9852,9938,-1,9938,9852,9858,-1,9938,9858,9953,-1,9953,9858,9857,-1,9953,9857,9954,-1,9954,9857,9856,-1,9954,9856,9955,-1,9955,9856,9842,-1,9955,9842,9947,-1,9947,9842,9841,-1,9947,9841,9796,-1,9796,9841,9797,-1,10056,9879,10054,-1,10054,9879,9878,-1,10054,9878,10053,-1,10053,9878,10051,-1,10051,9878,9876,-1,10051,9876,10041,-1,10041,9876,10042,-1,10042,9876,9875,-1,10042,9875,10044,-1,10044,9875,9877,-1,10044,9877,10047,-1,10047,9877,9869,-1,10047,9869,10048,-1,10048,9869,9868,-1,10048,9868,10038,-1,10039,9867,9874,-1,10039,9874,10040,-1,10040,9874,9873,-1,10040,9873,10045,-1,10045,9873,9870,-1,10045,9870,10046,-1,9871,10049,9870,-1,9870,10049,10043,-1,9870,10043,10046,-1,9872,9879,10056,-1,10056,10055,9872,-1,9872,10055,10052,-1,9872,10052,9871,-1,9871,10052,10050,-1,9871,10050,10049,-1,10128,10145,10155,-1,10128,10155,10138,-1,10138,10155,10156,-1,10138,10156,10136,-1,10136,10156,10154,-1,10136,10154,10137,-1,10137,10154,10153,-1,10137,10153,10139,-1,10139,10153,10152,-1,10139,10152,10140,-1,10140,10152,10141,-1,10140,10141,10129,-1,10130,10142,10151,-1,10130,10151,10131,-1,10131,10151,10147,-1,10131,10147,10132,-1,10132,10147,10148,-1,10132,10148,10133,-1,10133,10148,10150,-1,10133,10150,10135,-1,10135,10150,10149,-1,10135,10149,10134,-1,10134,10149,10146,-1,10134,10146,10127,-1,10110,10058,10072,-1,10110,10072,10106,-1,10106,10072,10071,-1,10106,10071,10107,-1,10107,10071,10070,-1,10107,10070,10111,-1,10111,10070,10066,-1,10111,10066,10112,-1,10112,10066,10065,-1,10112,10065,10100,-1,10100,10065,10064,-1,10100,10064,10099,-1,10103,10061,10069,-1,10103,10069,10101,-1,10101,10069,10068,-1,10101,10068,10102,-1,10102,10068,10067,-1,10102,10067,10104,-1,10104,10067,10063,-1,10104,10063,10105,-1,10105,10063,10062,-1,10105,10062,10108,-1,10108,10062,10060,-1,10108,10060,10109,-1,9890,9909,9892,-1,9892,9909,9913,-1,9892,9913,9901,-1,9901,9913,9912,-1,9901,9912,9897,-1,9897,9912,9911,-1,9897,9911,9898,-1,9898,9911,9917,-1,9898,9917,9886,-1,9886,9917,10169,-1,9917,9915,10169,-1,10169,9915,9923,-1,10169,9923,9888,-1,9888,9923,9925,-1,9888,9925,9793,-1,9793,9925,9927,-1,9927,9929,9793,-1,9793,9929,9931,-1,9793,9931,9794,-1,9972,9825,9974,-1,9974,9825,9826,-1,9974,9826,9976,-1,9976,9826,9827,-1,9976,9827,9977,-1,9977,9827,9829,-1,9977,9829,9979,-1,9979,9829,9831,-1,9979,9831,9967,-1,9967,9831,9830,-1,9967,9830,9968,-1,9779,9966,9780,-1,9780,9966,9965,-1,9780,9965,9964,-1,9964,9970,9780,-1,9780,9970,9969,-1,9780,9969,9837,-1,9837,9969,9968,-1,9837,9968,9838,-1,9838,9968,9830,-1,10090,10082,10081,-1,10090,10081,10089,-1,10089,10081,10080,-1,10089,10080,10088,-1,9904,9903,10084,-1,9904,10084,10091,-1,10091,10084,10083,-1,10091,10083,10092,-1,10118,10166,10165,-1,10118,10165,10117,-1,10117,10165,10164,-1,10117,10164,10116,-1,9986,9987,10168,-1,9986,10168,10119,-1,10119,10168,10167,-1,10119,10167,10120,-1,10170,10171,10172,-1,10173,10174,10175,-1,10175,10174,10176,-1,10175,10176,10177,-1,10177,10176,10178,-1,10177,10178,10179,-1,10179,10178,10180,-1,10179,10180,10181,-1,10181,10180,10170,-1,10181,10170,10182,-1,10182,10170,10172,-1,10183,10184,10185,-1,10183,10185,10186,-1,10187,10188,10189,-1,10189,10188,10190,-1,10189,10190,10191,-1,10191,10190,10192,-1,10191,10192,10193,-1,10193,10192,10194,-1,10193,10194,10185,-1,10185,10194,10195,-1,10185,10195,10186,-1,10196,10197,10198,-1,10198,10197,10199,-1,10198,10199,10200,-1,10200,10199,10201,-1,10200,10201,10202,-1,10202,10201,10203,-1,10202,10203,10204,-1,10204,10203,10205,-1,10204,10205,10206,-1,10206,10205,10207,-1,10206,10207,10208,-1,10208,10207,10209,-1,10208,10209,10210,-1,10210,10209,10211,-1,10210,10211,10212,-1,10212,10211,10213,-1,10214,10215,10216,-1,10216,10215,10217,-1,10217,10215,10218,-1,10218,10215,10219,-1,10218,10219,10220,-1,10211,10221,10213,-1,10213,10221,10222,-1,10213,10222,10223,-1,10220,10219,10222,-1,10222,10219,10224,-1,10222,10224,10225,-1,10225,10226,10222,-1,10222,10226,10227,-1,10222,10227,10223,-1,10172,10171,10211,-1,10171,10228,10211,-1,10211,10228,10229,-1,10211,10229,10221,-1,10211,10209,10172,-1,10172,10209,10207,-1,10172,10207,10182,-1,10182,10207,10205,-1,10182,10205,10181,-1,10181,10205,10203,-1,10181,10203,10179,-1,10179,10203,10201,-1,10179,10201,10177,-1,10177,10201,10199,-1,10177,10199,10175,-1,10230,10231,10232,-1,10232,10231,10233,-1,10232,10233,10234,-1,10235,10236,10237,-1,10238,10239,10188,-1,10188,10239,10190,-1,10240,10241,10242,-1,10243,10244,10232,-1,10232,10244,10245,-1,10232,10245,10246,-1,10235,10237,10247,-1,10238,10230,10239,-1,10239,10230,10232,-1,10239,10232,10248,-1,10248,10232,10246,-1,10248,10246,10249,-1,10249,10246,10237,-1,10249,10237,10250,-1,10250,10237,10236,-1,10234,10233,10241,-1,10241,10233,10251,-1,10241,10251,10242,-1,10173,10175,10199,-1,10243,10252,10244,-1,10244,10252,10173,-1,10244,10173,10197,-1,10197,10173,10199,-1,10253,10254,10255,-1,10240,10242,10256,-1,10256,10242,10257,-1,10256,10257,10258,-1,10237,10259,10247,-1,10247,10259,10253,-1,10247,10253,10260,-1,10260,10253,10255,-1,10261,10262,10258,-1,10262,10263,10258,-1,10258,10263,10264,-1,10258,10264,10256,-1,10261,10258,10265,-1,10265,10258,10266,-1,10265,10266,10267,-1,10267,10268,10265,-1,10265,10268,10269,-1,10265,10269,10270,-1,10271,10186,10272,-1,10272,10186,10195,-1,10272,10195,10273,-1,10273,10195,10194,-1,10273,10194,10274,-1,10274,10194,10192,-1,10274,10192,10275,-1,10275,10192,10190,-1,10275,10190,10239,-1,10276,10277,10278,-1,10278,10279,10276,-1,10276,10279,10184,-1,10276,10184,10271,-1,10271,10184,10183,-1,10271,10183,10186,-1,10280,10281,10282,-1,10282,10281,10283,-1,10282,10283,10284,-1,10277,10276,10285,-1,10286,10287,10288,-1,10277,10285,10289,-1,10289,10285,10290,-1,10289,10290,10288,-1,10288,10290,10291,-1,10288,10291,10286,-1,10283,10292,10284,-1,10284,10292,10288,-1,10284,10288,10293,-1,10293,10288,10287,-1,10294,10295,10296,-1,10296,10295,10297,-1,10296,10297,10298,-1,10298,10297,10282,-1,10298,10282,10299,-1,10299,10282,10284,-1,10300,10301,10298,-1,10302,10303,10299,-1,10299,10303,10298,-1,10298,10303,10304,-1,10298,10304,10300,-1,10305,10306,10307,-1,10307,10306,10308,-1,10309,10310,10308,-1,10302,10299,10308,-1,10308,10299,10311,-1,10308,10311,10309,-1,10310,10312,10308,-1,10308,10312,10313,-1,10308,10313,10307,-1,10306,10305,10314,-1,10314,10305,10315,-1,10314,10315,10316,-1,10316,10315,10317,-1,10316,10317,10318,-1,10318,10317,10319,-1,10318,10319,10320,-1,10320,10319,10321,-1,10320,10321,10322,-1,10323,10189,10324,-1,10324,10189,10191,-1,10324,10191,10325,-1,10325,10191,10193,-1,10325,10193,10321,-1,10321,10193,10185,-1,10321,10185,10322,-1,10326,10327,10328,-1,10329,10198,10174,-1,10174,10198,10176,-1,10330,10326,10331,-1,10331,10332,10330,-1,10330,10332,10333,-1,10330,10333,10334,-1,10327,10335,10336,-1,10187,10189,10323,-1,10326,10330,10327,-1,10327,10330,10337,-1,10327,10337,10335,-1,10329,10338,10198,-1,10198,10338,10327,-1,10198,10327,10196,-1,10196,10327,10336,-1,10328,10339,10326,-1,10326,10339,10187,-1,10326,10187,10340,-1,10340,10187,10323,-1,10341,10342,10343,-1,10338,10344,10327,-1,10327,10344,10345,-1,10327,10345,10346,-1,10346,10345,10347,-1,10346,10347,10348,-1,10348,10347,10341,-1,10348,10341,10349,-1,10349,10341,10343,-1,10350,10351,10352,-1,10333,10353,10334,-1,10334,10353,10350,-1,10334,10350,10354,-1,10354,10350,10352,-1,10176,10198,10178,-1,10178,10198,10200,-1,10178,10200,10180,-1,10180,10200,10202,-1,10204,10206,10355,-1,10355,10356,10204,-1,10204,10356,10357,-1,10204,10357,10202,-1,10202,10357,10170,-1,10202,10170,10180,-1,10208,10210,10358,-1,10358,10359,10208,-1,10208,10359,10360,-1,10208,10360,10206,-1,10206,10360,10361,-1,10206,10361,10355,-1,10362,10363,10364,-1,10364,10363,10365,-1,10364,10365,10366,-1,10358,10210,10212,-1,10365,10367,10366,-1,10366,10367,10368,-1,10366,10368,10369,-1,10369,10368,10370,-1,10358,10212,10370,-1,10370,10212,10371,-1,10370,10371,10372,-1,10372,10373,10370,-1,10370,10373,10374,-1,10370,10374,10369,-1,10366,10219,10364,-1,10364,10219,10215,-1,10364,10215,10375,-1,10375,10215,10376,-1,10375,10376,10377,-1,10377,10376,10378,-1,10248,10340,10239,-1,10239,10340,10323,-1,10239,10323,10275,-1,10275,10323,10324,-1,10275,10324,10274,-1,10274,10324,10325,-1,10274,10325,10273,-1,10307,10285,10305,-1,10305,10285,10276,-1,10305,10276,10315,-1,10315,10276,10271,-1,10315,10271,10317,-1,10317,10271,10272,-1,10317,10272,10319,-1,10319,10272,10273,-1,10319,10273,10321,-1,10321,10273,10325,-1,10255,10254,10379,-1,10379,10254,10380,-1,10379,10380,10381,-1,10381,10380,10382,-1,10381,10382,10383,-1,10383,10382,10384,-1,10383,10384,10385,-1,10385,10384,10386,-1,10385,10386,10387,-1,10387,10386,10388,-1,10387,10388,10389,-1,10389,10388,10390,-1,10389,10390,10391,-1,10391,10390,10392,-1,10391,10392,10393,-1,10393,10392,10394,-1,10395,10396,10392,-1,10392,10396,10397,-1,10392,10397,10394,-1,10395,10398,10396,-1,10396,10398,10399,-1,10396,10399,10400,-1,10400,10401,10396,-1,10396,10401,10402,-1,10396,10402,10403,-1,10404,10405,10406,-1,10407,10408,10409,-1,10406,10410,10404,-1,10404,10410,10411,-1,10404,10411,10409,-1,10409,10411,10412,-1,10409,10412,10407,-1,10413,10414,10408,-1,10408,10414,10415,-1,10408,10415,10416,-1,10416,10417,10408,-1,10408,10417,10418,-1,10408,10418,10409,-1,10406,10405,10419,-1,10406,10419,10420,-1,10420,10419,10421,-1,10420,10421,10422,-1,10422,10421,10423,-1,10422,10423,10424,-1,10424,10423,10425,-1,10424,10425,10426,-1,10426,10425,10427,-1,10426,10427,10428,-1,10428,10427,10352,-1,10428,10352,10351,-1,10391,10410,10389,-1,10389,10410,10406,-1,10389,10406,10387,-1,10387,10406,10420,-1,10387,10420,10385,-1,10385,10420,10422,-1,10385,10422,10383,-1,10383,10422,10424,-1,10383,10424,10381,-1,10381,10424,10426,-1,10381,10426,10379,-1,10379,10426,10428,-1,10379,10428,10255,-1,10255,10428,10351,-1,10255,10351,10260,-1,10260,10351,10350,-1,10253,10354,10254,-1,10254,10354,10352,-1,10254,10352,10380,-1,10380,10352,10427,-1,10380,10427,10382,-1,10382,10427,10425,-1,10382,10425,10384,-1,10384,10425,10423,-1,10384,10423,10386,-1,10386,10423,10421,-1,10386,10421,10388,-1,10388,10421,10419,-1,10388,10419,10390,-1,10390,10419,10405,-1,10390,10405,10392,-1,10392,10405,10404,-1,10429,10257,10343,-1,10343,10257,10242,-1,10343,10242,10349,-1,10341,10240,10342,-1,10342,10240,10256,-1,10342,10256,10430,-1,10343,10342,10429,-1,10429,10342,10430,-1,10429,10430,10431,-1,10432,10433,10434,-1,10434,10433,10435,-1,10431,10436,10429,-1,10429,10436,10437,-1,10429,10437,10434,-1,10435,10438,10434,-1,10434,10438,10439,-1,10434,10439,10429,-1,10434,10440,10432,-1,10432,10440,10441,-1,10432,10441,10442,-1,10442,10441,10443,-1,10442,10443,10444,-1,10444,10443,10445,-1,10445,10443,10446,-1,10445,10446,10447,-1,10448,10449,10450,-1,10448,10450,10451,-1,10452,10453,10454,-1,10454,10453,10455,-1,10454,10455,10456,-1,10457,10458,10450,-1,10456,10459,10454,-1,10454,10459,10460,-1,10454,10460,10450,-1,10450,10460,10461,-1,10450,10461,10457,-1,10458,10462,10450,-1,10450,10462,10463,-1,10450,10463,10451,-1,10450,10449,10464,-1,10450,10464,10465,-1,10465,10464,10466,-1,10465,10466,10467,-1,10467,10466,10468,-1,10467,10468,10469,-1,10469,10468,10470,-1,10470,10468,10471,-1,10471,10472,10470,-1,10470,10472,10473,-1,10470,10473,10474,-1,10474,10475,10470,-1,10470,10475,10294,-1,10470,10294,10296,-1,10470,10296,10301,-1,10301,10296,10298,-1,10282,10297,10280,-1,10280,10297,10476,-1,10476,10297,10295,-1,10477,10478,10479,-1,10479,10478,10476,-1,10479,10476,10480,-1,10480,10476,10481,-1,10295,10482,10476,-1,10476,10482,10483,-1,10476,10483,10481,-1,10478,10477,10484,-1,10484,10477,10485,-1,10484,10485,10486,-1,10486,10485,10487,-1,10486,10487,10488,-1,10488,10487,10489,-1,10490,10491,10492,-1,10492,10491,10493,-1,10492,10493,10494,-1,10492,10495,10490,-1,10490,10495,10496,-1,10490,10496,10489,-1,10489,10496,10497,-1,10489,10497,10498,-1,10498,10499,10489,-1,10489,10499,10500,-1,10489,10500,10501,-1,10501,10502,10489,-1,10489,10502,10503,-1,10489,10503,10488,-1,10497,10496,10460,-1,10460,10496,10461,-1,10300,10281,10301,-1,10301,10281,10280,-1,10301,10280,10470,-1,10470,10280,10476,-1,10470,10476,10469,-1,10469,10476,10478,-1,10469,10478,10467,-1,10467,10478,10484,-1,10467,10484,10465,-1,10465,10484,10486,-1,10465,10486,10450,-1,10450,10486,10488,-1,10450,10488,10454,-1,10454,10488,10503,-1,10362,10364,10504,-1,10504,10364,10375,-1,10504,10375,10377,-1,10505,10506,10507,-1,10507,10506,10504,-1,10507,10504,10508,-1,10508,10504,10509,-1,10377,10510,10504,-1,10504,10510,10511,-1,10504,10511,10509,-1,10506,10505,10512,-1,10506,10512,10513,-1,10513,10512,10514,-1,10513,10514,10515,-1,10515,10514,10516,-1,10515,10516,10517,-1,10517,10516,10518,-1,10518,10516,10519,-1,10519,10520,10518,-1,10518,10520,10521,-1,10518,10521,10522,-1,10522,10523,10518,-1,10518,10523,10524,-1,10518,10524,10525,-1,10525,10524,10526,-1,10527,10528,10529,-1,10529,10528,10530,-1,10529,10530,10519,-1,10519,10530,10531,-1,10519,10531,10520,-1,10532,10533,10520,-1,10520,10533,10521,-1,10534,10535,10536,-1,10536,10535,10537,-1,10538,10537,10539,-1,10539,10537,10540,-1,10539,10540,10541,-1,10538,10542,10537,-1,10537,10542,10533,-1,10537,10533,10536,-1,10536,10533,10532,-1,10536,10532,10543,-1,10543,10544,10536,-1,10536,10544,10545,-1,10536,10545,10546,-1,10546,10545,10547,-1,10535,10534,10548,-1,10548,10534,10549,-1,10548,10549,10550,-1,10550,10549,10551,-1,10550,10551,10552,-1,10552,10551,10553,-1,10552,10553,10554,-1,10554,10553,10555,-1,10555,10556,10554,-1,10554,10556,10557,-1,10554,10557,10558,-1,10558,10559,10554,-1,10554,10559,10378,-1,10554,10378,10376,-1,10376,10215,10554,-1,10554,10215,10214,-1,10216,10363,10214,-1,10214,10363,10362,-1,10214,10362,10554,-1,10554,10362,10504,-1,10554,10504,10552,-1,10552,10504,10506,-1,10552,10506,10550,-1,10550,10506,10513,-1,10550,10513,10548,-1,10548,10513,10515,-1,10548,10515,10535,-1,10535,10515,10517,-1,10535,10517,10537,-1,10537,10517,10518,-1,10536,10519,10534,-1,10534,10519,10516,-1,10534,10516,10549,-1,10549,10516,10514,-1,10549,10514,10551,-1,10551,10514,10512,-1,10551,10512,10553,-1,10553,10512,10505,-1,10553,10505,10555,-1,10555,10505,10507,-1,10509,10511,10557,-1,10557,10511,10558,-1,10481,10483,10473,-1,10473,10483,10474,-1,10479,10471,10477,-1,10477,10471,10468,-1,10477,10468,10485,-1,10485,10468,10466,-1,10485,10466,10487,-1,10487,10466,10464,-1,10487,10464,10489,-1,10489,10464,10449,-1,10489,10449,10490,-1,10490,10449,10448,-1,10410,10391,10393,-1,10410,10393,10411,-1,10411,10393,10394,-1,10411,10394,10412,-1,10412,10394,10397,-1,10412,10397,10407,-1,10407,10397,10396,-1,10407,10396,10408,-1,10408,10396,10403,-1,10408,10403,10413,-1,10413,10403,10402,-1,10413,10402,10414,-1,10392,10404,10409,-1,10392,10409,10395,-1,10395,10409,10418,-1,10395,10418,10398,-1,10398,10418,10417,-1,10398,10417,10399,-1,10399,10417,10416,-1,10399,10416,10400,-1,10400,10416,10415,-1,10400,10415,10401,-1,10401,10415,10414,-1,10401,10414,10402,-1,10299,10284,10293,-1,10299,10293,10311,-1,10311,10293,10287,-1,10311,10287,10309,-1,10309,10287,10286,-1,10309,10286,10310,-1,10310,10286,10291,-1,10310,10291,10312,-1,10312,10291,10290,-1,10312,10290,10313,-1,10313,10290,10285,-1,10313,10285,10307,-1,10219,10366,10369,-1,10219,10369,10224,-1,10224,10369,10374,-1,10224,10374,10225,-1,10225,10374,10373,-1,10225,10373,10226,-1,10226,10373,10372,-1,10226,10372,10227,-1,10227,10372,10371,-1,10227,10371,10223,-1,10223,10371,10212,-1,10223,10212,10213,-1,10260,10350,10247,-1,10247,10350,10353,-1,10247,10353,10235,-1,10235,10353,10333,-1,10235,10333,10236,-1,10236,10333,10332,-1,10236,10332,10250,-1,10250,10332,10331,-1,10250,10331,10249,-1,10249,10331,10326,-1,10249,10326,10248,-1,10248,10326,10340,-1,10354,10253,10334,-1,10334,10253,10259,-1,10334,10259,10330,-1,10330,10259,10237,-1,10330,10237,10337,-1,10337,10237,10246,-1,10337,10246,10335,-1,10335,10246,10245,-1,10335,10245,10336,-1,10336,10245,10244,-1,10336,10244,10196,-1,10196,10244,10197,-1,10240,10341,10241,-1,10241,10341,10347,-1,10241,10347,10234,-1,10234,10347,10345,-1,10234,10345,10232,-1,10232,10345,10344,-1,10232,10344,10243,-1,10243,10344,10338,-1,10243,10338,10252,-1,10252,10338,10329,-1,10252,10329,10173,-1,10173,10329,10174,-1,10349,10242,10348,-1,10348,10242,10251,-1,10348,10251,10346,-1,10346,10251,10233,-1,10346,10233,10327,-1,10327,10233,10231,-1,10327,10231,10328,-1,10328,10231,10230,-1,10328,10230,10339,-1,10339,10230,10238,-1,10339,10238,10187,-1,10187,10238,10188,-1,10447,10270,10445,-1,10445,10270,10269,-1,10445,10269,10444,-1,10444,10269,10442,-1,10442,10269,10268,-1,10442,10268,10432,-1,10432,10268,10433,-1,10433,10268,10267,-1,10433,10267,10435,-1,10435,10267,10266,-1,10435,10266,10438,-1,10438,10266,10258,-1,10438,10258,10439,-1,10439,10258,10257,-1,10439,10257,10429,-1,10430,10256,10264,-1,10430,10264,10431,-1,10431,10264,10263,-1,10431,10263,10436,-1,10436,10263,10262,-1,10436,10262,10437,-1,10261,10440,10262,-1,10262,10440,10434,-1,10262,10434,10437,-1,10265,10270,10447,-1,10447,10446,10265,-1,10265,10446,10443,-1,10265,10443,10261,-1,10261,10443,10441,-1,10261,10441,10440,-1,10519,10536,10546,-1,10519,10546,10529,-1,10529,10546,10547,-1,10529,10547,10527,-1,10527,10547,10545,-1,10527,10545,10528,-1,10528,10545,10544,-1,10528,10544,10530,-1,10530,10544,10543,-1,10530,10543,10531,-1,10531,10543,10532,-1,10531,10532,10520,-1,10521,10533,10542,-1,10521,10542,10522,-1,10522,10542,10538,-1,10522,10538,10523,-1,10523,10538,10539,-1,10523,10539,10524,-1,10524,10539,10541,-1,10524,10541,10526,-1,10526,10541,10540,-1,10526,10540,10525,-1,10525,10540,10537,-1,10525,10537,10518,-1,10497,10460,10459,-1,10497,10459,10498,-1,10498,10459,10456,-1,10498,10456,10499,-1,10499,10456,10455,-1,10499,10455,10500,-1,10500,10455,10453,-1,10500,10453,10501,-1,10501,10453,10452,-1,10501,10452,10502,-1,10502,10452,10454,-1,10502,10454,10503,-1,10490,10448,10451,-1,10490,10451,10491,-1,10491,10451,10463,-1,10491,10463,10493,-1,10493,10463,10462,-1,10493,10462,10494,-1,10494,10462,10458,-1,10494,10458,10492,-1,10492,10458,10457,-1,10492,10457,10495,-1,10495,10457,10461,-1,10495,10461,10496,-1,10281,10300,10283,-1,10283,10300,10304,-1,10283,10304,10292,-1,10292,10304,10303,-1,10292,10303,10288,-1,10288,10303,10302,-1,10288,10302,10289,-1,10289,10302,10308,-1,10289,10308,10277,-1,10277,10308,10560,-1,10308,10306,10560,-1,10560,10306,10314,-1,10560,10314,10279,-1,10279,10314,10316,-1,10279,10316,10184,-1,10184,10316,10318,-1,10318,10320,10184,-1,10184,10320,10322,-1,10184,10322,10185,-1,10363,10216,10365,-1,10365,10216,10217,-1,10365,10217,10367,-1,10367,10217,10218,-1,10367,10218,10368,-1,10368,10218,10220,-1,10368,10220,10370,-1,10370,10220,10222,-1,10370,10222,10358,-1,10358,10222,10221,-1,10358,10221,10359,-1,10170,10357,10171,-1,10171,10357,10356,-1,10171,10356,10355,-1,10355,10361,10171,-1,10171,10361,10360,-1,10171,10360,10228,-1,10228,10360,10359,-1,10228,10359,10229,-1,10229,10359,10221,-1,10481,10473,10472,-1,10481,10472,10480,-1,10480,10472,10471,-1,10480,10471,10479,-1,10295,10294,10475,-1,10295,10475,10482,-1,10482,10475,10474,-1,10482,10474,10483,-1,10509,10557,10556,-1,10509,10556,10508,-1,10508,10556,10555,-1,10508,10555,10507,-1,10377,10378,10559,-1,10377,10559,10510,-1,10510,10559,10558,-1,10510,10558,10511,-1,10561,10562,10563,-1,10564,10565,10566,-1,10566,10565,10567,-1,10566,10567,10568,-1,10568,10567,10569,-1,10568,10569,10570,-1,10570,10569,10571,-1,10570,10571,10572,-1,10572,10571,10561,-1,10572,10561,10573,-1,10573,10561,10563,-1,10574,10575,10576,-1,10577,10578,10579,-1,10579,10578,10580,-1,10579,10580,10581,-1,10581,10580,10582,-1,10581,10582,10583,-1,10582,10584,10583,-1,10583,10584,10585,-1,10583,10585,10576,-1,10576,10585,10586,-1,10576,10586,10574,-1,10587,10588,10589,-1,10589,10588,10590,-1,10589,10590,10591,-1,10591,10590,10592,-1,10591,10592,10593,-1,10593,10592,10594,-1,10593,10594,10595,-1,10595,10594,10596,-1,10595,10596,10597,-1,10597,10596,10598,-1,10597,10598,10599,-1,10599,10598,10600,-1,10599,10600,10601,-1,10601,10600,10602,-1,10601,10602,10603,-1,10603,10602,10604,-1,10605,10606,10607,-1,10607,10606,10608,-1,10608,10606,10609,-1,10609,10606,10610,-1,10609,10610,10611,-1,10602,10612,10604,-1,10604,10612,10613,-1,10604,10613,10614,-1,10611,10610,10613,-1,10613,10610,10615,-1,10613,10615,10616,-1,10616,10617,10613,-1,10613,10617,10618,-1,10613,10618,10614,-1,10563,10562,10602,-1,10562,10619,10602,-1,10602,10619,10620,-1,10602,10620,10612,-1,10602,10600,10563,-1,10563,10600,10598,-1,10563,10598,10573,-1,10573,10598,10596,-1,10573,10596,10572,-1,10572,10596,10594,-1,10572,10594,10570,-1,10570,10594,10592,-1,10570,10592,10568,-1,10568,10592,10590,-1,10568,10590,10566,-1,10621,10622,10623,-1,10623,10622,10624,-1,10623,10624,10625,-1,10626,10627,10628,-1,10628,10627,10629,-1,10628,10629,10630,-1,10630,10631,10628,-1,10628,10631,10632,-1,10628,10632,10633,-1,10634,10635,10636,-1,10636,10635,10637,-1,10638,10639,10640,-1,10626,10635,10627,-1,10627,10635,10634,-1,10627,10634,10578,-1,10578,10634,10580,-1,10637,10635,10641,-1,10641,10635,10642,-1,10641,10642,10643,-1,10643,10642,10644,-1,10643,10644,10645,-1,10564,10566,10590,-1,10625,10646,10623,-1,10623,10646,10638,-1,10623,10638,10647,-1,10647,10638,10640,-1,10590,10588,10564,-1,10564,10588,10621,-1,10564,10621,10644,-1,10644,10621,10623,-1,10644,10623,10645,-1,10648,10649,10650,-1,10650,10649,10651,-1,10650,10651,10633,-1,10633,10651,10652,-1,10633,10652,10628,-1,10650,10653,10648,-1,10648,10653,10654,-1,10648,10654,10655,-1,10655,10656,10648,-1,10648,10656,10657,-1,10648,10657,10658,-1,10658,10659,10648,-1,10648,10659,10660,-1,10648,10660,10661,-1,10662,10586,10663,-1,10663,10586,10585,-1,10663,10585,10664,-1,10664,10585,10584,-1,10664,10584,10665,-1,10665,10584,10582,-1,10665,10582,10666,-1,10666,10582,10580,-1,10666,10580,10634,-1,10667,10668,10669,-1,10669,10670,10667,-1,10667,10670,10575,-1,10667,10575,10662,-1,10662,10575,10574,-1,10662,10574,10586,-1,10671,10672,10673,-1,10673,10672,10674,-1,10673,10674,10675,-1,10668,10667,10676,-1,10677,10678,10679,-1,10668,10676,10680,-1,10680,10676,10681,-1,10680,10681,10679,-1,10679,10681,10682,-1,10679,10682,10677,-1,10674,10683,10675,-1,10675,10683,10679,-1,10675,10679,10684,-1,10684,10679,10678,-1,10685,10686,10687,-1,10687,10686,10688,-1,10687,10688,10689,-1,10689,10688,10673,-1,10689,10673,10690,-1,10690,10673,10675,-1,10691,10692,10689,-1,10693,10694,10690,-1,10690,10694,10689,-1,10689,10694,10695,-1,10689,10695,10691,-1,10696,10697,10698,-1,10698,10697,10699,-1,10700,10701,10699,-1,10693,10690,10699,-1,10699,10690,10702,-1,10699,10702,10700,-1,10701,10703,10699,-1,10699,10703,10704,-1,10699,10704,10698,-1,10697,10696,10705,-1,10705,10696,10706,-1,10705,10706,10707,-1,10707,10706,10708,-1,10707,10708,10709,-1,10709,10708,10710,-1,10709,10710,10711,-1,10711,10710,10712,-1,10711,10712,10713,-1,10714,10579,10715,-1,10715,10579,10581,-1,10715,10581,10716,-1,10716,10581,10583,-1,10716,10583,10712,-1,10712,10583,10576,-1,10712,10576,10713,-1,10577,10579,10717,-1,10718,10719,10720,-1,10721,10722,10723,-1,10719,10724,10720,-1,10720,10724,10725,-1,10720,10725,10726,-1,10726,10725,10727,-1,10728,10729,10730,-1,10730,10729,10731,-1,10730,10731,10720,-1,10720,10731,10732,-1,10720,10732,10718,-1,10721,10733,10722,-1,10722,10733,10734,-1,10722,10734,10735,-1,10577,10717,10725,-1,10725,10717,10736,-1,10725,10736,10727,-1,10727,10736,10737,-1,10727,10737,10738,-1,10739,10740,10741,-1,10735,10742,10722,-1,10722,10742,10739,-1,10722,10739,10743,-1,10743,10739,10741,-1,10723,10717,10721,-1,10721,10717,10579,-1,10721,10579,10744,-1,10744,10579,10714,-1,10589,10567,10587,-1,10587,10567,10565,-1,10587,10565,10737,-1,10737,10565,10745,-1,10737,10745,10738,-1,10567,10589,10569,-1,10569,10589,10591,-1,10569,10591,10571,-1,10571,10591,10593,-1,10595,10597,10746,-1,10746,10747,10595,-1,10595,10747,10748,-1,10595,10748,10593,-1,10593,10748,10561,-1,10593,10561,10571,-1,10599,10601,10749,-1,10749,10750,10599,-1,10599,10750,10751,-1,10599,10751,10597,-1,10597,10751,10752,-1,10597,10752,10746,-1,10753,10754,10755,-1,10755,10754,10756,-1,10755,10756,10757,-1,10749,10601,10603,-1,10756,10758,10757,-1,10757,10758,10759,-1,10757,10759,10760,-1,10760,10759,10761,-1,10749,10603,10761,-1,10761,10603,10762,-1,10761,10762,10763,-1,10763,10764,10761,-1,10761,10764,10765,-1,10761,10765,10760,-1,10757,10610,10755,-1,10755,10610,10606,-1,10755,10606,10766,-1,10766,10606,10767,-1,10766,10767,10768,-1,10768,10767,10769,-1,10636,10744,10634,-1,10634,10744,10714,-1,10634,10714,10666,-1,10666,10714,10715,-1,10666,10715,10665,-1,10665,10715,10716,-1,10665,10716,10664,-1,10698,10676,10696,-1,10696,10676,10667,-1,10696,10667,10706,-1,10706,10667,10662,-1,10706,10662,10708,-1,10708,10662,10663,-1,10708,10663,10710,-1,10710,10663,10664,-1,10710,10664,10712,-1,10712,10664,10716,-1,10640,10639,10770,-1,10770,10639,10771,-1,10770,10771,10772,-1,10772,10771,10773,-1,10772,10773,10774,-1,10774,10773,10775,-1,10774,10775,10776,-1,10776,10775,10777,-1,10776,10777,10778,-1,10778,10777,10779,-1,10778,10779,10780,-1,10780,10779,10781,-1,10780,10781,10782,-1,10782,10781,10783,-1,10784,10785,10786,-1,10783,10787,10782,-1,10782,10787,10786,-1,10782,10786,10788,-1,10788,10786,10785,-1,10789,10790,10791,-1,10791,10790,10792,-1,10791,10792,10793,-1,10784,10786,10792,-1,10792,10786,10794,-1,10792,10794,10793,-1,10795,10796,10797,-1,10797,10796,10798,-1,10797,10798,10799,-1,10799,10798,10800,-1,10800,10798,10801,-1,10800,10801,10802,-1,10803,10804,10805,-1,10805,10804,10806,-1,10805,10806,10807,-1,10802,10808,10800,-1,10800,10808,10804,-1,10800,10804,10809,-1,10809,10804,10803,-1,10796,10795,10810,-1,10796,10810,10811,-1,10811,10810,10812,-1,10811,10812,10813,-1,10813,10812,10814,-1,10813,10814,10815,-1,10815,10814,10816,-1,10815,10816,10817,-1,10817,10816,10818,-1,10817,10818,10819,-1,10819,10818,10741,-1,10819,10741,10740,-1,10782,10798,10780,-1,10780,10798,10796,-1,10780,10796,10778,-1,10778,10796,10811,-1,10778,10811,10776,-1,10776,10811,10813,-1,10776,10813,10774,-1,10774,10813,10815,-1,10774,10815,10772,-1,10772,10815,10817,-1,10772,10817,10770,-1,10770,10817,10819,-1,10770,10819,10640,-1,10640,10819,10740,-1,10640,10740,10647,-1,10647,10740,10739,-1,10638,10743,10639,-1,10639,10743,10741,-1,10639,10741,10771,-1,10771,10741,10818,-1,10771,10818,10773,-1,10773,10818,10816,-1,10773,10816,10775,-1,10775,10816,10814,-1,10775,10814,10777,-1,10777,10814,10812,-1,10777,10812,10779,-1,10779,10812,10810,-1,10779,10810,10781,-1,10781,10810,10795,-1,10781,10795,10783,-1,10783,10795,10797,-1,10820,10650,10729,-1,10729,10650,10633,-1,10729,10633,10731,-1,10730,10652,10728,-1,10728,10652,10651,-1,10728,10651,10821,-1,10729,10728,10820,-1,10820,10728,10821,-1,10822,10823,10824,-1,10825,10826,10821,-1,10821,10826,10827,-1,10821,10827,10820,-1,10825,10821,10824,-1,10824,10821,10828,-1,10824,10828,10822,-1,10823,10829,10824,-1,10824,10829,10830,-1,10824,10830,10831,-1,10831,10830,10832,-1,10831,10832,10833,-1,10833,10832,10834,-1,10832,10835,10834,-1,10834,10835,10836,-1,10834,10836,10837,-1,10837,10836,10838,-1,10839,10840,10841,-1,10841,10840,10842,-1,10843,10844,10842,-1,10845,10846,10841,-1,10847,10848,10849,-1,10842,10844,10841,-1,10841,10844,10850,-1,10841,10850,10845,-1,10851,10852,10846,-1,10846,10852,10853,-1,10846,10853,10841,-1,10843,10842,10849,-1,10849,10842,10854,-1,10849,10854,10847,-1,10840,10839,10855,-1,10840,10855,10856,-1,10856,10855,10857,-1,10856,10857,10858,-1,10858,10857,10859,-1,10858,10859,10860,-1,10860,10859,10861,-1,10861,10859,10862,-1,10862,10863,10861,-1,10861,10863,10864,-1,10861,10864,10865,-1,10865,10866,10861,-1,10861,10866,10685,-1,10861,10685,10687,-1,10861,10687,10692,-1,10692,10687,10689,-1,10673,10688,10671,-1,10671,10688,10867,-1,10867,10688,10686,-1,10868,10869,10870,-1,10870,10869,10867,-1,10870,10867,10871,-1,10871,10867,10872,-1,10686,10873,10867,-1,10867,10873,10874,-1,10867,10874,10872,-1,10869,10868,10875,-1,10875,10868,10876,-1,10875,10876,10877,-1,10877,10876,10878,-1,10877,10878,10879,-1,10879,10878,10880,-1,10881,10882,10883,-1,10883,10882,10884,-1,10881,10885,10882,-1,10882,10885,10886,-1,10882,10886,10887,-1,10887,10886,10880,-1,10880,10886,10888,-1,10880,10888,10889,-1,10889,10890,10880,-1,10880,10890,10891,-1,10880,10891,10892,-1,10892,10893,10880,-1,10880,10893,10894,-1,10880,10894,10879,-1,10888,10886,10844,-1,10844,10886,10850,-1,10894,10842,10879,-1,10879,10842,10840,-1,10879,10840,10877,-1,10877,10840,10856,-1,10877,10856,10875,-1,10875,10856,10858,-1,10875,10858,10869,-1,10869,10858,10860,-1,10869,10860,10867,-1,10867,10860,10861,-1,10867,10861,10671,-1,10671,10861,10692,-1,10671,10692,10672,-1,10672,10692,10691,-1,10753,10755,10895,-1,10895,10755,10766,-1,10895,10766,10768,-1,10896,10897,10898,-1,10898,10897,10895,-1,10898,10895,10899,-1,10899,10895,10900,-1,10768,10901,10895,-1,10895,10901,10902,-1,10895,10902,10900,-1,10897,10896,10903,-1,10897,10903,10904,-1,10904,10903,10905,-1,10904,10905,10906,-1,10906,10905,10907,-1,10906,10907,10908,-1,10909,10910,10911,-1,10911,10910,10912,-1,10908,10907,10911,-1,10911,10907,10913,-1,10911,10913,10909,-1,10909,10913,10914,-1,10915,10916,10917,-1,10917,10916,10911,-1,10917,10911,10918,-1,10918,10911,10912,-1,10914,10919,10909,-1,10909,10919,10920,-1,10909,10920,10921,-1,10921,10920,10922,-1,10923,10924,10909,-1,10909,10924,10910,-1,10925,10926,10927,-1,10927,10926,10928,-1,10929,10928,10930,-1,10930,10928,10931,-1,10930,10931,10932,-1,10929,10933,10928,-1,10928,10933,10924,-1,10928,10924,10927,-1,10927,10924,10923,-1,10927,10923,10934,-1,10934,10923,10935,-1,10935,10923,10936,-1,10936,10923,10937,-1,10936,10937,10938,-1,10926,10925,10939,-1,10939,10925,10940,-1,10939,10940,10941,-1,10941,10940,10942,-1,10941,10942,10943,-1,10943,10942,10944,-1,10943,10944,10945,-1,10945,10944,10946,-1,10946,10947,10945,-1,10945,10947,10948,-1,10945,10948,10949,-1,10949,10950,10945,-1,10945,10950,10769,-1,10945,10769,10767,-1,10767,10606,10945,-1,10945,10606,10605,-1,10607,10754,10605,-1,10605,10754,10753,-1,10605,10753,10945,-1,10945,10753,10895,-1,10945,10895,10943,-1,10943,10895,10897,-1,10943,10897,10941,-1,10941,10897,10904,-1,10941,10904,10939,-1,10939,10904,10906,-1,10939,10906,10926,-1,10926,10906,10908,-1,10926,10908,10928,-1,10928,10908,10911,-1,10927,10913,10925,-1,10925,10913,10907,-1,10925,10907,10940,-1,10940,10907,10905,-1,10940,10905,10942,-1,10942,10905,10903,-1,10942,10903,10944,-1,10944,10903,10896,-1,10944,10896,10946,-1,10946,10896,10898,-1,10900,10902,10948,-1,10948,10902,10949,-1,10872,10874,10864,-1,10864,10874,10865,-1,10870,10862,10868,-1,10868,10862,10859,-1,10868,10859,10876,-1,10876,10859,10857,-1,10876,10857,10878,-1,10878,10857,10855,-1,10878,10855,10880,-1,10880,10855,10839,-1,10880,10839,10887,-1,10887,10839,10841,-1,10798,10782,10788,-1,10798,10788,10801,-1,10801,10788,10785,-1,10801,10785,10802,-1,10802,10785,10784,-1,10802,10784,10808,-1,10808,10784,10792,-1,10808,10792,10804,-1,10804,10792,10790,-1,10804,10790,10806,-1,10806,10790,10789,-1,10806,10789,10807,-1,10783,10797,10799,-1,10783,10799,10787,-1,10787,10799,10800,-1,10787,10800,10786,-1,10786,10800,10809,-1,10786,10809,10794,-1,10794,10809,10803,-1,10794,10803,10793,-1,10793,10803,10805,-1,10793,10805,10791,-1,10791,10805,10807,-1,10791,10807,10789,-1,10690,10675,10684,-1,10690,10684,10702,-1,10702,10684,10678,-1,10702,10678,10700,-1,10700,10678,10677,-1,10700,10677,10701,-1,10701,10677,10682,-1,10701,10682,10703,-1,10703,10682,10681,-1,10703,10681,10704,-1,10704,10681,10676,-1,10704,10676,10698,-1,10610,10757,10760,-1,10610,10760,10615,-1,10615,10760,10765,-1,10615,10765,10616,-1,10616,10765,10764,-1,10616,10764,10617,-1,10617,10764,10763,-1,10617,10763,10618,-1,10618,10763,10762,-1,10618,10762,10614,-1,10614,10762,10603,-1,10614,10603,10604,-1,10647,10739,10623,-1,10623,10739,10742,-1,10623,10742,10645,-1,10645,10742,10735,-1,10645,10735,10643,-1,10643,10735,10734,-1,10643,10734,10641,-1,10641,10734,10733,-1,10641,10733,10637,-1,10637,10733,10721,-1,10637,10721,10636,-1,10636,10721,10744,-1,10743,10638,10722,-1,10722,10638,10646,-1,10722,10646,10723,-1,10723,10646,10625,-1,10723,10625,10717,-1,10717,10625,10624,-1,10717,10624,10736,-1,10736,10624,10622,-1,10736,10622,10737,-1,10737,10622,10621,-1,10737,10621,10587,-1,10587,10621,10588,-1,10652,10730,10628,-1,10628,10730,10720,-1,10628,10720,10626,-1,10626,10720,10726,-1,10626,10726,10635,-1,10635,10726,10727,-1,10635,10727,10642,-1,10642,10727,10738,-1,10642,10738,10644,-1,10644,10738,10745,-1,10644,10745,10564,-1,10564,10745,10565,-1,10731,10633,10732,-1,10732,10633,10632,-1,10732,10632,10718,-1,10718,10632,10631,-1,10718,10631,10719,-1,10719,10631,10630,-1,10719,10630,10724,-1,10724,10630,10629,-1,10724,10629,10725,-1,10725,10629,10627,-1,10725,10627,10577,-1,10577,10627,10578,-1,10838,10658,10837,-1,10837,10658,10657,-1,10837,10657,10834,-1,10834,10657,10833,-1,10833,10657,10656,-1,10833,10656,10831,-1,10831,10656,10824,-1,10824,10656,10655,-1,10824,10655,10825,-1,10825,10655,10654,-1,10825,10654,10826,-1,10826,10654,10653,-1,10826,10653,10827,-1,10827,10653,10650,-1,10827,10650,10820,-1,10821,10651,10649,-1,10821,10649,10828,-1,10828,10649,10648,-1,10828,10648,10822,-1,10822,10648,10661,-1,10822,10661,10823,-1,10660,10830,10661,-1,10661,10830,10829,-1,10661,10829,10823,-1,10659,10658,10838,-1,10838,10836,10659,-1,10659,10836,10835,-1,10659,10835,10660,-1,10660,10835,10832,-1,10660,10832,10830,-1,10913,10927,10934,-1,10913,10934,10914,-1,10914,10934,10935,-1,10914,10935,10919,-1,10919,10935,10936,-1,10919,10936,10920,-1,10920,10936,10938,-1,10920,10938,10922,-1,10922,10938,10937,-1,10922,10937,10921,-1,10921,10937,10923,-1,10921,10923,10909,-1,10910,10924,10933,-1,10910,10933,10912,-1,10912,10933,10929,-1,10912,10929,10918,-1,10918,10929,10930,-1,10918,10930,10917,-1,10917,10930,10932,-1,10917,10932,10915,-1,10915,10932,10931,-1,10915,10931,10916,-1,10916,10931,10928,-1,10916,10928,10911,-1,10888,10844,10843,-1,10888,10843,10889,-1,10889,10843,10849,-1,10889,10849,10890,-1,10890,10849,10848,-1,10890,10848,10891,-1,10891,10848,10847,-1,10891,10847,10892,-1,10892,10847,10854,-1,10892,10854,10893,-1,10893,10854,10842,-1,10893,10842,10894,-1,10887,10841,10853,-1,10887,10853,10882,-1,10882,10853,10852,-1,10882,10852,10884,-1,10884,10852,10851,-1,10884,10851,10883,-1,10883,10851,10846,-1,10883,10846,10881,-1,10881,10846,10845,-1,10881,10845,10885,-1,10885,10845,10850,-1,10885,10850,10886,-1,10672,10691,10674,-1,10674,10691,10695,-1,10674,10695,10683,-1,10683,10695,10694,-1,10683,10694,10679,-1,10679,10694,10693,-1,10679,10693,10680,-1,10680,10693,10699,-1,10680,10699,10668,-1,10668,10699,10951,-1,10699,10697,10951,-1,10951,10697,10705,-1,10951,10705,10670,-1,10670,10705,10707,-1,10670,10707,10575,-1,10575,10707,10709,-1,10709,10711,10575,-1,10575,10711,10713,-1,10575,10713,10576,-1,10754,10607,10756,-1,10756,10607,10608,-1,10756,10608,10758,-1,10758,10608,10609,-1,10758,10609,10759,-1,10759,10609,10611,-1,10759,10611,10761,-1,10761,10611,10613,-1,10761,10613,10749,-1,10749,10613,10612,-1,10749,10612,10750,-1,10561,10748,10562,-1,10562,10748,10747,-1,10562,10747,10746,-1,10746,10752,10562,-1,10562,10752,10751,-1,10562,10751,10619,-1,10619,10751,10750,-1,10619,10750,10620,-1,10620,10750,10612,-1,10872,10864,10863,-1,10872,10863,10871,-1,10871,10863,10862,-1,10871,10862,10870,-1,10686,10685,10866,-1,10686,10866,10873,-1,10873,10866,10865,-1,10873,10865,10874,-1,10900,10948,10947,-1,10900,10947,10899,-1,10899,10947,10946,-1,10899,10946,10898,-1,10768,10769,10950,-1,10768,10950,10901,-1,10901,10950,10949,-1,10901,10949,10902,-1,10952,10953,10954,-1,10955,10956,10957,-1,10957,10956,10958,-1,10957,10958,10959,-1,10959,10958,10960,-1,10959,10960,10961,-1,10961,10960,10962,-1,10961,10962,10963,-1,10963,10962,10952,-1,10963,10952,10964,-1,10964,10952,10954,-1,10965,10966,10967,-1,10968,10969,10970,-1,10970,10969,10971,-1,10970,10971,10972,-1,10972,10971,10973,-1,10972,10973,10974,-1,10973,10975,10974,-1,10974,10975,10976,-1,10974,10976,10967,-1,10967,10976,10977,-1,10967,10977,10965,-1,10978,10979,10980,-1,10980,10979,10981,-1,10980,10981,10982,-1,10982,10981,10983,-1,10982,10983,10984,-1,10984,10983,10985,-1,10984,10985,10986,-1,10986,10985,10987,-1,10986,10987,10988,-1,10988,10987,10989,-1,10988,10989,10990,-1,10990,10989,10991,-1,10990,10991,10992,-1,10992,10991,10993,-1,10992,10993,10994,-1,10994,10993,10995,-1,10996,10997,10998,-1,10998,10997,10999,-1,10999,10997,11000,-1,11000,10997,11001,-1,11000,11001,11002,-1,10993,11003,10995,-1,10995,11003,11004,-1,10995,11004,11005,-1,11002,11001,11004,-1,11004,11001,11006,-1,11004,11006,11007,-1,11007,11008,11004,-1,11004,11008,11009,-1,11004,11009,11005,-1,10954,10953,10993,-1,10953,11010,10993,-1,10993,11010,11011,-1,10993,11011,11003,-1,10993,10991,10954,-1,10954,10991,10989,-1,10954,10989,10964,-1,10964,10989,10987,-1,10964,10987,10963,-1,10963,10987,10985,-1,10963,10985,10961,-1,10961,10985,10983,-1,10961,10983,10959,-1,10959,10983,10981,-1,10959,10981,10957,-1,11012,11013,11014,-1,11014,11013,11015,-1,11014,11015,11016,-1,11017,11018,11019,-1,11019,11018,11020,-1,11019,11020,11021,-1,11021,11022,11019,-1,11019,11022,11023,-1,11019,11023,11024,-1,11025,11026,11027,-1,11027,11026,11028,-1,11029,11030,11031,-1,11017,11026,11018,-1,11018,11026,11025,-1,11018,11025,10969,-1,10969,11025,10971,-1,11028,11026,11032,-1,11032,11026,11033,-1,11032,11033,11034,-1,11034,11033,11035,-1,11034,11035,11036,-1,10955,10957,10981,-1,11016,11037,11014,-1,11014,11037,11029,-1,11014,11029,11038,-1,11038,11029,11031,-1,10981,10979,10955,-1,10955,10979,11012,-1,10955,11012,11035,-1,11035,11012,11014,-1,11035,11014,11036,-1,11039,11040,11041,-1,11041,11040,11042,-1,11041,11042,11024,-1,11024,11042,11043,-1,11024,11043,11019,-1,11041,11044,11039,-1,11039,11044,11045,-1,11039,11045,11046,-1,11046,11047,11039,-1,11039,11047,11048,-1,11039,11048,11049,-1,11049,11050,11039,-1,11039,11050,11051,-1,11039,11051,11052,-1,11053,10977,11054,-1,11054,10977,10976,-1,11054,10976,11055,-1,11055,10976,10975,-1,11055,10975,11056,-1,11056,10975,10973,-1,11056,10973,11057,-1,11057,10973,10971,-1,11057,10971,11025,-1,11058,11059,11060,-1,11060,11061,11058,-1,11058,11061,10966,-1,11058,10966,11053,-1,11053,10966,10965,-1,11053,10965,10977,-1,11062,11063,11064,-1,11064,11063,11065,-1,11064,11065,11066,-1,11059,11058,11067,-1,11068,11069,11070,-1,11059,11067,11071,-1,11071,11067,11072,-1,11071,11072,11070,-1,11070,11072,11073,-1,11070,11073,11068,-1,11065,11074,11066,-1,11066,11074,11070,-1,11066,11070,11075,-1,11075,11070,11069,-1,11076,11077,11078,-1,11078,11077,11079,-1,11078,11079,11080,-1,11080,11079,11064,-1,11080,11064,11081,-1,11081,11064,11066,-1,11082,11083,11080,-1,11084,11085,11081,-1,11081,11085,11080,-1,11080,11085,11086,-1,11080,11086,11082,-1,11087,11088,11089,-1,11089,11088,11090,-1,11091,11092,11090,-1,11084,11081,11090,-1,11090,11081,11093,-1,11090,11093,11091,-1,11092,11094,11090,-1,11090,11094,11095,-1,11090,11095,11089,-1,11088,11087,11096,-1,11096,11087,11097,-1,11096,11097,11098,-1,11098,11097,11099,-1,11098,11099,11100,-1,11100,11099,11101,-1,11100,11101,11102,-1,11102,11101,11103,-1,11102,11103,11104,-1,11105,10970,11106,-1,11106,10970,10972,-1,11106,10972,11107,-1,11107,10972,10974,-1,11107,10974,11103,-1,11103,10974,10967,-1,11103,10967,11104,-1,10968,10970,11108,-1,11109,11110,11111,-1,11112,11113,11114,-1,11110,11115,11111,-1,11111,11115,11116,-1,11111,11116,11117,-1,11117,11116,11118,-1,11119,11120,11121,-1,11121,11120,11122,-1,11121,11122,11111,-1,11111,11122,11123,-1,11111,11123,11109,-1,11112,11124,11113,-1,11113,11124,11125,-1,11113,11125,11126,-1,10968,11108,11116,-1,11116,11108,11127,-1,11116,11127,11118,-1,11118,11127,11128,-1,11118,11128,11129,-1,11130,11131,11132,-1,11126,11133,11113,-1,11113,11133,11130,-1,11113,11130,11134,-1,11134,11130,11132,-1,11114,11108,11112,-1,11112,11108,10970,-1,11112,10970,11135,-1,11135,10970,11105,-1,10980,10958,10978,-1,10978,10958,10956,-1,10978,10956,11128,-1,11128,10956,11136,-1,11128,11136,11129,-1,10958,10980,10960,-1,10960,10980,10982,-1,10960,10982,10962,-1,10962,10982,10984,-1,10986,10988,11137,-1,11137,11138,10986,-1,10986,11138,11139,-1,10986,11139,10984,-1,10984,11139,10952,-1,10984,10952,10962,-1,10990,10992,11140,-1,11140,11141,10990,-1,10990,11141,11142,-1,10990,11142,10988,-1,10988,11142,11143,-1,10988,11143,11137,-1,11144,11145,11146,-1,11146,11145,11147,-1,11146,11147,11148,-1,11140,10992,10994,-1,11147,11149,11148,-1,11148,11149,11150,-1,11148,11150,11151,-1,11151,11150,11152,-1,11140,10994,11152,-1,11152,10994,11153,-1,11152,11153,11154,-1,11154,11155,11152,-1,11152,11155,11156,-1,11152,11156,11151,-1,11148,11001,11146,-1,11146,11001,10997,-1,11146,10997,11157,-1,11157,10997,11158,-1,11157,11158,11159,-1,11159,11158,11160,-1,11027,11135,11025,-1,11025,11135,11105,-1,11025,11105,11057,-1,11057,11105,11106,-1,11057,11106,11056,-1,11056,11106,11107,-1,11056,11107,11055,-1,11089,11067,11087,-1,11087,11067,11058,-1,11087,11058,11097,-1,11097,11058,11053,-1,11097,11053,11099,-1,11099,11053,11054,-1,11099,11054,11101,-1,11101,11054,11055,-1,11101,11055,11103,-1,11103,11055,11107,-1,11031,11030,11161,-1,11161,11030,11162,-1,11161,11162,11163,-1,11163,11162,11164,-1,11163,11164,11165,-1,11165,11164,11166,-1,11165,11166,11167,-1,11167,11166,11168,-1,11167,11168,11169,-1,11169,11168,11170,-1,11169,11170,11171,-1,11171,11170,11172,-1,11171,11172,11173,-1,11173,11172,11174,-1,11175,11176,11177,-1,11174,11178,11173,-1,11173,11178,11177,-1,11173,11177,11179,-1,11179,11177,11176,-1,11180,11181,11182,-1,11182,11181,11183,-1,11182,11183,11184,-1,11175,11177,11183,-1,11183,11177,11185,-1,11183,11185,11184,-1,11186,11187,11188,-1,11188,11187,11189,-1,11188,11189,11190,-1,11190,11189,11191,-1,11191,11189,11192,-1,11191,11192,11193,-1,11194,11195,11196,-1,11196,11195,11197,-1,11196,11197,11198,-1,11193,11199,11191,-1,11191,11199,11195,-1,11191,11195,11200,-1,11200,11195,11194,-1,11187,11186,11201,-1,11187,11201,11202,-1,11202,11201,11203,-1,11202,11203,11204,-1,11204,11203,11205,-1,11204,11205,11206,-1,11206,11205,11207,-1,11206,11207,11208,-1,11208,11207,11209,-1,11208,11209,11210,-1,11210,11209,11132,-1,11210,11132,11131,-1,11173,11189,11171,-1,11171,11189,11187,-1,11171,11187,11169,-1,11169,11187,11202,-1,11169,11202,11167,-1,11167,11202,11204,-1,11167,11204,11165,-1,11165,11204,11206,-1,11165,11206,11163,-1,11163,11206,11208,-1,11163,11208,11161,-1,11161,11208,11210,-1,11161,11210,11031,-1,11031,11210,11131,-1,11031,11131,11038,-1,11038,11131,11130,-1,11029,11134,11030,-1,11030,11134,11132,-1,11030,11132,11162,-1,11162,11132,11209,-1,11162,11209,11164,-1,11164,11209,11207,-1,11164,11207,11166,-1,11166,11207,11205,-1,11166,11205,11168,-1,11168,11205,11203,-1,11168,11203,11170,-1,11170,11203,11201,-1,11170,11201,11172,-1,11172,11201,11186,-1,11172,11186,11174,-1,11174,11186,11188,-1,11211,11041,11120,-1,11120,11041,11024,-1,11120,11024,11122,-1,11121,11043,11119,-1,11119,11043,11042,-1,11119,11042,11212,-1,11120,11119,11211,-1,11211,11119,11212,-1,11213,11214,11215,-1,11216,11217,11212,-1,11212,11217,11218,-1,11212,11218,11211,-1,11216,11212,11215,-1,11215,11212,11219,-1,11215,11219,11213,-1,11214,11220,11215,-1,11215,11220,11221,-1,11215,11221,11222,-1,11222,11221,11223,-1,11222,11223,11224,-1,11224,11223,11225,-1,11223,11226,11225,-1,11225,11226,11227,-1,11225,11227,11228,-1,11228,11227,11229,-1,11230,11231,11232,-1,11232,11231,11233,-1,11234,11235,11233,-1,11236,11237,11232,-1,11238,11239,11240,-1,11233,11235,11232,-1,11232,11235,11241,-1,11232,11241,11236,-1,11242,11243,11237,-1,11237,11243,11244,-1,11237,11244,11232,-1,11234,11233,11240,-1,11240,11233,11245,-1,11240,11245,11238,-1,11231,11230,11246,-1,11231,11246,11247,-1,11247,11246,11248,-1,11247,11248,11249,-1,11249,11248,11250,-1,11249,11250,11251,-1,11251,11250,11252,-1,11252,11250,11253,-1,11253,11254,11252,-1,11252,11254,11255,-1,11252,11255,11256,-1,11256,11257,11252,-1,11252,11257,11076,-1,11252,11076,11078,-1,11252,11078,11083,-1,11083,11078,11080,-1,11064,11079,11062,-1,11062,11079,11258,-1,11258,11079,11077,-1,11259,11260,11261,-1,11261,11260,11258,-1,11261,11258,11262,-1,11262,11258,11263,-1,11077,11264,11258,-1,11258,11264,11265,-1,11258,11265,11263,-1,11260,11259,11266,-1,11266,11259,11267,-1,11266,11267,11268,-1,11268,11267,11269,-1,11268,11269,11270,-1,11270,11269,11271,-1,11272,11273,11274,-1,11274,11273,11275,-1,11272,11276,11273,-1,11273,11276,11277,-1,11273,11277,11278,-1,11278,11277,11271,-1,11271,11277,11279,-1,11271,11279,11280,-1,11280,11281,11271,-1,11271,11281,11282,-1,11271,11282,11283,-1,11283,11284,11271,-1,11271,11284,11285,-1,11271,11285,11270,-1,11279,11277,11235,-1,11235,11277,11241,-1,11285,11233,11270,-1,11270,11233,11231,-1,11270,11231,11268,-1,11268,11231,11247,-1,11268,11247,11266,-1,11266,11247,11249,-1,11266,11249,11260,-1,11260,11249,11251,-1,11260,11251,11258,-1,11258,11251,11252,-1,11258,11252,11062,-1,11062,11252,11083,-1,11062,11083,11063,-1,11063,11083,11082,-1,11144,11146,11286,-1,11286,11146,11157,-1,11286,11157,11159,-1,11287,11288,11289,-1,11289,11288,11286,-1,11289,11286,11290,-1,11290,11286,11291,-1,11159,11292,11286,-1,11286,11292,11293,-1,11286,11293,11291,-1,11288,11287,11294,-1,11288,11294,11295,-1,11295,11294,11296,-1,11295,11296,11297,-1,11297,11296,11298,-1,11297,11298,11299,-1,11300,11301,11302,-1,11302,11301,11303,-1,11299,11298,11302,-1,11302,11298,11304,-1,11302,11304,11300,-1,11300,11304,11305,-1,11306,11307,11308,-1,11308,11307,11302,-1,11308,11302,11309,-1,11309,11302,11303,-1,11305,11310,11300,-1,11300,11310,11311,-1,11300,11311,11312,-1,11312,11311,11313,-1,11314,11315,11300,-1,11300,11315,11301,-1,11316,11317,11318,-1,11318,11317,11319,-1,11320,11319,11321,-1,11321,11319,11322,-1,11321,11322,11323,-1,11320,11324,11319,-1,11319,11324,11315,-1,11319,11315,11318,-1,11318,11315,11314,-1,11318,11314,11325,-1,11325,11314,11326,-1,11326,11314,11327,-1,11327,11314,11328,-1,11327,11328,11329,-1,11317,11316,11330,-1,11330,11316,11331,-1,11330,11331,11332,-1,11332,11331,11333,-1,11332,11333,11334,-1,11334,11333,11335,-1,11334,11335,11336,-1,11336,11335,11337,-1,11337,11338,11336,-1,11336,11338,11339,-1,11336,11339,11340,-1,11340,11341,11336,-1,11336,11341,11160,-1,11336,11160,11158,-1,11158,10997,11336,-1,11336,10997,10996,-1,10998,11145,10996,-1,10996,11145,11144,-1,10996,11144,11336,-1,11336,11144,11286,-1,11336,11286,11334,-1,11334,11286,11288,-1,11334,11288,11332,-1,11332,11288,11295,-1,11332,11295,11330,-1,11330,11295,11297,-1,11330,11297,11317,-1,11317,11297,11299,-1,11317,11299,11319,-1,11319,11299,11302,-1,11318,11304,11316,-1,11316,11304,11298,-1,11316,11298,11331,-1,11331,11298,11296,-1,11331,11296,11333,-1,11333,11296,11294,-1,11333,11294,11335,-1,11335,11294,11287,-1,11335,11287,11337,-1,11337,11287,11289,-1,11291,11293,11339,-1,11339,11293,11340,-1,11263,11265,11255,-1,11255,11265,11256,-1,11261,11253,11259,-1,11259,11253,11250,-1,11259,11250,11267,-1,11267,11250,11248,-1,11267,11248,11269,-1,11269,11248,11246,-1,11269,11246,11271,-1,11271,11246,11230,-1,11271,11230,11278,-1,11278,11230,11232,-1,11189,11173,11179,-1,11189,11179,11192,-1,11192,11179,11176,-1,11192,11176,11193,-1,11193,11176,11175,-1,11193,11175,11199,-1,11199,11175,11183,-1,11199,11183,11195,-1,11195,11183,11181,-1,11195,11181,11197,-1,11197,11181,11180,-1,11197,11180,11198,-1,11174,11188,11190,-1,11174,11190,11178,-1,11178,11190,11191,-1,11178,11191,11177,-1,11177,11191,11200,-1,11177,11200,11185,-1,11185,11200,11194,-1,11185,11194,11184,-1,11184,11194,11196,-1,11184,11196,11182,-1,11182,11196,11198,-1,11182,11198,11180,-1,11081,11066,11075,-1,11081,11075,11093,-1,11093,11075,11069,-1,11093,11069,11091,-1,11091,11069,11068,-1,11091,11068,11092,-1,11092,11068,11073,-1,11092,11073,11094,-1,11094,11073,11072,-1,11094,11072,11095,-1,11095,11072,11067,-1,11095,11067,11089,-1,11001,11148,11151,-1,11001,11151,11006,-1,11006,11151,11156,-1,11006,11156,11007,-1,11007,11156,11155,-1,11007,11155,11008,-1,11008,11155,11154,-1,11008,11154,11009,-1,11009,11154,11153,-1,11009,11153,11005,-1,11005,11153,10994,-1,11005,10994,10995,-1,11038,11130,11014,-1,11014,11130,11133,-1,11014,11133,11036,-1,11036,11133,11126,-1,11036,11126,11034,-1,11034,11126,11125,-1,11034,11125,11032,-1,11032,11125,11124,-1,11032,11124,11028,-1,11028,11124,11112,-1,11028,11112,11027,-1,11027,11112,11135,-1,11134,11029,11113,-1,11113,11029,11037,-1,11113,11037,11114,-1,11114,11037,11016,-1,11114,11016,11108,-1,11108,11016,11015,-1,11108,11015,11127,-1,11127,11015,11013,-1,11127,11013,11128,-1,11128,11013,11012,-1,11128,11012,10978,-1,10978,11012,10979,-1,11043,11121,11019,-1,11019,11121,11111,-1,11019,11111,11017,-1,11017,11111,11117,-1,11017,11117,11026,-1,11026,11117,11118,-1,11026,11118,11033,-1,11033,11118,11129,-1,11033,11129,11035,-1,11035,11129,11136,-1,11035,11136,10955,-1,10955,11136,10956,-1,11122,11024,11123,-1,11123,11024,11023,-1,11123,11023,11109,-1,11109,11023,11022,-1,11109,11022,11110,-1,11110,11022,11021,-1,11110,11021,11115,-1,11115,11021,11020,-1,11115,11020,11116,-1,11116,11020,11018,-1,11116,11018,10968,-1,10968,11018,10969,-1,11229,11049,11228,-1,11228,11049,11048,-1,11228,11048,11225,-1,11225,11048,11224,-1,11224,11048,11047,-1,11224,11047,11222,-1,11222,11047,11215,-1,11215,11047,11046,-1,11215,11046,11216,-1,11216,11046,11045,-1,11216,11045,11217,-1,11217,11045,11044,-1,11217,11044,11218,-1,11218,11044,11041,-1,11218,11041,11211,-1,11212,11042,11040,-1,11212,11040,11219,-1,11219,11040,11039,-1,11219,11039,11213,-1,11213,11039,11052,-1,11213,11052,11214,-1,11051,11221,11052,-1,11052,11221,11220,-1,11052,11220,11214,-1,11050,11049,11229,-1,11229,11227,11050,-1,11050,11227,11226,-1,11050,11226,11051,-1,11051,11226,11223,-1,11051,11223,11221,-1,11304,11318,11325,-1,11304,11325,11305,-1,11305,11325,11326,-1,11305,11326,11310,-1,11310,11326,11327,-1,11310,11327,11311,-1,11311,11327,11329,-1,11311,11329,11313,-1,11313,11329,11328,-1,11313,11328,11312,-1,11312,11328,11314,-1,11312,11314,11300,-1,11301,11315,11324,-1,11301,11324,11303,-1,11303,11324,11320,-1,11303,11320,11309,-1,11309,11320,11321,-1,11309,11321,11308,-1,11308,11321,11323,-1,11308,11323,11306,-1,11306,11323,11322,-1,11306,11322,11307,-1,11307,11322,11319,-1,11307,11319,11302,-1,11279,11235,11234,-1,11279,11234,11280,-1,11280,11234,11240,-1,11280,11240,11281,-1,11281,11240,11239,-1,11281,11239,11282,-1,11282,11239,11238,-1,11282,11238,11283,-1,11283,11238,11245,-1,11283,11245,11284,-1,11284,11245,11233,-1,11284,11233,11285,-1,11278,11232,11244,-1,11278,11244,11273,-1,11273,11244,11243,-1,11273,11243,11275,-1,11275,11243,11242,-1,11275,11242,11274,-1,11274,11242,11237,-1,11274,11237,11272,-1,11272,11237,11236,-1,11272,11236,11276,-1,11276,11236,11241,-1,11276,11241,11277,-1,11063,11082,11065,-1,11065,11082,11086,-1,11065,11086,11074,-1,11074,11086,11085,-1,11074,11085,11070,-1,11070,11085,11084,-1,11070,11084,11071,-1,11071,11084,11090,-1,11071,11090,11059,-1,11059,11090,11342,-1,11090,11088,11342,-1,11342,11088,11096,-1,11342,11096,11061,-1,11061,11096,11098,-1,11061,11098,10966,-1,10966,11098,11100,-1,11100,11102,10966,-1,10966,11102,11104,-1,10966,11104,10967,-1,11145,10998,11147,-1,11147,10998,10999,-1,11147,10999,11149,-1,11149,10999,11000,-1,11149,11000,11150,-1,11150,11000,11002,-1,11150,11002,11152,-1,11152,11002,11004,-1,11152,11004,11140,-1,11140,11004,11003,-1,11140,11003,11141,-1,10952,11139,10953,-1,10953,11139,11138,-1,10953,11138,11137,-1,11137,11143,10953,-1,10953,11143,11142,-1,10953,11142,11010,-1,11010,11142,11141,-1,11010,11141,11011,-1,11011,11141,11003,-1,11263,11255,11254,-1,11263,11254,11262,-1,11262,11254,11253,-1,11262,11253,11261,-1,11077,11076,11257,-1,11077,11257,11264,-1,11264,11257,11256,-1,11264,11256,11265,-1,11291,11339,11338,-1,11291,11338,11290,-1,11290,11338,11337,-1,11290,11337,11289,-1,11159,11160,11341,-1,11159,11341,11292,-1,11292,11341,11340,-1,11292,11340,11293,-1,11343,11344,11345,-1,11346,11347,11348,-1,11348,11347,11349,-1,11348,11349,11350,-1,11350,11349,11351,-1,11350,11351,11352,-1,11352,11351,11353,-1,11352,11353,11354,-1,11354,11353,11343,-1,11354,11343,11355,-1,11355,11343,11345,-1,11356,11357,11358,-1,11359,11360,11361,-1,11361,11360,11362,-1,11361,11362,11363,-1,11363,11362,11364,-1,11363,11364,11365,-1,11364,11366,11365,-1,11365,11366,11367,-1,11365,11367,11358,-1,11358,11367,11368,-1,11358,11368,11356,-1,11369,11370,11371,-1,11371,11370,11372,-1,11371,11372,11373,-1,11373,11372,11374,-1,11373,11374,11375,-1,11375,11374,11376,-1,11375,11376,11377,-1,11377,11376,11378,-1,11377,11378,11379,-1,11379,11378,11380,-1,11379,11380,11381,-1,11381,11380,11382,-1,11381,11382,11383,-1,11383,11382,11384,-1,11383,11384,11385,-1,11385,11384,11386,-1,11387,11388,11389,-1,11389,11388,11390,-1,11390,11388,11391,-1,11391,11388,11392,-1,11391,11392,11393,-1,11384,11394,11386,-1,11386,11394,11395,-1,11386,11395,11396,-1,11393,11392,11395,-1,11395,11392,11397,-1,11395,11397,11398,-1,11398,11399,11395,-1,11395,11399,11400,-1,11395,11400,11396,-1,11345,11344,11384,-1,11344,11401,11384,-1,11384,11401,11402,-1,11384,11402,11394,-1,11384,11382,11345,-1,11345,11382,11380,-1,11345,11380,11355,-1,11355,11380,11378,-1,11355,11378,11354,-1,11354,11378,11376,-1,11354,11376,11352,-1,11352,11376,11374,-1,11352,11374,11350,-1,11350,11374,11372,-1,11350,11372,11348,-1,11403,11404,11405,-1,11405,11404,11406,-1,11405,11406,11407,-1,11408,11409,11410,-1,11410,11409,11411,-1,11410,11411,11412,-1,11412,11413,11410,-1,11410,11413,11414,-1,11410,11414,11415,-1,11416,11417,11418,-1,11418,11417,11419,-1,11420,11421,11422,-1,11408,11417,11409,-1,11409,11417,11416,-1,11409,11416,11360,-1,11360,11416,11362,-1,11419,11417,11423,-1,11423,11417,11424,-1,11423,11424,11425,-1,11425,11424,11426,-1,11425,11426,11427,-1,11346,11348,11372,-1,11407,11428,11405,-1,11405,11428,11420,-1,11405,11420,11429,-1,11429,11420,11422,-1,11372,11370,11346,-1,11346,11370,11403,-1,11346,11403,11426,-1,11426,11403,11405,-1,11426,11405,11427,-1,11430,11431,11432,-1,11432,11431,11433,-1,11432,11433,11415,-1,11415,11433,11434,-1,11415,11434,11410,-1,11432,11435,11430,-1,11430,11435,11436,-1,11430,11436,11437,-1,11437,11438,11430,-1,11430,11438,11439,-1,11430,11439,11440,-1,11440,11441,11430,-1,11430,11441,11442,-1,11430,11442,11443,-1,11444,11368,11445,-1,11445,11368,11367,-1,11445,11367,11446,-1,11446,11367,11366,-1,11446,11366,11447,-1,11447,11366,11364,-1,11447,11364,11448,-1,11448,11364,11362,-1,11448,11362,11416,-1,11449,11450,11451,-1,11451,11452,11449,-1,11449,11452,11357,-1,11449,11357,11444,-1,11444,11357,11356,-1,11444,11356,11368,-1,11453,11454,11455,-1,11455,11454,11456,-1,11455,11456,11457,-1,11450,11449,11458,-1,11459,11460,11461,-1,11450,11458,11462,-1,11462,11458,11463,-1,11462,11463,11461,-1,11461,11463,11464,-1,11461,11464,11459,-1,11456,11465,11457,-1,11457,11465,11461,-1,11457,11461,11466,-1,11466,11461,11460,-1,11467,11468,11469,-1,11469,11468,11470,-1,11469,11470,11471,-1,11471,11470,11455,-1,11471,11455,11472,-1,11472,11455,11457,-1,11473,11474,11471,-1,11475,11476,11472,-1,11472,11476,11471,-1,11471,11476,11477,-1,11471,11477,11473,-1,11478,11479,11480,-1,11480,11479,11481,-1,11482,11483,11481,-1,11475,11472,11481,-1,11481,11472,11484,-1,11481,11484,11482,-1,11483,11485,11481,-1,11481,11485,11486,-1,11481,11486,11480,-1,11479,11478,11487,-1,11487,11478,11488,-1,11487,11488,11489,-1,11489,11488,11490,-1,11489,11490,11491,-1,11491,11490,11492,-1,11491,11492,11493,-1,11493,11492,11494,-1,11493,11494,11495,-1,11496,11361,11497,-1,11497,11361,11363,-1,11497,11363,11498,-1,11498,11363,11365,-1,11498,11365,11494,-1,11494,11365,11358,-1,11494,11358,11495,-1,11359,11361,11499,-1,11500,11501,11502,-1,11503,11504,11505,-1,11501,11506,11502,-1,11502,11506,11507,-1,11502,11507,11508,-1,11508,11507,11509,-1,11510,11511,11512,-1,11512,11511,11513,-1,11512,11513,11502,-1,11502,11513,11514,-1,11502,11514,11500,-1,11503,11515,11504,-1,11504,11515,11516,-1,11504,11516,11517,-1,11359,11499,11507,-1,11507,11499,11518,-1,11507,11518,11509,-1,11509,11518,11519,-1,11509,11519,11520,-1,11521,11522,11523,-1,11517,11524,11504,-1,11504,11524,11521,-1,11504,11521,11525,-1,11525,11521,11523,-1,11505,11499,11503,-1,11503,11499,11361,-1,11503,11361,11526,-1,11526,11361,11496,-1,11371,11349,11369,-1,11369,11349,11347,-1,11369,11347,11519,-1,11519,11347,11527,-1,11519,11527,11520,-1,11349,11371,11351,-1,11351,11371,11373,-1,11351,11373,11353,-1,11353,11373,11375,-1,11377,11379,11528,-1,11528,11529,11377,-1,11377,11529,11530,-1,11377,11530,11375,-1,11375,11530,11343,-1,11375,11343,11353,-1,11381,11383,11531,-1,11531,11532,11381,-1,11381,11532,11533,-1,11381,11533,11379,-1,11379,11533,11534,-1,11379,11534,11528,-1,11535,11536,11537,-1,11537,11536,11538,-1,11537,11538,11539,-1,11531,11383,11385,-1,11538,11540,11539,-1,11539,11540,11541,-1,11539,11541,11542,-1,11542,11541,11543,-1,11531,11385,11543,-1,11543,11385,11544,-1,11543,11544,11545,-1,11545,11546,11543,-1,11543,11546,11547,-1,11543,11547,11542,-1,11539,11392,11537,-1,11537,11392,11388,-1,11537,11388,11548,-1,11548,11388,11549,-1,11548,11549,11550,-1,11550,11549,11551,-1,11418,11526,11416,-1,11416,11526,11496,-1,11416,11496,11448,-1,11448,11496,11497,-1,11448,11497,11447,-1,11447,11497,11498,-1,11447,11498,11446,-1,11480,11458,11478,-1,11478,11458,11449,-1,11478,11449,11488,-1,11488,11449,11444,-1,11488,11444,11490,-1,11490,11444,11445,-1,11490,11445,11492,-1,11492,11445,11446,-1,11492,11446,11494,-1,11494,11446,11498,-1,11422,11421,11552,-1,11552,11421,11553,-1,11552,11553,11554,-1,11554,11553,11555,-1,11554,11555,11556,-1,11556,11555,11557,-1,11556,11557,11558,-1,11558,11557,11559,-1,11558,11559,11560,-1,11560,11559,11561,-1,11560,11561,11562,-1,11562,11561,11563,-1,11562,11563,11564,-1,11564,11563,11565,-1,11566,11567,11568,-1,11565,11569,11564,-1,11564,11569,11568,-1,11564,11568,11570,-1,11570,11568,11567,-1,11571,11572,11573,-1,11573,11572,11574,-1,11573,11574,11575,-1,11566,11568,11574,-1,11574,11568,11576,-1,11574,11576,11575,-1,11577,11578,11579,-1,11579,11578,11580,-1,11579,11580,11581,-1,11581,11580,11582,-1,11582,11580,11583,-1,11582,11583,11584,-1,11585,11586,11587,-1,11587,11586,11588,-1,11587,11588,11589,-1,11584,11590,11582,-1,11582,11590,11586,-1,11582,11586,11591,-1,11591,11586,11585,-1,11578,11577,11592,-1,11578,11592,11593,-1,11593,11592,11594,-1,11593,11594,11595,-1,11595,11594,11596,-1,11595,11596,11597,-1,11597,11596,11598,-1,11597,11598,11599,-1,11599,11598,11600,-1,11599,11600,11601,-1,11601,11600,11523,-1,11601,11523,11522,-1,11564,11580,11562,-1,11562,11580,11578,-1,11562,11578,11560,-1,11560,11578,11593,-1,11560,11593,11558,-1,11558,11593,11595,-1,11558,11595,11556,-1,11556,11595,11597,-1,11556,11597,11554,-1,11554,11597,11599,-1,11554,11599,11552,-1,11552,11599,11601,-1,11552,11601,11422,-1,11422,11601,11522,-1,11422,11522,11429,-1,11429,11522,11521,-1,11420,11525,11421,-1,11421,11525,11523,-1,11421,11523,11553,-1,11553,11523,11600,-1,11553,11600,11555,-1,11555,11600,11598,-1,11555,11598,11557,-1,11557,11598,11596,-1,11557,11596,11559,-1,11559,11596,11594,-1,11559,11594,11561,-1,11561,11594,11592,-1,11561,11592,11563,-1,11563,11592,11577,-1,11563,11577,11565,-1,11565,11577,11579,-1,11602,11432,11511,-1,11511,11432,11415,-1,11511,11415,11513,-1,11512,11434,11510,-1,11510,11434,11433,-1,11510,11433,11603,-1,11511,11510,11602,-1,11602,11510,11603,-1,11604,11605,11606,-1,11607,11608,11603,-1,11603,11608,11609,-1,11603,11609,11602,-1,11607,11603,11606,-1,11606,11603,11610,-1,11606,11610,11604,-1,11605,11611,11606,-1,11606,11611,11612,-1,11606,11612,11613,-1,11613,11612,11614,-1,11613,11614,11615,-1,11615,11614,11616,-1,11614,11617,11616,-1,11616,11617,11618,-1,11616,11618,11619,-1,11619,11618,11620,-1,11621,11622,11623,-1,11623,11622,11624,-1,11625,11626,11624,-1,11627,11628,11623,-1,11629,11630,11631,-1,11624,11626,11623,-1,11623,11626,11632,-1,11623,11632,11627,-1,11633,11634,11628,-1,11628,11634,11635,-1,11628,11635,11623,-1,11625,11624,11631,-1,11631,11624,11636,-1,11631,11636,11629,-1,11622,11621,11637,-1,11622,11637,11638,-1,11638,11637,11639,-1,11638,11639,11640,-1,11640,11639,11641,-1,11640,11641,11642,-1,11642,11641,11643,-1,11643,11641,11644,-1,11644,11645,11643,-1,11643,11645,11646,-1,11643,11646,11647,-1,11647,11648,11643,-1,11643,11648,11467,-1,11643,11467,11469,-1,11643,11469,11474,-1,11474,11469,11471,-1,11455,11470,11453,-1,11453,11470,11649,-1,11649,11470,11468,-1,11650,11651,11652,-1,11652,11651,11649,-1,11652,11649,11653,-1,11653,11649,11654,-1,11468,11655,11649,-1,11649,11655,11656,-1,11649,11656,11654,-1,11651,11650,11657,-1,11657,11650,11658,-1,11657,11658,11659,-1,11659,11658,11660,-1,11659,11660,11661,-1,11661,11660,11662,-1,11663,11664,11665,-1,11665,11664,11666,-1,11663,11667,11664,-1,11664,11667,11668,-1,11664,11668,11669,-1,11669,11668,11662,-1,11662,11668,11670,-1,11662,11670,11671,-1,11671,11672,11662,-1,11662,11672,11673,-1,11662,11673,11674,-1,11674,11675,11662,-1,11662,11675,11676,-1,11662,11676,11661,-1,11670,11668,11626,-1,11626,11668,11632,-1,11676,11624,11661,-1,11661,11624,11622,-1,11661,11622,11659,-1,11659,11622,11638,-1,11659,11638,11657,-1,11657,11638,11640,-1,11657,11640,11651,-1,11651,11640,11642,-1,11651,11642,11649,-1,11649,11642,11643,-1,11649,11643,11453,-1,11453,11643,11474,-1,11453,11474,11454,-1,11454,11474,11473,-1,11535,11537,11677,-1,11677,11537,11548,-1,11677,11548,11550,-1,11678,11679,11680,-1,11680,11679,11677,-1,11680,11677,11681,-1,11681,11677,11682,-1,11550,11683,11677,-1,11677,11683,11684,-1,11677,11684,11682,-1,11679,11678,11685,-1,11679,11685,11686,-1,11686,11685,11687,-1,11686,11687,11688,-1,11688,11687,11689,-1,11688,11689,11690,-1,11691,11692,11693,-1,11693,11692,11694,-1,11690,11689,11693,-1,11693,11689,11695,-1,11693,11695,11691,-1,11691,11695,11696,-1,11697,11698,11699,-1,11699,11698,11693,-1,11699,11693,11700,-1,11700,11693,11694,-1,11696,11701,11691,-1,11691,11701,11702,-1,11691,11702,11703,-1,11703,11702,11704,-1,11705,11706,11691,-1,11691,11706,11692,-1,11707,11708,11709,-1,11709,11708,11710,-1,11711,11710,11712,-1,11712,11710,11713,-1,11712,11713,11714,-1,11711,11715,11710,-1,11710,11715,11706,-1,11710,11706,11709,-1,11709,11706,11705,-1,11709,11705,11716,-1,11716,11705,11717,-1,11717,11705,11718,-1,11718,11705,11719,-1,11718,11719,11720,-1,11708,11707,11721,-1,11721,11707,11722,-1,11721,11722,11723,-1,11723,11722,11724,-1,11723,11724,11725,-1,11725,11724,11726,-1,11725,11726,11727,-1,11727,11726,11728,-1,11728,11729,11727,-1,11727,11729,11730,-1,11727,11730,11731,-1,11731,11732,11727,-1,11727,11732,11551,-1,11727,11551,11549,-1,11549,11388,11727,-1,11727,11388,11387,-1,11389,11536,11387,-1,11387,11536,11535,-1,11387,11535,11727,-1,11727,11535,11677,-1,11727,11677,11725,-1,11725,11677,11679,-1,11725,11679,11723,-1,11723,11679,11686,-1,11723,11686,11721,-1,11721,11686,11688,-1,11721,11688,11708,-1,11708,11688,11690,-1,11708,11690,11710,-1,11710,11690,11693,-1,11709,11695,11707,-1,11707,11695,11689,-1,11707,11689,11722,-1,11722,11689,11687,-1,11722,11687,11724,-1,11724,11687,11685,-1,11724,11685,11726,-1,11726,11685,11678,-1,11726,11678,11728,-1,11728,11678,11680,-1,11682,11684,11730,-1,11730,11684,11731,-1,11654,11656,11646,-1,11646,11656,11647,-1,11652,11644,11650,-1,11650,11644,11641,-1,11650,11641,11658,-1,11658,11641,11639,-1,11658,11639,11660,-1,11660,11639,11637,-1,11660,11637,11662,-1,11662,11637,11621,-1,11662,11621,11669,-1,11669,11621,11623,-1,11580,11564,11570,-1,11580,11570,11583,-1,11583,11570,11567,-1,11583,11567,11584,-1,11584,11567,11566,-1,11584,11566,11590,-1,11590,11566,11574,-1,11590,11574,11586,-1,11586,11574,11572,-1,11586,11572,11588,-1,11588,11572,11571,-1,11588,11571,11589,-1,11565,11579,11581,-1,11565,11581,11569,-1,11569,11581,11582,-1,11569,11582,11568,-1,11568,11582,11591,-1,11568,11591,11576,-1,11576,11591,11585,-1,11576,11585,11575,-1,11575,11585,11587,-1,11575,11587,11573,-1,11573,11587,11589,-1,11573,11589,11571,-1,11472,11457,11466,-1,11472,11466,11484,-1,11484,11466,11460,-1,11484,11460,11482,-1,11482,11460,11459,-1,11482,11459,11483,-1,11483,11459,11464,-1,11483,11464,11485,-1,11485,11464,11463,-1,11485,11463,11486,-1,11486,11463,11458,-1,11486,11458,11480,-1,11392,11539,11542,-1,11392,11542,11397,-1,11397,11542,11547,-1,11397,11547,11398,-1,11398,11547,11546,-1,11398,11546,11399,-1,11399,11546,11545,-1,11399,11545,11400,-1,11400,11545,11544,-1,11400,11544,11396,-1,11396,11544,11385,-1,11396,11385,11386,-1,11429,11521,11405,-1,11405,11521,11524,-1,11405,11524,11427,-1,11427,11524,11517,-1,11427,11517,11425,-1,11425,11517,11516,-1,11425,11516,11423,-1,11423,11516,11515,-1,11423,11515,11419,-1,11419,11515,11503,-1,11419,11503,11418,-1,11418,11503,11526,-1,11525,11420,11504,-1,11504,11420,11428,-1,11504,11428,11505,-1,11505,11428,11407,-1,11505,11407,11499,-1,11499,11407,11406,-1,11499,11406,11518,-1,11518,11406,11404,-1,11518,11404,11519,-1,11519,11404,11403,-1,11519,11403,11369,-1,11369,11403,11370,-1,11434,11512,11410,-1,11410,11512,11502,-1,11410,11502,11408,-1,11408,11502,11508,-1,11408,11508,11417,-1,11417,11508,11509,-1,11417,11509,11424,-1,11424,11509,11520,-1,11424,11520,11426,-1,11426,11520,11527,-1,11426,11527,11346,-1,11346,11527,11347,-1,11513,11415,11514,-1,11514,11415,11414,-1,11514,11414,11500,-1,11500,11414,11413,-1,11500,11413,11501,-1,11501,11413,11412,-1,11501,11412,11506,-1,11506,11412,11411,-1,11506,11411,11507,-1,11507,11411,11409,-1,11507,11409,11359,-1,11359,11409,11360,-1,11620,11440,11619,-1,11619,11440,11439,-1,11619,11439,11616,-1,11616,11439,11615,-1,11615,11439,11438,-1,11615,11438,11613,-1,11613,11438,11606,-1,11606,11438,11437,-1,11606,11437,11607,-1,11607,11437,11436,-1,11607,11436,11608,-1,11608,11436,11435,-1,11608,11435,11609,-1,11609,11435,11432,-1,11609,11432,11602,-1,11603,11433,11431,-1,11603,11431,11610,-1,11610,11431,11430,-1,11610,11430,11604,-1,11604,11430,11443,-1,11604,11443,11605,-1,11442,11612,11443,-1,11443,11612,11611,-1,11443,11611,11605,-1,11441,11440,11620,-1,11620,11618,11441,-1,11441,11618,11617,-1,11441,11617,11442,-1,11442,11617,11614,-1,11442,11614,11612,-1,11695,11709,11716,-1,11695,11716,11696,-1,11696,11716,11717,-1,11696,11717,11701,-1,11701,11717,11718,-1,11701,11718,11702,-1,11702,11718,11720,-1,11702,11720,11704,-1,11704,11720,11719,-1,11704,11719,11703,-1,11703,11719,11705,-1,11703,11705,11691,-1,11692,11706,11715,-1,11692,11715,11694,-1,11694,11715,11711,-1,11694,11711,11700,-1,11700,11711,11712,-1,11700,11712,11699,-1,11699,11712,11714,-1,11699,11714,11697,-1,11697,11714,11713,-1,11697,11713,11698,-1,11698,11713,11710,-1,11698,11710,11693,-1,11670,11626,11625,-1,11670,11625,11671,-1,11671,11625,11631,-1,11671,11631,11672,-1,11672,11631,11630,-1,11672,11630,11673,-1,11673,11630,11629,-1,11673,11629,11674,-1,11674,11629,11636,-1,11674,11636,11675,-1,11675,11636,11624,-1,11675,11624,11676,-1,11669,11623,11635,-1,11669,11635,11664,-1,11664,11635,11634,-1,11664,11634,11666,-1,11666,11634,11633,-1,11666,11633,11665,-1,11665,11633,11628,-1,11665,11628,11663,-1,11663,11628,11627,-1,11663,11627,11667,-1,11667,11627,11632,-1,11667,11632,11668,-1,11454,11473,11456,-1,11456,11473,11477,-1,11456,11477,11465,-1,11465,11477,11476,-1,11465,11476,11461,-1,11461,11476,11475,-1,11461,11475,11462,-1,11462,11475,11481,-1,11462,11481,11450,-1,11450,11481,11733,-1,11481,11479,11733,-1,11733,11479,11487,-1,11733,11487,11452,-1,11452,11487,11489,-1,11452,11489,11357,-1,11357,11489,11491,-1,11491,11493,11357,-1,11357,11493,11495,-1,11357,11495,11358,-1,11536,11389,11538,-1,11538,11389,11390,-1,11538,11390,11540,-1,11540,11390,11391,-1,11540,11391,11541,-1,11541,11391,11393,-1,11541,11393,11543,-1,11543,11393,11395,-1,11543,11395,11531,-1,11531,11395,11394,-1,11531,11394,11532,-1,11343,11530,11344,-1,11344,11530,11529,-1,11344,11529,11528,-1,11528,11534,11344,-1,11344,11534,11533,-1,11344,11533,11401,-1,11401,11533,11532,-1,11401,11532,11402,-1,11402,11532,11394,-1,11654,11646,11645,-1,11654,11645,11653,-1,11653,11645,11644,-1,11653,11644,11652,-1,11468,11467,11648,-1,11468,11648,11655,-1,11655,11648,11647,-1,11655,11647,11656,-1,11682,11730,11729,-1,11682,11729,11681,-1,11681,11729,11728,-1,11681,11728,11680,-1,11550,11551,11732,-1,11550,11732,11683,-1,11683,11732,11731,-1,11683,11731,11684,-1,11734,11735,11736,-1,11737,11738,11739,-1,11739,11738,11740,-1,11739,11740,11741,-1,11741,11740,11742,-1,11741,11742,11743,-1,11743,11742,11744,-1,11743,11744,11745,-1,11745,11744,11734,-1,11745,11734,11746,-1,11746,11734,11736,-1,11747,11748,11749,-1,11750,11751,11752,-1,11752,11751,11753,-1,11752,11753,11754,-1,11754,11753,11755,-1,11754,11755,11756,-1,11755,11757,11756,-1,11756,11757,11758,-1,11756,11758,11749,-1,11749,11758,11759,-1,11749,11759,11747,-1,11760,11761,11762,-1,11762,11761,11763,-1,11762,11763,11764,-1,11764,11763,11765,-1,11764,11765,11766,-1,11766,11765,11767,-1,11766,11767,11768,-1,11768,11767,11769,-1,11768,11769,11770,-1,11770,11769,11771,-1,11770,11771,11772,-1,11772,11771,11773,-1,11772,11773,11774,-1,11774,11773,11775,-1,11774,11775,11776,-1,11776,11775,11777,-1,11778,11779,11780,-1,11780,11779,11781,-1,11781,11779,11782,-1,11782,11779,11783,-1,11782,11783,11784,-1,11775,11785,11777,-1,11777,11785,11786,-1,11777,11786,11787,-1,11784,11783,11786,-1,11786,11783,11788,-1,11786,11788,11789,-1,11789,11790,11786,-1,11786,11790,11791,-1,11786,11791,11787,-1,11736,11735,11775,-1,11735,11792,11775,-1,11775,11792,11793,-1,11775,11793,11785,-1,11775,11773,11736,-1,11736,11773,11771,-1,11736,11771,11746,-1,11746,11771,11769,-1,11746,11769,11745,-1,11745,11769,11767,-1,11745,11767,11743,-1,11743,11767,11765,-1,11743,11765,11741,-1,11741,11765,11763,-1,11741,11763,11739,-1,11794,11795,11796,-1,11796,11795,11751,-1,11797,11798,11795,-1,11795,11798,11799,-1,11737,11739,11763,-1,11794,11796,11800,-1,11800,11796,11801,-1,11800,11801,11802,-1,11802,11801,11803,-1,11802,11803,11804,-1,11805,11804,11806,-1,11806,11804,11807,-1,11806,11807,11808,-1,11808,11807,11809,-1,11808,11809,11810,-1,11811,11812,11813,-1,11814,11753,11815,-1,11815,11753,11751,-1,11815,11751,11816,-1,11816,11751,11795,-1,11816,11795,11817,-1,11817,11795,11799,-1,11805,11818,11804,-1,11804,11818,11819,-1,11804,11819,11802,-1,11802,11819,11737,-1,11802,11737,11761,-1,11761,11737,11763,-1,11795,11820,11797,-1,11797,11820,11811,-1,11797,11811,11821,-1,11821,11811,11813,-1,11810,11809,11822,-1,11822,11809,11823,-1,11822,11823,11824,-1,11825,11826,11827,-1,11828,11829,11824,-1,11824,11829,11830,-1,11824,11830,11822,-1,11826,11831,11827,-1,11827,11831,11832,-1,11827,11832,11833,-1,11825,11827,11824,-1,11824,11827,11834,-1,11824,11834,11828,-1,11835,11759,11836,-1,11836,11759,11758,-1,11836,11758,11837,-1,11837,11758,11757,-1,11837,11757,11838,-1,11838,11757,11755,-1,11838,11755,11839,-1,11839,11755,11753,-1,11839,11753,11814,-1,11840,11841,11842,-1,11842,11843,11840,-1,11840,11843,11748,-1,11840,11748,11835,-1,11835,11748,11747,-1,11835,11747,11759,-1,11844,11845,11846,-1,11846,11845,11847,-1,11846,11847,11848,-1,11841,11840,11849,-1,11850,11851,11852,-1,11841,11849,11853,-1,11853,11849,11854,-1,11853,11854,11852,-1,11852,11854,11855,-1,11852,11855,11850,-1,11847,11856,11848,-1,11848,11856,11852,-1,11848,11852,11857,-1,11857,11852,11851,-1,11858,11859,11860,-1,11860,11859,11861,-1,11860,11861,11862,-1,11862,11861,11846,-1,11862,11846,11863,-1,11863,11846,11848,-1,11864,11865,11862,-1,11866,11867,11863,-1,11863,11867,11862,-1,11862,11867,11868,-1,11862,11868,11864,-1,11869,11870,11871,-1,11871,11870,11872,-1,11873,11874,11872,-1,11866,11863,11872,-1,11872,11863,11875,-1,11872,11875,11873,-1,11874,11876,11872,-1,11872,11876,11877,-1,11872,11877,11871,-1,11870,11869,11878,-1,11878,11869,11879,-1,11878,11879,11880,-1,11880,11879,11881,-1,11880,11881,11882,-1,11882,11881,11883,-1,11882,11883,11884,-1,11884,11883,11885,-1,11884,11885,11886,-1,11887,11752,11888,-1,11888,11752,11754,-1,11888,11754,11889,-1,11889,11754,11756,-1,11889,11756,11885,-1,11885,11756,11749,-1,11885,11749,11886,-1,11890,11891,11892,-1,11892,11891,11893,-1,11894,11895,11896,-1,11897,11898,11899,-1,11899,11898,11900,-1,11899,11900,11901,-1,11901,11900,11902,-1,11901,11902,11903,-1,11750,11752,11887,-1,11893,11904,11892,-1,11892,11904,11905,-1,11892,11905,11906,-1,11906,11905,11894,-1,11906,11894,11907,-1,11907,11894,11896,-1,11908,11909,11910,-1,11762,11740,11760,-1,11760,11740,11738,-1,11760,11738,11902,-1,11902,11738,11911,-1,11902,11911,11903,-1,11903,11911,11912,-1,11903,11912,11913,-1,11887,11914,11750,-1,11750,11914,11890,-1,11750,11890,11897,-1,11897,11890,11892,-1,11897,11892,11898,-1,11913,11915,11903,-1,11903,11915,11916,-1,11903,11916,11917,-1,11917,11916,11908,-1,11917,11908,11918,-1,11918,11908,11910,-1,11740,11762,11742,-1,11742,11762,11764,-1,11742,11764,11744,-1,11744,11764,11766,-1,11768,11770,11919,-1,11919,11920,11768,-1,11768,11920,11921,-1,11768,11921,11766,-1,11766,11921,11734,-1,11766,11734,11744,-1,11772,11774,11922,-1,11922,11923,11772,-1,11772,11923,11924,-1,11772,11924,11770,-1,11770,11924,11925,-1,11770,11925,11919,-1,11926,11927,11928,-1,11928,11927,11929,-1,11928,11929,11930,-1,11922,11774,11776,-1,11929,11931,11930,-1,11930,11931,11932,-1,11930,11932,11933,-1,11933,11932,11934,-1,11922,11776,11934,-1,11934,11776,11935,-1,11934,11935,11936,-1,11936,11937,11934,-1,11934,11937,11938,-1,11934,11938,11933,-1,11930,11783,11928,-1,11928,11783,11779,-1,11928,11779,11939,-1,11939,11779,11940,-1,11939,11940,11941,-1,11941,11940,11942,-1,11815,11914,11814,-1,11814,11914,11887,-1,11814,11887,11839,-1,11839,11887,11888,-1,11839,11888,11838,-1,11838,11888,11889,-1,11838,11889,11837,-1,11871,11849,11869,-1,11869,11849,11840,-1,11869,11840,11879,-1,11879,11840,11835,-1,11879,11835,11881,-1,11881,11835,11836,-1,11881,11836,11883,-1,11883,11836,11837,-1,11883,11837,11885,-1,11885,11837,11889,-1,11813,11812,11943,-1,11943,11812,11944,-1,11943,11944,11945,-1,11945,11944,11946,-1,11945,11946,11947,-1,11947,11946,11948,-1,11947,11948,11949,-1,11949,11948,11950,-1,11949,11950,11951,-1,11951,11950,11952,-1,11951,11952,11953,-1,11953,11952,11954,-1,11955,11953,11954,-1,11954,11956,11955,-1,11955,11956,11957,-1,11955,11957,11958,-1,11958,11957,11959,-1,11960,11961,11962,-1,11959,11963,11958,-1,11958,11963,11964,-1,11958,11964,11965,-1,11965,11964,11966,-1,11966,11964,11962,-1,11962,11964,11967,-1,11962,11967,11960,-1,11968,11969,11970,-1,11970,11969,11971,-1,11970,11971,11972,-1,11972,11971,11973,-1,11972,11973,11974,-1,11975,11976,11977,-1,11977,11976,11978,-1,11975,11977,11973,-1,11973,11977,11979,-1,11973,11979,11974,-1,11980,11981,11978,-1,11978,11981,11982,-1,11978,11982,11977,-1,11969,11968,11983,-1,11969,11983,11984,-1,11984,11983,11985,-1,11984,11985,11986,-1,11986,11985,11987,-1,11986,11987,11988,-1,11988,11987,11989,-1,11988,11989,11990,-1,11990,11989,11991,-1,11990,11991,11992,-1,11992,11991,11896,-1,11992,11896,11895,-1,11955,11971,11953,-1,11953,11971,11969,-1,11953,11969,11951,-1,11951,11969,11984,-1,11951,11984,11949,-1,11949,11984,11986,-1,11949,11986,11947,-1,11947,11986,11988,-1,11947,11988,11945,-1,11945,11988,11990,-1,11945,11990,11943,-1,11943,11990,11992,-1,11943,11992,11813,-1,11813,11992,11895,-1,11813,11895,11821,-1,11821,11895,11894,-1,11811,11907,11812,-1,11812,11907,11896,-1,11812,11896,11944,-1,11944,11896,11991,-1,11944,11991,11946,-1,11946,11991,11989,-1,11946,11989,11948,-1,11948,11989,11987,-1,11948,11987,11950,-1,11950,11987,11985,-1,11950,11985,11952,-1,11952,11985,11983,-1,11952,11983,11954,-1,11954,11983,11968,-1,11954,11968,11956,-1,11956,11968,11970,-1,11993,11823,11910,-1,11910,11823,11809,-1,11910,11809,11918,-1,11908,11810,11909,-1,11909,11810,11822,-1,11909,11822,11994,-1,11910,11909,11993,-1,11993,11909,11994,-1,11995,11996,11997,-1,11998,11999,11994,-1,11994,11999,12000,-1,11994,12000,11993,-1,11998,11994,12001,-1,12001,11994,12002,-1,12001,12002,12003,-1,12003,12004,12001,-1,12001,12004,12005,-1,12001,12005,11996,-1,11996,12005,12006,-1,11996,12006,11997,-1,11995,11997,12007,-1,12007,11997,12008,-1,12007,12008,12009,-1,12009,12008,12010,-1,12009,12010,12011,-1,12012,12013,12014,-1,12014,12015,12016,-1,12017,12018,12019,-1,12019,12018,12020,-1,12019,12020,12014,-1,12014,12020,12021,-1,12014,12021,12015,-1,12016,12022,12014,-1,12014,12022,12023,-1,12014,12023,12012,-1,12017,12024,12018,-1,12018,12024,12025,-1,12018,12025,12026,-1,12026,12025,12027,-1,12021,12020,12028,-1,12021,12028,12029,-1,12029,12028,12030,-1,12029,12030,12031,-1,12031,12030,12032,-1,12031,12032,12033,-1,12033,12032,12034,-1,12034,12032,12035,-1,12035,12036,12034,-1,12034,12036,12037,-1,12034,12037,12038,-1,12038,12039,12034,-1,12034,12039,11858,-1,12034,11858,11860,-1,12034,11860,11865,-1,11865,11860,11862,-1,11846,11861,11844,-1,11844,11861,12040,-1,12040,11861,11859,-1,12041,12042,12043,-1,12043,12042,12040,-1,12043,12040,12044,-1,12044,12040,12045,-1,11859,12046,12040,-1,12040,12046,12047,-1,12040,12047,12045,-1,12042,12041,12048,-1,12048,12041,12049,-1,12048,12049,12050,-1,12050,12049,12051,-1,12050,12051,12052,-1,12052,12051,12053,-1,12054,12052,12053,-1,12055,12056,12053,-1,12057,12058,12059,-1,12059,12058,12060,-1,12059,12060,12061,-1,12055,12053,12062,-1,12057,12059,12063,-1,12063,12059,12064,-1,12063,12064,12053,-1,12053,12064,12065,-1,12053,12065,12062,-1,12056,12066,12053,-1,12053,12066,12067,-1,12053,12067,12054,-1,12065,12064,12014,-1,12014,12064,12019,-1,12054,12015,12052,-1,12052,12015,12021,-1,12052,12021,12050,-1,12050,12021,12029,-1,12050,12029,12048,-1,12048,12029,12031,-1,12048,12031,12042,-1,12042,12031,12033,-1,12042,12033,12040,-1,12040,12033,12034,-1,12040,12034,11844,-1,11844,12034,11865,-1,11844,11865,11845,-1,11845,11865,11864,-1,11926,11928,12068,-1,12068,11928,11939,-1,12068,11939,11941,-1,12069,12070,12071,-1,12071,12070,12068,-1,12071,12068,12072,-1,12072,12068,12073,-1,11941,12074,12068,-1,12068,12074,12075,-1,12068,12075,12073,-1,12070,12069,12076,-1,12070,12076,12077,-1,12077,12076,12078,-1,12077,12078,12079,-1,12079,12078,12080,-1,12079,12080,12081,-1,12082,12081,12083,-1,12084,12085,12086,-1,12080,12087,12081,-1,12081,12087,12088,-1,12083,12089,12082,-1,12082,12089,12084,-1,12082,12084,12090,-1,12090,12084,12086,-1,12088,12091,12081,-1,12081,12091,12092,-1,12081,12092,12093,-1,12093,12094,12081,-1,12081,12094,12095,-1,12081,12095,12083,-1,12096,12097,12095,-1,12095,12097,12083,-1,12098,12099,12100,-1,12100,12099,12101,-1,12102,12100,12103,-1,12103,12100,12096,-1,12096,12100,12097,-1,12097,12100,12101,-1,12097,12101,12104,-1,12104,12101,12105,-1,12104,12105,12106,-1,12106,12105,12107,-1,12106,12107,12108,-1,12102,12109,12100,-1,12100,12109,12110,-1,12100,12110,12111,-1,12099,12098,12112,-1,12112,12098,12113,-1,12112,12113,12114,-1,12114,12113,12115,-1,12114,12115,12116,-1,12116,12115,12117,-1,12116,12117,12118,-1,12118,12117,12119,-1,12119,12120,12118,-1,12118,12120,12121,-1,12118,12121,12122,-1,12122,12123,12118,-1,12118,12123,11942,-1,12118,11942,11940,-1,11940,11779,12118,-1,12118,11779,11778,-1,11780,11927,11778,-1,11778,11927,11926,-1,11778,11926,12118,-1,12118,11926,12068,-1,12118,12068,12116,-1,12116,12068,12070,-1,12116,12070,12114,-1,12114,12070,12077,-1,12114,12077,12112,-1,12112,12077,12079,-1,12112,12079,12099,-1,12099,12079,12081,-1,12099,12081,12101,-1,12101,12081,12082,-1,12100,12087,12098,-1,12098,12087,12080,-1,12098,12080,12113,-1,12113,12080,12078,-1,12113,12078,12115,-1,12115,12078,12076,-1,12115,12076,12117,-1,12117,12076,12069,-1,12117,12069,12119,-1,12119,12069,12071,-1,12073,12075,12121,-1,12121,12075,12122,-1,12045,12047,12037,-1,12037,12047,12038,-1,12043,12035,12041,-1,12041,12035,12032,-1,12041,12032,12049,-1,12049,12032,12030,-1,12049,12030,12051,-1,12051,12030,12028,-1,12051,12028,12053,-1,12053,12028,12020,-1,12053,12020,12063,-1,12063,12020,12018,-1,11971,11955,11958,-1,11971,11958,11973,-1,11973,11958,11965,-1,11973,11965,11975,-1,11975,11965,11966,-1,11975,11966,11976,-1,11976,11966,11962,-1,11976,11962,11978,-1,11978,11962,11961,-1,11978,11961,11980,-1,11980,11961,11960,-1,11980,11960,11981,-1,11956,11970,11972,-1,11956,11972,11957,-1,11957,11972,11974,-1,11957,11974,11959,-1,11959,11974,11979,-1,11959,11979,11963,-1,11963,11979,11977,-1,11963,11977,11964,-1,11964,11977,11982,-1,11964,11982,11967,-1,11967,11982,11981,-1,11967,11981,11960,-1,11863,11848,11857,-1,11863,11857,11875,-1,11875,11857,11851,-1,11875,11851,11873,-1,11873,11851,11850,-1,11873,11850,11874,-1,11874,11850,11855,-1,11874,11855,11876,-1,11876,11855,11854,-1,11876,11854,11877,-1,11877,11854,11849,-1,11877,11849,11871,-1,11783,11930,11933,-1,11783,11933,11788,-1,11788,11933,11938,-1,11788,11938,11789,-1,11789,11938,11937,-1,11789,11937,11790,-1,11790,11937,11936,-1,11790,11936,11791,-1,11791,11936,11935,-1,11791,11935,11787,-1,11787,11935,11776,-1,11787,11776,11777,-1,11821,11894,11797,-1,11797,11894,11905,-1,11797,11905,11798,-1,11798,11905,11904,-1,11798,11904,11799,-1,11799,11904,11893,-1,11799,11893,11817,-1,11817,11893,11891,-1,11817,11891,11816,-1,11816,11891,11890,-1,11816,11890,11815,-1,11815,11890,11914,-1,11907,11811,11906,-1,11906,11811,11820,-1,11906,11820,11892,-1,11892,11820,11795,-1,11892,11795,11898,-1,11898,11795,11794,-1,11898,11794,11900,-1,11900,11794,11800,-1,11900,11800,11902,-1,11902,11800,11802,-1,11902,11802,11760,-1,11760,11802,11761,-1,11810,11908,11808,-1,11808,11908,11916,-1,11808,11916,11806,-1,11806,11916,11915,-1,11806,11915,11805,-1,11805,11915,11913,-1,11805,11913,11818,-1,11818,11913,11912,-1,11818,11912,11819,-1,11819,11912,11911,-1,11819,11911,11737,-1,11737,11911,11738,-1,11918,11809,11917,-1,11917,11809,11807,-1,11917,11807,11903,-1,11903,11807,11804,-1,11903,11804,11901,-1,11901,11804,11803,-1,11901,11803,11899,-1,11899,11803,11801,-1,11899,11801,11897,-1,11897,11801,11796,-1,11897,11796,11750,-1,11750,11796,11751,-1,12011,11833,12009,-1,12009,11833,11832,-1,12009,11832,12007,-1,12007,11832,11995,-1,11995,11832,11831,-1,11995,11831,11996,-1,11996,11831,12001,-1,12001,11831,11826,-1,12001,11826,11998,-1,11998,11826,11825,-1,11998,11825,11999,-1,11999,11825,11824,-1,11999,11824,12000,-1,12000,11824,11823,-1,12000,11823,11993,-1,11994,11822,11830,-1,11994,11830,12002,-1,12002,11830,11829,-1,12002,11829,12003,-1,12003,11829,11828,-1,12003,11828,12004,-1,11834,12006,11828,-1,11828,12006,12005,-1,11828,12005,12004,-1,11827,11833,12011,-1,12011,12010,11827,-1,11827,12010,12008,-1,11827,12008,11834,-1,11834,12008,11997,-1,11834,11997,12006,-1,12087,12100,12111,-1,12087,12111,12088,-1,12088,12111,12110,-1,12088,12110,12091,-1,12091,12110,12109,-1,12091,12109,12092,-1,12092,12109,12102,-1,12092,12102,12093,-1,12093,12102,12103,-1,12093,12103,12094,-1,12094,12103,12096,-1,12094,12096,12095,-1,12083,12097,12104,-1,12083,12104,12089,-1,12089,12104,12106,-1,12089,12106,12084,-1,12084,12106,12108,-1,12084,12108,12085,-1,12085,12108,12107,-1,12085,12107,12086,-1,12086,12107,12105,-1,12086,12105,12090,-1,12090,12105,12101,-1,12090,12101,12082,-1,12065,12014,12013,-1,12065,12013,12062,-1,12062,12013,12012,-1,12062,12012,12055,-1,12055,12012,12023,-1,12055,12023,12056,-1,12056,12023,12022,-1,12056,12022,12066,-1,12066,12022,12016,-1,12066,12016,12067,-1,12067,12016,12015,-1,12067,12015,12054,-1,12063,12018,12026,-1,12063,12026,12057,-1,12057,12026,12027,-1,12057,12027,12058,-1,12058,12027,12025,-1,12058,12025,12060,-1,12060,12025,12024,-1,12060,12024,12061,-1,12061,12024,12017,-1,12061,12017,12059,-1,12059,12017,12019,-1,12059,12019,12064,-1,11845,11864,11847,-1,11847,11864,11868,-1,11847,11868,11856,-1,11856,11868,11867,-1,11856,11867,11852,-1,11852,11867,11866,-1,11852,11866,11853,-1,11853,11866,11872,-1,11853,11872,11841,-1,11841,11872,12124,-1,11872,11870,12124,-1,12124,11870,11878,-1,12124,11878,11843,-1,11843,11878,11880,-1,11843,11880,11748,-1,11748,11880,11882,-1,11882,11884,11748,-1,11748,11884,11886,-1,11748,11886,11749,-1,11927,11780,11929,-1,11929,11780,11781,-1,11929,11781,11931,-1,11931,11781,11782,-1,11931,11782,11932,-1,11932,11782,11784,-1,11932,11784,11934,-1,11934,11784,11786,-1,11934,11786,11922,-1,11922,11786,11785,-1,11922,11785,11923,-1,11734,11921,11735,-1,11735,11921,11920,-1,11735,11920,11919,-1,11919,11925,11735,-1,11735,11925,11924,-1,11735,11924,11792,-1,11792,11924,11923,-1,11792,11923,11793,-1,11793,11923,11785,-1,12045,12037,12036,-1,12045,12036,12044,-1,12044,12036,12035,-1,12044,12035,12043,-1,11859,11858,12039,-1,11859,12039,12046,-1,12046,12039,12038,-1,12046,12038,12047,-1,12073,12121,12120,-1,12073,12120,12072,-1,12072,12120,12119,-1,12072,12119,12071,-1,11941,11942,12123,-1,11941,12123,12074,-1,12074,12123,12122,-1,12074,12122,12075,-1,12125,12126,12127,-1,12128,12129,12130,-1,12130,12129,12131,-1,12130,12131,12132,-1,12132,12131,12133,-1,12132,12133,12134,-1,12134,12133,12135,-1,12134,12135,12136,-1,12136,12135,12125,-1,12136,12125,12137,-1,12137,12125,12127,-1,12138,12139,12140,-1,12141,12142,12143,-1,12143,12142,12144,-1,12143,12144,12145,-1,12145,12144,12146,-1,12145,12146,12147,-1,12146,12148,12147,-1,12147,12148,12149,-1,12147,12149,12140,-1,12140,12149,12150,-1,12140,12150,12138,-1,12151,12152,12153,-1,12153,12152,12154,-1,12153,12154,12155,-1,12155,12154,12156,-1,12155,12156,12157,-1,12157,12156,12158,-1,12157,12158,12159,-1,12159,12158,12160,-1,12159,12160,12161,-1,12161,12160,12162,-1,12161,12162,12163,-1,12163,12162,12164,-1,12163,12164,12165,-1,12165,12164,12166,-1,12165,12166,12167,-1,12167,12166,12168,-1,12169,12170,12171,-1,12171,12170,12172,-1,12172,12170,12173,-1,12173,12170,12174,-1,12173,12174,12175,-1,12166,12176,12168,-1,12168,12176,12177,-1,12168,12177,12178,-1,12175,12174,12177,-1,12177,12174,12179,-1,12177,12179,12180,-1,12180,12181,12177,-1,12177,12181,12182,-1,12177,12182,12178,-1,12127,12126,12166,-1,12126,12183,12166,-1,12166,12183,12184,-1,12166,12184,12176,-1,12166,12164,12127,-1,12127,12164,12162,-1,12127,12162,12137,-1,12137,12162,12160,-1,12137,12160,12136,-1,12136,12160,12158,-1,12136,12158,12134,-1,12134,12158,12156,-1,12134,12156,12132,-1,12132,12156,12154,-1,12132,12154,12130,-1,12185,12186,12187,-1,12187,12186,12142,-1,12188,12189,12186,-1,12186,12189,12190,-1,12128,12130,12154,-1,12185,12187,12191,-1,12191,12187,12192,-1,12191,12192,12193,-1,12193,12192,12194,-1,12193,12194,12195,-1,12196,12195,12197,-1,12197,12195,12198,-1,12197,12198,12199,-1,12199,12198,12200,-1,12199,12200,12201,-1,12202,12203,12204,-1,12205,12144,12206,-1,12206,12144,12142,-1,12206,12142,12207,-1,12207,12142,12186,-1,12207,12186,12208,-1,12208,12186,12190,-1,12196,12209,12195,-1,12195,12209,12210,-1,12195,12210,12193,-1,12193,12210,12128,-1,12193,12128,12152,-1,12152,12128,12154,-1,12186,12211,12188,-1,12188,12211,12202,-1,12188,12202,12212,-1,12212,12202,12204,-1,12201,12200,12213,-1,12213,12200,12214,-1,12213,12214,12215,-1,12216,12217,12218,-1,12219,12220,12215,-1,12215,12220,12221,-1,12215,12221,12213,-1,12217,12222,12218,-1,12218,12222,12223,-1,12218,12223,12224,-1,12216,12218,12215,-1,12215,12218,12225,-1,12215,12225,12219,-1,12226,12150,12227,-1,12227,12150,12149,-1,12227,12149,12228,-1,12228,12149,12148,-1,12228,12148,12229,-1,12229,12148,12146,-1,12229,12146,12230,-1,12230,12146,12144,-1,12230,12144,12205,-1,12231,12232,12233,-1,12233,12234,12231,-1,12231,12234,12139,-1,12231,12139,12226,-1,12226,12139,12138,-1,12226,12138,12150,-1,12235,12236,12237,-1,12237,12236,12238,-1,12237,12238,12239,-1,12232,12231,12240,-1,12241,12242,12243,-1,12232,12240,12244,-1,12244,12240,12245,-1,12244,12245,12243,-1,12243,12245,12246,-1,12243,12246,12241,-1,12238,12247,12239,-1,12239,12247,12243,-1,12239,12243,12248,-1,12248,12243,12242,-1,12249,12250,12251,-1,12251,12250,12252,-1,12251,12252,12253,-1,12253,12252,12237,-1,12253,12237,12254,-1,12254,12237,12239,-1,12255,12256,12253,-1,12257,12258,12254,-1,12254,12258,12253,-1,12253,12258,12259,-1,12253,12259,12255,-1,12260,12261,12262,-1,12262,12261,12263,-1,12264,12265,12263,-1,12257,12254,12263,-1,12263,12254,12266,-1,12263,12266,12264,-1,12265,12267,12263,-1,12263,12267,12268,-1,12263,12268,12262,-1,12261,12260,12269,-1,12269,12260,12270,-1,12269,12270,12271,-1,12271,12270,12272,-1,12271,12272,12273,-1,12273,12272,12274,-1,12273,12274,12275,-1,12275,12274,12276,-1,12275,12276,12277,-1,12278,12143,12279,-1,12279,12143,12145,-1,12279,12145,12280,-1,12280,12145,12147,-1,12280,12147,12276,-1,12276,12147,12140,-1,12276,12140,12277,-1,12281,12282,12283,-1,12283,12282,12284,-1,12285,12286,12287,-1,12288,12289,12290,-1,12290,12289,12291,-1,12290,12291,12292,-1,12292,12291,12293,-1,12292,12293,12294,-1,12141,12143,12278,-1,12284,12295,12283,-1,12283,12295,12296,-1,12283,12296,12297,-1,12297,12296,12285,-1,12297,12285,12298,-1,12298,12285,12287,-1,12299,12300,12301,-1,12153,12131,12151,-1,12151,12131,12129,-1,12151,12129,12293,-1,12293,12129,12302,-1,12293,12302,12294,-1,12294,12302,12303,-1,12294,12303,12304,-1,12278,12305,12141,-1,12141,12305,12281,-1,12141,12281,12288,-1,12288,12281,12283,-1,12288,12283,12289,-1,12304,12306,12294,-1,12294,12306,12307,-1,12294,12307,12308,-1,12308,12307,12299,-1,12308,12299,12309,-1,12309,12299,12301,-1,12131,12153,12133,-1,12133,12153,12155,-1,12133,12155,12135,-1,12135,12155,12157,-1,12159,12161,12310,-1,12310,12311,12159,-1,12159,12311,12312,-1,12159,12312,12157,-1,12157,12312,12125,-1,12157,12125,12135,-1,12163,12165,12313,-1,12313,12314,12163,-1,12163,12314,12315,-1,12163,12315,12161,-1,12161,12315,12316,-1,12161,12316,12310,-1,12317,12318,12319,-1,12319,12318,12320,-1,12319,12320,12321,-1,12313,12165,12167,-1,12320,12322,12321,-1,12321,12322,12323,-1,12321,12323,12324,-1,12324,12323,12325,-1,12313,12167,12325,-1,12325,12167,12326,-1,12325,12326,12327,-1,12327,12328,12325,-1,12325,12328,12329,-1,12325,12329,12324,-1,12321,12174,12319,-1,12319,12174,12170,-1,12319,12170,12330,-1,12330,12170,12331,-1,12330,12331,12332,-1,12332,12331,12333,-1,12206,12305,12205,-1,12205,12305,12278,-1,12205,12278,12230,-1,12230,12278,12279,-1,12230,12279,12229,-1,12229,12279,12280,-1,12229,12280,12228,-1,12262,12240,12260,-1,12260,12240,12231,-1,12260,12231,12270,-1,12270,12231,12226,-1,12270,12226,12272,-1,12272,12226,12227,-1,12272,12227,12274,-1,12274,12227,12228,-1,12274,12228,12276,-1,12276,12228,12280,-1,12204,12203,12334,-1,12334,12203,12335,-1,12334,12335,12336,-1,12336,12335,12337,-1,12336,12337,12338,-1,12338,12337,12339,-1,12338,12339,12340,-1,12340,12339,12341,-1,12340,12341,12342,-1,12342,12341,12343,-1,12342,12343,12344,-1,12344,12343,12345,-1,12346,12344,12345,-1,12345,12347,12346,-1,12346,12347,12348,-1,12346,12348,12349,-1,12349,12348,12350,-1,12351,12352,12353,-1,12350,12354,12349,-1,12349,12354,12355,-1,12349,12355,12356,-1,12356,12355,12357,-1,12357,12355,12353,-1,12353,12355,12358,-1,12353,12358,12351,-1,12359,12360,12361,-1,12361,12360,12362,-1,12361,12362,12363,-1,12363,12362,12364,-1,12363,12364,12365,-1,12366,12367,12368,-1,12368,12367,12369,-1,12366,12368,12364,-1,12364,12368,12370,-1,12364,12370,12365,-1,12371,12372,12369,-1,12369,12372,12373,-1,12369,12373,12368,-1,12360,12359,12374,-1,12360,12374,12375,-1,12375,12374,12376,-1,12375,12376,12377,-1,12377,12376,12378,-1,12377,12378,12379,-1,12379,12378,12380,-1,12379,12380,12381,-1,12381,12380,12382,-1,12381,12382,12383,-1,12383,12382,12287,-1,12383,12287,12286,-1,12346,12362,12344,-1,12344,12362,12360,-1,12344,12360,12342,-1,12342,12360,12375,-1,12342,12375,12340,-1,12340,12375,12377,-1,12340,12377,12338,-1,12338,12377,12379,-1,12338,12379,12336,-1,12336,12379,12381,-1,12336,12381,12334,-1,12334,12381,12383,-1,12334,12383,12204,-1,12204,12383,12286,-1,12204,12286,12212,-1,12212,12286,12285,-1,12202,12298,12203,-1,12203,12298,12287,-1,12203,12287,12335,-1,12335,12287,12382,-1,12335,12382,12337,-1,12337,12382,12380,-1,12337,12380,12339,-1,12339,12380,12378,-1,12339,12378,12341,-1,12341,12378,12376,-1,12341,12376,12343,-1,12343,12376,12374,-1,12343,12374,12345,-1,12345,12374,12359,-1,12345,12359,12347,-1,12347,12359,12361,-1,12384,12214,12301,-1,12301,12214,12200,-1,12301,12200,12309,-1,12299,12201,12300,-1,12300,12201,12213,-1,12300,12213,12385,-1,12301,12300,12384,-1,12384,12300,12385,-1,12386,12387,12388,-1,12389,12390,12385,-1,12385,12390,12391,-1,12385,12391,12384,-1,12389,12385,12392,-1,12392,12385,12393,-1,12392,12393,12394,-1,12394,12395,12392,-1,12392,12395,12396,-1,12392,12396,12387,-1,12387,12396,12397,-1,12387,12397,12388,-1,12386,12388,12398,-1,12398,12388,12399,-1,12398,12399,12400,-1,12400,12399,12401,-1,12400,12401,12402,-1,12403,12404,12405,-1,12405,12406,12407,-1,12408,12409,12410,-1,12410,12409,12411,-1,12410,12411,12405,-1,12405,12411,12412,-1,12405,12412,12406,-1,12407,12413,12405,-1,12405,12413,12414,-1,12405,12414,12403,-1,12408,12415,12409,-1,12409,12415,12416,-1,12409,12416,12417,-1,12417,12416,12418,-1,12412,12411,12419,-1,12412,12419,12420,-1,12420,12419,12421,-1,12420,12421,12422,-1,12422,12421,12423,-1,12422,12423,12424,-1,12424,12423,12425,-1,12425,12423,12426,-1,12426,12427,12425,-1,12425,12427,12428,-1,12425,12428,12429,-1,12429,12430,12425,-1,12425,12430,12249,-1,12425,12249,12251,-1,12425,12251,12256,-1,12256,12251,12253,-1,12237,12252,12235,-1,12235,12252,12431,-1,12431,12252,12250,-1,12432,12433,12434,-1,12434,12433,12431,-1,12434,12431,12435,-1,12435,12431,12436,-1,12250,12437,12431,-1,12431,12437,12438,-1,12431,12438,12436,-1,12433,12432,12439,-1,12439,12432,12440,-1,12439,12440,12441,-1,12441,12440,12442,-1,12441,12442,12443,-1,12443,12442,12444,-1,12445,12443,12444,-1,12446,12447,12444,-1,12448,12449,12450,-1,12450,12449,12451,-1,12450,12451,12452,-1,12446,12444,12453,-1,12448,12450,12454,-1,12454,12450,12455,-1,12454,12455,12444,-1,12444,12455,12456,-1,12444,12456,12453,-1,12447,12457,12444,-1,12444,12457,12458,-1,12444,12458,12445,-1,12456,12455,12405,-1,12405,12455,12410,-1,12445,12406,12443,-1,12443,12406,12412,-1,12443,12412,12441,-1,12441,12412,12420,-1,12441,12420,12439,-1,12439,12420,12422,-1,12439,12422,12433,-1,12433,12422,12424,-1,12433,12424,12431,-1,12431,12424,12425,-1,12431,12425,12235,-1,12235,12425,12256,-1,12235,12256,12236,-1,12236,12256,12255,-1,12317,12319,12459,-1,12459,12319,12330,-1,12459,12330,12332,-1,12460,12461,12462,-1,12462,12461,12459,-1,12462,12459,12463,-1,12463,12459,12464,-1,12332,12465,12459,-1,12459,12465,12466,-1,12459,12466,12464,-1,12461,12460,12467,-1,12461,12467,12468,-1,12468,12467,12469,-1,12468,12469,12470,-1,12470,12469,12471,-1,12470,12471,12472,-1,12473,12472,12474,-1,12475,12476,12477,-1,12471,12478,12472,-1,12472,12478,12479,-1,12474,12480,12473,-1,12473,12480,12475,-1,12473,12475,12481,-1,12481,12475,12477,-1,12479,12482,12472,-1,12472,12482,12483,-1,12472,12483,12484,-1,12484,12485,12472,-1,12472,12485,12486,-1,12472,12486,12474,-1,12487,12488,12486,-1,12486,12488,12474,-1,12489,12490,12491,-1,12491,12490,12492,-1,12493,12491,12494,-1,12494,12491,12487,-1,12487,12491,12488,-1,12488,12491,12492,-1,12488,12492,12495,-1,12495,12492,12496,-1,12495,12496,12497,-1,12497,12496,12498,-1,12497,12498,12499,-1,12493,12500,12491,-1,12491,12500,12501,-1,12491,12501,12502,-1,12490,12489,12503,-1,12503,12489,12504,-1,12503,12504,12505,-1,12505,12504,12506,-1,12505,12506,12507,-1,12507,12506,12508,-1,12507,12508,12509,-1,12509,12508,12510,-1,12510,12511,12509,-1,12509,12511,12512,-1,12509,12512,12513,-1,12513,12514,12509,-1,12509,12514,12333,-1,12509,12333,12331,-1,12331,12170,12509,-1,12509,12170,12169,-1,12171,12318,12169,-1,12169,12318,12317,-1,12169,12317,12509,-1,12509,12317,12459,-1,12509,12459,12507,-1,12507,12459,12461,-1,12507,12461,12505,-1,12505,12461,12468,-1,12505,12468,12503,-1,12503,12468,12470,-1,12503,12470,12490,-1,12490,12470,12472,-1,12490,12472,12492,-1,12492,12472,12473,-1,12491,12478,12489,-1,12489,12478,12471,-1,12489,12471,12504,-1,12504,12471,12469,-1,12504,12469,12506,-1,12506,12469,12467,-1,12506,12467,12508,-1,12508,12467,12460,-1,12508,12460,12510,-1,12510,12460,12462,-1,12464,12466,12512,-1,12512,12466,12513,-1,12436,12438,12428,-1,12428,12438,12429,-1,12434,12426,12432,-1,12432,12426,12423,-1,12432,12423,12440,-1,12440,12423,12421,-1,12440,12421,12442,-1,12442,12421,12419,-1,12442,12419,12444,-1,12444,12419,12411,-1,12444,12411,12454,-1,12454,12411,12409,-1,12362,12346,12349,-1,12362,12349,12364,-1,12364,12349,12356,-1,12364,12356,12366,-1,12366,12356,12357,-1,12366,12357,12367,-1,12367,12357,12353,-1,12367,12353,12369,-1,12369,12353,12352,-1,12369,12352,12371,-1,12371,12352,12351,-1,12371,12351,12372,-1,12347,12361,12363,-1,12347,12363,12348,-1,12348,12363,12365,-1,12348,12365,12350,-1,12350,12365,12370,-1,12350,12370,12354,-1,12354,12370,12368,-1,12354,12368,12355,-1,12355,12368,12373,-1,12355,12373,12358,-1,12358,12373,12372,-1,12358,12372,12351,-1,12254,12239,12248,-1,12254,12248,12266,-1,12266,12248,12242,-1,12266,12242,12264,-1,12264,12242,12241,-1,12264,12241,12265,-1,12265,12241,12246,-1,12265,12246,12267,-1,12267,12246,12245,-1,12267,12245,12268,-1,12268,12245,12240,-1,12268,12240,12262,-1,12174,12321,12324,-1,12174,12324,12179,-1,12179,12324,12329,-1,12179,12329,12180,-1,12180,12329,12328,-1,12180,12328,12181,-1,12181,12328,12327,-1,12181,12327,12182,-1,12182,12327,12326,-1,12182,12326,12178,-1,12178,12326,12167,-1,12178,12167,12168,-1,12212,12285,12188,-1,12188,12285,12296,-1,12188,12296,12189,-1,12189,12296,12295,-1,12189,12295,12190,-1,12190,12295,12284,-1,12190,12284,12208,-1,12208,12284,12282,-1,12208,12282,12207,-1,12207,12282,12281,-1,12207,12281,12206,-1,12206,12281,12305,-1,12298,12202,12297,-1,12297,12202,12211,-1,12297,12211,12283,-1,12283,12211,12186,-1,12283,12186,12289,-1,12289,12186,12185,-1,12289,12185,12291,-1,12291,12185,12191,-1,12291,12191,12293,-1,12293,12191,12193,-1,12293,12193,12151,-1,12151,12193,12152,-1,12201,12299,12199,-1,12199,12299,12307,-1,12199,12307,12197,-1,12197,12307,12306,-1,12197,12306,12196,-1,12196,12306,12304,-1,12196,12304,12209,-1,12209,12304,12303,-1,12209,12303,12210,-1,12210,12303,12302,-1,12210,12302,12128,-1,12128,12302,12129,-1,12309,12200,12308,-1,12308,12200,12198,-1,12308,12198,12294,-1,12294,12198,12195,-1,12294,12195,12292,-1,12292,12195,12194,-1,12292,12194,12290,-1,12290,12194,12192,-1,12290,12192,12288,-1,12288,12192,12187,-1,12288,12187,12141,-1,12141,12187,12142,-1,12402,12224,12400,-1,12400,12224,12223,-1,12400,12223,12398,-1,12398,12223,12386,-1,12386,12223,12222,-1,12386,12222,12387,-1,12387,12222,12392,-1,12392,12222,12217,-1,12392,12217,12389,-1,12389,12217,12216,-1,12389,12216,12390,-1,12390,12216,12215,-1,12390,12215,12391,-1,12391,12215,12214,-1,12391,12214,12384,-1,12385,12213,12221,-1,12385,12221,12393,-1,12393,12221,12220,-1,12393,12220,12394,-1,12394,12220,12219,-1,12394,12219,12395,-1,12225,12397,12219,-1,12219,12397,12396,-1,12219,12396,12395,-1,12218,12224,12402,-1,12402,12401,12218,-1,12218,12401,12399,-1,12218,12399,12225,-1,12225,12399,12388,-1,12225,12388,12397,-1,12478,12491,12502,-1,12478,12502,12479,-1,12479,12502,12501,-1,12479,12501,12482,-1,12482,12501,12500,-1,12482,12500,12483,-1,12483,12500,12493,-1,12483,12493,12484,-1,12484,12493,12494,-1,12484,12494,12485,-1,12485,12494,12487,-1,12485,12487,12486,-1,12474,12488,12495,-1,12474,12495,12480,-1,12480,12495,12497,-1,12480,12497,12475,-1,12475,12497,12499,-1,12475,12499,12476,-1,12476,12499,12498,-1,12476,12498,12477,-1,12477,12498,12496,-1,12477,12496,12481,-1,12481,12496,12492,-1,12481,12492,12473,-1,12456,12405,12404,-1,12456,12404,12453,-1,12453,12404,12403,-1,12453,12403,12446,-1,12446,12403,12414,-1,12446,12414,12447,-1,12447,12414,12413,-1,12447,12413,12457,-1,12457,12413,12407,-1,12457,12407,12458,-1,12458,12407,12406,-1,12458,12406,12445,-1,12454,12409,12417,-1,12454,12417,12448,-1,12448,12417,12418,-1,12448,12418,12449,-1,12449,12418,12416,-1,12449,12416,12451,-1,12451,12416,12415,-1,12451,12415,12452,-1,12452,12415,12408,-1,12452,12408,12450,-1,12450,12408,12410,-1,12450,12410,12455,-1,12236,12255,12238,-1,12238,12255,12259,-1,12238,12259,12247,-1,12247,12259,12258,-1,12247,12258,12243,-1,12243,12258,12257,-1,12243,12257,12244,-1,12244,12257,12263,-1,12244,12263,12232,-1,12232,12263,12515,-1,12263,12261,12515,-1,12515,12261,12269,-1,12515,12269,12234,-1,12234,12269,12271,-1,12234,12271,12139,-1,12139,12271,12273,-1,12273,12275,12139,-1,12139,12275,12277,-1,12139,12277,12140,-1,12318,12171,12320,-1,12320,12171,12172,-1,12320,12172,12322,-1,12322,12172,12173,-1,12322,12173,12323,-1,12323,12173,12175,-1,12323,12175,12325,-1,12325,12175,12177,-1,12325,12177,12313,-1,12313,12177,12176,-1,12313,12176,12314,-1,12125,12312,12126,-1,12126,12312,12311,-1,12126,12311,12310,-1,12310,12316,12126,-1,12126,12316,12315,-1,12126,12315,12183,-1,12183,12315,12314,-1,12183,12314,12184,-1,12184,12314,12176,-1,12436,12428,12427,-1,12436,12427,12435,-1,12435,12427,12426,-1,12435,12426,12434,-1,12250,12249,12430,-1,12250,12430,12437,-1,12437,12430,12429,-1,12437,12429,12438,-1,12464,12512,12511,-1,12464,12511,12463,-1,12463,12511,12510,-1,12463,12510,12462,-1,12332,12333,12514,-1,12332,12514,12465,-1,12465,12514,12513,-1,12465,12513,12466,-1,
        ]
    }
}
Shape{
    appearance Appearance {
        material  Material 	{
            diffuseColor 0.2235294117647059 0.2235294117647059 0.2235294117647059
            specularColor 0.11372549019607843 0.11372549019607843 0.11372549019607843
            ambientIntensity 0.2235
            transparency 0.0
            shininess 0.5
        }
    }
    geometry IndexedFaceSet {
        ccw TRUE
        solid FALSE
        coord DEF co Coordinate {
            point [
                8.0785 -0.0015 0.8344, 8.0785 -0.0015 0.7868, 8.0785 0.1141 0.7868, 8.0785 -0.0015 1.0249, 8.0785 -0.0015 0.9897, 8.0785 0.1141 0.9897, 8.0785 0.2454 1.1322, 8.0785 0.2454 1.0938, 8.0785 0.2778 1.0938, 8.0785 0.2515 0.8346, 8.0785 0.2489 0.8344, 8.0785 0.2778 0.8344, 8.0785 0.2267 0.8346, 8.0785 0.2229 0.836, 8.0785 0.2229 0.8344, 8.0785 0.3958 0.9417, 8.0785 0.3958 0.9032, 8.0785 0.4183 0.9032, 8.0785 -0.1058 1.0525, 8.0785 -0.0826 1.033, 8.0785 -0.0015 1.147, 8.0785 -0.201 1.147, 8.0785 -0.1814 1.1338, 8.0785 -0.1533 1.1014, 8.0785 -0.1352 1.0664, 8.0785 -0.1313 1.0651, 8.0785 -0.2623 1.1746, 8.0785 -0.2194 1.1595, 8.0785 -0.0015 2.8937, 8.0785 -0.3792 1.1578, 8.0785 -0.3398 1.173, 8.0785 -0.7899 2.8937, 8.0785 -0.2975 1.1783, 8.0785 -0.3966 1.147, 8.0785 -0.7899 1.147, 8.0785 -0.4 1.145, 8.0785 -0.7899 1.0249, 8.0785 -0.5834 1.0249, 8.0785 -0.576 1.0416, 8.0785 -0.5554 1.0681, 8.0785 -0.4909 1.1049, 8.0785 -0.4572 1.1091, 8.0785 -0.42 1.1278, 8.0785 -0.4473 1.1086, 8.0785 -0.4375 1.1074, 8.0785 -0.5497 1.0735, 8.0785 -0.5225 1.0926, 8.0785 -0.5331 0.855, 8.0785 -0.5596 0.8777, 8.0785 -0.7899 0.8344, 8.0785 -0.5022 0.84, 8.0785 -0.579 0.9053, 8.0785 -0.5913 0.9371, 8.0785 -0.7899 0.9897, 8.0785 -0.5955 0.9707, 8.0785 -0.5953 0.9788, 8.0785 -0.5933 0.9897, 8.0785 -0.5896 1.0109, 8.0785 -0.7899 0.7868, 8.0785 -0.4455 0.7868, 8.0785 -0.454 0.7904, 8.0785 -0.4913 0.8367, 8.0785 -0.4903 0.8344, 8.0785 -0.4831 0.8189, 8.0785 -0.4706 0.8032, 8.0785 -0.7899 0.1575, 8.0785 -0.7776 0.2953, 8.0785 -0.7776 0.1575, 8.0785 -0.4343 0.782, 8.0785 -0.4142 0.7787, 8.0785 -0.4102 0.7786, 8.0785 -0.0015 0.2953, 8.0785 -0.3905 0.7809, 8.0785 -0.34 0.8155, 8.0785 -0.3302 0.8344, 8.0785 -0.3301 0.8346, 8.0785 -0.3543 0.7996, 8.0785 -0.3714 0.788, 8.0785 -0.3746 0.7868, 8.0785 -0.0547 0.9826, 8.0785 -0.0507 0.9545, 8.0785 -0.2264 0.881, 8.0785 -0.2212 0.8848, 8.0785 -0.2053 0.9357, 8.0785 -0.5345 0.9383, 8.0785 -0.5235 0.9199, 8.0785 -0.4805 0.913, 8.0785 -0.508 0.9045, 8.0785 -0.4905 0.8939, 8.0785 -0.3462 0.9212, 8.0785 -0.2317 0.981, 8.0785 -0.3607 0.9345, 8.0785 -0.3787 0.9443, 8.0785 -0.1043 0.9633, 8.0785 -0.1089 0.9796, 8.0785 -0.1148 0.9897, 8.0785 -0.5397 0.9897, 8.0785 -0.2153 0.8871, 8.0785 -0.2087 0.8879, 8.0785 -0.2076 0.8878, 8.0785 -0.0653 0.8972, 8.0785 -0.0823 0.8734, 8.0785 -0.1054 0.8538, 8.0785 -0.1315 0.841, 8.0785 -0.4486 0.9409, 8.0785 -0.4662 0.929, 8.0785 -0.5417 0.9725, 8.0785 -0.5407 0.9593, 8.0785 -0.0546 0.9242, 8.0785 -0.205 0.8872, 8.0785 -0.2036 0.8871, 8.0785 -0.1651 0.8871, 8.0785 -0.2351 0.8614, 8.0785 -0.2349 0.8648, 8.0785 -0.3248 0.8725, 8.0785 -0.2332 0.8713, 8.0785 -0.2299 0.8771, 8.0785 -0.1213 0.9082, 8.0785 -0.1119 0.9212, 8.0785 -0.1059 0.9363, 8.0785 -0.1036 0.9537, 8.0785 -0.2208 0.838, 8.0785 -0.2264 0.8419, 8.0785 -0.2284 0.8439, 8.0785 -0.2321 0.8493, 8.0785 -0.2343 0.8551, 8.0785 -0.3252 0.8557, 8.0785 -0.3248 0.864, 8.0785 -0.4297 0.948, 8.0785 -0.4102 0.9503, 8.0785 -0.3993 0.9496, 8.0785 -0.16 0.835, 8.0785 -0.2104 0.835, 8.0785 -0.2152 0.8357, 8.0785 -0.1488 0.8903, 8.0785 -0.1338 0.8976, 8.0785 -0.5323 1.0113, 8.0785 -0.5394 0.9921, 8.0785 -0.1771 1.0203, 8.0785 -0.1703 1.0203, 8.0785 -0.1173 0.994, 8.0785 -0.1253 1.0028, 8.0785 -0.1385 1.0122, 8.0785 -0.1533 1.0181, 8.0785 -0.1958 1.0721, 8.0785 -0.2152 1.095, 8.0785 -0.4111 1.045, 8.0785 -0.2168 1.0964, 8.0785 -0.2407 1.1131, 8.0785 -0.3979 1.0722, 8.0785 -0.5231 1.0249, 8.0785 -0.4182 1.0489, 8.0785 -0.1781 1.0249, 8.0785 -0.1825 1.0446, 8.0785 -0.4374 1.0556, 8.0785 -0.4563 1.0578, 8.0785 -0.4646 1.0574, 8.0785 -0.3788 1.095, 8.0785 -0.2675 1.1234, 8.0785 -0.3561 1.1116, 8.0785 -0.2966 1.127, 8.0785 -0.3282 1.1229, 8.0785 -0.4857 1.0526, 8.0785 -0.5048 1.0426, 8.0785 -0.5207 1.0284, 8.0785 -0.0768 1.0249, 8.0785 -0.0652 1.0087, 8.0785 -0.0575 0.9897, 8.0785 0.4449 0.8491, 8.0785 0.4449 0.8354, 8.0785 0.4562 0.8344, 8.0785 0.4183 0.8344, 8.0785 0.4562 0.9897, 8.0785 0.4421 0.9417, 8.0785 0.4421 0.9555, 8.0785 0.3958 0.8491, 8.0785 0.4183 0.8491, 8.0785 0.3958 0.8895, 8.0785 0.4183 0.8895, 8.0785 0.4387 0.8895, 8.0785 0.4387 0.9032, 8.0785 0.4183 0.9417, 8.0785 0.4183 0.8354, 8.0785 0.3803 0.8354, 8.0785 0.3722 0.8344, 8.0785 0.3803 0.9555, 8.0785 0.1329 0.8765, 8.0785 0.135 0.9005, 8.0785 0.1298 0.8722, 8.0785 0.1277 0.8669, 8.0785 0.216 0.8539, 8.0785 0.1956 0.8906, 8.0785 0.216 0.8384, 8.0785 0.1956 0.8354, 8.0785 0.173 0.84, 8.0785 0.1677 0.8364, 8.0785 0.1805 0.8354, 8.0785 0.162 0.8344, 8.0785 0.1213 0.8344, 8.0785 0.1292 0.8464, 8.0785 0.1274 0.8515, 8.0785 0.1213 0.7868, 8.0785 0.1451 0.8344, 8.0785 0.1449 0.8344, 8.0785 0.1391 0.8366, 8.0785 0.1504 0.9216, 8.0785 0.1213 0.9897, 8.0785 0.1391 0.9174, 8.0785 0.135 0.9152, 8.0785 0.1376 0.8804, 8.0785 0.1441 0.8837, 8.0785 0.1447 0.9067, 8.0785 0.1551 0.8864, 8.0785 0.1683 0.9104, 8.0785 0.1632 0.9109, 8.0785 0.1541 0.91, 8.0785 0.134 0.8401, 8.0785 0.1323 0.8418, 8.0785 0.1805 0.8487, 8.0785 0.1801 0.8487, 8.0785 0.1778 0.8451, 8.0785 0.2219 0.8503, 8.0785 0.2229 0.8499, 8.0785 0.2229 0.8818, 8.0785 0.2167 0.9034, 8.0785 0.2184 0.9082, 8.0785 0.1891 0.9136, 8.0785 0.1646 0.9231, 8.0785 0.1738 0.9223, 8.0785 0.1801 0.9203, 8.0785 0.1267 0.8584, 8.0785 0.1267 0.8605, 8.0785 0.1945 0.9017, 8.0785 0.2167 0.8922, 8.0785 0.1805 0.8899, 8.0785 0.18 0.8966, 8.0785 0.1785 0.9019, 8.0785 0.1767 0.905, 8.0785 0.1921 0.9087, 8.0785 0.2161 0.898, 8.0785 0.2228 0.8819, 8.0785 0.2203 0.8845, 8.0785 0.2184 0.8876, 8.0785 0.1744 0.9074, 8.0785 0.1717 0.9092, 8.0785 0.2293 0.8344, 8.0785 0.2229 0.7868, 8.0785 0.2392 0.8334, 8.0785 0.2778 0.7868, 8.0785 0.2698 0.9193, 8.0785 0.2698 0.9047, 8.0785 0.2732 0.8527, 8.0785 0.2713 0.8479, 8.0785 0.2685 0.8439, 8.0785 0.2212 0.9123, 8.0785 0.2229 0.9138, 8.0785 0.2229 0.9897, 8.0785 0.2257 0.9163, 8.0785 0.2302 0.919, 8.0785 0.2384 0.9219, 8.0785 0.2495 0.9231, 8.0785 0.2778 0.9897, 8.0785 0.2578 0.9226, 8.0785 0.2689 0.8729, 8.0785 0.2717 0.8688, 8.0785 0.2733 0.8643, 8.0785 0.2739 0.8587, 8.0785 0.2642 0.8402, 8.0785 0.2597 0.8375, 8.0785 0.248 0.9109, 8.0785 0.2435 0.9106, 8.0785 0.2316 0.8994, 8.0785 0.2395 0.9095, 8.0785 0.2361 0.9077, 8.0785 0.2317 0.8974, 8.0785 0.2323 0.895, 8.0785 0.2334 0.893, 8.0785 0.2349 0.8914, 8.0785 0.2402 0.8881, 8.0785 0.2579 0.9098, 8.0785 0.2495 0.884, 8.0785 0.2664 0.9067, 8.0785 0.2553 0.8817, 8.0785 0.2653 0.8761, 8.0785 0.2339 0.9057, 8.0785 0.2326 0.9038, 8.0785 0.2318 0.9018, 8.0785 0.2313 0.8467, 8.0785 0.2388 0.8731, 8.0785 0.2299 0.8772, 8.0785 0.2407 0.8456, 8.0785 0.2414 0.8456, 8.0785 0.2487 0.869, 8.0785 0.2491 0.8465, 8.0785 0.2585 0.8572, 8.0785 0.2583 0.8591, 8.0785 0.253 0.8479, 8.0785 0.2543 0.8488, 8.0785 0.2561 0.8503, 8.0785 0.2574 0.8522, 8.0785 0.2581 0.8544, 8.0785 0.2576 0.8615, 8.0785 0.2565 0.8635, 8.0785 0.2546 0.8654, 8.0785 0.5003 1.0588, 8.0785 0.4562 1.0588, 8.0785 0.5125 1.0259, 8.0785 0.4562 1.0249, 8.0785 0.5297 1.0259, 8.0785 0.9843 1.0249, 8.0785 0.9843 1.147, 8.0785 0.4839 1.146, 8.0785 0.4562 1.147, 8.0785 0.4503 1.0588, 8.0785 0.4387 1.0259, 8.0785 0.4183 1.0249, 8.0785 0.4216 1.0259, 8.0785 0.4183 1.147, 8.0785 0.4562 1.1168, 8.0785 0.4674 1.146, 8.0785 0.3722 1.147, 8.0785 0.3058 1.147, 8.0785 0.3514 1.146, 8.0785 0.3172 1.146, 8.0785 0.3172 1.0259, 8.0785 0.3058 1.0249, 8.0785 0.3502 1.0259, 8.0785 0.3722 1.0249, 8.0785 0.3703 1.0283, 8.0785 0.4018 1.1252, 8.0785 0.409 1.1145, 8.0785 0.4114 1.0651, 8.0785 0.4053 1.0527, 8.0785 0.3968 1.1301, 8.0785 0.3968 1.0427, 8.0785 0.3841 1.0336, 8.0785 0.3722 1.0291, 8.0785 0.3705 1.1438, 8.0785 0.3722 1.1432, 8.0785 0.3849 1.1384, 8.0785 0.4133 1.1028, 8.0785 0.4149 1.0875, 8.0785 0.4145 1.079, 8.0785 0.2778 1.147, 8.0785 0.2917 1.146, 8.0785 0.2778 1.146, 8.0785 0.2454 1.0396, 8.0785 0.2778 1.0396, 8.0785 0.2454 1.08, 8.0785 0.2778 1.08, 8.0785 0.2883 1.08, 8.0785 0.2945 1.0396, 8.0785 0.2883 1.0938, 8.0785 0.2917 1.1322, 8.0785 0.2778 1.1322, 8.0785 0.2299 1.0259, 8.0785 0.2229 1.0249, 8.0785 0.2778 1.0249, 8.0785 0.2945 1.0259, 8.0785 0.2778 1.0259, 8.0785 0.2299 1.146, 8.0785 0.2229 1.147, 8.0785 0.7776 0.1575, 8.0785 0.9843 0.1575, 8.0785 0.7776 0.2953, 8.0785 0.9843 0.7868, 8.0785 0.4562 0.2953, 8.0785 0.1897 1.147, 8.0785 0.194 1.1467, 8.0785 0.2058 1.1431, 8.0785 0.2058 1.1269, 8.0785 0.2058 1.0458, 8.0785 0.2058 1.0309, 8.0785 0.1938 1.0263, 8.0785 0.1814 1.0249, 8.0785 0.1799 1.0379, 8.0785 0.1935 1.0403, 8.0785 0.1322 1.0835, 8.0785 0.1322 1.0846, 8.0785 0.1432 1.119, 8.0785 0.1376 1.1104, 8.0785 0.1338 1.0997, 8.0785 0.1917 1.1324, 8.0785 0.1775 1.1341, 8.0785 0.1722 1.1338, 8.0785 0.1619 1.1317, 8.0785 0.1341 1.0688, 8.0785 0.1379 1.059, 8.0785 0.144 1.0504, 8.0785 0.1549 1.0421, 8.0785 0.1636 1.0389, 8.0785 0.1748 1.0377, 8.0785 0.2039 1.128, 8.0785 0.1525 1.1272, 8.0785 0.1448 1.1207, 8.0785 0.1469 1.0475, 8.0785 0.1683 1.147, 8.0785 0.1774 1.1481, 8.0785 0.1213 2.8937, 8.0785 0.2229 2.8937, 8.0785 0.1785 1.148, 8.0785 0.1213 1.147, 8.0785 0.1613 1.1463, 8.0785 0.1485 1.1416, 8.0785 0.1249 1.1196, 8.0785 0.1333 1.1304, 8.0785 0.1367 1.1336, 8.0785 0.1213 1.0565, 8.0785 0.1183 1.064, 8.0785 0.1141 1.0249, 8.0785 0.1159 1.0837, 8.0785 0.1162 1.0909, 8.0785 0.1141 1.147, 8.0785 0.1191 1.1064, 8.0785 0.1213 1.1114, 8.0785 0.1232 1.0515, 8.0785 0.1213 1.0249, 8.0785 0.1313 1.0403, 8.0785 0.1404 1.0326, 8.0785 0.1726 1.0239, 8.0785 0.1851 0.9174, 8.0785 0.1645 1.0243, 8.0785 0.1619 1.0249, 8.0785 0.1517 1.0271, 8.0785 0.1616 0.8342, 8.0785 0.1539 0.8334, 8.0785 0.3485 0.9212, 8.0785 0.3641 0.9212, 8.0785 0.3722 0.9897, 8.0785 0.4183 0.9555, 8.0785 0.4183 0.9897, 8.0785 0.3299 0.8344, 8.0785 0.321 0.8567, 8.0785 0.3228 0.8496, 8.0785 0.3232 0.8496, 8.0785 0.3058 0.9897, 8.0785 0.3058 0.9003, 8.0785 0.3251 0.8566, 8.0785 0.3239 0.8526, 8.0785 0.3058 0.8599, 8.0785 0.2817 0.9212, 8.0785 0.2986 0.9212, 8.0785 0.3149 0.8344, 8.0785 0.3154 0.8356, 8.0785 0.3058 0.8146, 8.0785 0.3058 0.8146, 8.0785 0.3058 0.8344, 8.0785 0.3088 0.82, 8.0785 0.2848 0.8096, 8.0785 0.2848 0.7962, 8.0785 0.2879 0.8086, 8.0785 0.2934 0.8079, 8.0785 0.297 0.8083, 8.0785 0.3058 0.7977, 8.0785 0.3006 0.7957, 8.0785 0.3058 0.7868, 8.0785 0.2945 0.795, 8.0785 0.2912 0.7951, 8.0785 0.3003 0.8095, 8.0785 0.303 0.8114, 8.0785 0.3251 0.8224, 8.0785 0.3183 0.8092, 8.0785 0.3722 0.7868, 8.0785 0.3128 0.8026, 8.0785 0.3118 0.8016, 8.0785 0.3065 0.7979, 8.0785 -0.9843 0.1575, 8.0785 -0.9843 0.7868, 8.0785 -0.9843 0.8344, 8.0785 -0.9843 0.9897, 8.0785 -0.9843 1.0249, 8.0785 -0.9843 1.147, 8.0785 -0.9843 2.8937, 8.0785 0.111 1.0396, 8.0785 0.111 1.0259, 8.0785 0.0477 1.0259, 8.0785 0.0632 1.146, 8.0785 0.0632 1.0396, 8.0785 0.0477 1.146, 8.0785 0.1095 0.9417, 8.0785 0.1141 0.8344, 8.0785 0.1123 0.8491, 8.0785 0.1123 0.8354, 8.0785 0.0477 0.8354, 8.0785 0.0632 0.8895, 8.0785 0.0632 0.8491, 8.0785 0.1061 0.8895, 8.0785 0.1061 0.9032, 8.0785 0.0632 0.9032, 8.0785 0.0632 0.9417, 8.0785 0.0477 0.9555, 8.0785 0.1095 0.9555, 8.0785 0.1141 2.8937, 8.0785 0.4183 0.7868, 8.0785 0.4562 0.7868, 8.0785 0.2778 2.8937, 8.0785 0.3058 2.8937, 8.0785 0.3722 2.8937, 8.0785 0.4183 2.8937, 8.0785 0.4562 2.8937, 8.0785 0.9843 2.8937, 8.0785 0.5006 0.8354, 8.0785 0.4676 0.8354, 8.0785 0.4676 0.9555, 8.0785 0.6801 0.8354, 8.0785 0.663 0.8354, 8.0785 0.9843 0.8344, 8.0785 0.9843 0.9897, 8.0785 0.6343 0.9555, 8.0785 0.6507 0.8682, 8.0785 0.6007 0.8682, 8.0785 0.5891 0.8354, 8.0785 0.572 0.8354, 8.0785 0.5207 0.8378, 8.0785 0.6178 0.9555, 8.0785 0.5557 0.8622, 8.0785 0.5472 0.8522, 8.0785 0.5345 0.8431, 8.0785 0.5472 0.9396, 8.0785 0.5522 0.9346, 8.0785 0.5595 0.9239, 8.0785 0.5637 0.9122, 8.0785 0.5018 0.9555, 8.0785 0.521 0.9533, 8.0785 0.5353 0.9478, 8.0785 0.5654 0.897, 8.0785 0.5649 0.8885, 8.0785 0.5618 0.8745, 8.0785 0.4183 0.2953, 8.0785 0.3722 0.2953, 8.0785 0.3058 0.2953, 8.0785 0.2778 0.2953, 8.0785 0.2229 0.2953, 8.0785 0.1213 0.2953, 8.0785 0.1141 0.2953, -0.1163 0.7776 0.2953, 0.1159 0.7776 0.2953, -0.1163 0.2224 0.2953, 0.1159 0.2224 0.2953, 1.1159 -0.2224 0.2953, 1.1159 -0.7776 0.2953, 0.8837 -0.7776 0.2953, 0.8837 0.7776 0.2953, 1.1159 0.7776 0.2953, 0.8837 0.2224 0.2953, 1.1159 0.2224 0.2953, -0.8841 -0.7776 0.2953, -1.1163 -0.7776 0.2953, -0.8841 -0.2224 0.2953, -1.1163 -0.2224 0.2953, -2.1163 0.2224 0.2953, -2.1163 0.7776 0.2953, -1.8841 0.7776 0.2953, -1.8841 -0.7776 0.2953, -2.1163 -0.7776 0.2953, -1.8841 -0.2224 0.2953, -2.1163 -0.2224 0.2953, -0.1163 -0.2224 0.2953, -0.8841 0.2224 0.2953, 0.1159 -0.7776 0.2953, -0.1163 -0.7776 0.2953, 0.1159 -0.2224 0.2953, 1.8837 0.7776 0.2953, 2.1159 0.7776 0.2953, 1.8837 0.2224 0.2953, 2.1159 0.2224 0.2953, -1.1163 0.7776 0.2953, -0.8841 0.7776 0.2953, -1.1163 0.2224 0.2953, -2.8841 -0.7776 0.2953, -3.1163 -0.7776 0.2953, -2.8841 -0.2224 0.2953, -3.1163 -0.2224 0.2953, 2.1159 -0.7776 0.2953, 1.8837 -0.7776 0.2953, 2.1159 -0.2224 0.2953, 1.8837 -0.2224 0.2953, -3.1163 0.7776 0.2953, -2.8841 0.7776 0.2953, -3.1163 0.2224 0.2953, -2.8841 0.2224 0.2953, 0.8837 -0.2224 0.2953, 2.8837 0.7776 0.2953, 3.1159 0.7776 0.2953, 2.8837 0.2224 0.2953, 3.1159 0.2224 0.2953, -1.8841 0.2224 0.2953, -3.8841 -0.7776 0.2953, -4.1163 -0.7776 0.2953, -3.8841 -0.2224 0.2953, -4.1163 -0.2224 0.2953, 3.1159 -0.7776 0.2953, 2.8837 -0.7776 0.2953, 3.1159 -0.2224 0.2953, 2.8837 -0.2224 0.2953, -4.1163 0.7776 0.2953, -3.8841 0.7776 0.2953, -4.1163 0.2224 0.2953, -3.8841 0.2224 0.2953, 3.8837 0.7776 0.2953, 4.1159 0.7776 0.2953, 3.8837 0.2224 0.2953, 4.1159 0.2224 0.2953, -4.8841 -0.7776 0.2953, -5.1163 -0.7776 0.2953, -4.8841 -0.2224 0.2953, -5.1163 -0.2224 0.2953, 4.1159 -0.7776 0.2953, 3.8837 -0.7776 0.2953, 4.1159 -0.2224 0.2953, 3.8837 -0.2224 0.2953, -5.1163 0.7776 0.2953, -4.8841 0.7776 0.2953, -5.1163 0.2224 0.2953, -4.8841 0.2224 0.2953, 4.8837 0.7776 0.2953, 5.1159 0.7776 0.2953, 4.8837 0.2224 0.2953, 5.1159 0.2224 0.2953, -5.8841 -0.7776 0.2953, -6.1163 -0.7776 0.2953, -5.8841 -0.2224 0.2953, -6.1163 -0.2224 0.2953, 5.1159 -0.7776 0.2953, 4.8837 -0.7776 0.2953, 5.1159 -0.2224 0.2953, 4.8837 -0.2224 0.2953, -6.1163 0.7776 0.2953, -5.8841 0.7776 0.2953, -6.1163 0.2224 0.2953, -5.8841 0.2224 0.2953, 5.8837 0.7776 0.2953, 6.1159 0.7776 0.2953, 5.8837 0.2224 0.2953, 6.1159 0.2224 0.2953, -6.8841 -0.7776 0.2953, -7.1163 -0.7776 0.2953, -6.8841 -0.2224 0.2953, -7.1163 -0.2224 0.2953, 6.1159 -0.7776 0.2953, 5.8837 -0.7776 0.2953, 6.1159 -0.2224 0.2953, 5.8837 -0.2224 0.2953, -7.1163 0.7776 0.2953, -6.8841 0.7776 0.2953, -7.1163 0.2224 0.2953, -6.8841 0.2224 0.2953, 6.8837 0.7776 0.2953, 7.1159 0.7776 0.2953, 6.8837 0.2224 0.2953, 7.1159 0.2224 0.2953, -7.8841 -0.7776 0.2953, -8.0789 -0.7776 0.2953, -7.8841 -0.2224 0.2953, -8.0789 0.7776 0.2953, -7.8841 0.2224 0.2953, -7.8841 0.7776 0.2953, 7.1159 -0.7776 0.2953, 6.8837 -0.7776 0.2953, 7.1159 -0.2224 0.2953, 6.8837 -0.2224 0.2953, 7.8837 0.7776 0.2953, 7.8837 0.2224 0.2953, 7.8837 -0.2224 0.2953, 7.8837 -0.7776 0.2953, 8.0785 -0.8996 2.8937, 6.9998 -0.8996 2.8937, 7.1848 0.815 2.8937, 6.9998 0.9843 2.8937, 7.1848 0.185 2.8937, 6.9998 -0.0 2.8937, 7.8148 0.185 2.8937, 8.0785 -0.0 2.8937, 7.8148 0.815 2.8937, 6.1848 0.815 2.8937, 5.9998 0.9843 2.8937, 6.1848 0.185 2.8937, 5.9998 -0.0 2.8937, 6.8148 0.185 2.8937, 6.8148 0.815 2.8937, 5.1848 0.815 2.8937, 4.9998 0.9843 2.8937, 5.1848 0.185 2.8937, 4.9998 -0.0 2.8937, 5.8148 0.185 2.8937, 5.8148 0.815 2.8937, 4.1848 0.815 2.8937, 3.9998 0.9843 2.8937, 4.1848 0.185 2.8937, 3.9998 -0.0 2.8937, 4.8148 0.185 2.8937, 4.8148 0.815 2.8937, 3.1848 0.815 2.8937, 2.9998 0.9843 2.8937, 3.1848 0.185 2.8937, 2.9998 -0.0 2.8937, 3.8148 0.185 2.8937, 3.8148 0.815 2.8937, 2.1848 0.815 2.8937, 1.9998 0.9843 2.8937, 2.1848 0.185 2.8937, 1.9998 -0.0 2.8937, 2.8148 0.185 2.8937, 2.8148 0.815 2.8937, 1.1848 0.815 2.8937, 0.9998 0.9843 2.8937, 1.1848 0.185 2.8937, 0.9998 -0.0 2.8937, 1.8148 0.185 2.8937, 1.8148 0.815 2.8937, 0.1848 0.815 2.8937, -0.0002 0.9843 2.8937, 0.1848 0.185 2.8937, -0.0002 -0.0 2.8937, 0.8148 0.185 2.8937, 0.8148 0.815 2.8937, -0.8152 0.185 2.8937, -2.0002 -0.0 2.8937, -2.0002 0.9843 2.8937, -1.1852 0.815 2.8937, -1.8152 0.815 2.8937, -1.8152 0.185 2.8937, -1.1852 0.185 2.8937, -0.8152 0.815 2.8937, -0.1852 0.815 2.8937, -0.1852 0.185 2.8937, -2.8152 0.815 2.8937, -3.0002 0.9843 2.8937, -2.8152 0.185 2.8937, -3.0002 -0.0 2.8937, -2.1852 0.185 2.8937, -2.1852 0.815 2.8937, -3.8152 0.815 2.8937, -4.0002 0.9843 2.8937, -3.8152 0.185 2.8937, -4.0002 -0.0 2.8937, -3.1852 0.185 2.8937, -3.1852 0.815 2.8937, -4.8152 0.815 2.8937, -5.0002 0.9843 2.8937, -4.8152 0.185 2.8937, -5.0002 -0.0 2.8937, -4.1852 0.185 2.8937, -4.1852 0.815 2.8937, -5.8152 0.815 2.8937, -6.0002 0.9843 2.8937, -5.8152 0.185 2.8937, -6.0002 -0.0 2.8937, -5.1852 0.185 2.8937, -5.1852 0.815 2.8937, -6.8152 0.815 2.8937, -7.0002 0.9843 2.8937, -6.8152 0.185 2.8937, -7.0002 -0.0 2.8937, -6.1852 0.185 2.8937, -6.1852 0.815 2.8937, -7.8152 0.815 2.8937, -7.947 0.9843 2.8937, -7.8152 0.185 2.8937, -7.947 -0.0 2.8937, -7.1852 0.185 2.8937, -7.1852 0.815 2.8937, 7.1848 -0.185 2.8937, 7.1848 -0.815 2.8937, 7.8148 -0.815 2.8937, 7.8148 -0.185 2.8937, 6.1848 -0.185 2.8937, 6.1848 -0.815 2.8937, 5.9998 -0.8996 2.8937, 6.8148 -0.815 2.8937, 6.8148 -0.185 2.8937, 5.1848 -0.185 2.8937, 5.1848 -0.815 2.8937, 4.9998 -0.8996 2.8937, 5.8148 -0.815 2.8937, 5.8148 -0.185 2.8937, 4.1848 -0.185 2.8937, 4.1848 -0.815 2.8937, 3.9998 -0.8996 2.8937, 4.8148 -0.815 2.8937, 4.8148 -0.185 2.8937, 3.1848 -0.185 2.8937, 3.1848 -0.815 2.8937, 2.9998 -0.8996 2.8937, 3.8148 -0.815 2.8937, 3.8148 -0.185 2.8937, 2.1848 -0.185 2.8937, 2.1848 -0.815 2.8937, 1.9998 -0.8996 2.8937, 2.8148 -0.815 2.8937, 2.8148 -0.185 2.8937, 1.1848 -0.185 2.8937, 1.1848 -0.815 2.8937, 0.9998 -0.8996 2.8937, 1.8148 -0.815 2.8937, 1.8148 -0.185 2.8937, 0.1848 -0.185 2.8937, 0.1848 -0.815 2.8937, -0.0002 -0.8996 2.8937, 0.8148 -0.815 2.8937, 0.8148 -0.185 2.8937, -1.8152 -0.185 2.8937, -1.8152 -0.815 2.8937, -2.0002 -0.8996 2.8937, -1.1852 -0.815 2.8937, -0.8152 -0.815 2.8937, -1.1852 -0.185 2.8937, -0.8152 -0.185 2.8937, -0.1852 -0.185 2.8937, -0.1852 -0.815 2.8937, -2.8152 -0.185 2.8937, -2.8152 -0.815 2.8937, -3.0002 -0.8996 2.8937, -2.1852 -0.815 2.8937, -2.1852 -0.185 2.8937, -3.8152 -0.185 2.8937, -3.8152 -0.815 2.8937, -4.0002 -0.8996 2.8937, -3.1852 -0.815 2.8937, -3.1852 -0.185 2.8937, -4.8152 -0.185 2.8937, -4.8152 -0.815 2.8937, -5.0002 -0.8996 2.8937, -4.1852 -0.815 2.8937, -4.1852 -0.185 2.8937, -5.8152 -0.185 2.8937, -5.8152 -0.815 2.8937, -6.0002 -0.8996 2.8937, -5.1852 -0.815 2.8937, -5.1852 -0.185 2.8937, -6.8152 -0.185 2.8937, -6.8152 -0.815 2.8937, -7.0002 -0.8996 2.8937, -6.1852 -0.815 2.8937, -6.1852 -0.185 2.8937, -7.8152 -0.185 2.8937, -7.8152 -0.815 2.8937, -7.947 -0.8996 2.8937, -7.1852 -0.815 2.8937, -7.1852 -0.185 2.8937, -8.0789 0.9843 2.8937, -8.0789 -0.0 2.8937, -8.0789 -0.8996 2.8937, 6.9998 -0.9843 2.8937, 5.9998 -0.9843 2.8937, 4.9998 -0.9843 2.8937, 3.9998 -0.9843 2.8937, 2.9998 -0.9843 2.8937, 1.9998 -0.9843 2.8937, 0.9998 -0.9843 2.8937, -0.0002 -0.9843 2.8937, -2.0002 -0.9843 2.8937, -3.0002 -0.9843 2.8937, -4.0002 -0.9843 2.8937, -5.0002 -0.9843 2.8937, -6.0002 -0.9843 2.8937, -7.0002 -0.9843 2.8937, -7.947 -0.9843 2.8937, -8.0789 -0.9843 2.8937, -8.0789 0.7776 0.1575, -8.0789 0.9843 0.1575, -8.0789 -0.7776 0.1575, -8.0789 -0.9843 0.1575, 6.8837 0.7776 2.5787, 6.1159 0.7776 2.5787, 5.8837 0.7776 2.5787, 5.1159 0.7776 2.5787, 2.8837 0.7776 2.5787, 2.1159 0.7776 2.5787, 7.8837 0.7776 2.5787, 7.1159 0.7776 2.5787, 4.8837 0.7776 2.5787, 4.1159 0.7776 2.5787, 3.8837 0.7776 2.5787, 3.1159 0.7776 2.5787, 1.8837 0.7776 2.5787, 1.1159 0.7776 2.5787, 0.8837 0.7776 2.5787, 0.1159 0.7776 2.5787, -0.1163 0.7776 2.5787, -0.8841 0.7776 2.5787, -7.1163 0.7776 2.5787, -7.8841 0.7776 2.5787, -1.1163 0.7776 2.5787, -1.8841 0.7776 2.5787, -2.1163 0.7776 2.5787, -2.8841 0.7776 2.5787, -3.1163 0.7776 2.5787, -3.8841 0.7776 2.5787, -4.1163 0.7776 2.5787, -4.8841 0.7776 2.5787, -5.1163 0.7776 2.5787, -5.8841 0.7776 2.5787, -6.1163 0.7776 2.5787, -6.8841 0.7776 2.5787, -1.8841 -0.7776 2.5787, -1.1163 -0.7776 2.5787, -7.8841 -0.7776 2.5787, -7.1163 -0.7776 2.5787, -6.8841 -0.7776 2.5787, -6.1163 -0.7776 2.5787, 0.1159 -0.7776 2.5787, 0.8837 -0.7776 2.5787, -5.8841 -0.7776 2.5787, -5.1163 -0.7776 2.5787, -4.8841 -0.7776 2.5787, -4.1163 -0.7776 2.5787, -3.8841 -0.7776 2.5787, -3.1163 -0.7776 2.5787, -2.1163 -0.7776 2.5787, -2.8841 -0.7776 2.5787, -0.8841 -0.7776 2.5787, -0.1163 -0.7776 2.5787, 3.1159 -0.7776 2.5787, 3.8837 -0.7776 2.5787, 1.1159 -0.7776 2.5787, 1.8837 -0.7776 2.5787, 2.8837 -0.7776 2.5787, 2.1159 -0.7776 2.5787, 5.1159 -0.7776 2.5787, 5.8837 -0.7776 2.5787, 4.8837 -0.7776 2.5787, 4.1159 -0.7776 2.5787, 7.1159 -0.7776 2.5787, 7.8837 -0.7776 2.5787, 6.8837 -0.7776 2.5787, 6.1159 -0.7776 2.5787, 7.3423 -0.6575 2.5787, 7.3423 -0.6575 2.7362, 7.6573 -0.6575 2.5787, 7.6573 -0.6575 2.7362, 7.6573 -0.3425 2.7362, 7.3423 -0.3425 2.7362, 7.3423 -0.3425 2.5787, 7.6573 -0.3425 2.5787, 7.6573 0.6575 2.7362, 7.3423 0.6575 2.7362, 7.3423 0.6575 2.5787, 7.6573 0.6575 2.5787, 7.3423 0.3425 2.5787, 7.3423 0.3425 2.7362, 7.6573 0.3425 2.5787, 7.6573 0.3425 2.7362, 7.1159 -0.2224 2.5787, 7.8837 -0.2224 2.5787, 7.8837 0.2224 2.5787, 7.1159 0.2224 2.5787, 6.6573 0.6575 2.7362, 6.3423 0.6575 2.7362, 6.3423 0.6575 2.5787, 6.6573 0.6575 2.5787, 6.3423 0.3425 2.5787, 6.3423 0.3425 2.7362, 6.6573 0.3425 2.5787, 6.6573 0.3425 2.7362, -3.6577 -0.6575 2.5787, -3.6577 -0.6575 2.7362, -3.3427 -0.6575 2.5787, -3.3427 -0.6575 2.7362, -3.3427 -0.3425 2.7362, -3.6577 -0.3425 2.7362, -3.6577 -0.3425 2.5787, -3.3427 -0.3425 2.5787, -4.3427 0.6575 2.7362, -4.6577 0.6575 2.7362, -4.6577 0.6575 2.5787, -4.3427 0.6575 2.5787, -4.6577 0.3425 2.5787, -4.6577 0.3425 2.7362, -4.3427 0.3425 2.5787, -4.3427 0.3425 2.7362, -4.6577 -0.6575 2.5787, -4.6577 -0.6575 2.7362, -4.3427 -0.6575 2.5787, -4.3427 -0.6575 2.7362, -4.3427 -0.3425 2.7362, -4.6577 -0.3425 2.7362, -4.6577 -0.3425 2.5787, -4.3427 -0.3425 2.5787, -5.3427 0.6575 2.7362, -5.6577 0.6575 2.7362, -5.6577 0.6575 2.5787, -5.3427 0.6575 2.5787, -5.6577 0.3425 2.5787, -5.6577 0.3425 2.7362, -5.3427 0.3425 2.5787, -5.3427 0.3425 2.7362, -1.6577 -0.6575 2.5787, -1.6577 -0.6575 2.7362, -1.3427 -0.6575 2.5787, -1.3427 -0.6575 2.7362, -1.3427 -0.3425 2.7362, -1.6577 -0.3425 2.7362, -1.6577 -0.3425 2.5787, -1.3427 -0.3425 2.5787, -2.3427 0.6575 2.7362, -2.6577 0.6575 2.7362, -2.6577 0.6575 2.5787, -2.3427 0.6575 2.5787, -2.6577 0.3425 2.5787, -2.6577 0.3425 2.7362, -2.3427 0.3425 2.5787, -2.3427 0.3425 2.7362, -2.6577 -0.6575 2.5787, -2.6577 -0.6575 2.7362, -2.3427 -0.6575 2.5787, -2.3427 -0.6575 2.7362, -2.3427 -0.3425 2.7362, -2.6577 -0.3425 2.7362, -2.6577 -0.3425 2.5787, -2.3427 -0.3425 2.5787, -3.3427 0.6575 2.7362, -3.6577 0.6575 2.7362, -3.6577 0.6575 2.5787, -3.3427 0.6575 2.5787, -3.6577 0.3425 2.5787, -3.6577 0.3425 2.7362, -3.3427 0.3425 2.5787, -3.3427 0.3425 2.7362, -7.6577 -0.6575 2.5787, -7.6577 -0.6575 2.7362, -7.3427 -0.6575 2.5787, -7.3427 -0.6575 2.7362, -7.3427 -0.3425 2.7362, -7.6577 -0.3425 2.7362, -7.6577 -0.3425 2.5787, -7.3427 -0.3425 2.5787, -5.6577 -0.6575 2.5787, -5.6577 -0.6575 2.7362, -5.3427 -0.6575 2.5787, -5.3427 -0.6575 2.7362, -5.3427 -0.3425 2.7362, -5.6577 -0.3425 2.7362, -5.6577 -0.3425 2.5787, -5.3427 -0.3425 2.5787, -6.3427 0.6575 2.7362, -6.6577 0.6575 2.7362, -6.6577 0.6575 2.5787, -6.3427 0.6575 2.5787, -6.6577 0.3425 2.5787, -6.6577 0.3425 2.7362, -6.3427 0.3425 2.5787, -6.3427 0.3425 2.7362, -6.6577 -0.6575 2.5787, -6.6577 -0.6575 2.7362, -6.3427 -0.6575 2.5787, -6.3427 -0.6575 2.7362, -6.3427 -0.3425 2.7362, -6.6577 -0.3425 2.7362, -6.6577 -0.3425 2.5787, -6.3427 -0.3425 2.5787, -7.3427 0.6575 2.7362, -7.6577 0.6575 2.7362, -7.6577 0.6575 2.5787, -7.3427 0.6575 2.5787, -7.6577 0.3425 2.5787, -7.6577 0.3425 2.7362, -7.3427 0.3425 2.5787, -7.3427 0.3425 2.7362, 4.3423 -0.6575 2.5787, 4.3423 -0.6575 2.7362, 4.6573 -0.6575 2.5787, 4.6573 -0.6575 2.7362, 4.6573 -0.3425 2.7362, 4.3423 -0.3425 2.7362, 4.3423 -0.3425 2.5787, 4.6573 -0.3425 2.5787, 3.6573 0.6575 2.7362, 3.3423 0.6575 2.7362, 3.3423 0.6575 2.5787, 3.6573 0.6575 2.5787, 3.3423 0.3425 2.5787, 3.3423 0.3425 2.7362, 3.6573 0.3425 2.5787, 3.6573 0.3425 2.7362, 3.3423 -0.6575 2.5787, 3.3423 -0.6575 2.7362, 3.6573 -0.6575 2.5787, 3.6573 -0.6575 2.7362, 3.6573 -0.3425 2.7362, 3.3423 -0.3425 2.7362, 3.3423 -0.3425 2.5787, 3.6573 -0.3425 2.5787, 2.6573 0.6575 2.7362, 2.3423 0.6575 2.7362, 2.3423 0.6575 2.5787, 2.6573 0.6575 2.5787, 2.3423 0.3425 2.5787, 2.3423 0.3425 2.7362, 2.6573 0.3425 2.5787, 2.6573 0.3425 2.7362, 6.3423 -0.6575 2.5787, 6.3423 -0.6575 2.7362, 6.6573 -0.6575 2.5787, 6.6573 -0.6575 2.7362, 6.6573 -0.3425 2.7362, 6.3423 -0.3425 2.7362, 6.3423 -0.3425 2.5787, 6.6573 -0.3425 2.5787, 5.6573 0.6575 2.7362, 5.3423 0.6575 2.7362, 5.3423 0.6575 2.5787, 5.6573 0.6575 2.5787, 5.3423 0.3425 2.5787, 5.3423 0.3425 2.7362, 5.6573 0.3425 2.5787, 5.6573 0.3425 2.7362, 5.3423 -0.6575 2.5787, 5.3423 -0.6575 2.7362, 5.6573 -0.6575 2.5787, 5.6573 -0.6575 2.7362, 5.6573 -0.3425 2.7362, 5.3423 -0.3425 2.7362, 5.3423 -0.3425 2.5787, 5.6573 -0.3425 2.5787, 4.6573 0.6575 2.7362, 4.3423 0.6575 2.7362, 4.3423 0.6575 2.5787, 4.6573 0.6575 2.5787, 4.3423 0.3425 2.5787, 4.3423 0.3425 2.7362, 4.6573 0.3425 2.5787, 4.6573 0.3425 2.7362, 0.3423 -0.6575 2.5787, 0.3423 -0.6575 2.7362, 0.6573 -0.6575 2.5787, 0.6573 -0.6575 2.7362, 0.6573 -0.3425 2.7362, 0.3423 -0.3425 2.7362, 0.3423 -0.3425 2.5787, 0.6573 -0.3425 2.5787, -0.3427 0.6575 2.7362, -0.6577 0.6575 2.7362, -0.6577 0.6575 2.5787, -0.3427 0.6575 2.5787, -0.6577 0.3425 2.5787, -0.6577 0.3425 2.7362, -0.3427 0.3425 2.5787, -0.3427 0.3425 2.7362, -0.6577 -0.6575 2.5787, -0.6577 -0.6575 2.7362, -0.3427 -0.6575 2.5787, -0.3427 -0.6575 2.7362, -0.3427 -0.3425 2.7362, -0.6577 -0.3425 2.7362, -0.6577 -0.3425 2.5787, -0.3427 -0.3425 2.5787, -1.3427 0.6575 2.7362, -1.6577 0.6575 2.7362, -1.6577 0.6575 2.5787, -1.3427 0.6575 2.5787, -1.6577 0.3425 2.5787, -1.6577 0.3425 2.7362, -1.3427 0.3425 2.5787, -1.3427 0.3425 2.7362, 2.3423 -0.6575 2.5787, 2.3423 -0.6575 2.7362, 2.6573 -0.6575 2.5787, 2.6573 -0.6575 2.7362, 2.6573 -0.3425 2.7362, 2.3423 -0.3425 2.7362, 2.3423 -0.3425 2.5787, 2.6573 -0.3425 2.5787, 1.6573 0.6575 2.7362, 1.3423 0.6575 2.7362, 1.3423 0.6575 2.5787, 1.6573 0.6575 2.5787, 1.3423 0.3425 2.5787, 1.3423 0.3425 2.7362, 1.6573 0.3425 2.5787, 1.6573 0.3425 2.7362, 1.3423 -0.6575 2.5787, 1.3423 -0.6575 2.7362, 1.6573 -0.6575 2.5787, 1.6573 -0.6575 2.7362, 1.6573 -0.3425 2.7362, 1.3423 -0.3425 2.7362, 1.3423 -0.3425 2.5787, 1.6573 -0.3425 2.5787, 0.6573 0.6575 2.7362, 0.3423 0.6575 2.7362, 0.3423 0.6575 2.5787, 0.6573 0.6575 2.5787, 0.3423 0.3425 2.5787, 0.3423 0.3425 2.7362, 0.6573 0.3425 2.5787, 0.6573 0.3425 2.7362, -3.8841 -0.2224 2.5787, -3.1163 -0.2224 2.5787, -4.8841 -0.2224 2.5787, -4.1163 -0.2224 2.5787, -1.8841 -0.2224 2.5787, -1.1163 -0.2224 2.5787, -2.8841 -0.2224 2.5787, -2.1163 -0.2224 2.5787, -7.8841 -0.2224 2.5787, -7.1163 -0.2224 2.5787, -5.8841 -0.2224 2.5787, -5.1163 -0.2224 2.5787, -6.8841 -0.2224 2.5787, -6.1163 -0.2224 2.5787, 4.1159 -0.2224 2.5787, 4.8837 -0.2224 2.5787, 3.1159 -0.2224 2.5787, 3.8837 -0.2224 2.5787, 6.1159 -0.2224 2.5787, 6.8837 -0.2224 2.5787, 5.1159 -0.2224 2.5787, 5.8837 -0.2224 2.5787, 0.1159 -0.2224 2.5787, 0.8837 -0.2224 2.5787, -0.8841 -0.2224 2.5787, -0.1163 -0.2224 2.5787, 2.1159 -0.2224 2.5787, 2.8837 -0.2224 2.5787, 1.1159 -0.2224 2.5787, 1.8837 -0.2224 2.5787, 6.8837 0.2224 2.5787, 6.1159 0.2224 2.5787, -4.1163 0.2224 2.5787, -4.8841 0.2224 2.5787, -5.1163 0.2224 2.5787, -5.8841 0.2224 2.5787, -2.1163 0.2224 2.5787, -2.8841 0.2224 2.5787, -3.1163 0.2224 2.5787, -3.8841 0.2224 2.5787, -6.1163 0.2224 2.5787, -6.8841 0.2224 2.5787, -7.1163 0.2224 2.5787, -7.8841 0.2224 2.5787, 3.8837 0.2224 2.5787, 3.1159 0.2224 2.5787, 2.8837 0.2224 2.5787, 2.1159 0.2224 2.5787, 5.8837 0.2224 2.5787, 5.1159 0.2224 2.5787, 4.8837 0.2224 2.5787, 4.1159 0.2224 2.5787, -0.1163 0.2224 2.5787, -0.8841 0.2224 2.5787, -1.1163 0.2224 2.5787, -1.8841 0.2224 2.5787, 1.8837 0.2224 2.5787, 1.1159 0.2224 2.5787, 0.8837 0.2224 2.5787, 0.1159 0.2224 2.5787
            ]
        }
        coordIndex [
            0,1,2,-1,3,4,5,-1,6,7,8,-1,9,10,11,-1,12,13,14,-1,15,16,17,-1,18,19,20,-1,20,19,3,-1,21,22,20,-1,20,22,23,-1,23,24,20,-1,20,24,25,-1,20,25,18,-1,26,27,28,-1,29,30,31,-1,31,30,28,-1,28,30,32,-1,28,32,26,-1,29,31,33,-1,33,31,34,-1,33,34,35,-1,36,37,34,-1,34,37,38,-1,34,38,39,-1,34,40,35,-1,35,40,41,-1,35,41,42,-1,42,41,43,-1,42,43,44,-1,39,45,34,-1,34,45,46,-1,34,46,40,-1,47,48,49,-1,47,49,50,-1,48,51,49,-1,49,51,52,-1,49,52,53,-1,53,52,54,-1,54,55,53,-1,53,55,56,-1,53,56,36,-1,36,56,57,-1,36,57,37,-1,58,59,60,-1,61,50,62,-1,62,50,49,-1,62,49,63,-1,63,49,58,-1,63,58,64,-1,64,58,60,-1,58,65,66,-1,66,65,67,-1,59,58,68,-1,68,58,66,-1,68,66,69,-1,69,66,70,-1,70,66,71,-1,70,71,72,-1,73,1,74,-1,74,1,0,-1,74,0,75,-1,73,76,1,-1,1,76,77,-1,1,77,78,-1,79,80,4,-1,81,82,83,-1,84,85,86,-1,86,85,87,-1,86,87,88,-1,89,90,91,-1,91,90,92,-1,93,94,90,-1,90,94,95,-1,90,95,96,-1,82,97,83,-1,83,97,98,-1,83,98,99,-1,100,101,0,-1,0,101,102,-1,0,102,103,-1,104,96,105,-1,105,96,106,-1,105,106,86,-1,86,106,107,-1,86,107,84,-1,4,80,0,-1,0,80,108,-1,0,108,100,-1,99,109,83,-1,83,109,110,-1,83,110,111,-1,112,113,114,-1,114,113,115,-1,114,115,83,-1,83,115,116,-1,83,116,81,-1,117,118,83,-1,83,118,119,-1,83,119,90,-1,90,119,120,-1,90,120,93,-1,121,122,75,-1,75,122,123,-1,123,124,75,-1,75,124,125,-1,75,125,126,-1,126,125,112,-1,126,112,127,-1,127,112,114,-1,104,128,96,-1,96,128,129,-1,96,129,90,-1,90,129,130,-1,90,130,92,-1,103,131,0,-1,0,131,132,-1,0,132,75,-1,75,132,133,-1,75,133,121,-1,111,134,83,-1,83,134,135,-1,83,135,117,-1,136,137,138,-1,137,96,138,-1,138,96,95,-1,138,95,139,-1,139,95,140,-1,140,141,139,-1,139,141,142,-1,139,142,143,-1,144,145,146,-1,145,147,146,-1,146,147,148,-1,146,148,149,-1,150,146,151,-1,136,138,150,-1,150,138,152,-1,150,152,146,-1,146,152,153,-1,146,153,144,-1,151,154,150,-1,150,154,155,-1,150,155,156,-1,149,148,157,-1,157,148,158,-1,157,158,159,-1,159,158,160,-1,159,160,161,-1,162,163,156,-1,156,163,164,-1,156,164,150,-1,19,165,3,-1,3,165,166,-1,3,166,4,-1,4,166,167,-1,4,167,79,-1,168,169,170,-1,170,169,171,-1,168,172,173,-1,173,172,174,-1,175,176,177,-1,177,176,178,-1,178,176,179,-1,179,176,168,-1,179,168,180,-1,180,168,173,-1,180,173,17,-1,17,173,181,-1,17,181,15,-1,169,182,171,-1,171,182,183,-1,171,183,184,-1,184,183,185,-1,186,187,188,-1,188,187,189,-1,190,191,192,-1,192,191,193,-1,192,193,13,-1,194,195,196,-1,196,195,197,-1,196,197,193,-1,198,199,200,-1,201,202,198,-1,198,202,203,-1,198,203,204,-1,205,206,207,-1,207,206,208,-1,186,209,187,-1,187,209,210,-1,187,210,211,-1,211,210,212,-1,213,214,212,-1,212,214,215,-1,212,215,211,-1,204,216,198,-1,198,216,217,-1,198,217,199,-1,218,219,196,-1,196,219,220,-1,196,220,194,-1,221,222,223,-1,224,225,226,-1,205,227,206,-1,206,227,228,-1,206,228,229,-1,200,230,198,-1,198,230,231,-1,198,231,206,-1,206,231,189,-1,206,189,208,-1,208,189,187,-1,232,191,233,-1,234,235,212,-1,212,235,236,-1,212,236,237,-1,221,223,190,-1,226,238,224,-1,224,238,232,-1,224,232,239,-1,239,232,233,-1,223,240,190,-1,190,240,241,-1,190,241,191,-1,191,241,242,-1,191,242,233,-1,237,243,212,-1,212,243,244,-1,212,244,213,-1,12,14,245,-1,245,14,246,-1,245,246,247,-1,247,246,10,-1,10,246,248,-1,10,248,11,-1,249,250,11,-1,251,252,11,-1,11,252,253,-1,254,255,256,-1,256,255,257,-1,256,257,258,-1,258,259,256,-1,256,259,260,-1,256,260,261,-1,261,260,262,-1,261,262,249,-1,263,264,250,-1,250,264,265,-1,250,265,11,-1,11,265,266,-1,11,266,251,-1,253,267,11,-1,11,267,268,-1,11,268,9,-1,269,270,271,-1,271,270,272,-1,271,272,273,-1,271,274,269,-1,269,274,275,-1,269,275,276,-1,276,277,269,-1,269,277,278,-1,269,278,279,-1,279,278,280,-1,279,280,281,-1,281,280,282,-1,281,282,250,-1,250,282,283,-1,250,283,263,-1,284,285,273,-1,273,285,286,-1,273,286,271,-1,287,288,222,-1,222,288,289,-1,222,289,223,-1,287,290,288,-1,288,290,291,-1,288,291,292,-1,292,291,293,-1,292,294,295,-1,293,296,292,-1,292,296,297,-1,292,297,298,-1,298,299,292,-1,292,299,300,-1,292,300,294,-1,295,301,292,-1,292,301,302,-1,292,302,303,-1,304,305,306,-1,306,305,307,-1,306,307,308,-1,309,310,311,-1,311,310,312,-1,305,313,307,-1,307,313,314,-1,307,314,315,-1,315,314,316,-1,315,316,317,-1,317,316,318,-1,317,318,312,-1,312,318,319,-1,312,319,311,-1,320,321,322,-1,322,321,323,-1,323,321,324,-1,324,321,325,-1,324,325,326,-1,326,325,327,-1,326,327,328,-1,329,330,317,-1,331,332,315,-1,329,317,333,-1,332,334,315,-1,315,334,335,-1,315,335,327,-1,327,335,336,-1,327,336,328,-1,322,337,320,-1,320,337,338,-1,320,338,317,-1,317,338,339,-1,317,339,333,-1,330,340,317,-1,317,340,341,-1,317,341,315,-1,315,341,342,-1,315,342,331,-1,321,343,344,-1,344,343,345,-1,346,347,348,-1,348,347,349,-1,349,347,350,-1,350,347,351,-1,350,351,352,-1,352,351,353,-1,352,353,8,-1,8,353,354,-1,8,354,6,-1,355,356,357,-1,344,353,321,-1,321,353,351,-1,321,351,325,-1,325,351,358,-1,325,358,357,-1,357,358,359,-1,357,359,355,-1,345,343,360,-1,360,343,361,-1,360,361,355,-1,362,363,364,-1,364,363,365,-1,364,365,366,-1,367,368,361,-1,361,368,369,-1,361,369,370,-1,371,372,356,-1,356,372,373,-1,356,373,374,-1,375,376,377,-1,377,376,371,-1,377,371,378,-1,379,380,371,-1,371,380,381,-1,371,381,378,-1,382,383,371,-1,371,383,384,-1,371,384,385,-1,386,387,388,-1,389,390,377,-1,377,390,391,-1,377,391,375,-1,355,361,356,-1,356,361,370,-1,356,370,371,-1,371,370,392,-1,371,392,382,-1,385,393,371,-1,371,393,394,-1,371,394,379,-1,386,388,377,-1,377,388,395,-1,377,395,389,-1,396,397,398,-1,398,397,399,-1,399,397,400,-1,399,400,367,-1,396,401,402,-1,402,401,403,-1,404,405,401,-1,401,405,406,-1,401,406,403,-1,407,408,409,-1,410,411,412,-1,412,411,413,-1,412,413,401,-1,401,413,414,-1,401,414,404,-1,415,416,417,-1,417,416,418,-1,374,419,256,-1,256,419,206,-1,256,206,254,-1,254,206,229,-1,254,229,225,-1,225,229,420,-1,225,420,226,-1,419,421,206,-1,206,421,422,-1,206,422,416,-1,416,422,423,-1,416,423,418,-1,13,193,14,-1,14,193,197,-1,14,197,246,-1,246,197,424,-1,246,424,201,-1,201,424,425,-1,201,425,202,-1,426,427,428,-1,174,172,429,-1,429,172,430,-1,429,430,185,-1,185,430,428,-1,185,428,184,-1,184,428,427,-1,184,427,431,-1,432,433,434,-1,428,435,426,-1,426,435,436,-1,426,436,437,-1,437,436,432,-1,437,432,438,-1,438,432,434,-1,439,440,11,-1,249,11,261,-1,261,11,440,-1,261,440,435,-1,435,440,441,-1,435,441,436,-1,442,443,439,-1,444,445,446,-1,446,445,447,-1,446,447,442,-1,442,439,446,-1,446,439,11,-1,446,11,448,-1,448,11,248,-1,448,248,449,-1,448,450,446,-1,446,450,451,-1,446,451,452,-1,453,454,455,-1,455,454,456,-1,455,456,248,-1,248,456,457,-1,248,457,449,-1,452,458,446,-1,446,458,459,-1,446,459,444,-1,460,461,462,-1,460,462,431,-1,461,463,462,-1,462,463,464,-1,462,464,455,-1,455,464,465,-1,455,465,453,-1,466,65,467,-1,467,65,58,-1,467,58,468,-1,468,58,49,-1,468,49,469,-1,469,49,53,-1,469,53,470,-1,470,53,36,-1,470,36,471,-1,471,36,34,-1,471,34,472,-1,472,34,31,-1,473,474,409,-1,409,474,475,-1,476,412,20,-1,408,410,409,-1,409,410,412,-1,409,412,473,-1,473,412,476,-1,473,476,477,-1,5,409,3,-1,3,409,475,-1,3,475,20,-1,20,475,478,-1,20,478,476,-1,479,480,5,-1,479,481,480,-1,480,481,482,-1,480,482,483,-1,484,485,486,-1,486,485,481,-1,486,481,487,-1,487,481,479,-1,487,479,488,-1,488,479,489,-1,2,480,0,-1,0,480,483,-1,0,483,4,-1,4,483,490,-1,4,490,5,-1,5,490,491,-1,5,491,479,-1,396,398,401,-1,401,398,492,-1,401,492,412,-1,412,492,28,-1,412,28,20,-1,20,28,27,-1,20,27,21,-1,2,201,480,-1,480,201,198,-1,480,198,5,-1,5,198,206,-1,5,206,409,-1,409,206,416,-1,409,416,407,-1,407,416,415,-1,374,256,356,-1,356,256,261,-1,356,261,357,-1,357,261,435,-1,357,435,325,-1,325,435,428,-1,325,428,327,-1,327,428,430,-1,327,430,315,-1,315,430,172,-1,315,172,307,-1,431,462,184,-1,184,462,493,-1,184,493,171,-1,171,493,494,-1,171,494,170,-1,367,361,399,-1,399,361,343,-1,399,343,495,-1,495,343,321,-1,495,321,496,-1,496,321,320,-1,496,320,497,-1,497,320,317,-1,497,317,498,-1,498,317,312,-1,498,312,499,-1,499,312,310,-1,499,310,500,-1,501,502,170,-1,168,170,172,-1,172,170,502,-1,172,502,503,-1,504,505,170,-1,506,507,508,-1,509,510,505,-1,505,510,511,-1,505,511,170,-1,170,511,512,-1,170,512,501,-1,501,512,513,-1,311,308,309,-1,309,308,307,-1,309,307,507,-1,507,307,172,-1,507,172,508,-1,508,172,514,-1,515,516,512,-1,512,516,517,-1,512,517,513,-1,518,519,514,-1,514,519,520,-1,514,520,521,-1,503,522,172,-1,172,522,523,-1,172,523,514,-1,514,523,524,-1,514,524,518,-1,521,525,514,-1,514,525,526,-1,514,526,512,-1,512,526,527,-1,512,527,515,-1,508,504,506,-1,506,504,170,-1,506,170,365,-1,365,170,494,-1,365,494,366,-1,366,494,493,-1,366,493,528,-1,528,493,462,-1,528,462,529,-1,529,462,455,-1,529,455,530,-1,530,455,248,-1,530,248,531,-1,531,248,246,-1,531,246,532,-1,532,246,201,-1,532,201,533,-1,533,201,2,-1,533,2,534,-1,534,2,1,-1,534,1,71,-1,71,1,78,-1,71,78,72,-1,535,536,537,-1,537,536,538,-1,539,540,541,-1,542,543,544,-1,544,543,545,-1,546,547,548,-1,548,547,549,-1,550,551,552,-1,553,554,555,-1,555,554,556,-1,557,548,538,-1,538,548,549,-1,538,549,537,-1,537,549,558,-1,559,560,561,-1,561,560,557,-1,562,563,564,-1,564,563,565,-1,566,567,568,-1,568,567,558,-1,569,570,571,-1,571,570,572,-1,573,574,575,-1,575,574,576,-1,577,578,579,-1,579,578,580,-1,557,538,561,-1,561,538,544,-1,561,544,581,-1,582,583,584,-1,584,583,585,-1,558,549,568,-1,568,549,555,-1,568,555,586,-1,587,588,589,-1,589,588,590,-1,591,592,593,-1,593,592,594,-1,595,596,597,-1,597,596,598,-1,599,600,601,-1,601,600,602,-1,603,604,605,-1,605,604,606,-1,607,608,609,-1,609,608,610,-1,611,612,613,-1,613,612,614,-1,615,616,617,-1,617,616,618,-1,619,620,621,-1,621,620,622,-1,623,624,625,-1,625,624,626,-1,627,628,629,-1,629,628,630,-1,631,632,633,-1,633,632,634,-1,635,636,637,-1,637,636,638,-1,639,640,641,-1,641,640,642,-1,643,644,645,-1,645,644,646,-1,647,648,649,-1,649,648,650,-1,651,652,653,-1,653,652,654,-1,653,654,655,-1,655,654,656,-1,552,586,550,-1,550,586,555,-1,550,555,580,-1,580,555,556,-1,580,556,579,-1,579,556,571,-1,579,571,598,-1,598,571,572,-1,598,572,597,-1,597,572,589,-1,597,589,614,-1,614,589,590,-1,614,590,613,-1,613,590,605,-1,613,605,630,-1,630,605,606,-1,630,606,629,-1,629,606,621,-1,629,621,646,-1,646,621,622,-1,646,622,645,-1,645,622,637,-1,645,637,655,-1,655,637,638,-1,655,638,653,-1,657,658,659,-1,659,658,660,-1,661,364,662,-1,662,364,66,-1,662,66,663,-1,663,66,664,-1,541,581,539,-1,539,581,544,-1,539,544,576,-1,576,544,545,-1,576,545,575,-1,575,545,564,-1,575,564,594,-1,594,564,565,-1,594,565,593,-1,593,565,584,-1,593,584,610,-1,610,584,585,-1,610,585,609,-1,609,585,601,-1,609,601,626,-1,626,601,602,-1,626,602,625,-1,625,602,617,-1,625,617,642,-1,642,617,618,-1,642,618,641,-1,641,618,633,-1,641,633,660,-1,660,633,634,-1,660,634,659,-1,659,634,649,-1,659,649,663,-1,663,649,650,-1,663,650,662,-1,472,665,666,-1,667,668,669,-1,669,668,670,-1,669,670,671,-1,671,670,672,-1,671,672,673,-1,673,672,500,-1,673,500,667,-1,667,500,668,-1,674,675,676,-1,676,675,677,-1,676,677,678,-1,678,677,670,-1,678,670,679,-1,679,670,668,-1,679,668,674,-1,674,668,675,-1,680,681,682,-1,682,681,683,-1,682,683,684,-1,684,683,677,-1,684,677,685,-1,685,677,675,-1,685,675,680,-1,680,675,681,-1,686,687,688,-1,688,687,689,-1,688,689,690,-1,690,689,683,-1,690,683,691,-1,691,683,681,-1,691,681,686,-1,686,681,687,-1,692,693,694,-1,694,693,695,-1,694,695,696,-1,696,695,689,-1,696,689,697,-1,697,689,687,-1,697,687,692,-1,692,687,693,-1,698,699,700,-1,700,699,701,-1,700,701,702,-1,702,701,695,-1,702,695,703,-1,703,695,693,-1,703,693,698,-1,698,693,699,-1,704,705,706,-1,706,705,707,-1,706,707,708,-1,708,707,701,-1,708,701,709,-1,709,701,699,-1,709,699,704,-1,704,699,705,-1,710,711,712,-1,712,711,713,-1,712,713,714,-1,714,713,707,-1,714,707,715,-1,715,707,705,-1,715,705,710,-1,710,705,711,-1,716,717,713,-1,711,718,719,-1,719,718,720,-1,720,718,721,-1,721,718,717,-1,721,717,722,-1,722,717,716,-1,722,716,719,-1,719,716,723,-1,719,723,711,-1,711,723,724,-1,711,724,713,-1,713,724,725,-1,713,725,716,-1,726,727,728,-1,728,727,729,-1,728,729,730,-1,730,729,717,-1,730,717,731,-1,731,717,718,-1,731,718,726,-1,726,718,727,-1,732,733,734,-1,734,733,735,-1,734,735,736,-1,736,735,729,-1,736,729,737,-1,737,729,727,-1,737,727,732,-1,732,727,733,-1,738,739,740,-1,740,739,741,-1,740,741,742,-1,742,741,735,-1,742,735,743,-1,743,735,733,-1,743,733,738,-1,738,733,739,-1,744,745,746,-1,746,745,747,-1,746,747,748,-1,748,747,741,-1,748,741,749,-1,749,741,739,-1,749,739,744,-1,744,739,745,-1,750,751,752,-1,752,751,753,-1,752,753,754,-1,754,753,747,-1,754,747,755,-1,755,747,745,-1,755,745,750,-1,750,745,751,-1,756,757,758,-1,758,757,759,-1,758,759,760,-1,760,759,753,-1,760,753,761,-1,761,753,751,-1,761,751,756,-1,756,751,757,-1,762,670,763,-1,763,670,666,-1,763,666,764,-1,764,666,665,-1,764,665,765,-1,765,665,672,-1,765,672,762,-1,762,672,670,-1,766,677,767,-1,767,677,768,-1,767,768,769,-1,769,768,666,-1,769,666,770,-1,770,666,670,-1,770,670,766,-1,766,670,677,-1,771,683,772,-1,772,683,773,-1,772,773,774,-1,774,773,768,-1,774,768,775,-1,775,768,677,-1,775,677,771,-1,771,677,683,-1,776,689,777,-1,777,689,778,-1,777,778,779,-1,779,778,773,-1,779,773,780,-1,780,773,683,-1,780,683,776,-1,776,683,689,-1,781,695,782,-1,782,695,783,-1,782,783,784,-1,784,783,778,-1,784,778,785,-1,785,778,689,-1,785,689,781,-1,781,689,695,-1,786,701,787,-1,787,701,788,-1,787,788,789,-1,789,788,783,-1,789,783,790,-1,790,783,695,-1,790,695,786,-1,786,695,701,-1,791,707,792,-1,792,707,793,-1,792,793,794,-1,794,793,788,-1,794,788,795,-1,795,788,701,-1,795,701,791,-1,791,701,707,-1,796,713,797,-1,797,713,798,-1,797,798,799,-1,799,798,793,-1,799,793,800,-1,800,793,707,-1,800,707,796,-1,796,707,713,-1,801,717,802,-1,802,717,803,-1,802,803,804,-1,803,798,804,-1,804,798,805,-1,804,805,806,-1,806,805,807,-1,801,806,717,-1,717,806,807,-1,717,807,713,-1,713,807,808,-1,713,808,798,-1,798,808,809,-1,798,809,805,-1,810,729,811,-1,811,729,812,-1,811,812,813,-1,813,812,803,-1,813,803,814,-1,814,803,717,-1,814,717,810,-1,810,717,729,-1,815,735,816,-1,816,735,817,-1,816,817,818,-1,818,817,812,-1,818,812,819,-1,819,812,729,-1,819,729,815,-1,815,729,735,-1,820,741,821,-1,821,741,822,-1,821,822,823,-1,823,822,817,-1,823,817,824,-1,824,817,735,-1,824,735,820,-1,820,735,741,-1,825,747,826,-1,826,747,827,-1,826,827,828,-1,828,827,822,-1,828,822,829,-1,829,822,741,-1,829,741,825,-1,825,741,747,-1,830,753,831,-1,831,753,832,-1,831,832,833,-1,833,832,827,-1,833,827,834,-1,834,827,747,-1,834,747,830,-1,830,747,753,-1,835,759,836,-1,836,759,837,-1,836,837,838,-1,838,837,832,-1,838,832,839,-1,839,832,753,-1,839,753,835,-1,835,753,759,-1,757,840,759,-1,759,840,841,-1,759,841,837,-1,837,841,842,-1,472,666,843,-1,843,666,768,-1,843,768,844,-1,844,768,773,-1,844,773,845,-1,845,773,778,-1,845,778,846,-1,846,778,783,-1,846,783,847,-1,847,783,788,-1,847,788,848,-1,848,788,793,-1,848,793,849,-1,849,793,798,-1,849,798,850,-1,850,798,803,-1,850,803,851,-1,851,803,812,-1,851,812,852,-1,852,812,817,-1,852,817,853,-1,853,817,822,-1,853,822,854,-1,854,822,827,-1,854,827,855,-1,855,827,832,-1,855,832,856,-1,856,832,837,-1,856,837,857,-1,857,837,842,-1,857,842,858,-1,859,860,362,-1,362,860,363,-1,840,500,860,-1,860,500,363,-1,860,859,654,-1,861,862,652,-1,652,862,858,-1,652,858,654,-1,654,858,840,-1,654,840,860,-1,472,858,466,-1,466,858,862,-1,67,466,861,-1,861,466,862,-1,647,863,864,-1,362,364,661,-1,362,632,631,-1,865,866,631,-1,631,866,616,-1,631,616,362,-1,362,616,615,-1,582,867,868,-1,869,870,661,-1,661,870,648,-1,661,648,362,-1,362,648,647,-1,362,647,632,-1,632,647,864,-1,871,872,615,-1,615,872,600,-1,615,600,362,-1,362,600,599,-1,563,562,362,-1,873,874,599,-1,599,874,583,-1,599,583,362,-1,362,583,582,-1,362,582,563,-1,563,582,868,-1,875,876,562,-1,562,876,543,-1,562,543,362,-1,362,543,542,-1,877,878,542,-1,542,878,536,-1,542,536,362,-1,362,536,535,-1,879,880,535,-1,535,880,567,-1,535,567,362,-1,362,567,566,-1,643,881,882,-1,654,859,656,-1,656,859,362,-1,883,884,566,-1,566,884,552,-1,566,552,362,-1,362,552,551,-1,885,886,551,-1,551,886,578,-1,551,578,362,-1,362,578,577,-1,887,888,577,-1,577,888,596,-1,577,596,362,-1,362,596,595,-1,889,890,595,-1,595,890,612,-1,595,612,362,-1,362,612,611,-1,891,892,611,-1,611,892,628,-1,611,628,362,-1,362,628,627,-1,893,894,627,-1,627,894,644,-1,627,644,362,-1,362,644,643,-1,362,643,656,-1,656,643,882,-1,67,861,651,-1,651,861,652,-1,553,895,896,-1,897,898,651,-1,651,898,636,-1,651,636,67,-1,67,636,635,-1,899,900,635,-1,635,900,620,-1,635,620,67,-1,67,620,619,-1,559,901,902,-1,903,904,619,-1,619,904,604,-1,619,604,67,-1,67,604,603,-1,541,540,67,-1,905,906,603,-1,603,906,588,-1,603,588,67,-1,67,588,587,-1,664,66,67,-1,67,547,546,-1,907,908,587,-1,587,908,570,-1,587,570,67,-1,67,570,569,-1,896,547,553,-1,553,547,67,-1,553,67,554,-1,554,67,569,-1,554,569,909,-1,909,569,910,-1,911,912,546,-1,546,912,560,-1,546,560,67,-1,67,560,559,-1,67,559,541,-1,541,559,902,-1,591,913,914,-1,608,607,67,-1,915,916,540,-1,540,916,574,-1,540,574,67,-1,67,574,573,-1,914,608,591,-1,591,608,67,-1,591,67,592,-1,592,67,573,-1,592,573,917,-1,917,573,918,-1,623,919,920,-1,640,639,67,-1,920,640,623,-1,623,640,67,-1,623,67,624,-1,624,67,607,-1,624,607,921,-1,921,607,922,-1,657,923,924,-1,924,664,657,-1,657,664,67,-1,657,67,658,-1,658,67,639,-1,658,639,925,-1,925,639,926,-1,927,928,929,-1,929,928,930,-1,930,928,764,-1,764,928,763,-1,765,762,931,-1,931,762,932,-1,932,933,931,-1,931,933,934,-1,928,927,932,-1,932,927,933,-1,931,934,930,-1,930,934,929,-1,673,667,935,-1,935,667,936,-1,936,937,935,-1,935,937,938,-1,939,940,941,-1,941,940,942,-1,942,940,671,-1,671,940,669,-1,940,939,936,-1,936,939,937,-1,935,938,942,-1,942,938,941,-1,929,924,927,-1,927,924,923,-1,927,923,933,-1,933,923,943,-1,933,943,934,-1,934,943,944,-1,934,944,929,-1,929,944,924,-1,943,659,944,-1,944,659,663,-1,657,659,923,-1,923,659,943,-1,663,664,944,-1,944,664,924,-1,938,869,941,-1,941,869,945,-1,941,945,939,-1,939,945,946,-1,939,946,937,-1,937,946,870,-1,937,870,938,-1,938,870,869,-1,650,946,662,-1,662,946,945,-1,650,648,946,-1,946,648,870,-1,661,662,869,-1,869,662,945,-1,930,764,931,-1,931,764,765,-1,763,928,762,-1,762,928,932,-1,936,667,940,-1,940,667,669,-1,673,935,671,-1,671,935,942,-1,679,674,947,-1,947,674,948,-1,948,949,947,-1,947,949,950,-1,951,952,953,-1,953,952,954,-1,954,952,678,-1,678,952,676,-1,952,951,948,-1,948,951,949,-1,947,950,954,-1,954,950,953,-1,955,956,957,-1,957,956,958,-1,958,956,818,-1,818,956,816,-1,819,815,959,-1,959,815,960,-1,960,961,959,-1,959,961,962,-1,956,955,960,-1,960,955,961,-1,959,962,958,-1,958,962,957,-1,743,738,963,-1,963,738,964,-1,964,965,963,-1,963,965,966,-1,967,968,969,-1,969,968,970,-1,970,968,742,-1,742,968,740,-1,968,967,964,-1,964,967,965,-1,963,966,970,-1,970,966,969,-1,971,972,973,-1,973,972,974,-1,974,972,823,-1,823,972,821,-1,824,820,975,-1,975,820,976,-1,976,977,975,-1,975,977,978,-1,972,971,976,-1,976,971,977,-1,975,978,974,-1,974,978,973,-1,749,744,979,-1,979,744,980,-1,980,981,979,-1,979,981,982,-1,983,984,985,-1,985,984,986,-1,986,984,748,-1,748,984,746,-1,984,983,980,-1,980,983,981,-1,979,982,986,-1,986,982,985,-1,987,988,989,-1,989,988,990,-1,990,988,804,-1,804,988,802,-1,806,801,991,-1,991,801,992,-1,992,993,991,-1,991,993,994,-1,988,987,992,-1,992,987,993,-1,991,994,990,-1,990,994,989,-1,731,726,995,-1,995,726,996,-1,996,997,995,-1,995,997,998,-1,999,1000,1001,-1,1001,1000,1002,-1,1002,1000,730,-1,730,1000,728,-1,1000,999,996,-1,996,999,997,-1,995,998,1002,-1,1002,998,1001,-1,1003,1004,1005,-1,1005,1004,1006,-1,1006,1004,813,-1,813,1004,811,-1,814,810,1007,-1,1007,810,1008,-1,1008,1009,1007,-1,1007,1009,1010,-1,1004,1003,1008,-1,1008,1003,1009,-1,1007,1010,1006,-1,1006,1010,1005,-1,737,732,1011,-1,1011,732,1012,-1,1012,1013,1011,-1,1011,1013,1014,-1,1015,1016,1017,-1,1017,1016,1018,-1,1018,1016,736,-1,736,1016,734,-1,1016,1015,1012,-1,1012,1015,1013,-1,1011,1014,1018,-1,1018,1014,1017,-1,1019,1020,1021,-1,1021,1020,1022,-1,1022,1020,838,-1,838,1020,836,-1,839,835,1023,-1,1023,835,1024,-1,1024,1025,1023,-1,1023,1025,1026,-1,1020,1019,1024,-1,1024,1019,1025,-1,1023,1026,1022,-1,1022,1026,1021,-1,1027,1028,1029,-1,1029,1028,1030,-1,1030,1028,828,-1,828,1028,826,-1,829,825,1031,-1,1031,825,1032,-1,1032,1033,1031,-1,1031,1033,1034,-1,1028,1027,1032,-1,1032,1027,1033,-1,1031,1034,1030,-1,1030,1034,1029,-1,755,750,1035,-1,1035,750,1036,-1,1036,1037,1035,-1,1035,1037,1038,-1,1039,1040,1041,-1,1041,1040,1042,-1,1042,1040,754,-1,754,1040,752,-1,1040,1039,1036,-1,1036,1039,1037,-1,1035,1038,1042,-1,1042,1038,1041,-1,1043,1044,1045,-1,1045,1044,1046,-1,1046,1044,833,-1,833,1044,831,-1,834,830,1047,-1,1047,830,1048,-1,1048,1049,1047,-1,1047,1049,1050,-1,1044,1043,1048,-1,1048,1043,1049,-1,1047,1050,1046,-1,1046,1050,1045,-1,761,756,1051,-1,1051,756,1052,-1,1052,1053,1051,-1,1051,1053,1054,-1,1055,1056,1057,-1,1057,1056,1058,-1,1058,1056,760,-1,760,1056,758,-1,1056,1055,1052,-1,1052,1055,1053,-1,1051,1054,1058,-1,1058,1054,1057,-1,1059,1060,1061,-1,1061,1060,1062,-1,1062,1060,779,-1,779,1060,777,-1,780,776,1063,-1,1063,776,1064,-1,1064,1065,1063,-1,1063,1065,1066,-1,1060,1059,1064,-1,1064,1059,1065,-1,1063,1066,1062,-1,1062,1066,1061,-1,697,692,1067,-1,1067,692,1068,-1,1068,1069,1067,-1,1067,1069,1070,-1,1071,1072,1073,-1,1073,1072,1074,-1,1074,1072,696,-1,696,1072,694,-1,1072,1071,1068,-1,1068,1071,1069,-1,1067,1070,1074,-1,1074,1070,1073,-1,1075,1076,1077,-1,1077,1076,1078,-1,1078,1076,784,-1,784,1076,782,-1,785,781,1079,-1,1079,781,1080,-1,1080,1081,1079,-1,1079,1081,1082,-1,1076,1075,1080,-1,1080,1075,1081,-1,1079,1082,1078,-1,1078,1082,1077,-1,703,698,1083,-1,1083,698,1084,-1,1084,1085,1083,-1,1083,1085,1086,-1,1087,1088,1089,-1,1089,1088,1090,-1,1090,1088,702,-1,702,1088,700,-1,1088,1087,1084,-1,1084,1087,1085,-1,1083,1086,1090,-1,1090,1086,1089,-1,1091,1092,1093,-1,1093,1092,1094,-1,1094,1092,769,-1,769,1092,767,-1,770,766,1095,-1,1095,766,1096,-1,1096,1097,1095,-1,1095,1097,1098,-1,1092,1091,1096,-1,1096,1091,1097,-1,1095,1098,1094,-1,1094,1098,1093,-1,685,680,1099,-1,1099,680,1100,-1,1100,1101,1099,-1,1099,1101,1102,-1,1103,1104,1105,-1,1105,1104,1106,-1,1106,1104,684,-1,684,1104,682,-1,1104,1103,1100,-1,1100,1103,1101,-1,1099,1102,1106,-1,1106,1102,1105,-1,1107,1108,1109,-1,1109,1108,1110,-1,1110,1108,774,-1,774,1108,772,-1,775,771,1111,-1,1111,771,1112,-1,1112,1113,1111,-1,1111,1113,1114,-1,1108,1107,1112,-1,1112,1107,1113,-1,1111,1114,1110,-1,1110,1114,1109,-1,691,686,1115,-1,1115,686,1116,-1,1116,1117,1115,-1,1115,1117,1118,-1,1119,1120,1121,-1,1121,1120,1122,-1,1122,1120,690,-1,690,1120,688,-1,1120,1119,1116,-1,1116,1119,1117,-1,1115,1118,1122,-1,1122,1118,1121,-1,1123,1124,1125,-1,1125,1124,1126,-1,1126,1124,799,-1,799,1124,797,-1,800,796,1127,-1,1127,796,1128,-1,1128,1129,1127,-1,1127,1129,1130,-1,1124,1123,1128,-1,1128,1123,1129,-1,1127,1130,1126,-1,1126,1130,1125,-1,724,723,1131,-1,1131,723,1132,-1,1132,1133,1131,-1,1131,1133,1134,-1,1135,1136,1137,-1,1137,1136,1138,-1,1138,1136,725,-1,725,1136,716,-1,1136,1135,1132,-1,1132,1135,1133,-1,1131,1134,1138,-1,1138,1134,1137,-1,1139,1140,1141,-1,1141,1140,1142,-1,1142,1140,809,-1,809,1140,805,-1,808,807,1143,-1,1143,807,1144,-1,1144,1145,1143,-1,1143,1145,1146,-1,1140,1139,1144,-1,1144,1139,1145,-1,1143,1146,1142,-1,1142,1146,1141,-1,719,720,1147,-1,1147,720,1148,-1,1148,1149,1147,-1,1147,1149,1150,-1,1151,1152,1153,-1,1153,1152,1154,-1,1154,1152,722,-1,722,1152,721,-1,1152,1151,1148,-1,1148,1151,1149,-1,1147,1150,1154,-1,1154,1150,1153,-1,1155,1156,1157,-1,1157,1156,1158,-1,1158,1156,789,-1,789,1156,787,-1,790,786,1159,-1,1159,786,1160,-1,1160,1161,1159,-1,1159,1161,1162,-1,1156,1155,1160,-1,1160,1155,1161,-1,1159,1162,1158,-1,1158,1162,1157,-1,709,704,1163,-1,1163,704,1164,-1,1164,1165,1163,-1,1163,1165,1166,-1,1167,1168,1169,-1,1169,1168,1170,-1,1170,1168,708,-1,708,1168,706,-1,1168,1167,1164,-1,1164,1167,1165,-1,1163,1166,1170,-1,1170,1166,1169,-1,1171,1172,1173,-1,1173,1172,1174,-1,1174,1172,794,-1,794,1172,792,-1,795,791,1175,-1,1175,791,1176,-1,1176,1177,1175,-1,1175,1177,1178,-1,1172,1171,1176,-1,1176,1171,1177,-1,1175,1178,1174,-1,1174,1178,1173,-1,715,710,1179,-1,1179,710,1180,-1,1180,1181,1179,-1,1179,1181,1182,-1,1183,1184,1185,-1,1185,1184,1186,-1,1186,1184,714,-1,714,1184,712,-1,1184,1183,1180,-1,1180,1183,1181,-1,1179,1182,1186,-1,1186,1182,1185,-1,957,908,955,-1,955,908,907,-1,955,907,961,-1,961,907,1187,-1,961,1187,962,-1,962,1187,1188,-1,962,1188,957,-1,957,1188,908,-1,1187,589,1188,-1,1188,589,572,-1,587,589,907,-1,907,589,1187,-1,572,570,1188,-1,1188,570,908,-1,973,906,971,-1,971,906,905,-1,971,905,977,-1,977,905,1189,-1,977,1189,978,-1,978,1189,1190,-1,978,1190,973,-1,973,1190,906,-1,1189,605,1190,-1,1190,605,590,-1,603,605,905,-1,905,605,1189,-1,590,588,1190,-1,1190,588,906,-1,989,896,987,-1,987,896,895,-1,987,895,993,-1,993,895,1191,-1,993,1191,994,-1,994,1191,1192,-1,994,1192,989,-1,989,1192,896,-1,1191,555,1192,-1,1192,555,549,-1,553,555,895,-1,895,555,1191,-1,549,547,1192,-1,1192,547,896,-1,1005,909,1003,-1,1003,909,910,-1,1003,910,1009,-1,1009,910,1193,-1,1009,1193,1010,-1,1010,1193,1194,-1,1010,1194,1005,-1,1005,1194,909,-1,1193,571,1194,-1,1194,571,556,-1,569,571,910,-1,910,571,1193,-1,556,554,1194,-1,1194,554,909,-1,1021,898,1019,-1,1019,898,897,-1,1019,897,1025,-1,1025,897,1195,-1,1025,1195,1026,-1,1026,1195,1196,-1,1026,1196,1021,-1,1021,1196,898,-1,1195,653,1196,-1,1196,653,638,-1,651,653,897,-1,897,653,1195,-1,638,636,1196,-1,1196,636,898,-1,1029,904,1027,-1,1027,904,903,-1,1027,903,1033,-1,1033,903,1197,-1,1033,1197,1034,-1,1034,1197,1198,-1,1034,1198,1029,-1,1029,1198,904,-1,1197,621,1198,-1,1198,621,606,-1,619,621,903,-1,903,621,1197,-1,606,604,1198,-1,1198,604,904,-1,1045,900,1043,-1,1043,900,899,-1,1043,899,1049,-1,1049,899,1199,-1,1049,1199,1050,-1,1050,1199,1200,-1,1050,1200,1045,-1,1045,1200,900,-1,1199,637,1200,-1,1200,637,622,-1,635,637,899,-1,899,637,1199,-1,622,620,1200,-1,1200,620,900,-1,1061,921,1059,-1,1059,921,922,-1,1059,922,1065,-1,1065,922,1201,-1,1065,1201,1066,-1,1066,1201,1202,-1,1066,1202,1061,-1,1061,1202,921,-1,1201,609,1202,-1,1202,609,626,-1,607,609,922,-1,922,609,1201,-1,626,624,1202,-1,1202,624,921,-1,1077,914,1075,-1,1075,914,913,-1,1075,913,1081,-1,1081,913,1203,-1,1081,1203,1082,-1,1082,1203,1204,-1,1082,1204,1077,-1,1077,1204,914,-1,1203,593,1204,-1,1204,593,610,-1,591,593,913,-1,913,593,1203,-1,610,608,1204,-1,1204,608,914,-1,1093,925,1091,-1,1091,925,926,-1,1091,926,1097,-1,1097,926,1205,-1,1097,1205,1098,-1,1098,1205,1206,-1,1098,1206,1093,-1,1093,1206,925,-1,1205,641,1206,-1,1206,641,660,-1,639,641,926,-1,926,641,1205,-1,660,658,1206,-1,1206,658,925,-1,1109,920,1107,-1,1107,920,919,-1,1107,919,1113,-1,1113,919,1207,-1,1113,1207,1114,-1,1114,1207,1208,-1,1114,1208,1109,-1,1109,1208,920,-1,1207,625,1208,-1,1208,625,642,-1,623,625,919,-1,919,625,1207,-1,642,640,1208,-1,1208,640,920,-1,1125,902,1123,-1,1123,902,901,-1,1123,901,1129,-1,1129,901,1209,-1,1129,1209,1130,-1,1130,1209,1210,-1,1130,1210,1125,-1,1125,1210,902,-1,1209,561,1210,-1,1210,561,581,-1,559,561,901,-1,901,561,1209,-1,581,541,1210,-1,1210,541,902,-1,1141,912,1139,-1,1139,912,911,-1,1139,911,1145,-1,1145,911,1211,-1,1145,1211,1146,-1,1146,1211,1212,-1,1146,1212,1141,-1,1141,1212,912,-1,1211,548,1212,-1,1212,548,557,-1,546,548,911,-1,911,548,1211,-1,557,560,1212,-1,1212,560,912,-1,1157,917,1155,-1,1155,917,918,-1,1155,918,1161,-1,1161,918,1213,-1,1161,1213,1162,-1,1162,1213,1214,-1,1162,1214,1157,-1,1157,1214,917,-1,1213,575,1214,-1,1214,575,594,-1,573,575,918,-1,918,575,1213,-1,594,592,1214,-1,1214,592,917,-1,1173,916,1171,-1,1171,916,915,-1,1171,915,1177,-1,1177,915,1215,-1,1177,1215,1178,-1,1178,1215,1216,-1,1178,1216,1173,-1,1173,1216,916,-1,1215,539,1216,-1,1216,539,576,-1,540,539,915,-1,915,539,1215,-1,576,574,1216,-1,1216,574,916,-1,950,863,953,-1,953,863,1217,-1,953,1217,951,-1,951,1217,1218,-1,951,1218,949,-1,949,1218,864,-1,949,864,950,-1,950,864,863,-1,634,1218,649,-1,649,1218,1217,-1,634,632,1218,-1,1218,632,864,-1,647,649,863,-1,863,649,1217,-1,966,889,969,-1,969,889,1219,-1,969,1219,967,-1,967,1219,1220,-1,967,1220,965,-1,965,1220,890,-1,965,890,966,-1,966,890,889,-1,614,1220,597,-1,597,1220,1219,-1,614,612,1220,-1,1220,612,890,-1,595,597,889,-1,889,597,1219,-1,982,891,985,-1,985,891,1221,-1,985,1221,983,-1,983,1221,1222,-1,983,1222,981,-1,981,1222,892,-1,981,892,982,-1,982,892,891,-1,630,1222,613,-1,613,1222,1221,-1,630,628,1222,-1,1222,628,892,-1,611,613,891,-1,891,613,1221,-1,998,885,1001,-1,1001,885,1223,-1,1001,1223,999,-1,999,1223,1224,-1,999,1224,997,-1,997,1224,886,-1,997,886,998,-1,998,886,885,-1,580,1224,550,-1,550,1224,1223,-1,580,578,1224,-1,1224,578,886,-1,551,550,885,-1,885,550,1223,-1,1014,887,1017,-1,1017,887,1225,-1,1017,1225,1015,-1,1015,1225,1226,-1,1015,1226,1013,-1,1013,1226,888,-1,1013,888,1014,-1,1014,888,887,-1,598,1226,579,-1,579,1226,1225,-1,598,596,1226,-1,1226,596,888,-1,577,579,887,-1,887,579,1225,-1,1038,893,1041,-1,1041,893,1227,-1,1041,1227,1039,-1,1039,1227,1228,-1,1039,1228,1037,-1,1037,1228,894,-1,1037,894,1038,-1,1038,894,893,-1,646,1228,629,-1,629,1228,1227,-1,646,644,1228,-1,1228,644,894,-1,627,629,893,-1,893,629,1227,-1,1054,881,1057,-1,1057,881,1229,-1,1057,1229,1055,-1,1055,1229,1230,-1,1055,1230,1053,-1,1053,1230,882,-1,1053,882,1054,-1,1054,882,881,-1,655,1230,645,-1,645,1230,1229,-1,655,656,1230,-1,1230,656,882,-1,643,645,881,-1,881,645,1229,-1,1070,873,1073,-1,1073,873,1231,-1,1073,1231,1071,-1,1071,1231,1232,-1,1071,1232,1069,-1,1069,1232,874,-1,1069,874,1070,-1,1070,874,873,-1,585,1232,601,-1,601,1232,1231,-1,585,583,1232,-1,1232,583,874,-1,599,601,873,-1,873,601,1231,-1,1086,867,1089,-1,1089,867,1233,-1,1089,1233,1087,-1,1087,1233,1234,-1,1087,1234,1085,-1,1085,1234,868,-1,1085,868,1086,-1,1086,868,867,-1,565,1234,584,-1,584,1234,1233,-1,565,563,1234,-1,1234,563,868,-1,582,584,867,-1,867,584,1233,-1,1102,865,1105,-1,1105,865,1235,-1,1105,1235,1103,-1,1103,1235,1236,-1,1103,1236,1101,-1,1101,1236,866,-1,1101,866,1102,-1,1102,866,865,-1,618,1236,633,-1,633,1236,1235,-1,618,616,1236,-1,1236,616,866,-1,631,633,865,-1,865,633,1235,-1,1118,871,1121,-1,1121,871,1237,-1,1121,1237,1119,-1,1119,1237,1238,-1,1119,1238,1117,-1,1117,1238,872,-1,1117,872,1118,-1,1118,872,871,-1,602,1238,617,-1,617,1238,1237,-1,602,600,1238,-1,1238,600,872,-1,615,617,871,-1,871,617,1237,-1,1134,879,1137,-1,1137,879,1239,-1,1137,1239,1135,-1,1135,1239,1240,-1,1135,1240,1133,-1,1133,1240,880,-1,1133,880,1134,-1,1134,880,879,-1,558,1240,537,-1,537,1240,1239,-1,558,567,1240,-1,1240,567,880,-1,535,537,879,-1,879,537,1239,-1,1150,883,1153,-1,1153,883,1241,-1,1153,1241,1151,-1,1151,1241,1242,-1,1151,1242,1149,-1,1149,1242,884,-1,1149,884,1150,-1,1150,884,883,-1,586,1242,568,-1,568,1242,1241,-1,586,552,1242,-1,1242,552,884,-1,566,568,883,-1,883,568,1241,-1,1166,875,1169,-1,1169,875,1243,-1,1169,1243,1167,-1,1167,1243,1244,-1,1167,1244,1165,-1,1165,1244,876,-1,1165,876,1166,-1,1166,876,875,-1,545,1244,564,-1,564,1244,1243,-1,545,543,1244,-1,1244,543,876,-1,562,564,875,-1,875,564,1243,-1,1182,877,1185,-1,1185,877,1245,-1,1185,1245,1183,-1,1183,1245,1246,-1,1183,1246,1181,-1,1181,1246,878,-1,1181,878,1182,-1,1182,878,877,-1,538,1246,544,-1,544,1246,1245,-1,538,536,1246,-1,1246,536,878,-1,542,544,877,-1,877,544,1245,-1,1094,769,1095,-1,1095,769,770,-1,767,1092,766,-1,766,1092,1096,-1,948,674,952,-1,952,674,676,-1,679,947,678,-1,678,947,954,-1,1110,774,1111,-1,1111,774,775,-1,772,1108,771,-1,771,1108,1112,-1,1100,680,1104,-1,1104,680,682,-1,685,1099,684,-1,684,1099,1106,-1,1062,779,1063,-1,1063,779,780,-1,777,1060,776,-1,776,1060,1064,-1,1116,686,1120,-1,1120,686,688,-1,691,1115,690,-1,690,1115,1122,-1,1078,784,1079,-1,1079,784,785,-1,782,1076,781,-1,781,1076,1080,-1,1068,692,1072,-1,1072,692,694,-1,697,1067,696,-1,696,1067,1074,-1,1158,789,1159,-1,1159,789,790,-1,787,1156,786,-1,786,1156,1160,-1,1084,698,1088,-1,1088,698,700,-1,703,1083,702,-1,702,1083,1090,-1,1174,794,1175,-1,1175,794,795,-1,792,1172,791,-1,791,1172,1176,-1,1164,704,1168,-1,1168,704,706,-1,709,1163,708,-1,708,1163,1170,-1,1126,799,1127,-1,1127,799,800,-1,797,1124,796,-1,796,1124,1128,-1,1180,710,1184,-1,1184,710,712,-1,715,1179,714,-1,714,1179,1186,-1,1142,809,1143,-1,1143,809,808,-1,805,1140,807,-1,807,1140,1144,-1,1132,723,1136,-1,1136,723,716,-1,724,1131,725,-1,725,1131,1138,-1,990,804,991,-1,991,804,806,-1,802,988,801,-1,801,988,992,-1,1148,720,1152,-1,1152,720,721,-1,719,1147,722,-1,722,1147,1154,-1,1006,813,1007,-1,1007,813,814,-1,811,1004,810,-1,810,1004,1008,-1,996,726,1000,-1,1000,726,728,-1,731,995,730,-1,730,995,1002,-1,958,818,959,-1,959,818,819,-1,816,956,815,-1,815,956,960,-1,1012,732,1016,-1,1016,732,734,-1,737,1011,736,-1,736,1011,1018,-1,974,823,975,-1,975,823,824,-1,821,972,820,-1,820,972,976,-1,964,738,968,-1,968,738,740,-1,743,963,742,-1,742,963,970,-1,1030,828,1031,-1,1031,828,829,-1,826,1028,825,-1,825,1028,1032,-1,980,744,984,-1,984,744,746,-1,749,979,748,-1,748,979,986,-1,1046,833,1047,-1,1047,833,834,-1,831,1044,830,-1,830,1044,1048,-1,1036,750,1040,-1,1040,750,752,-1,755,1035,754,-1,754,1035,1042,-1,1022,838,1023,-1,1023,838,839,-1,836,1020,835,-1,835,1020,1024,-1,1052,756,1056,-1,1056,756,758,-1,761,1051,760,-1,760,1051,1058,-1,
        ]
    }
}
Shape{
    appearance Appearance {
        material  Material 	{
            diffuseColor 1.0 1.0 1.0
            specularColor 0.5019607843137255 0.5019607843137255 0.5019607843137255
            ambientIntensity 1.0
            transparency 0.0
            shininess 0.5
        }
    }
    geometry IndexedFaceSet {
        ccw TRUE
        solid FALSE
        coord DEF co Coordinate {
            point [
                8.0789 0.111 1.0396, 8.0789 0.111 1.0259, 8.0785 0.111 1.0396, 8.0785 0.111 1.0259, 8.0789 0.0632 1.0396, 8.0785 0.0632 1.0396, 8.0789 0.0632 1.146, 8.0785 0.0632 1.146, 8.0789 0.0477 1.146, 8.0785 0.0477 1.146, 8.0789 0.0477 1.0259, 8.0785 0.0477 1.0259, 8.0785 0.2058 1.0309, 8.0789 0.2058 1.0309, 8.0789 0.1938 1.0263, 8.0789 0.1726 1.0239, 8.0785 0.1726 1.0239, 8.0785 0.1814 1.0249, 8.0785 0.1938 1.0263, 8.0789 0.2058 1.0458, 8.0785 0.2058 1.0458, 8.0785 0.1935 1.0403, 8.0789 0.1935 1.0403, 8.0785 0.1799 1.0379, 8.0789 0.1799 1.0379, 8.0785 0.1748 1.0377, 8.0789 0.1748 1.0377, 8.0785 0.1636 1.0389, 8.0789 0.1636 1.0389, 8.0785 0.1549 1.0421, 8.0789 0.1549 1.0421, 8.0785 0.1469 1.0475, 8.0789 0.1469 1.0475, 8.0785 0.144 1.0504, 8.0789 0.144 1.0504, 8.0785 0.1379 1.059, 8.0789 0.1379 1.059, 8.0785 0.1341 1.0688, 8.0789 0.1341 1.0688, 8.0785 0.1322 1.0835, 8.0789 0.1322 1.0835, 8.0785 0.1322 1.0846, 8.0789 0.1322 1.0846, 8.0785 0.1338 1.0997, 8.0789 0.1338 1.0997, 8.0785 0.1376 1.1104, 8.0789 0.1376 1.1104, 8.0785 0.1432 1.119, 8.0789 0.1432 1.119, 8.0785 0.1448 1.1207, 8.0789 0.1448 1.1207, 8.0785 0.1525 1.1272, 8.0789 0.1525 1.1272, 8.0785 0.1619 1.1317, 8.0789 0.1619 1.1317, 8.0785 0.1722 1.1338, 8.0789 0.1722 1.1338, 8.0785 0.1775 1.1341, 8.0789 0.1775 1.1341, 8.0785 0.1917 1.1324, 8.0789 0.1917 1.1324, 8.0785 0.2039 1.128, 8.0789 0.2039 1.128, 8.0785 0.2058 1.1269, 8.0789 0.2058 1.1269, 8.0789 0.2058 1.1431, 8.0785 0.2058 1.1431, 8.0785 0.1774 1.1481, 8.0789 0.1774 1.1481, 8.0789 0.1785 1.148, 8.0785 0.194 1.1467, 8.0789 0.194 1.1467, 8.0785 0.1897 1.147, 8.0785 0.1785 1.148, 8.0789 0.1613 1.1463, 8.0785 0.1683 1.147, 8.0785 0.1613 1.1463, 8.0785 0.1485 1.1416, 8.0789 0.1485 1.1416, 8.0785 0.1367 1.1336, 8.0789 0.1367 1.1336, 8.0785 0.1333 1.1304, 8.0789 0.1333 1.1304, 8.0785 0.1249 1.1196, 8.0789 0.1249 1.1196, 8.0785 0.1213 1.1114, 8.0789 0.1191 1.1064, 8.0785 0.1191 1.1064, 8.0785 0.1162 1.0909, 8.0789 0.1162 1.0909, 8.0785 0.1159 1.0837, 8.0789 0.1159 1.0837, 8.0785 0.1313 1.0403, 8.0789 0.1313 1.0403, 8.0789 0.1232 1.0515, 8.0785 0.1183 1.064, 8.0789 0.1183 1.064, 8.0785 0.1213 1.0565, 8.0785 0.1232 1.0515, 8.0789 0.1645 1.0243, 8.0785 0.1404 1.0326, 8.0789 0.1404 1.0326, 8.0785 0.1517 1.0271, 8.0789 0.1517 1.0271, 8.0785 0.1619 1.0249, 8.0785 0.1645 1.0243, 8.0789 0.2945 1.0396, 8.0789 0.2945 1.0259, 8.0785 0.2945 1.0396, 8.0785 0.2945 1.0259, 8.0785 0.2454 1.0396, 8.0789 0.2454 1.0396, 8.0785 0.2778 1.0396, 8.0789 0.2454 1.08, 8.0785 0.2454 1.08, 8.0785 0.2883 1.08, 8.0789 0.2883 1.08, 8.0785 0.2778 1.08, 8.0789 0.2883 1.0938, 8.0785 0.2883 1.0938, 8.0785 0.2454 1.0938, 8.0789 0.2454 1.0938, 8.0785 0.2778 1.0938, 8.0789 0.2454 1.1322, 8.0785 0.2454 1.1322, 8.0785 0.2917 1.1322, 8.0789 0.2917 1.1322, 8.0785 0.2778 1.1322, 8.0789 0.2917 1.146, 8.0785 0.2917 1.146, 8.0785 0.2299 1.146, 8.0789 0.2299 1.146, 8.0785 0.2778 1.146, 8.0789 0.2299 1.0259, 8.0785 0.2299 1.0259, 8.0785 0.2778 1.0259, 8.0789 0.3921 1.06, 8.0789 0.3858 1.0521, 8.0789 0.3968 1.0427, 8.0789 0.3835 1.0501, 8.0789 0.3841 1.0336, 8.0789 0.3755 1.0449, 8.0789 0.3703 1.0283, 8.0789 0.3652 1.0412, 8.0789 0.3502 1.0259, 8.0789 0.3501 1.0396, 8.0789 0.3172 1.0259, 8.0789 0.3327 1.0396, 8.0789 0.3172 1.146, 8.0789 0.3327 1.1322, 8.0789 0.3514 1.146, 8.0789 0.3508 1.1322, 8.0789 0.3705 1.1438, 8.0789 0.3657 1.1306, 8.0789 0.3849 1.1384, 8.0789 0.3762 1.127, 8.0789 0.3968 1.1301, 8.0789 0.3855 1.1209, 8.0789 0.4018 1.1252, 8.0789 0.3895 1.1168, 8.0789 0.409 1.1145, 8.0789 0.394 1.1098, 8.0789 0.4133 1.1028, 8.0789 0.3972 1.1007, 8.0789 0.4149 1.0875, 8.0789 0.3986 1.0871, 8.0789 0.4145 1.079, 8.0789 0.3983 1.0803, 8.0789 0.4114 1.0651, 8.0789 0.3961 1.0691, 8.0789 0.4053 1.0527, 8.0785 0.3502 1.0259, 8.0785 0.3172 1.0259, 8.0785 0.3968 1.0427, 8.0785 0.3703 1.0283, 8.0785 0.3722 1.0291, 8.0785 0.3841 1.0336, 8.0785 0.4053 1.0527, 8.0785 0.4114 1.0651, 8.0785 0.4145 1.079, 8.0785 0.4149 1.0875, 8.0785 0.4133 1.1028, 8.0785 0.409 1.1145, 8.0785 0.4018 1.1252, 8.0785 0.3968 1.1301, 8.0785 0.3514 1.146, 8.0785 0.3849 1.1384, 8.0785 0.3722 1.1432, 8.0785 0.3705 1.1438, 8.0785 0.3172 1.146, 8.0785 0.3508 1.1322, 8.0785 0.3327 1.1322, 8.0785 0.3327 1.0396, 8.0785 0.3501 1.0396, 8.0785 0.3858 1.0521, 8.0785 0.3835 1.0501, 8.0785 0.3755 1.0449, 8.0785 0.3652 1.0412, 8.0785 0.3986 1.0871, 8.0785 0.3983 1.0803, 8.0785 0.3961 1.0691, 8.0785 0.3921 1.06, 8.0785 0.3855 1.1209, 8.0785 0.3895 1.1168, 8.0785 0.394 1.1098, 8.0785 0.3972 1.1007, 8.0785 0.3657 1.1306, 8.0785 0.3762 1.127
            ]
        }
        coordIndex [
            0,1,2,-1,2,1,3,-1,4,0,5,-1,5,0,2,-1,6,4,7,-1,7,4,5,-1,8,6,9,-1,9,6,7,-1,10,8,11,-1,11,8,9,-1,1,10,3,-1,3,10,11,-1,6,8,4,-1,4,8,10,-1,4,10,0,-1,0,10,1,-1,12,13,14,-1,15,16,17,-1,15,17,14,-1,14,17,18,-1,14,18,12,-1,19,13,20,-1,20,13,12,-1,19,20,21,-1,19,21,22,-1,22,21,23,-1,22,23,24,-1,24,23,25,-1,24,25,26,-1,26,25,27,-1,26,27,28,-1,28,27,29,-1,28,29,30,-1,30,29,31,-1,30,31,32,-1,32,31,33,-1,32,33,34,-1,34,33,35,-1,34,35,36,-1,36,35,37,-1,36,37,38,-1,38,37,39,-1,38,39,40,-1,40,39,41,-1,40,41,42,-1,42,41,43,-1,42,43,44,-1,44,43,45,-1,44,45,46,-1,46,45,47,-1,46,47,48,-1,48,47,49,-1,48,49,50,-1,50,49,51,-1,50,51,52,-1,52,51,53,-1,52,53,54,-1,54,53,55,-1,54,55,56,-1,56,55,57,-1,56,57,58,-1,58,57,59,-1,58,59,60,-1,60,59,61,-1,60,61,62,-1,62,61,63,-1,62,63,64,-1,65,64,66,-1,66,64,63,-1,67,68,69,-1,65,66,70,-1,65,70,71,-1,71,70,72,-1,71,72,69,-1,69,72,73,-1,69,73,67,-1,74,68,75,-1,75,68,67,-1,75,76,74,-1,74,76,77,-1,74,77,78,-1,78,77,79,-1,78,79,80,-1,80,79,81,-1,80,81,82,-1,82,81,83,-1,82,83,84,-1,84,83,85,-1,84,85,86,-1,85,87,86,-1,86,87,88,-1,86,88,89,-1,89,88,90,-1,89,90,91,-1,92,93,94,-1,91,90,95,-1,91,95,96,-1,96,95,97,-1,96,97,94,-1,94,97,98,-1,94,98,92,-1,16,15,99,-1,93,92,100,-1,93,100,101,-1,101,100,102,-1,101,102,103,-1,103,102,104,-1,103,104,99,-1,99,104,105,-1,99,105,16,-1,62,64,65,-1,44,46,84,-1,84,46,82,-1,62,65,60,-1,60,65,71,-1,60,71,58,-1,58,71,69,-1,58,69,56,-1,56,69,68,-1,56,68,54,-1,54,68,74,-1,54,74,52,-1,13,19,14,-1,14,19,22,-1,14,22,15,-1,74,78,52,-1,52,78,80,-1,52,80,50,-1,50,80,82,-1,50,82,48,-1,48,82,46,-1,22,24,15,-1,15,24,26,-1,15,26,99,-1,99,26,28,-1,99,28,103,-1,103,28,30,-1,103,30,101,-1,101,30,32,-1,101,32,93,-1,93,32,34,-1,93,34,94,-1,94,34,36,-1,94,36,96,-1,96,36,38,-1,96,38,91,-1,38,40,91,-1,91,40,42,-1,91,42,89,-1,89,42,44,-1,89,44,86,-1,86,44,84,-1,106,107,108,-1,108,107,109,-1,110,111,112,-1,112,111,106,-1,112,106,108,-1,113,111,114,-1,114,111,110,-1,115,116,117,-1,117,116,113,-1,117,113,114,-1,118,116,119,-1,119,116,115,-1,120,121,122,-1,122,121,118,-1,122,118,119,-1,123,121,124,-1,124,121,120,-1,125,126,127,-1,127,126,123,-1,127,123,124,-1,128,126,129,-1,129,126,125,-1,130,131,132,-1,132,131,128,-1,132,128,129,-1,133,131,134,-1,134,131,130,-1,109,107,135,-1,135,107,133,-1,135,133,134,-1,133,107,106,-1,106,111,133,-1,133,111,113,-1,133,113,131,-1,126,128,123,-1,123,128,131,-1,123,131,121,-1,121,131,113,-1,121,113,118,-1,118,113,116,-1,136,137,138,-1,138,137,139,-1,138,139,140,-1,140,139,141,-1,140,141,142,-1,142,141,143,-1,142,143,144,-1,144,143,145,-1,144,145,146,-1,146,145,147,-1,146,147,148,-1,148,147,149,-1,148,149,150,-1,150,149,151,-1,150,151,152,-1,152,151,153,-1,152,153,154,-1,154,153,155,-1,154,155,156,-1,156,155,157,-1,156,157,158,-1,158,157,159,-1,158,159,160,-1,160,159,161,-1,160,161,162,-1,162,161,163,-1,162,163,164,-1,164,163,165,-1,164,165,166,-1,166,165,167,-1,166,167,168,-1,168,167,169,-1,168,169,170,-1,170,169,136,-1,170,136,138,-1,144,146,171,-1,171,146,172,-1,173,138,140,-1,144,171,174,-1,144,174,142,-1,142,174,175,-1,142,175,140,-1,140,175,176,-1,140,176,173,-1,138,173,177,-1,138,177,170,-1,170,177,178,-1,170,178,168,-1,168,178,179,-1,168,179,166,-1,166,179,180,-1,166,180,164,-1,164,180,181,-1,164,181,162,-1,162,181,182,-1,162,182,160,-1,160,182,183,-1,160,183,158,-1,158,183,184,-1,158,184,156,-1,185,150,152,-1,156,184,186,-1,156,186,154,-1,154,186,187,-1,154,187,152,-1,152,187,188,-1,152,188,185,-1,148,150,189,-1,189,150,185,-1,146,148,172,-1,172,148,189,-1,151,149,190,-1,190,149,191,-1,149,147,191,-1,191,147,192,-1,147,145,192,-1,192,145,193,-1,137,194,195,-1,137,195,139,-1,139,195,196,-1,139,196,141,-1,141,196,197,-1,141,197,143,-1,143,197,193,-1,143,193,145,-1,165,198,199,-1,165,199,167,-1,167,199,200,-1,167,200,169,-1,169,200,201,-1,169,201,136,-1,136,201,194,-1,136,194,137,-1,157,202,203,-1,157,203,159,-1,159,203,204,-1,159,204,161,-1,161,204,205,-1,161,205,163,-1,163,205,198,-1,163,198,165,-1,151,190,206,-1,151,206,153,-1,153,206,207,-1,153,207,155,-1,155,207,202,-1,155,202,157,-1,
        ]
    }
}
Shape{
    appearance Appearance {
        material  Material 	{
            diffuseColor 0.2235294117647059 0.2235294117647059 0.2235294117647059
            specularColor 0.11372549019607843 0.11372549019607843 0.11372549019607843
            ambientIntensity 0.2235
            transparency 0.0
            shininess 0.5
        }
    }
    geometry IndexedFaceSet {
        ccw TRUE
        solid FALSE
        coord DEF co Coordinate {
            point [
                8.0785 0.3327 1.1322, 8.0785 0.3327 1.0396, 8.0785 0.3508 1.1322, 8.0785 0.3501 1.0396, 8.0785 0.3652 1.0412, 8.0785 0.3755 1.0449, 8.0785 0.3835 1.0501, 8.0785 0.3858 1.0521, 8.0785 0.3921 1.06, 8.0785 0.3961 1.0691, 8.0785 0.3983 1.0803, 8.0785 0.3986 1.0871, 8.0785 0.3972 1.1007, 8.0785 0.394 1.1098, 8.0785 0.3895 1.1168, 8.0785 0.3855 1.1209, 8.0785 0.3657 1.1306, 8.0785 0.3762 1.127
            ]
        }
        coordIndex [
            0,1,2,-1,2,1,3,-1,2,3,4,-1,4,5,2,-1,2,5,6,-1,2,6,7,-1,7,8,2,-1,2,8,9,-1,2,9,10,-1,10,11,2,-1,2,11,12,-1,2,12,13,-1,13,14,2,-1,2,14,15,-1,2,15,16,-1,16,15,17,-1,
        ]
    }
}
Shape{
    appearance Appearance {
        material  Material 	{
            diffuseColor 1.0 1.0 1.0
            specularColor 0.5019607843137255 0.5019607843137255 0.5019607843137255
            ambientIntensity 1.0
            transparency 0.0
            shininess 0.5
        }
    }
    geometry IndexedFaceSet {
        ccw TRUE
        solid FALSE
        coord DEF co Coordinate {
            point [
                8.0789 0.4552 1.0723, 8.0789 0.4503 1.0588, 8.0789 0.4955 1.0723, 8.0789 0.5003 1.0588, 8.0789 0.4732 1.1223, 8.0789 0.4674 1.146, 8.0789 0.4216 1.0259, 8.0789 0.4387 1.0259, 8.0789 0.4742 1.1258, 8.0789 0.4751 1.1307, 8.0789 0.4839 1.146, 8.0789 0.4755 1.1307, 8.0789 0.4765 1.1256, 8.0789 0.4774 1.1223, 8.0789 0.5297 1.0259, 8.0789 0.5125 1.0259, 8.0785 0.4839 1.146, 8.0785 0.5297 1.0259, 8.0785 0.4674 1.146, 8.0785 0.4216 1.0259, 8.0785 0.4562 1.1168, 8.0785 0.4387 1.0259, 8.0785 0.4503 1.0588, 8.0785 0.5003 1.0588, 8.0785 0.4562 1.0588, 8.0785 0.5125 1.0259, 8.0785 0.4552 1.0723, 8.0785 0.4955 1.0723, 8.0785 0.4774 1.1223, 8.0785 0.4755 1.1307, 8.0785 0.4765 1.1256, 8.0785 0.4751 1.1307, 8.0785 0.4732 1.1223, 8.0785 0.4742 1.1258
            ]
        }
        coordIndex [
            0,1,2,-1,2,1,3,-1,4,5,0,-1,0,5,6,-1,0,6,1,-1,1,6,7,-1,4,8,5,-1,5,8,9,-1,5,9,10,-1,10,9,11,-1,10,11,12,-1,12,13,10,-1,10,13,2,-1,10,2,14,-1,14,2,3,-1,14,3,15,-1,10,14,16,-1,16,14,17,-1,5,10,18,-1,18,10,16,-1,19,6,20,-1,20,6,5,-1,20,5,18,-1,7,6,21,-1,21,6,19,-1,1,7,22,-1,22,7,21,-1,23,3,24,-1,24,3,1,-1,24,1,22,-1,15,3,25,-1,25,3,23,-1,14,15,17,-1,17,15,25,-1,0,2,26,-1,26,2,27,-1,2,13,27,-1,27,13,28,-1,11,29,30,-1,11,30,12,-1,12,30,28,-1,12,28,13,-1,11,9,29,-1,29,9,31,-1,4,32,33,-1,4,33,8,-1,8,33,31,-1,8,31,9,-1,4,0,32,-1,32,0,26,-1,
        ]
    }
}
Shape{
    appearance Appearance {
        material  Material 	{
            diffuseColor 0.2235294117647059 0.2235294117647059 0.2235294117647059
            specularColor 0.11372549019607843 0.11372549019607843 0.11372549019607843
            ambientIntensity 0.2235
            transparency 0.0
            shininess 0.5
        }
    }
    geometry IndexedFaceSet {
        ccw TRUE
        solid FALSE
        coord DEF co Coordinate {
            point [
                8.0785 0.4755 1.1307, 8.0785 0.4751 1.1307, 8.0785 0.4765 1.1256, 8.0785 0.4742 1.1258, 8.0785 0.4774 1.1223, 8.0785 0.4732 1.1223, 8.0785 0.4955 1.0723, 8.0785 0.4552 1.0723
            ]
        }
        coordIndex [
            0,1,2,-1,2,1,3,-1,2,3,4,-1,4,3,5,-1,4,5,6,-1,6,5,7,-1,
        ]
    }
}
Shape{
    appearance Appearance {
        material  Material 	{
            diffuseColor 1.0 1.0 1.0
            specularColor 0.5019607843137255 0.5019607843137255 0.5019607843137255
            ambientIntensity 1.0
            transparency 0.0
            shininess 0.5
        }
    }
    geometry IndexedFaceSet {
        ccw TRUE
        solid FALSE
        coord DEF co Coordinate {
            point [
                8.0789 0.1123 0.8491, 8.0789 0.1123 0.8354, 8.0785 0.1123 0.8491, 8.0785 0.1123 0.8354, 8.0789 0.0632 0.8491, 8.0785 0.0632 0.8491, 8.0789 0.0632 0.8895, 8.0785 0.0632 0.8895, 8.0789 0.1061 0.8895, 8.0785 0.1061 0.8895, 8.0789 0.1061 0.9032, 8.0785 0.1061 0.9032, 8.0789 0.0632 0.9032, 8.0785 0.0632 0.9032, 8.0789 0.0632 0.9417, 8.0785 0.0632 0.9417, 8.0789 0.1095 0.9417, 8.0785 0.1095 0.9417, 8.0789 0.1095 0.9555, 8.0785 0.1095 0.9555, 8.0789 0.0477 0.9555, 8.0785 0.0477 0.9555, 8.0789 0.0477 0.8354, 8.0785 0.0477 0.8354, 8.0789 0.1801 0.8487, 8.0789 0.1805 0.8487, 8.0789 0.1796 0.8625, 8.0789 0.1441 0.8837, 8.0789 0.1376 0.8804, 8.0789 0.1459 0.8705, 8.0789 0.1805 0.8692, 8.0789 0.1956 0.8906, 8.0789 0.1805 0.8702, 8.0789 0.1805 0.8784, 8.0789 0.1805 0.8354, 8.0789 0.1956 0.8354, 8.0789 0.1773 0.8571, 8.0789 0.1741 0.8527, 8.0789 0.1778 0.8451, 8.0789 0.1722 0.8509, 8.0789 0.173 0.84, 8.0789 0.168 0.848, 8.0789 0.1677 0.8364, 8.0789 0.1634 0.8463, 8.0789 0.1616 0.8342, 8.0789 0.1578 0.8457, 8.0789 0.1539 0.8334, 8.0789 0.1527 0.8463, 8.0789 0.1449 0.8344, 8.0789 0.1493 0.8475, 8.0789 0.1391 0.8366, 8.0789 0.1463 0.8496, 8.0789 0.134 0.8401, 8.0789 0.145 0.8509, 8.0789 0.1441 0.8682, 8.0789 0.1329 0.8765, 8.0789 0.1428 0.8654, 8.0789 0.1298 0.8722, 8.0789 0.142 0.862, 8.0789 0.1479 0.872, 8.0789 0.1515 0.8737, 8.0789 0.1551 0.8864, 8.0789 0.1605 0.8757, 8.0789 0.1805 0.8899, 8.0789 0.135 0.9152, 8.0789 0.135 0.9005, 8.0789 0.1391 0.9174, 8.0789 0.1447 0.9067, 8.0789 0.1504 0.9216, 8.0789 0.1541 0.91, 8.0789 0.1646 0.9231, 8.0789 0.1632 0.9109, 8.0789 0.1738 0.9223, 8.0789 0.1683 0.9104, 8.0789 0.1801 0.9203, 8.0789 0.1717 0.9092, 8.0789 0.1851 0.9174, 8.0789 0.1744 0.9074, 8.0789 0.1891 0.9136, 8.0789 0.1767 0.905, 8.0789 0.1921 0.9087, 8.0789 0.1785 0.9019, 8.0789 0.1945 0.9017, 8.0789 0.18 0.8966, 8.0789 0.1277 0.8669, 8.0789 0.1267 0.8605, 8.0789 0.1419 0.8596, 8.0789 0.1267 0.8584, 8.0789 0.1423 0.8561, 8.0789 0.1274 0.8515, 8.0789 0.1433 0.8534, 8.0789 0.1292 0.8464, 8.0789 0.1323 0.8418, 8.0785 0.1646 0.9231, 8.0785 0.1504 0.9216, 8.0785 0.1391 0.9174, 8.0785 0.135 0.9152, 8.0785 0.135 0.9005, 8.0785 0.1447 0.9067, 8.0785 0.1541 0.91, 8.0785 0.1632 0.9109, 8.0785 0.1683 0.9104, 8.0785 0.1717 0.9092, 8.0785 0.1744 0.9074, 8.0785 0.1767 0.905, 8.0785 0.1785 0.9019, 8.0785 0.18 0.8966, 8.0785 0.1805 0.8899, 8.0785 0.1551 0.8864, 8.0785 0.1441 0.8837, 8.0785 0.1376 0.8804, 8.0785 0.1329 0.8765, 8.0785 0.1298 0.8722, 8.0785 0.1277 0.8669, 8.0785 0.1267 0.8605, 8.0785 0.1267 0.8584, 8.0785 0.1274 0.8515, 8.0785 0.1292 0.8464, 8.0785 0.1323 0.8418, 8.0785 0.134 0.8401, 8.0785 0.1539 0.8334, 8.0785 0.1451 0.8344, 8.0785 0.1449 0.8344, 8.0785 0.1391 0.8366, 8.0785 0.1616 0.8342, 8.0785 0.162 0.8344, 8.0785 0.1677 0.8364, 8.0785 0.173 0.84, 8.0785 0.1778 0.8451, 8.0785 0.1801 0.8487, 8.0785 0.1805 0.8487, 8.0785 0.1805 0.8354, 8.0785 0.1956 0.8354, 8.0785 0.1956 0.8906, 8.0785 0.1945 0.9017, 8.0785 0.1921 0.9087, 8.0785 0.1891 0.9136, 8.0785 0.1851 0.9174, 8.0785 0.1801 0.9203, 8.0785 0.1738 0.9223, 8.0785 0.1459 0.8705, 8.0785 0.1479 0.872, 8.0785 0.1515 0.8737, 8.0785 0.1605 0.8757, 8.0785 0.1419 0.8596, 8.0785 0.142 0.862, 8.0785 0.1428 0.8654, 8.0785 0.1441 0.8682, 8.0785 0.1463 0.8496, 8.0785 0.145 0.8509, 8.0785 0.1433 0.8534, 8.0785 0.1423 0.8561, 8.0785 0.1578 0.8457, 8.0785 0.1527 0.8463, 8.0785 0.1493 0.8475, 8.0785 0.1741 0.8527, 8.0785 0.1722 0.8509, 8.0785 0.168 0.848, 8.0785 0.1634 0.8463, 8.0785 0.1805 0.8702, 8.0785 0.1805 0.8692, 8.0785 0.1796 0.8625, 8.0785 0.1773 0.8571, 8.0785 0.1805 0.8784
            ]
        }
        coordIndex [
            0,1,2,-1,2,1,3,-1,4,0,5,-1,5,0,2,-1,6,4,7,-1,7,4,5,-1,8,6,9,-1,9,6,7,-1,10,8,11,-1,11,8,9,-1,12,10,13,-1,13,10,11,-1,14,12,15,-1,15,12,13,-1,16,14,17,-1,17,14,15,-1,18,16,19,-1,19,16,17,-1,20,18,21,-1,21,18,19,-1,22,20,23,-1,23,20,21,-1,1,22,3,-1,3,22,23,-1,22,1,0,-1,0,4,22,-1,22,4,6,-1,22,6,20,-1,16,18,14,-1,14,18,20,-1,14,20,12,-1,12,20,6,-1,12,6,10,-1,10,6,8,-1,24,25,26,-1,27,28,29,-1,30,31,32,-1,32,31,33,-1,34,35,25,-1,25,35,31,-1,25,31,26,-1,26,31,30,-1,26,36,24,-1,24,36,37,-1,24,37,38,-1,38,37,39,-1,38,39,40,-1,40,39,41,-1,40,41,42,-1,42,41,43,-1,42,43,44,-1,44,43,45,-1,44,45,46,-1,46,45,47,-1,46,47,48,-1,48,47,49,-1,48,49,50,-1,50,49,51,-1,50,51,52,-1,52,51,53,-1,29,28,54,-1,54,28,55,-1,54,55,56,-1,56,55,57,-1,56,57,58,-1,29,59,27,-1,27,59,60,-1,27,60,61,-1,61,60,62,-1,61,62,63,-1,64,65,66,-1,66,65,67,-1,66,67,68,-1,68,67,69,-1,68,69,70,-1,70,69,71,-1,70,71,72,-1,72,71,73,-1,72,73,74,-1,74,73,75,-1,74,75,76,-1,76,75,77,-1,76,77,78,-1,78,77,79,-1,78,79,80,-1,80,79,81,-1,80,81,82,-1,82,81,83,-1,82,83,31,-1,31,83,63,-1,31,63,33,-1,33,63,62,-1,57,84,58,-1,58,84,85,-1,58,85,86,-1,86,85,87,-1,86,87,88,-1,88,87,89,-1,88,89,90,-1,90,89,91,-1,90,91,53,-1,53,91,92,-1,53,92,52,-1,70,93,94,-1,70,94,68,-1,68,94,95,-1,68,95,66,-1,66,95,96,-1,66,96,64,-1,65,64,97,-1,97,64,96,-1,65,97,98,-1,65,98,67,-1,67,98,99,-1,67,99,69,-1,69,99,100,-1,69,100,71,-1,71,100,101,-1,71,101,73,-1,73,101,102,-1,73,102,75,-1,75,102,103,-1,75,103,77,-1,77,103,104,-1,77,104,79,-1,79,104,105,-1,79,105,81,-1,81,105,106,-1,81,106,83,-1,83,106,107,-1,83,107,63,-1,61,63,108,-1,108,63,107,-1,61,108,109,-1,61,109,27,-1,27,109,110,-1,27,110,28,-1,28,110,111,-1,28,111,55,-1,55,111,112,-1,55,112,57,-1,57,112,113,-1,57,113,84,-1,84,113,114,-1,84,114,85,-1,85,114,115,-1,85,115,87,-1,87,115,116,-1,87,116,89,-1,89,116,117,-1,89,117,91,-1,91,117,118,-1,91,118,92,-1,92,118,119,-1,92,119,52,-1,120,46,121,-1,121,46,48,-1,121,48,122,-1,122,48,50,-1,122,50,123,-1,123,50,52,-1,123,52,119,-1,46,120,124,-1,46,124,44,-1,44,124,125,-1,44,125,42,-1,125,126,42,-1,42,126,127,-1,42,127,40,-1,40,127,128,-1,40,128,38,-1,38,128,129,-1,38,129,24,-1,25,24,130,-1,130,24,129,-1,34,25,131,-1,131,25,130,-1,35,34,132,-1,132,34,131,-1,31,35,133,-1,133,35,132,-1,31,133,134,-1,31,134,82,-1,82,134,135,-1,82,135,80,-1,80,135,136,-1,80,136,78,-1,78,136,137,-1,78,137,76,-1,76,137,138,-1,76,138,74,-1,74,138,139,-1,74,139,72,-1,72,139,93,-1,72,93,70,-1,29,140,141,-1,29,141,59,-1,59,141,142,-1,59,142,60,-1,60,142,143,-1,60,143,62,-1,86,144,145,-1,86,145,58,-1,58,145,146,-1,58,146,56,-1,56,146,147,-1,56,147,54,-1,54,147,140,-1,54,140,29,-1,51,148,149,-1,51,149,53,-1,53,149,150,-1,53,150,90,-1,90,150,151,-1,90,151,88,-1,88,151,144,-1,88,144,86,-1,45,152,153,-1,45,153,47,-1,47,153,154,-1,47,154,49,-1,49,154,148,-1,49,148,51,-1,37,155,156,-1,37,156,39,-1,39,156,157,-1,39,157,41,-1,41,157,158,-1,41,158,43,-1,43,158,152,-1,43,152,45,-1,32,159,160,-1,32,160,30,-1,30,160,161,-1,30,161,26,-1,26,161,162,-1,26,162,36,-1,36,162,155,-1,36,155,37,-1,32,33,159,-1,159,33,163,-1,33,62,163,-1,163,62,143,-1,
        ]
    }
}
Shape{
    appearance Appearance {
        material  Material 	{
            diffuseColor 0.2235294117647059 0.2235294117647059 0.2235294117647059
            specularColor 0.11372549019607843 0.11372549019607843 0.11372549019607843
            ambientIntensity 0.2235
            transparency 0.0
            shininess 0.5
        }
    }
    geometry IndexedFaceSet {
        ccw TRUE
        solid FALSE
        coord DEF co Coordinate {
            point [
                8.0785 0.1805 0.8784, 8.0785 0.1605 0.8757, 8.0785 0.1805 0.8702, 8.0785 0.1515 0.8737, 8.0785 0.1479 0.872, 8.0785 0.1459 0.8705, 8.0785 0.1805 0.8692, 8.0785 0.1796 0.8625, 8.0785 0.1441 0.8682, 8.0785 0.1773 0.8571, 8.0785 0.145 0.8509, 8.0785 0.1463 0.8496, 8.0785 0.1722 0.8509, 8.0785 0.1433 0.8534, 8.0785 0.168 0.848, 8.0785 0.1634 0.8463, 8.0785 0.1578 0.8457, 8.0785 0.1428 0.8654, 8.0785 0.142 0.862, 8.0785 0.1741 0.8527, 8.0785 0.1419 0.8596, 8.0785 0.1423 0.8561, 8.0785 0.1493 0.8475, 8.0785 0.1527 0.8463
            ]
        }
        coordIndex [
            0,1,2,-1,2,1,3,-1,3,4,2,-1,2,4,5,-1,2,5,6,-1,6,5,7,-1,7,5,8,-1,7,8,9,-1,10,11,12,-1,10,12,13,-1,14,12,15,-1,15,12,16,-1,8,17,9,-1,9,17,18,-1,9,18,19,-1,19,18,20,-1,19,20,12,-1,12,20,21,-1,12,21,13,-1,11,22,12,-1,12,22,23,-1,12,23,16,-1,
        ]
    }
}
Shape{
    appearance Appearance {
        material  Material 	{
            diffuseColor 1.0 1.0 1.0
            specularColor 0.5019607843137255 0.5019607843137255 0.5019607843137255
            ambientIntensity 1.0
            transparency 0.0
            shininess 0.5
        }
    }
    geometry IndexedFaceSet {
        ccw TRUE
        solid FALSE
        coord DEF co Coordinate {
            point [
                8.0789 0.2407 0.8456, 8.0785 0.2407 0.8456, 8.0785 0.2313 0.8467, 8.0785 0.2229 0.8499, 8.0789 0.2219 0.8503, 8.0789 0.2313 0.8467, 8.0785 0.2219 0.8503, 8.0785 0.216 0.8539, 8.0789 0.216 0.8539, 8.0789 0.216 0.8384, 8.0785 0.216 0.8384, 8.0789 0.2267 0.8346, 8.0785 0.2229 0.836, 8.0785 0.2392 0.8334, 8.0789 0.2392 0.8334, 8.0785 0.2293 0.8344, 8.0785 0.2267 0.8346, 8.0789 0.2515 0.8346, 8.0785 0.2489 0.8344, 8.0785 0.2515 0.8346, 8.0785 0.2597 0.8375, 8.0789 0.2597 0.8375, 8.0785 0.2642 0.8402, 8.0789 0.2642 0.8402, 8.0785 0.2685 0.8439, 8.0789 0.2685 0.8439, 8.0785 0.2713 0.8479, 8.0789 0.2713 0.8479, 8.0785 0.2732 0.8527, 8.0789 0.2732 0.8527, 8.0785 0.2739 0.8587, 8.0789 0.2739 0.8587, 8.0785 0.2733 0.8643, 8.0789 0.2733 0.8643, 8.0785 0.2717 0.8688, 8.0789 0.2717 0.8688, 8.0785 0.2689 0.8729, 8.0789 0.2689 0.8729, 8.0785 0.2653 0.8761, 8.0789 0.2653 0.8761, 8.0785 0.2553 0.8817, 8.0789 0.2553 0.8817, 8.0785 0.2495 0.884, 8.0789 0.2495 0.884, 8.0785 0.2402 0.8881, 8.0789 0.2402 0.8881, 8.0785 0.2349 0.8914, 8.0789 0.2349 0.8914, 8.0785 0.2334 0.893, 8.0789 0.2334 0.893, 8.0785 0.2323 0.895, 8.0789 0.2323 0.895, 8.0785 0.2317 0.8974, 8.0789 0.2317 0.8974, 8.0785 0.2316 0.8994, 8.0789 0.2316 0.8994, 8.0785 0.2318 0.9018, 8.0789 0.2318 0.9018, 8.0785 0.2326 0.9038, 8.0789 0.2326 0.9038, 8.0785 0.2339 0.9057, 8.0789 0.2339 0.9057, 8.0785 0.2361 0.9077, 8.0789 0.2361 0.9077, 8.0785 0.2395 0.9095, 8.0789 0.2395 0.9095, 8.0785 0.2435 0.9106, 8.0789 0.2435 0.9106, 8.0785 0.248 0.9109, 8.0789 0.248 0.9109, 8.0785 0.2579 0.9098, 8.0789 0.2579 0.9098, 8.0785 0.2664 0.9067, 8.0789 0.2664 0.9067, 8.0785 0.2698 0.9047, 8.0789 0.2698 0.9047, 8.0789 0.2698 0.9193, 8.0785 0.2698 0.9193, 8.0785 0.2578 0.9226, 8.0789 0.2578 0.9226, 8.0785 0.2495 0.9231, 8.0789 0.2495 0.9231, 8.0785 0.2384 0.9219, 8.0789 0.2384 0.9219, 8.0785 0.2302 0.919, 8.0789 0.2302 0.919, 8.0785 0.2257 0.9163, 8.0789 0.2257 0.9163, 8.0789 0.2212 0.9123, 8.0785 0.2229 0.9138, 8.0785 0.2212 0.9123, 8.0785 0.2184 0.9082, 8.0789 0.2184 0.9082, 8.0785 0.2167 0.9034, 8.0789 0.2167 0.9034, 8.0785 0.2161 0.898, 8.0789 0.2161 0.898, 8.0785 0.2167 0.8922, 8.0789 0.2167 0.8922, 8.0785 0.2184 0.8876, 8.0789 0.2184 0.8876, 8.0785 0.2203 0.8845, 8.0789 0.2203 0.8845, 8.0785 0.2388 0.8731, 8.0789 0.2388 0.8731, 8.0789 0.2299 0.8772, 8.0785 0.2228 0.8819, 8.0789 0.2228 0.8819, 8.0785 0.2229 0.8818, 8.0785 0.2299 0.8772, 8.0785 0.2487 0.869, 8.0789 0.2487 0.869, 8.0785 0.2546 0.8654, 8.0789 0.2546 0.8654, 8.0785 0.2565 0.8635, 8.0789 0.2565 0.8635, 8.0785 0.2576 0.8615, 8.0789 0.2576 0.8615, 8.0785 0.2583 0.8591, 8.0789 0.2583 0.8591, 8.0785 0.2585 0.8572, 8.0789 0.2585 0.8572, 8.0785 0.2581 0.8544, 8.0789 0.2581 0.8544, 8.0785 0.2574 0.8522, 8.0789 0.2574 0.8522, 8.0785 0.2561 0.8503, 8.0789 0.2561 0.8503, 8.0785 0.2543 0.8488, 8.0789 0.2543 0.8488, 8.0785 0.253 0.8479, 8.0789 0.253 0.8479, 8.0785 0.2491 0.8465, 8.0789 0.2491 0.8465, 8.0785 0.2414 0.8456, 8.0789 0.2414 0.8456, 8.0789 0.3485 0.9212, 8.0789 0.3641 0.9212, 8.0785 0.3485 0.9212, 8.0785 0.3641 0.9212, 8.0789 0.3251 0.8566, 8.0785 0.3251 0.8566, 8.0785 0.3239 0.8526, 8.0789 0.3239 0.8526, 8.0785 0.3232 0.8496, 8.0789 0.3232 0.8496, 8.0789 0.3228 0.8496, 8.0785 0.3228 0.8496, 8.0789 0.321 0.8567, 8.0785 0.321 0.8567, 8.0785 0.2986 0.9212, 8.0789 0.2986 0.9212, 8.0785 0.3058 0.9003, 8.0789 0.2817 0.9212, 8.0785 0.2817 0.9212, 8.0785 0.3154 0.8356, 8.0789 0.3154 0.8356, 8.0785 0.3058 0.8599, 8.0785 0.3088 0.82, 8.0789 0.3088 0.82, 8.0785 0.3149 0.8344, 8.0785 0.3058 0.8146, 8.0789 0.3058 0.8146, 8.0785 0.3058 0.8146, 8.0789 0.303 0.8114, 8.0785 0.303 0.8114, 8.0785 0.3003 0.8095, 8.0789 0.3003 0.8095, 8.0785 0.297 0.8083, 8.0789 0.297 0.8083, 8.0785 0.2934 0.8079, 8.0789 0.2934 0.8079, 8.0785 0.2879 0.8086, 8.0789 0.2879 0.8086, 8.0785 0.2848 0.8096, 8.0789 0.2848 0.8096, 8.0789 0.2848 0.7962, 8.0785 0.2848 0.7962, 8.0785 0.2912 0.7951, 8.0789 0.2912 0.7951, 8.0785 0.2945 0.795, 8.0789 0.2945 0.795, 8.0785 0.3006 0.7957, 8.0785 0.3058 0.7977, 8.0789 0.3065 0.7979, 8.0789 0.3006 0.7957, 8.0785 0.3065 0.7979, 8.0785 0.3118 0.8016, 8.0789 0.3118 0.8016, 8.0785 0.3128 0.8026, 8.0789 0.3128 0.8026, 8.0785 0.3183 0.8092, 8.0789 0.3183 0.8092, 8.0785 0.3251 0.8224, 8.0789 0.3251 0.8224, 8.0785 0.3299 0.8344, 8.0789 0.4449 0.8491, 8.0789 0.4449 0.8354, 8.0785 0.4449 0.8491, 8.0785 0.4449 0.8354, 8.0785 0.3958 0.8491, 8.0789 0.3958 0.8491, 8.0785 0.4183 0.8491, 8.0789 0.3958 0.8895, 8.0785 0.3958 0.8895, 8.0785 0.4387 0.8895, 8.0789 0.4387 0.8895, 8.0785 0.4183 0.8895, 8.0789 0.4387 0.9032, 8.0785 0.4387 0.9032, 8.0785 0.3958 0.9032, 8.0789 0.3958 0.9032, 8.0785 0.4183 0.9032, 8.0789 0.3958 0.9417, 8.0785 0.3958 0.9417, 8.0785 0.4421 0.9417, 8.0789 0.4421 0.9417, 8.0785 0.4183 0.9417, 8.0789 0.4421 0.9555, 8.0785 0.4421 0.9555, 8.0785 0.3803 0.9555, 8.0789 0.3803 0.9555, 8.0785 0.4183 0.9555, 8.0789 0.3803 0.8354, 8.0785 0.3803 0.8354, 8.0785 0.4183 0.8354, 8.0789 0.5425 0.8695, 8.0789 0.5362 0.8616, 8.0789 0.5472 0.8522, 8.0789 0.5339 0.8595, 8.0789 0.5345 0.8431, 8.0789 0.5259 0.8543, 8.0789 0.5207 0.8378, 8.0789 0.5156 0.8507, 8.0789 0.5006 0.8354, 8.0789 0.5005 0.8491, 8.0789 0.4676 0.8354, 8.0789 0.4831 0.8491, 8.0789 0.4676 0.9555, 8.0789 0.4831 0.9417, 8.0789 0.5018 0.9555, 8.0789 0.5012 0.9417, 8.0789 0.521 0.9533, 8.0789 0.5161 0.9401, 8.0789 0.5353 0.9478, 8.0789 0.5266 0.9364, 8.0789 0.5472 0.9396, 8.0789 0.5359 0.9304, 8.0789 0.5522 0.9346, 8.0789 0.5399 0.9263, 8.0789 0.5595 0.9239, 8.0789 0.5444 0.9193, 8.0789 0.5637 0.9122, 8.0789 0.5476 0.9101, 8.0789 0.5654 0.897, 8.0789 0.549 0.8965, 8.0789 0.5649 0.8885, 8.0789 0.5487 0.8897, 8.0789 0.5618 0.8745, 8.0789 0.5465 0.8785, 8.0789 0.5557 0.8622, 8.0785 0.5006 0.8354, 8.0785 0.4676 0.8354, 8.0785 0.5207 0.8378, 8.0785 0.5345 0.8431, 8.0785 0.5472 0.8522, 8.0785 0.5557 0.8622, 8.0785 0.5618 0.8745, 8.0785 0.5649 0.8885, 8.0785 0.5654 0.897, 8.0785 0.5637 0.9122, 8.0785 0.5595 0.9239, 8.0785 0.5522 0.9346, 8.0785 0.5472 0.9396, 8.0785 0.5353 0.9478, 8.0785 0.521 0.9533, 8.0785 0.5018 0.9555, 8.0785 0.4676 0.9555, 8.0785 0.5012 0.9417, 8.0785 0.4831 0.9417, 8.0785 0.4831 0.8491, 8.0785 0.5005 0.8491, 8.0785 0.5362 0.8616, 8.0785 0.5339 0.8595, 8.0785 0.5259 0.8543, 8.0785 0.5156 0.8507, 8.0785 0.549 0.8965, 8.0785 0.5487 0.8897, 8.0785 0.5465 0.8785, 8.0785 0.5425 0.8695, 8.0785 0.5359 0.9304, 8.0785 0.5399 0.9263, 8.0785 0.5444 0.9193, 8.0785 0.5476 0.9101, 8.0785 0.5161 0.9401, 8.0785 0.5266 0.9364
            ]
        }
        coordIndex [
            0,1,2,-1,3,4,2,-1,2,4,5,-1,2,5,0,-1,3,6,4,-1,4,6,7,-1,4,7,8,-1,9,8,10,-1,10,8,7,-1,11,9,12,-1,12,9,10,-1,13,14,15,-1,15,14,11,-1,15,11,16,-1,16,11,12,-1,17,14,18,-1,18,14,13,-1,18,19,17,-1,17,19,20,-1,17,20,21,-1,21,20,22,-1,21,22,23,-1,23,22,24,-1,23,24,25,-1,25,24,26,-1,25,26,27,-1,27,26,28,-1,27,28,29,-1,29,28,30,-1,29,30,31,-1,31,30,32,-1,31,32,33,-1,33,32,34,-1,33,34,35,-1,35,34,36,-1,35,36,37,-1,37,36,38,-1,37,38,39,-1,39,38,40,-1,39,40,41,-1,41,40,42,-1,41,42,43,-1,43,42,44,-1,43,44,45,-1,45,44,46,-1,45,46,47,-1,47,46,48,-1,47,48,49,-1,49,48,50,-1,49,50,51,-1,51,50,52,-1,51,52,53,-1,53,52,54,-1,53,54,55,-1,55,54,56,-1,55,56,57,-1,57,56,58,-1,57,58,59,-1,59,58,60,-1,59,60,61,-1,61,60,62,-1,61,62,63,-1,63,62,64,-1,63,64,65,-1,65,64,66,-1,65,66,67,-1,67,66,68,-1,67,68,69,-1,69,68,70,-1,69,70,71,-1,71,70,72,-1,71,72,73,-1,73,72,74,-1,73,74,75,-1,76,75,77,-1,77,75,74,-1,76,77,78,-1,76,78,79,-1,79,78,80,-1,79,80,81,-1,81,80,82,-1,81,82,83,-1,83,82,84,-1,83,84,85,-1,85,84,86,-1,85,86,87,-1,88,87,89,-1,89,87,86,-1,89,90,88,-1,88,90,91,-1,88,91,92,-1,92,91,93,-1,92,93,94,-1,94,93,95,-1,94,95,96,-1,96,95,97,-1,96,97,98,-1,98,97,99,-1,98,99,100,-1,100,99,101,-1,100,101,102,-1,103,104,105,-1,102,101,106,-1,102,106,107,-1,107,106,108,-1,107,108,105,-1,105,108,109,-1,105,109,103,-1,104,103,110,-1,104,110,111,-1,111,110,112,-1,111,112,113,-1,113,112,114,-1,113,114,115,-1,115,114,116,-1,115,116,117,-1,117,116,118,-1,117,118,119,-1,119,118,120,-1,119,120,121,-1,121,120,122,-1,121,122,123,-1,123,122,124,-1,123,124,125,-1,125,124,126,-1,125,126,127,-1,127,126,128,-1,127,128,129,-1,129,128,130,-1,129,130,131,-1,131,130,132,-1,131,132,133,-1,133,132,134,-1,133,134,135,-1,135,134,1,-1,135,1,0,-1,61,63,85,-1,85,63,83,-1,111,43,104,-1,104,43,45,-1,21,23,127,-1,127,23,25,-1,127,25,125,-1,125,25,27,-1,125,27,123,-1,123,27,29,-1,123,29,121,-1,121,29,31,-1,121,31,119,-1,119,31,33,-1,119,33,117,-1,117,33,35,-1,117,35,115,-1,115,35,37,-1,115,37,113,-1,113,37,39,-1,113,39,111,-1,111,39,41,-1,111,41,43,-1,14,0,11,-1,11,0,5,-1,11,5,9,-1,9,5,4,-1,9,4,8,-1,63,65,83,-1,83,65,67,-1,83,67,81,-1,81,67,69,-1,81,69,79,-1,79,69,71,-1,79,71,76,-1,76,71,73,-1,76,73,75,-1,127,129,21,-1,21,129,131,-1,21,131,17,-1,17,131,133,-1,17,133,14,-1,14,133,135,-1,14,135,0,-1,85,87,61,-1,61,87,88,-1,61,88,59,-1,59,88,92,-1,59,92,57,-1,57,92,94,-1,57,94,55,-1,55,94,96,-1,55,96,53,-1,53,96,98,-1,53,98,51,-1,51,98,100,-1,51,100,49,-1,49,100,102,-1,49,102,47,-1,47,102,107,-1,47,107,45,-1,45,107,105,-1,45,105,104,-1,136,137,138,-1,138,137,139,-1,140,136,141,-1,141,136,138,-1,140,141,142,-1,140,142,143,-1,143,142,144,-1,143,144,145,-1,146,145,147,-1,147,145,144,-1,148,146,149,-1,149,146,147,-1,150,151,152,-1,152,151,148,-1,152,148,149,-1,153,151,154,-1,154,151,150,-1,155,156,157,-1,157,156,153,-1,157,153,154,-1,158,159,160,-1,160,159,156,-1,160,156,155,-1,159,158,161,-1,159,161,162,-1,162,161,163,-1,162,163,164,-1,163,165,164,-1,164,165,166,-1,164,166,167,-1,167,166,168,-1,167,168,169,-1,169,168,170,-1,169,170,171,-1,171,170,172,-1,171,172,173,-1,173,172,174,-1,173,174,175,-1,176,175,177,-1,177,175,174,-1,176,177,178,-1,176,178,179,-1,179,178,180,-1,179,180,181,-1,181,180,182,-1,183,184,182,-1,182,184,185,-1,182,185,181,-1,183,186,184,-1,184,186,187,-1,184,187,188,-1,188,187,189,-1,188,189,190,-1,190,189,191,-1,190,191,192,-1,192,191,193,-1,192,193,194,-1,139,137,195,-1,195,137,194,-1,195,194,193,-1,143,145,194,-1,137,136,194,-1,194,136,140,-1,194,140,143,-1,151,153,148,-1,148,153,156,-1,148,156,146,-1,192,162,190,-1,190,162,164,-1,175,176,173,-1,173,176,179,-1,173,179,171,-1,171,179,181,-1,171,181,169,-1,169,181,185,-1,169,185,167,-1,167,185,184,-1,167,184,164,-1,164,184,188,-1,164,188,190,-1,145,146,194,-1,194,146,156,-1,194,156,192,-1,192,156,159,-1,192,159,162,-1,196,197,198,-1,198,197,199,-1,200,201,202,-1,202,201,196,-1,202,196,198,-1,203,201,204,-1,204,201,200,-1,205,206,207,-1,207,206,203,-1,207,203,204,-1,208,206,209,-1,209,206,205,-1,210,211,212,-1,212,211,208,-1,212,208,209,-1,213,211,214,-1,214,211,210,-1,215,216,217,-1,217,216,213,-1,217,213,214,-1,218,216,219,-1,219,216,215,-1,220,221,222,-1,222,221,218,-1,222,218,219,-1,223,221,224,-1,224,221,220,-1,199,197,225,-1,225,197,223,-1,225,223,224,-1,223,197,196,-1,196,201,223,-1,223,201,203,-1,223,203,221,-1,216,218,213,-1,213,218,221,-1,213,221,211,-1,211,221,203,-1,211,203,208,-1,208,203,206,-1,226,227,228,-1,228,227,229,-1,228,229,230,-1,230,229,231,-1,230,231,232,-1,232,231,233,-1,232,233,234,-1,234,233,235,-1,234,235,236,-1,236,235,237,-1,236,237,238,-1,238,237,239,-1,238,239,240,-1,240,239,241,-1,240,241,242,-1,242,241,243,-1,242,243,244,-1,244,243,245,-1,244,245,246,-1,246,245,247,-1,246,247,248,-1,248,247,249,-1,248,249,250,-1,250,249,251,-1,250,251,252,-1,252,251,253,-1,252,253,254,-1,254,253,255,-1,254,255,256,-1,256,255,257,-1,256,257,258,-1,258,257,259,-1,258,259,260,-1,260,259,226,-1,260,226,228,-1,234,236,261,-1,261,236,262,-1,234,261,263,-1,234,263,232,-1,232,263,264,-1,232,264,230,-1,230,264,265,-1,230,265,228,-1,228,265,266,-1,228,266,260,-1,260,266,267,-1,260,267,258,-1,258,267,268,-1,258,268,256,-1,256,268,269,-1,256,269,254,-1,254,269,270,-1,254,270,252,-1,252,270,271,-1,252,271,250,-1,250,271,272,-1,250,272,248,-1,248,272,273,-1,248,273,246,-1,246,273,274,-1,246,274,244,-1,244,274,275,-1,244,275,242,-1,242,275,276,-1,242,276,240,-1,238,240,277,-1,277,240,276,-1,236,238,262,-1,262,238,277,-1,241,239,278,-1,278,239,279,-1,239,237,279,-1,279,237,280,-1,237,235,280,-1,280,235,281,-1,227,282,283,-1,227,283,229,-1,229,283,284,-1,229,284,231,-1,231,284,285,-1,231,285,233,-1,233,285,281,-1,233,281,235,-1,255,286,287,-1,255,287,257,-1,257,287,288,-1,257,288,259,-1,259,288,289,-1,259,289,226,-1,226,289,282,-1,226,282,227,-1,247,290,291,-1,247,291,249,-1,249,291,292,-1,249,292,251,-1,251,292,293,-1,251,293,253,-1,253,293,286,-1,253,286,255,-1,241,278,294,-1,241,294,243,-1,243,294,295,-1,243,295,245,-1,245,295,290,-1,245,290,247,-1,
        ]
    }
}
Shape{
    appearance Appearance {
        material  Material 	{
            diffuseColor 0.2235294117647059 0.2235294117647059 0.2235294117647059
            specularColor 0.11372549019607843 0.11372549019607843 0.11372549019607843
            ambientIntensity 0.2235
            transparency 0.0
            shininess 0.5
        }
    }
    geometry IndexedFaceSet {
        ccw TRUE
        solid FALSE
        coord DEF co Coordinate {
            point [
                8.0785 0.4831 0.9417, 8.0785 0.4831 0.8491, 8.0785 0.5012 0.9417, 8.0785 0.5005 0.8491, 8.0785 0.5156 0.8507, 8.0785 0.5259 0.8543, 8.0785 0.5339 0.8595, 8.0785 0.5362 0.8616, 8.0785 0.5425 0.8695, 8.0785 0.5465 0.8785, 8.0785 0.5487 0.8897, 8.0785 0.549 0.8965, 8.0785 0.5476 0.9101, 8.0785 0.5444 0.9193, 8.0785 0.5399 0.9263, 8.0785 0.5359 0.9304, 8.0785 0.5161 0.9401, 8.0785 0.5266 0.9364
            ]
        }
        coordIndex [
            0,1,2,-1,2,1,3,-1,2,3,4,-1,4,5,2,-1,2,5,6,-1,2,6,7,-1,7,8,2,-1,2,8,9,-1,2,9,10,-1,10,11,2,-1,2,11,12,-1,2,12,13,-1,13,14,2,-1,2,14,15,-1,2,15,16,-1,16,15,17,-1,
        ]
    }
}
Shape{
    appearance Appearance {
        material  Material 	{
            diffuseColor 1.0 1.0 1.0
            specularColor 0.5019607843137255 0.5019607843137255 0.5019607843137255
            ambientIntensity 1.0
            transparency 0.0
            shininess 0.5
        }
    }
    geometry IndexedFaceSet {
        ccw TRUE
        solid FALSE
        coord DEF co Coordinate {
            point [
                8.0789 0.6056 0.8818, 8.0789 0.6007 0.8682, 8.0789 0.6459 0.8818, 8.0789 0.6507 0.8682, 8.0789 0.6236 0.9317, 8.0789 0.6178 0.9555, 8.0789 0.572 0.8354, 8.0789 0.5891 0.8354, 8.0789 0.6246 0.9353, 8.0789 0.6255 0.9401, 8.0789 0.6343 0.9555, 8.0789 0.6259 0.9401, 8.0789 0.6269 0.9351, 8.0789 0.6278 0.9317, 8.0789 0.6801 0.8354, 8.0789 0.663 0.8354, 8.0785 0.6343 0.9555, 8.0785 0.6801 0.8354, 8.0785 0.6178 0.9555, 8.0785 0.572 0.8354, 8.0785 0.5891 0.8354, 8.0785 0.6007 0.8682, 8.0785 0.6507 0.8682, 8.0785 0.663 0.8354, 8.0785 0.6056 0.8818, 8.0785 0.6459 0.8818, 8.0785 0.6278 0.9317, 8.0785 0.6259 0.9401, 8.0785 0.6269 0.9351, 8.0785 0.6255 0.9401, 8.0785 0.6236 0.9317, 8.0785 0.6246 0.9353
            ]
        }
        coordIndex [
            0,1,2,-1,2,1,3,-1,4,5,0,-1,0,5,6,-1,0,6,1,-1,1,6,7,-1,4,8,5,-1,5,8,9,-1,5,9,10,-1,10,9,11,-1,10,11,12,-1,12,13,10,-1,10,13,2,-1,10,2,14,-1,14,2,3,-1,14,3,15,-1,10,14,16,-1,16,14,17,-1,5,10,18,-1,18,10,16,-1,6,5,19,-1,19,5,18,-1,7,6,20,-1,20,6,19,-1,1,7,21,-1,21,7,20,-1,3,1,22,-1,22,1,21,-1,15,3,23,-1,23,3,22,-1,14,15,17,-1,17,15,23,-1,0,2,24,-1,24,2,25,-1,2,13,25,-1,25,13,26,-1,11,27,28,-1,11,28,12,-1,12,28,26,-1,12,26,13,-1,11,9,27,-1,27,9,29,-1,4,30,31,-1,4,31,8,-1,8,31,29,-1,8,29,9,-1,4,0,30,-1,30,0,24,-1,
        ]
    }
}
Shape{
    appearance Appearance {
        material  Material 	{
            diffuseColor 0.2235294117647059 0.2235294117647059 0.2235294117647059
            specularColor 0.11372549019607843 0.11372549019607843 0.11372549019607843
            ambientIntensity 0.2235
            transparency 0.0
            shininess 0.5
        }
    }
    geometry IndexedFaceSet {
        ccw TRUE
        solid FALSE
        coord DEF co Coordinate {
            point [
                8.0785 0.6259 0.9401, 8.0785 0.6255 0.9401, 8.0785 0.6269 0.9351, 8.0785 0.6246 0.9353, 8.0785 0.6278 0.9317, 8.0785 0.6236 0.9317, 8.0785 0.6459 0.8818, 8.0785 0.6056 0.8818
            ]
        }
        coordIndex [
            0,1,2,-1,2,1,3,-1,2,3,4,-1,4,3,5,-1,4,5,6,-1,6,5,7,-1,
        ]
    }
}
Shape{
    appearance Appearance {
        material  Material 	{
            diffuseColor 1.0 1.0 1.0
            specularColor 0.5019607843137255 0.5019607843137255 0.5019607843137255
            ambientIntensity 1.0
            transparency 0.0
            shininess 0.5
        }
    }
    geometry IndexedFaceSet {
        ccw TRUE
        solid FALSE
        coord DEF co Coordinate {
            point [
                8.0789 -0.4831 0.8189, 8.0789 -0.4706 0.8032, 8.0789 -0.4905 0.8939, 8.0789 -0.5048 1.0426, 8.0789 -0.4857 1.0526, 8.0789 -0.4909 1.1049, 8.0789 -0.34 0.8155, 8.0789 -0.3301 0.8346, 8.0789 -0.3252 0.8557, 8.0789 -0.4375 1.1074, 8.0789 -0.4111 1.045, 8.0789 -0.3979 1.0722, 8.0789 -0.4572 1.1091, 8.0789 -0.2053 0.9357, 8.0789 -0.2317 0.981, 8.0789 -0.3248 0.8725, 8.0789 -0.3462 0.9212, 8.0789 -0.3248 0.864, 8.0789 -0.3714 0.788, 8.0789 -0.3543 0.7996, 8.0789 -0.4443 0.8607, 8.0789 -0.4427 0.8527, 8.0789 -0.4393 0.8455, 8.0789 -0.1771 1.0203, 8.0789 -0.1703 1.0203, 8.0789 -0.1352 1.0664, 8.0789 -0.1533 1.0181, 8.0789 -0.1313 1.0651, 8.0789 -0.1385 1.0122, 8.0789 -0.1058 1.0525, 8.0789 -0.0826 1.033, 8.0789 -0.42 1.1278, 8.0789 -0.3788 1.095, 8.0789 -0.4 1.145, 8.0789 -0.3561 1.1116, 8.0789 -0.3792 1.1578, 8.0789 -0.508 0.9045, 8.0789 -0.5022 0.84, 8.0789 -0.4913 0.8367, 8.0789 -0.4646 1.0574, 8.0789 -0.4563 1.0578, 8.0789 -0.4473 1.1086, 8.0789 -0.4374 1.0556, 8.0789 -0.4182 1.0489, 8.0789 -0.384 0.8438, 8.0789 -0.3886 0.8386, 8.0789 -0.3951 0.8339, 8.0789 -0.3905 0.7809, 8.0789 -0.4025 0.831, 8.0789 -0.4102 0.7786, 8.0789 -0.4111 0.8298, 8.0789 -0.4142 0.7787, 8.0789 -0.4125 0.8299, 8.0789 -0.4343 0.782, 8.0789 -0.4202 0.8311, 8.0789 -0.454 0.7904, 8.0789 -0.4279 0.8344, 8.0789 -0.4344 0.8395, 8.0789 -0.3799 0.8751, 8.0789 -0.378 0.8671, 8.0789 -0.378 0.8593, 8.0789 -0.38 0.8511, 8.0789 -0.5225 1.0926, 8.0789 -0.5497 1.0735, 8.0789 -0.5207 1.0284, 8.0789 -0.5554 1.0681, 8.0789 -0.5323 1.0113, 8.0789 -0.576 1.0416, 8.0789 -0.5394 0.9921, 8.0789 -0.4438 0.869, 8.0789 -0.4413 0.8771, 8.0789 -0.4805 0.913, 8.0789 -0.4369 0.8841, 8.0789 -0.4662 0.929, 8.0789 -0.4335 0.8877, 8.0789 -0.4486 0.9409, 8.0789 -0.4269 0.8924, 8.0789 -0.4297 0.948, 8.0789 -0.4194 0.8954, 8.0789 -0.4102 0.9503, 8.0789 -0.4111 0.8965, 8.0789 -0.3993 0.9496, 8.0789 -0.4039 0.8957, 8.0789 -0.3787 0.9443, 8.0789 -0.396 0.8928, 8.0789 -0.3607 0.9345, 8.0789 -0.3891 0.8882, 8.0789 -0.3836 0.8821, 8.0789 -0.1253 1.0028, 8.0789 -0.1173 0.994, 8.0789 -0.0652 1.0087, 8.0789 -0.1089 0.9796, 8.0789 -0.0547 0.9826, 8.0789 -0.1043 0.9633, 8.0789 -0.0507 0.9545, 8.0789 -0.1036 0.9537, 8.0789 -0.0546 0.9242, 8.0789 -0.1059 0.9363, 8.0789 -0.0653 0.8972, 8.0789 -0.1119 0.9212, 8.0789 -0.0823 0.8734, 8.0789 -0.1213 0.9082, 8.0789 -0.1054 0.8538, 8.0789 -0.1338 0.8976, 8.0789 -0.1315 0.841, 8.0789 -0.1488 0.8903, 8.0789 -0.16 0.835, 8.0789 -0.1651 0.8871, 8.0789 -0.2104 0.835, 8.0789 -0.2036 0.8871, 8.0789 -0.2152 0.8357, 8.0789 -0.1814 1.1338, 8.0789 -0.2152 1.095, 8.0789 -0.1533 1.1014, 8.0789 -0.1958 1.0721, 8.0789 -0.1825 1.0446, 8.0789 -0.2076 0.8878, 8.0789 -0.2284 0.8439, 8.0789 -0.2264 0.8419, 8.0789 -0.3398 1.173, 8.0789 -0.3282 1.1229, 8.0789 -0.2975 1.1783, 8.0789 -0.2966 1.127, 8.0789 -0.2623 1.1746, 8.0789 -0.2675 1.1234, 8.0789 -0.2194 1.1595, 8.0789 -0.2407 1.1131, 8.0789 -0.2168 1.0964, 8.0789 -0.205 0.8872, 8.0789 -0.2208 0.838, 8.0789 -0.5896 1.0109, 8.0789 -0.5953 0.9788, 8.0789 -0.5417 0.9725, 8.0789 -0.5955 0.9707, 8.0789 -0.5407 0.9593, 8.0789 -0.5913 0.9371, 8.0789 -0.5345 0.9383, 8.0789 -0.579 0.9053, 8.0789 -0.5235 0.9199, 8.0789 -0.5596 0.8777, 8.0789 -0.5331 0.855, 8.0789 -0.2351 0.8614, 8.0789 -0.2343 0.8551, 8.0789 -0.2321 0.8493, 8.0789 -0.2153 0.8871, 8.0789 -0.2212 0.8848, 8.0789 -0.2349 0.8648, 8.0789 -0.2264 0.881, 8.0789 -0.2299 0.8771, 8.0789 -0.2332 0.8713, 8.0789 -0.2087 0.8879, 8.0785 -0.0507 0.9545, 8.0785 -0.0547 0.9826, 8.0785 -0.0768 1.0249, 8.0785 -0.0575 0.9897, 8.0785 -0.0652 1.0087, 8.0785 -0.0826 1.033, 8.0785 -0.1058 1.0525, 8.0785 -0.1313 1.0651, 8.0785 -0.1352 1.0664, 8.0785 -0.1533 1.1014, 8.0785 -0.1814 1.1338, 8.0785 -0.201 1.147, 8.0785 -0.2194 1.1595, 8.0785 -0.2623 1.1746, 8.0785 -0.2975 1.1783, 8.0785 -0.4 1.145, 8.0785 -0.3966 1.147, 8.0785 -0.3792 1.1578, 8.0785 -0.3398 1.173, 8.0785 -0.42 1.1278, 8.0785 -0.4375 1.1074, 8.0785 -0.4473 1.1086, 8.0785 -0.4572 1.1091, 8.0785 -0.4909 1.1049, 8.0785 -0.5225 1.0926, 8.0785 -0.5497 1.0735, 8.0785 -0.5554 1.0681, 8.0785 -0.5955 0.9707, 8.0785 -0.576 1.0416, 8.0785 -0.5834 1.0249, 8.0785 -0.5896 1.0109, 8.0785 -0.5933 0.9897, 8.0785 -0.5953 0.9788, 8.0785 -0.5913 0.9371, 8.0785 -0.579 0.9053, 8.0785 -0.5596 0.8777, 8.0785 -0.5331 0.855, 8.0785 -0.5022 0.84, 8.0785 -0.4913 0.8367, 8.0785 -0.4903 0.8344, 8.0785 -0.4831 0.8189, 8.0785 -0.4706 0.8032, 8.0785 -0.454 0.7904, 8.0785 -0.4455 0.7868, 8.0785 -0.4343 0.782, 8.0785 -0.4142 0.7787, 8.0785 -0.4102 0.7786, 8.0785 -0.3905 0.7809, 8.0785 -0.3746 0.7868, 8.0785 -0.3714 0.788, 8.0785 -0.3543 0.7996, 8.0785 -0.34 0.8155, 8.0785 -0.3302 0.8344, 8.0785 -0.3301 0.8346, 8.0785 -0.3252 0.8557, 8.0785 -0.3248 0.864, 8.0785 -0.3248 0.8725, 8.0785 -0.2053 0.9357, 8.0785 -0.2317 0.981, 8.0785 -0.3462 0.9212, 8.0785 -0.3607 0.9345, 8.0785 -0.3787 0.9443, 8.0785 -0.3993 0.9496, 8.0785 -0.4102 0.9503, 8.0785 -0.4297 0.948, 8.0785 -0.4486 0.9409, 8.0785 -0.4662 0.929, 8.0785 -0.4805 0.913, 8.0785 -0.4905 0.8939, 8.0785 -0.508 0.9045, 8.0785 -0.5235 0.9199, 8.0785 -0.5345 0.9383, 8.0785 -0.5407 0.9593, 8.0785 -0.5417 0.9725, 8.0785 -0.5397 0.9897, 8.0785 -0.5394 0.9921, 8.0785 -0.5323 1.0113, 8.0785 -0.5231 1.0249, 8.0785 -0.5207 1.0284, 8.0785 -0.5048 1.0426, 8.0785 -0.4857 1.0526, 8.0785 -0.4646 1.0574, 8.0785 -0.4563 1.0578, 8.0785 -0.4374 1.0556, 8.0785 -0.4182 1.0489, 8.0785 -0.4111 1.045, 8.0785 -0.3979 1.0722, 8.0785 -0.3788 1.095, 8.0785 -0.3561 1.1116, 8.0785 -0.3282 1.1229, 8.0785 -0.2966 1.127, 8.0785 -0.1771 1.0203, 8.0785 -0.1781 1.0249, 8.0785 -0.1825 1.0446, 8.0785 -0.1958 1.0721, 8.0785 -0.2152 1.095, 8.0785 -0.2168 1.0964, 8.0785 -0.2407 1.1131, 8.0785 -0.2675 1.1234, 8.0785 -0.1703 1.0203, 8.0785 -0.1533 1.0181, 8.0785 -0.1385 1.0122, 8.0785 -0.1253 1.0028, 8.0785 -0.1173 0.994, 8.0785 -0.1148 0.9897, 8.0785 -0.1089 0.9796, 8.0785 -0.1043 0.9633, 8.0785 -0.1036 0.9537, 8.0785 -0.1059 0.9363, 8.0785 -0.1119 0.9212, 8.0785 -0.1213 0.9082, 8.0785 -0.1338 0.8976, 8.0785 -0.1488 0.8903, 8.0785 -0.1651 0.8871, 8.0785 -0.2036 0.8871, 8.0785 -0.205 0.8872, 8.0785 -0.2076 0.8878, 8.0785 -0.2087 0.8879, 8.0785 -0.2153 0.8871, 8.0785 -0.2212 0.8848, 8.0785 -0.2264 0.881, 8.0785 -0.2299 0.8771, 8.0785 -0.2332 0.8713, 8.0785 -0.2349 0.8648, 8.0785 -0.2351 0.8614, 8.0785 -0.2343 0.8551, 8.0785 -0.2321 0.8493, 8.0785 -0.2284 0.8439, 8.0785 -0.2264 0.8419, 8.0785 -0.2208 0.838, 8.0785 -0.2152 0.8357, 8.0785 -0.2104 0.835, 8.0785 -0.16 0.835, 8.0785 -0.1315 0.841, 8.0785 -0.1054 0.8538, 8.0785 -0.0823 0.8734, 8.0785 -0.0653 0.8972, 8.0785 -0.0546 0.9242, 8.0785 -0.4111 0.8965, 8.0785 -0.4039 0.8957, 8.0785 -0.396 0.8928, 8.0785 -0.3891 0.8882, 8.0785 -0.3836 0.8821, 8.0785 -0.3799 0.8751, 8.0785 -0.378 0.8671, 8.0785 -0.378 0.8593, 8.0785 -0.38 0.8511, 8.0785 -0.384 0.8438, 8.0785 -0.3886 0.8386, 8.0785 -0.3951 0.8339, 8.0785 -0.4025 0.831, 8.0785 -0.4111 0.8298, 8.0785 -0.4125 0.8299, 8.0785 -0.4202 0.8311, 8.0785 -0.4279 0.8344, 8.0785 -0.4344 0.8395, 8.0785 -0.4393 0.8455, 8.0785 -0.4427 0.8527, 8.0785 -0.4443 0.8607, 8.0785 -0.4438 0.869, 8.0785 -0.4413 0.8771, 8.0785 -0.4369 0.8841, 8.0785 -0.4335 0.8877, 8.0785 -0.4269 0.8924, 8.0785 -0.4194 0.8954
            ]
        }
        coordIndex [
            0,1,2,-1,3,4,5,-1,6,7,8,-1,9,10,11,-1,5,4,12,-1,13,14,15,-1,15,14,16,-1,15,16,17,-1,17,16,18,-1,17,18,8,-1,8,18,19,-1,8,19,6,-1,20,2,21,-1,21,2,1,-1,21,1,22,-1,23,24,25,-1,25,24,26,-1,25,26,27,-1,27,26,28,-1,27,28,29,-1,29,28,30,-1,9,11,31,-1,31,11,32,-1,31,32,33,-1,33,32,34,-1,33,34,35,-1,36,37,2,-1,2,37,38,-1,2,38,0,-1,4,39,12,-1,12,39,40,-1,12,40,41,-1,41,40,42,-1,41,42,9,-1,9,42,43,-1,9,43,10,-1,44,45,18,-1,18,45,46,-1,18,46,47,-1,47,46,48,-1,47,48,49,-1,49,48,50,-1,49,50,51,-1,51,50,52,-1,51,52,53,-1,53,52,54,-1,53,54,55,-1,55,54,56,-1,55,56,1,-1,1,56,57,-1,1,57,22,-1,58,59,16,-1,16,59,60,-1,16,60,18,-1,18,60,61,-1,18,61,44,-1,5,62,3,-1,3,62,63,-1,3,63,64,-1,64,63,65,-1,64,65,66,-1,66,65,67,-1,66,67,68,-1,20,69,2,-1,2,69,70,-1,2,70,71,-1,71,70,72,-1,71,72,73,-1,73,72,74,-1,73,74,75,-1,75,74,76,-1,75,76,77,-1,77,76,78,-1,77,78,79,-1,79,78,80,-1,79,80,81,-1,81,80,82,-1,81,82,83,-1,83,82,84,-1,83,84,85,-1,85,84,86,-1,85,86,16,-1,16,86,87,-1,16,87,58,-1,28,88,30,-1,30,88,89,-1,30,89,90,-1,90,89,91,-1,90,91,92,-1,92,91,93,-1,92,93,94,-1,94,93,95,-1,94,95,96,-1,96,95,97,-1,96,97,98,-1,98,97,99,-1,98,99,100,-1,100,99,101,-1,100,101,102,-1,102,101,103,-1,102,103,104,-1,104,103,105,-1,104,105,106,-1,106,105,107,-1,106,107,108,-1,108,107,109,-1,108,109,110,-1,111,112,113,-1,113,112,114,-1,113,114,25,-1,25,114,115,-1,25,115,23,-1,116,117,118,-1,35,34,119,-1,119,34,120,-1,119,120,121,-1,121,120,122,-1,121,122,123,-1,123,122,124,-1,123,124,125,-1,125,124,126,-1,125,126,111,-1,111,126,127,-1,111,127,112,-1,109,128,110,-1,110,128,116,-1,110,116,129,-1,129,116,118,-1,67,130,68,-1,68,130,131,-1,68,131,132,-1,132,131,133,-1,132,133,134,-1,134,133,135,-1,134,135,136,-1,136,135,137,-1,136,137,138,-1,138,137,139,-1,138,139,36,-1,36,139,140,-1,36,140,37,-1,141,142,116,-1,116,142,143,-1,116,143,117,-1,144,145,146,-1,145,147,146,-1,146,147,148,-1,146,148,149,-1,141,116,146,-1,146,116,150,-1,146,150,144,-1,94,151,152,-1,153,30,90,-1,94,152,92,-1,92,152,154,-1,92,154,90,-1,90,154,155,-1,90,155,153,-1,153,156,30,-1,30,156,157,-1,30,157,29,-1,29,157,158,-1,29,158,27,-1,27,158,159,-1,27,159,25,-1,25,159,160,-1,25,160,113,-1,113,160,161,-1,113,161,111,-1,125,111,162,-1,162,111,161,-1,162,163,125,-1,125,163,164,-1,125,164,123,-1,123,164,165,-1,123,165,121,-1,166,33,167,-1,167,33,35,-1,167,35,168,-1,168,35,119,-1,168,119,169,-1,169,119,121,-1,169,121,165,-1,33,166,170,-1,33,170,31,-1,31,170,171,-1,31,171,9,-1,9,171,172,-1,9,172,41,-1,41,172,173,-1,41,173,12,-1,12,173,174,-1,12,174,5,-1,5,174,175,-1,5,175,62,-1,62,175,176,-1,62,176,63,-1,63,176,177,-1,63,177,65,-1,178,133,131,-1,65,177,179,-1,65,179,67,-1,67,179,180,-1,67,180,130,-1,180,181,130,-1,130,181,182,-1,130,182,131,-1,131,182,183,-1,131,183,178,-1,133,178,184,-1,133,184,135,-1,135,184,185,-1,135,185,137,-1,137,185,186,-1,137,186,139,-1,139,186,187,-1,139,187,140,-1,140,187,188,-1,140,188,37,-1,37,188,189,-1,37,189,38,-1,38,189,190,-1,38,190,0,-1,190,191,0,-1,0,191,192,-1,0,192,1,-1,1,192,193,-1,1,193,55,-1,55,193,194,-1,55,194,53,-1,194,195,53,-1,53,195,196,-1,53,196,51,-1,51,196,197,-1,51,197,49,-1,49,197,198,-1,49,198,47,-1,47,198,199,-1,47,199,18,-1,199,200,18,-1,18,200,201,-1,18,201,19,-1,19,201,202,-1,203,7,202,-1,202,7,6,-1,202,6,19,-1,203,204,7,-1,7,204,205,-1,7,205,8,-1,8,205,206,-1,8,206,17,-1,15,17,207,-1,207,17,206,-1,13,15,208,-1,208,15,207,-1,14,13,209,-1,209,13,208,-1,16,14,210,-1,210,14,209,-1,16,210,211,-1,16,211,85,-1,85,211,212,-1,85,212,83,-1,83,212,213,-1,83,213,81,-1,81,213,214,-1,81,214,79,-1,79,214,215,-1,79,215,77,-1,77,215,216,-1,77,216,75,-1,75,216,217,-1,75,217,73,-1,73,217,218,-1,73,218,71,-1,71,218,219,-1,71,219,2,-1,2,219,220,-1,2,220,36,-1,36,220,221,-1,36,221,138,-1,138,221,222,-1,138,222,136,-1,136,222,223,-1,136,223,134,-1,134,223,224,-1,134,224,132,-1,68,132,225,-1,225,132,224,-1,225,226,68,-1,68,226,227,-1,68,227,66,-1,66,227,228,-1,66,228,64,-1,228,229,64,-1,64,229,230,-1,64,230,3,-1,3,230,231,-1,3,231,4,-1,4,231,232,-1,4,232,39,-1,39,232,233,-1,39,233,40,-1,40,233,234,-1,40,234,42,-1,42,234,235,-1,42,235,43,-1,43,235,236,-1,43,236,10,-1,10,236,237,-1,10,237,11,-1,11,237,238,-1,11,238,32,-1,32,238,239,-1,32,239,34,-1,34,239,240,-1,34,240,120,-1,120,240,241,-1,120,241,122,-1,242,23,243,-1,243,23,115,-1,243,115,244,-1,244,115,114,-1,244,114,245,-1,245,114,112,-1,245,112,246,-1,246,112,127,-1,246,127,247,-1,247,127,126,-1,247,126,248,-1,248,126,124,-1,248,124,249,-1,249,124,122,-1,249,122,241,-1,24,23,250,-1,250,23,242,-1,24,250,251,-1,24,251,26,-1,26,251,252,-1,26,252,28,-1,28,252,253,-1,28,253,88,-1,88,253,254,-1,88,254,89,-1,89,254,255,-1,89,255,91,-1,255,256,91,-1,91,256,257,-1,91,257,93,-1,93,257,258,-1,93,258,95,-1,95,258,259,-1,95,259,97,-1,97,259,260,-1,97,260,99,-1,99,260,261,-1,99,261,101,-1,101,261,262,-1,101,262,103,-1,103,262,263,-1,103,263,105,-1,105,263,264,-1,105,264,107,-1,109,107,265,-1,265,107,264,-1,109,265,266,-1,109,266,128,-1,128,266,267,-1,128,267,116,-1,116,267,268,-1,116,268,150,-1,150,268,269,-1,150,269,144,-1,144,269,270,-1,144,270,145,-1,145,270,271,-1,145,271,147,-1,147,271,272,-1,147,272,148,-1,148,272,273,-1,148,273,149,-1,149,273,274,-1,149,274,146,-1,146,274,275,-1,146,275,141,-1,141,275,276,-1,141,276,142,-1,142,276,277,-1,142,277,143,-1,143,277,278,-1,143,278,117,-1,117,278,279,-1,117,279,118,-1,118,279,280,-1,118,280,129,-1,129,280,281,-1,129,281,110,-1,110,281,282,-1,110,282,108,-1,106,108,283,-1,283,108,282,-1,106,283,284,-1,106,284,104,-1,104,284,285,-1,104,285,102,-1,102,285,286,-1,102,286,100,-1,100,286,287,-1,100,287,98,-1,98,287,288,-1,98,288,96,-1,96,288,151,-1,96,151,94,-1,80,289,290,-1,80,290,82,-1,82,290,291,-1,82,291,84,-1,84,291,292,-1,84,292,86,-1,86,292,293,-1,86,293,87,-1,87,293,294,-1,87,294,58,-1,58,294,295,-1,58,295,59,-1,59,295,296,-1,59,296,60,-1,60,296,297,-1,60,297,61,-1,61,297,298,-1,61,298,44,-1,44,298,299,-1,44,299,45,-1,45,299,300,-1,45,300,46,-1,46,300,301,-1,46,301,48,-1,48,301,302,-1,48,302,50,-1,50,302,303,-1,50,303,52,-1,52,303,304,-1,52,304,54,-1,54,304,305,-1,54,305,56,-1,56,305,306,-1,56,306,57,-1,57,306,307,-1,57,307,22,-1,22,307,308,-1,22,308,21,-1,21,308,309,-1,21,309,20,-1,20,309,310,-1,20,310,69,-1,69,310,311,-1,69,311,70,-1,70,311,312,-1,70,312,72,-1,72,312,313,-1,72,313,74,-1,74,313,314,-1,74,314,76,-1,76,314,315,-1,76,315,78,-1,78,315,289,-1,78,289,80,-1,
        ]
    }
}
Shape{
    appearance Appearance {
        material  Material 	{
            diffuseColor 0.2235294117647059 0.2235294117647059 0.2235294117647059
            specularColor 0.11372549019607843 0.11372549019607843 0.11372549019607843
            ambientIntensity 0.2235
            transparency 0.0
            shininess 0.5
        }
    }
    geometry IndexedFaceSet {
        ccw TRUE
        solid FALSE
        coord DEF co Coordinate {
            point [
                8.0785 -0.4125 0.8299, 8.0785 -0.4335 0.8877, 8.0785 -0.4369 0.8841, 8.0785 -0.4025 0.831, 8.0785 -0.3951 0.8339, 8.0785 -0.4039 0.8957, 8.0785 -0.4111 0.8965, 8.0785 -0.4194 0.8954, 8.0785 -0.4269 0.8924, 8.0785 -0.4427 0.8527, 8.0785 -0.4393 0.8455, 8.0785 -0.4344 0.8395, 8.0785 -0.4111 0.8298, 8.0785 -0.4413 0.8771, 8.0785 -0.4438 0.869, 8.0785 -0.4443 0.8607, 8.0785 -0.4279 0.8344, 8.0785 -0.4202 0.8311, 8.0785 -0.3886 0.8386, 8.0785 -0.384 0.8438, 8.0785 -0.38 0.8511, 8.0785 -0.378 0.8593, 8.0785 -0.378 0.8671, 8.0785 -0.3799 0.8751, 8.0785 -0.3836 0.8821, 8.0785 -0.3891 0.8882, 8.0785 -0.396 0.8928
            ]
        }
        coordIndex [
            0,1,2,-1,3,4,5,-1,6,7,0,-1,0,7,8,-1,0,8,1,-1,9,10,2,-1,2,10,11,-1,6,0,5,-1,5,0,12,-1,5,12,3,-1,13,14,2,-1,2,14,15,-1,2,15,9,-1,11,16,2,-1,2,16,17,-1,2,17,0,-1,4,18,5,-1,5,18,19,-1,5,19,20,-1,20,21,5,-1,5,21,22,-1,5,22,23,-1,23,24,5,-1,5,24,25,-1,5,25,26,-1,
        ]
    }
}