#VRML V2.0 utf8
# 3D model generated by easyeda2kicad.py (https://github.com/uPesy/easyeda2kicad.py)

Shape{
    appearance Appearance {
        material  Material 	{
            diffuseColor 0.9490196078431372 0.7607843137254902 0.1803921568627451
            specularColor 0.7607843137254902 0.6078431372549019 0.1450980392156863
            ambientIntensity 0.7509
            transparency 0.0
            shininess 0.5
        }
    }
    geometry IndexedFaceSet {
        ccw TRUE
        solid FALSE
        coord DEF co Coordinate {
            point [
                -6.3622 -0.4685 -0.4264, -6.3622 -0.4696 -0.4167, -6.3622 -0.5424 -0.4477, -6.3622 -0.4697 -0.5191, -6.3622 -0.4697 -0.4819, -6.3622 -0.5021 -0.4819, -6.3622 -0.5021 -0.5167, -6.3622 -0.5129 -0.5167, -6.3622 -0.558 -0.5311, -6.3622 -0.549 -0.3928, -6.3622 -0.5412 -0.3854, -6.3622 -0.5574 -0.3679, -6.3622 -0.558 -0.4166, -6.3622 -0.5574 -0.3175, -6.3622 -0.4701 -0.4384, -6.3622 -0.5414 -0.4495, -6.3622 -0.4748 -0.4495, -6.3622 -0.4589 -0.5191, -6.3622 -0.3622 -0.5311, -6.3622 -0.4589 -0.4687, -6.3622 -0.3622 0.1969, -6.3622 -0.4589 -0.3175, -6.3622 -0.4589 -0.3307, -6.3622 -0.4849 -0.3815, -6.3622 -0.4756 -0.3872, -6.3622 -0.4671 -0.3961, -6.3622 -0.4617 -0.4055, -6.3622 -0.5465 -0.3679, -6.3622 -0.5318 -0.3802, -6.3622 -0.5465 -0.3307, -6.3622 -0.4585 -0.4164, -6.3622 -0.4577 -0.4263, -6.3622 -0.4585 -0.4381, -6.3622 -0.4616 -0.4495, -6.3622 -0.5574 -0.4687, -6.3622 -0.5523 -0.4495, -6.3622 -0.5573 -0.4103, -6.3622 -0.554 -0.4007, -6.3622 -0.4723 -0.4094, -6.3622 -0.4768 -0.4026, -6.3622 -0.4834 -0.3966, -6.3622 -0.5092 -0.3895, -6.3622 -0.5198 -0.3905, -6.3622 -0.5283 -0.3931, -6.3622 -0.5467 -0.415, -6.3622 -0.5477 -0.4242, -6.3622 -0.5441 -0.4079, -6.3622 -0.54 -0.4018, -6.3622 -0.5351 -0.3972, -6.3622 -0.5463 -0.4373, -6.3622 -0.5214 -0.3772, -6.3622 -0.51 -0.3763, -6.3622 -0.496 -0.3777, -6.3622 -0.491 -0.3926, -6.3622 -0.5015 -0.3899, -6.3622 -0.5129 -0.4819, -6.3622 -0.5465 -0.4819, -6.3622 -0.5465 -0.5215, -6.3622 -0.5574 -0.5215, -6.3622 -0.558 -0.4291, -6.3622 -0.5585 -0.4251, -6.3622 -0.6378 -0.5311, -6.3622 -0.5586 -0.4224, -6.3622 -0.558 0.1969, -6.3622 -0.6378 0.1969, -6.3622 -0.4589 -0.6643, -6.3622 -0.4589 -0.6775, -6.3622 -0.5574 -0.7016, -6.3622 -0.5574 -0.716, -6.3622 -0.558 -1.0236, -6.3622 -0.3622 -1.0236, -6.3622 -0.5574 -0.5675, -6.3622 -0.5574 -0.5407, -6.3622 -0.4589 -0.5407, -6.3622 -0.4589 -0.5685, -6.3622 -0.4718 -0.605, -6.3622 -0.4795 -0.612, -6.3622 -0.4879 -0.6166, -6.3622 -0.5574 -0.6271, -6.3622 -0.5304 -0.615, -6.3622 -0.5392 -0.6094, -6.3622 -0.4604 -0.5827, -6.3622 -0.4645 -0.5942, -6.3622 -0.4717 -0.6049, -6.3622 -0.5469 -0.6013, -6.3622 -0.5529 -0.591, -6.3622 -0.5563 -0.5797, -6.3622 -0.5574 -0.6415, -6.3622 -0.5297 -0.6509, -6.3622 -0.5297 -0.6916, -6.3622 -0.4976 -0.6192, -6.3622 -0.5069 -0.6199, -6.3622 -0.5201 -0.6186, -6.3622 -0.5566 -0.439, -6.3622 -0.6378 -1.0236, -6.3622 0.5467 -0.4247, -6.3622 0.5456 -0.415, -6.3622 0.4728 -0.446, -6.3622 0.5563 -0.5174, -6.3622 0.6378 -0.5294, -6.3622 0.5563 -0.467, -6.3622 0.6378 0.1969, -6.3622 0.4663 -0.3911, -6.3622 0.4741 -0.3837, -6.3622 0.4579 -0.3661, -6.3622 0.4573 -0.4149, -6.3622 0.4579 -0.3157, -6.3622 0.5452 -0.4367, -6.3622 0.4738 -0.4477, -6.3622 0.5404 -0.4477, -6.3622 0.5023 -0.515, -6.3622 0.4573 -0.5294, -6.3622 0.5131 -0.515, -6.3622 0.5455 -0.5174, -6.3622 0.5131 -0.4802, -6.3622 0.5455 -0.4802, -6.3622 0.5563 -0.3157, -6.3622 0.5563 -0.3289, -6.3622 0.5304 -0.3797, -6.3622 0.5396 -0.3855, -6.3622 0.5481 -0.3944, -6.3622 0.5535 -0.4037, -6.3622 0.4687 -0.3661, -6.3622 0.4834 -0.3784, -6.3622 0.4687 -0.3289, -6.3622 0.5567 -0.4147, -6.3622 0.5575 -0.4246, -6.3622 0.5567 -0.4364, -6.3622 0.5536 -0.4477, -6.3622 0.4579 -0.467, -6.3622 0.463 -0.4477, -6.3622 0.458 -0.4085, -6.3622 0.4612 -0.399, -6.3622 0.543 -0.4076, -6.3622 0.5384 -0.4008, -6.3622 0.5319 -0.3949, -6.3622 0.5061 -0.3877, -6.3622 0.4954 -0.3887, -6.3622 0.4869 -0.3914, -6.3622 0.4685 -0.4133, -6.3622 0.4675 -0.4225, -6.3622 0.4712 -0.4061, -6.3622 0.4752 -0.4001, -6.3622 0.4801 -0.3955, -6.3622 0.4689 -0.4356, -6.3622 0.4939 -0.3755, -6.3622 0.5053 -0.3745, -6.3622 0.5192 -0.3759, -6.3622 0.5243 -0.3908, -6.3622 0.5137 -0.3882, -6.3622 0.5023 -0.4802, -6.3622 0.4687 -0.4802, -6.3622 0.4687 -0.5198, -6.3622 0.4579 -0.5198, -6.3622 0.4573 -0.4273, -6.3622 0.4567 -0.4234, -6.3622 0.3622 -0.5294, -6.3622 0.4567 -0.4207, -6.3622 0.4573 0.1969, -6.3622 0.3622 0.1969, -6.3622 0.5563 -0.6626, -6.3622 0.5563 -0.6758, -6.3622 0.4579 -0.5657, -6.3622 0.4579 -0.539, -6.3622 0.5563 -0.539, -6.3622 0.4579 -0.6998, -6.3622 0.4579 -0.7142, -6.3622 0.4573 -1.0236, -6.3622 0.6378 -1.0236, -6.3622 0.5563 -0.5667, -6.3622 0.5548 -0.581, -6.3622 0.5508 -0.5925, -6.3622 0.5436 -0.6032, -6.3622 0.4579 -0.6254, -6.3622 0.4849 -0.6133, -6.3622 0.4761 -0.6076, -6.3622 0.5435 -0.6033, -6.3622 0.5358 -0.6103, -6.3622 0.5273 -0.6148, -6.3622 0.4683 -0.5995, -6.3622 0.4623 -0.5893, -6.3622 0.459 -0.5779, -6.3622 0.4579 -0.6398, -6.3622 0.4855 -0.6492, -6.3622 0.4855 -0.6899, -6.3622 0.5176 -0.6175, -6.3622 0.5083 -0.6182, -6.3622 0.4952 -0.6168, -6.3622 0.4587 -0.4373, -6.3622 0.3622 -1.0236
            ]
        }
        coordIndex [
            0,1,2,-1,3,4,5,-1,6,7,8,-1,9,10,11,-1,12,11,13,-1,0,2,14,-1,14,2,15,-1,14,15,16,-1,5,6,3,-1,3,6,8,-1,3,8,17,-1,17,8,18,-1,17,18,19,-1,19,18,20,-1,20,21,22,-1,23,24,22,-1,22,24,25,-1,22,25,26,-1,11,10,27,-1,27,10,28,-1,27,28,29,-1,26,30,22,-1,22,30,31,-1,22,31,20,-1,20,31,32,-1,20,32,19,-1,32,33,19,-1,19,33,16,-1,19,16,34,-1,34,16,15,-1,34,15,35,-1,12,36,11,-1,11,36,37,-1,11,37,9,-1,1,38,2,-1,2,38,39,-1,2,39,40,-1,41,42,2,-1,2,42,43,-1,44,45,46,-1,46,45,47,-1,43,48,2,-1,2,48,47,-1,2,47,49,-1,49,47,45,-1,28,50,29,-1,29,50,51,-1,29,51,22,-1,22,51,52,-1,22,52,23,-1,40,53,2,-1,2,53,54,-1,2,54,41,-1,55,56,7,-1,7,56,57,-1,7,57,8,-1,8,57,58,-1,8,58,34,-1,59,60,61,-1,61,60,62,-1,61,62,12,-1,21,20,13,-1,13,20,63,-1,13,63,12,-1,12,63,64,-1,12,64,61,-1,18,65,66,-1,67,8,68,-1,68,8,69,-1,68,69,66,-1,66,69,70,-1,66,70,18,-1,71,72,8,-1,8,72,73,-1,8,73,18,-1,18,73,74,-1,75,76,65,-1,65,76,77,-1,78,79,80,-1,74,81,18,-1,18,81,82,-1,18,82,65,-1,65,82,83,-1,65,83,75,-1,80,84,78,-1,78,84,85,-1,78,85,86,-1,86,71,78,-1,78,71,8,-1,78,8,87,-1,87,8,67,-1,87,67,88,-1,88,67,89,-1,77,90,65,-1,65,90,91,-1,65,91,78,-1,78,91,92,-1,78,92,79,-1,35,93,34,-1,34,93,59,-1,34,59,8,-1,8,59,61,-1,8,61,69,-1,69,61,94,-1,95,96,97,-1,98,99,100,-1,100,99,101,-1,102,103,104,-1,105,104,106,-1,95,97,107,-1,107,97,108,-1,107,108,109,-1,110,111,112,-1,112,111,113,-1,112,113,114,-1,114,113,115,-1,101,116,117,-1,118,119,117,-1,117,119,120,-1,117,120,121,-1,104,103,122,-1,122,103,123,-1,122,123,124,-1,121,125,117,-1,117,125,126,-1,117,126,101,-1,101,126,127,-1,101,127,100,-1,127,128,100,-1,100,128,109,-1,100,109,129,-1,129,109,108,-1,129,108,130,-1,105,131,104,-1,104,131,132,-1,104,132,102,-1,96,133,97,-1,97,133,134,-1,97,134,135,-1,136,137,97,-1,97,137,138,-1,139,140,141,-1,141,140,142,-1,138,143,97,-1,97,143,142,-1,97,142,144,-1,144,142,140,-1,123,145,124,-1,124,145,146,-1,124,146,117,-1,117,146,147,-1,117,147,118,-1,135,148,97,-1,97,148,149,-1,97,149,136,-1,150,151,110,-1,110,151,152,-1,110,152,111,-1,111,152,153,-1,111,153,129,-1,154,155,156,-1,156,155,157,-1,156,157,105,-1,116,101,106,-1,106,101,158,-1,106,158,105,-1,105,158,159,-1,105,159,156,-1,99,160,161,-1,162,163,111,-1,98,113,99,-1,99,113,111,-1,99,111,164,-1,164,111,163,-1,165,111,166,-1,166,111,167,-1,166,167,161,-1,161,167,168,-1,161,168,99,-1,164,169,99,-1,99,169,170,-1,99,170,160,-1,160,170,171,-1,160,171,172,-1,173,174,175,-1,172,176,160,-1,160,176,177,-1,160,177,178,-1,175,179,173,-1,173,179,180,-1,173,180,181,-1,181,162,173,-1,173,162,111,-1,173,111,182,-1,182,111,165,-1,182,165,183,-1,183,165,184,-1,178,185,160,-1,160,185,186,-1,160,186,173,-1,173,186,187,-1,173,187,174,-1,130,188,129,-1,129,188,154,-1,129,154,111,-1,111,154,156,-1,111,156,167,-1,167,156,189,-1,
        ]
    }
}
Shape{
    appearance Appearance {
        material  Material 	{
            diffuseColor 0.17647058823529413 0.17647058823529413 0.17647058823529413
            specularColor 0.050980392156862744 0.050980392156862744 0.050980392156862744
            ambientIntensity 0.251
            transparency 0.0
            shininess 0.5
        }
    }
    geometry IndexedFaceSet {
        ccw TRUE
        solid FALSE
        coord DEF co Coordinate {
            point [
                -6.3622 -0.6378 0.1969, -6.0 -0.8031 0.1969, -6.6378 -0.6378 0.1969, -7.0 -0.8031 0.1969, -6.6378 -0.3622 0.1969, -6.3622 -0.558 0.1969, -6.3622 -0.3622 0.1969, -6.0 0.8031 0.1969, -6.3622 0.6378 0.1969, -7.0 0.8031 0.1969, -6.6378 0.6378 0.1969, -6.6378 0.3622 0.1969, -6.3622 0.3622 0.1969, -6.3622 0.4573 0.1969, -6.8819 -1.0 0.0079, -6.8819 -1.0 0.9843, -7.0 -0.8819 0.0079, -7.0 -0.8819 0.9843, -6.1181 -1.0 0.0079, -6.1181 -1.0 0.9843, -6.0 -0.8819 0.0079, -6.0 -0.8819 0.9843, -6.0 -0.8031 0.0079, -6.0 0.8031 0.0079, -6.0 0.8819 0.0079, -6.0 0.8819 0.9843, -6.1181 1.0 0.0079, -6.1181 1.0 0.9843, -6.8819 1.0 0.0079, -6.8819 1.0 0.9843, -7.0 0.8819 0.0079, -7.0 0.8819 0.9843, -7.0 0.8031 0.0079, -7.0 -0.8031 0.0079, -6.6378 0.3622 0.9843, -6.3622 0.3622 0.9843, -6.6378 -0.3622 0.9843, -6.3622 -0.3622 0.9843, -6.3622 0.6378 0.9843, -6.6378 0.6378 0.9843, -6.3622 -0.6378 0.9843, -6.6378 -0.6378 0.9843
            ]
        }
        coordIndex [
            0,1,2,-1,2,1,3,-1,2,3,4,-1,0,5,1,-1,1,5,6,-1,1,6,7,-1,7,8,9,-1,9,8,10,-1,9,10,11,-1,3,9,4,-1,4,9,11,-1,4,11,6,-1,6,11,12,-1,6,12,7,-1,7,12,13,-1,7,13,8,-1,14,15,16,-1,16,15,17,-1,18,19,14,-1,14,19,15,-1,20,21,18,-1,18,21,19,-1,20,22,1,-1,23,24,7,-1,7,24,25,-1,7,25,1,-1,1,25,21,-1,1,21,20,-1,26,27,24,-1,24,27,25,-1,28,29,26,-1,26,29,27,-1,30,31,28,-1,28,31,29,-1,30,32,9,-1,33,16,3,-1,3,16,17,-1,3,17,9,-1,9,17,31,-1,9,31,30,-1,15,19,21,-1,31,17,34,-1,31,34,29,-1,35,36,37,-1,25,27,38,-1,38,27,29,-1,38,29,39,-1,39,29,34,-1,38,35,25,-1,25,35,37,-1,25,37,21,-1,21,37,40,-1,21,40,15,-1,15,40,41,-1,15,41,17,-1,17,41,36,-1,17,36,34,-1,34,36,35,-1,1,22,3,-1,3,22,33,-1,14,16,18,-1,18,16,33,-1,18,33,20,-1,20,33,22,-1,32,23,9,-1,9,23,7,-1,24,23,32,-1,30,28,32,-1,32,28,26,-1,32,26,24,-1,
        ]
    }
}
Shape{
    appearance Appearance {
        material  Material 	{
            diffuseColor 0.9490196078431372 0.7607843137254902 0.1803921568627451
            specularColor 0.7607843137254902 0.6078431372549019 0.1450980392156863
            ambientIntensity 0.7509
            transparency 0.0
            shininess 0.5
        }
    }
    geometry IndexedFaceSet {
        ccw TRUE
        solid FALSE
        coord DEF co Coordinate {
            point [
                -6.4016 0.4016 3.3465, -6.4016 0.5984 3.3465, -6.5984 0.4016 3.3465, -6.5984 0.5984 3.3465, -6.3622 0.6378 3.189, -6.3622 0.6378 0.9843, -6.6378 0.6378 3.189, -6.6378 0.6378 0.9843, -6.6378 0.3622 3.189, -6.6378 0.3622 0.9843, -6.3622 0.3622 3.189, -6.3622 0.3622 0.9843, -6.3622 0.3622 0.1969, -6.6378 0.3622 0.1969, -6.3622 0.3622 -0.5294, -6.6378 0.3622 -1.0236, -6.3622 0.3622 -1.0236, -6.6378 0.6378 -1.0236, -6.6378 0.6378 0.1969, -6.3622 0.6378 0.1969, -6.3622 0.6378 -0.5294, -6.3622 0.6378 -1.0236, -6.4016 0.5984 -1.1811, -6.4016 0.4016 -1.1811, -6.5984 0.5984 -1.1811, -6.5984 0.4016 -1.1811, -6.4016 -0.5984 3.3465, -6.4016 -0.4016 3.3465, -6.5984 -0.5984 3.3465, -6.5984 -0.4016 3.3465, -6.3622 -0.3622 3.189, -6.3622 -0.3622 0.9843, -6.6378 -0.3622 3.189, -6.6378 -0.3622 0.9843, -6.6378 -0.6378 3.189, -6.6378 -0.6378 0.9843, -6.3622 -0.6378 3.189, -6.3622 -0.6378 0.9843, -6.3622 -0.6378 0.1969, -6.6378 -0.6378 0.1969, -6.3622 -0.6378 -0.5311, -6.6378 -0.6378 -1.0236, -6.3622 -0.6378 -1.0236, -6.6378 -0.3622 -1.0236, -6.6378 -0.3622 0.1969, -6.3622 -0.3622 0.1969, -6.3622 -0.3622 -0.5311, -6.3622 -0.3622 -1.0236, -6.4016 -0.4016 -1.1811, -6.4016 -0.5984 -1.1811, -6.5984 -0.4016 -1.1811, -6.5984 -0.5984 -1.1811, -6.3622 -0.558 -1.0236, -6.3622 0.4573 -1.0236
            ]
        }
        coordIndex [
            0,1,2,-1,2,1,3,-1,4,5,6,-1,6,5,7,-1,6,7,8,-1,8,7,9,-1,8,9,10,-1,10,9,11,-1,10,11,4,-1,4,11,5,-1,12,13,14,-1,14,13,15,-1,14,15,16,-1,15,13,17,-1,17,13,18,-1,18,19,17,-1,17,19,20,-1,17,20,21,-1,22,23,24,-1,24,23,25,-1,26,27,28,-1,28,27,29,-1,30,31,32,-1,32,31,33,-1,32,33,34,-1,34,33,35,-1,34,35,36,-1,36,35,37,-1,36,37,30,-1,30,37,31,-1,38,39,40,-1,40,39,41,-1,40,41,42,-1,41,39,43,-1,43,39,44,-1,44,45,43,-1,43,45,46,-1,43,46,47,-1,48,49,50,-1,50,49,51,-1,32,29,30,-1,30,29,27,-1,34,28,32,-1,32,28,29,-1,26,36,27,-1,27,36,30,-1,36,26,34,-1,34,26,28,-1,6,3,4,-1,4,3,1,-1,8,2,6,-1,6,2,3,-1,0,10,1,-1,1,10,4,-1,10,0,8,-1,8,0,2,-1,49,42,51,-1,51,42,41,-1,42,49,52,-1,52,49,48,-1,52,48,47,-1,43,50,41,-1,41,50,51,-1,50,43,48,-1,48,43,47,-1,23,16,25,-1,25,16,15,-1,16,23,53,-1,53,23,22,-1,53,22,21,-1,17,24,15,-1,15,24,25,-1,24,17,22,-1,22,17,21,-1,
        ]
    }
}
Shape{
    appearance Appearance {
        material  Material 	{
            diffuseColor 0.0 0.0 0.0
            specularColor 0.0 0.0 0.0
            ambientIntensity 0.0
            transparency 0.0
            shininess 0.5
        }
    }
    geometry IndexedFaceSet {
        ccw TRUE
        solid FALSE
        coord DEF co Coordinate {
            point [
                -6.3661 0.5563 -0.6758, -6.3661 0.4579 -0.7142, -6.3622 0.5563 -0.6758, -6.3622 0.4579 -0.7142, -6.3661 0.4579 -0.6998, -6.3622 0.4579 -0.6998, -6.3661 0.4855 -0.6899, -6.3622 0.4855 -0.6899, -6.3661 0.4855 -0.6492, -6.3622 0.4855 -0.6492, -6.3661 0.4579 -0.6398, -6.3622 0.4579 -0.6398, -6.3661 0.4579 -0.6254, -6.3622 0.4579 -0.6254, -6.3661 0.5563 -0.6626, -6.3622 0.5563 -0.6626, -6.3661 0.4963 -0.6525, -6.3661 0.4963 -0.6854, -6.3661 0.5374 -0.6672, -6.3661 0.5408 -0.6681, -6.3661 0.5443 -0.6688, -6.3661 0.5443 -0.6691, -6.3661 0.5408 -0.6697, -6.3661 0.5374 -0.6706, -6.3622 0.4963 -0.6525, -6.3622 0.4963 -0.6854, -6.3622 0.5374 -0.6672, -6.3622 0.5408 -0.6681, -6.3622 0.5443 -0.6688, -6.3622 0.5443 -0.6691, -6.3622 0.5408 -0.6697, -6.3622 0.5374 -0.6706, -6.3661 0.4579 -0.5657, -6.3661 0.4579 -0.539, -6.3622 0.4579 -0.5657, -6.3622 0.4579 -0.539, -6.3661 0.5563 -0.539, -6.3622 0.5563 -0.539, -6.3661 0.5563 -0.5667, -6.3622 0.5563 -0.5667, -6.3661 0.5083 -0.6182, -6.3622 0.5083 -0.6182, -6.3622 0.5176 -0.6175, -6.3661 0.5176 -0.6175, -6.3622 0.5273 -0.6148, -6.3661 0.5273 -0.6148, -6.3622 0.5358 -0.6103, -6.3661 0.5358 -0.6103, -6.3622 0.5435 -0.6033, -6.3661 0.5435 -0.6033, -6.3622 0.5436 -0.6032, -6.3661 0.5436 -0.6032, -6.3622 0.5508 -0.5925, -6.3661 0.5508 -0.5925, -6.3622 0.5548 -0.581, -6.3661 0.5548 -0.581, -6.3622 0.459 -0.5779, -6.3661 0.459 -0.5779, -6.3622 0.4623 -0.5893, -6.3661 0.4623 -0.5893, -6.3622 0.4683 -0.5995, -6.3661 0.4683 -0.5995, -6.3622 0.4761 -0.6076, -6.3661 0.4761 -0.6076, -6.3622 0.4849 -0.6133, -6.3661 0.4849 -0.6133, -6.3622 0.4952 -0.6168, -6.3661 0.4952 -0.6168, -6.3661 0.5317 -0.5984, -6.3661 0.5368 -0.5937, -6.3661 0.5414 -0.5865, -6.3661 0.5443 -0.5783, -6.3661 0.5455 -0.5667, -6.3661 0.5455 -0.5522, -6.3661 0.4687 -0.5522, -6.3661 0.4687 -0.5661, -6.3661 0.4697 -0.5765, -6.3661 0.4723 -0.5848, -6.3661 0.4762 -0.5915, -6.3661 0.4817 -0.597, -6.3661 0.4885 -0.6012, -6.3661 0.4977 -0.6041, -6.3661 0.5081 -0.605, -6.3661 0.5179 -0.6042, -6.3661 0.5256 -0.6019, -6.3622 0.5455 -0.5667, -6.3622 0.5455 -0.5522, -6.3622 0.5443 -0.5783, -6.3622 0.5414 -0.5865, -6.3622 0.5368 -0.5937, -6.3622 0.5317 -0.5984, -6.3622 0.5256 -0.6019, -6.3622 0.5179 -0.6042, -6.3622 0.5081 -0.605, -6.3622 0.4977 -0.6041, -6.3622 0.4885 -0.6012, -6.3622 0.4817 -0.597, -6.3622 0.4762 -0.5915, -6.3622 0.4723 -0.5848, -6.3622 0.4697 -0.5765, -6.3622 0.4687 -0.5661, -6.3622 0.4687 -0.5522, -6.3661 0.4687 -0.5198, -6.3661 0.4579 -0.5198, -6.3622 0.4687 -0.5198, -6.3622 0.4579 -0.5198, -6.3661 0.4579 -0.467, -6.3622 0.4579 -0.467, -6.3661 0.5563 -0.467, -6.3622 0.5563 -0.467, -6.3661 0.5563 -0.5174, -6.3622 0.5563 -0.5174, -6.3661 0.5455 -0.5174, -6.3622 0.5455 -0.5174, -6.3661 0.5455 -0.4802, -6.3622 0.5455 -0.4802, -6.3661 0.5131 -0.4802, -6.3622 0.5131 -0.4802, -6.3661 0.5131 -0.515, -6.3622 0.5131 -0.515, -6.3661 0.5023 -0.515, -6.3622 0.5023 -0.515, -6.3661 0.5023 -0.4802, -6.3622 0.5023 -0.4802, -6.3661 0.4687 -0.4802, -6.3622 0.4687 -0.4802, -6.3661 0.4738 -0.4477, -6.3661 0.463 -0.4477, -6.3622 0.4738 -0.4477, -6.3622 0.463 -0.4477, -6.3661 0.4587 -0.4373, -6.3661 0.4567 -0.4207, -6.3622 0.4567 -0.4207, -6.3622 0.4567 -0.4234, -6.3661 0.4567 -0.4234, -6.3622 0.4573 -0.4273, -6.3622 0.4587 -0.4373, -6.3661 0.5053 -0.3745, -6.3622 0.5053 -0.3745, -6.3622 0.4939 -0.3755, -6.3661 0.4939 -0.3755, -6.3622 0.4834 -0.3784, -6.3661 0.4834 -0.3784, -6.3622 0.4741 -0.3837, -6.3661 0.4741 -0.3837, -6.3622 0.4663 -0.3911, -6.3661 0.4663 -0.3911, -6.3622 0.4612 -0.399, -6.3661 0.4612 -0.399, -6.3622 0.458 -0.4085, -6.3661 0.458 -0.4085, -6.3622 0.4573 -0.4149, -6.3661 0.5575 -0.4246, -6.3622 0.5575 -0.4246, -6.3622 0.5567 -0.4147, -6.3661 0.5567 -0.4147, -6.3622 0.5535 -0.4037, -6.3661 0.5535 -0.4037, -6.3622 0.5481 -0.3944, -6.3661 0.5481 -0.3944, -6.3622 0.5396 -0.3855, -6.3661 0.5396 -0.3855, -6.3622 0.5304 -0.3797, -6.3661 0.5304 -0.3797, -6.3622 0.5192 -0.3759, -6.3661 0.5192 -0.3759, -6.3661 0.5536 -0.4477, -6.3622 0.5536 -0.4477, -6.3622 0.5567 -0.4364, -6.3661 0.5567 -0.4364, -6.3661 0.5404 -0.4477, -6.3622 0.5404 -0.4477, -6.3661 0.5467 -0.4247, -6.3622 0.5467 -0.4247, -6.3622 0.5452 -0.4367, -6.3661 0.5452 -0.4367, -6.3661 0.5061 -0.3877, -6.3622 0.5061 -0.3877, -6.3622 0.5137 -0.3882, -6.3661 0.5137 -0.3882, -6.3622 0.5243 -0.3908, -6.3661 0.5243 -0.3908, -6.3622 0.5319 -0.3949, -6.3661 0.5319 -0.3949, -6.3622 0.5384 -0.4008, -6.3661 0.5384 -0.4008, -6.3622 0.543 -0.4076, -6.3661 0.543 -0.4076, -6.3622 0.5456 -0.415, -6.3661 0.5456 -0.415, -6.3661 0.4675 -0.4225, -6.3622 0.4675 -0.4225, -6.3622 0.4685 -0.4133, -6.3661 0.4685 -0.4133, -6.3622 0.4712 -0.4061, -6.3661 0.4712 -0.4061, -6.3622 0.4752 -0.4001, -6.3661 0.4752 -0.4001, -6.3622 0.4801 -0.3955, -6.3661 0.4801 -0.3955, -6.3622 0.4869 -0.3914, -6.3661 0.4869 -0.3914, -6.3622 0.4954 -0.3887, -6.3661 0.4954 -0.3887, -6.3622 0.4728 -0.446, -6.3661 0.4728 -0.446, -6.3622 0.4689 -0.4356, -6.3661 0.4689 -0.4356, -6.3661 0.4687 -0.3661, -6.3661 0.4579 -0.3661, -6.3622 0.4687 -0.3661, -6.3622 0.4579 -0.3661, -6.3661 0.4579 -0.3157, -6.3622 0.4579 -0.3157, -6.3661 0.5563 -0.3157, -6.3622 0.5563 -0.3157, -6.3661 0.5563 -0.3289, -6.3622 0.5563 -0.3289, -6.3661 0.4687 -0.3289, -6.3622 0.4687 -0.3289
            ]
        }
        coordIndex [
            0,1,2,-1,2,1,3,-1,1,4,3,-1,3,4,5,-1,4,6,5,-1,5,6,7,-1,6,8,7,-1,7,8,9,-1,8,10,9,-1,9,10,11,-1,10,12,11,-1,11,12,13,-1,12,14,13,-1,13,14,15,-1,14,0,15,-1,15,0,2,-1,16,8,17,-1,17,8,6,-1,18,14,16,-1,16,14,12,-1,16,12,8,-1,8,12,10,-1,18,19,14,-1,14,19,20,-1,14,20,0,-1,0,20,21,-1,0,21,22,-1,22,23,0,-1,0,23,17,-1,0,17,1,-1,1,17,6,-1,1,6,4,-1,16,17,24,-1,24,17,25,-1,18,16,26,-1,26,16,24,-1,18,26,27,-1,18,27,19,-1,19,27,28,-1,19,28,20,-1,21,20,29,-1,29,20,28,-1,21,29,30,-1,21,30,22,-1,22,30,31,-1,22,31,23,-1,17,23,25,-1,25,23,31,-1,32,33,34,-1,34,33,35,-1,33,36,35,-1,35,36,37,-1,36,38,37,-1,37,38,39,-1,40,41,42,-1,40,42,43,-1,43,42,44,-1,43,44,45,-1,45,44,46,-1,45,46,47,-1,47,46,48,-1,47,48,49,-1,49,48,50,-1,49,50,51,-1,51,50,52,-1,51,52,53,-1,53,52,54,-1,53,54,55,-1,55,54,39,-1,55,39,38,-1,32,34,56,-1,32,56,57,-1,57,56,58,-1,57,58,59,-1,59,58,60,-1,59,60,61,-1,61,60,62,-1,61,62,63,-1,63,62,64,-1,63,64,65,-1,65,64,66,-1,65,66,67,-1,67,66,41,-1,67,41,40,-1,45,47,68,-1,68,47,49,-1,68,49,69,-1,69,49,51,-1,69,51,70,-1,70,51,53,-1,70,53,71,-1,71,53,55,-1,71,55,72,-1,72,55,38,-1,72,38,73,-1,73,38,36,-1,73,36,74,-1,74,36,33,-1,74,33,75,-1,75,33,32,-1,75,32,76,-1,76,32,57,-1,76,57,77,-1,77,57,59,-1,77,59,78,-1,78,59,61,-1,78,61,79,-1,79,61,63,-1,79,63,80,-1,80,63,65,-1,80,65,81,-1,81,65,67,-1,81,67,82,-1,82,67,40,-1,82,40,83,-1,83,40,43,-1,83,43,84,-1,84,43,45,-1,84,45,68,-1,72,73,85,-1,85,73,86,-1,72,85,87,-1,72,87,71,-1,71,87,88,-1,71,88,70,-1,70,88,89,-1,70,89,69,-1,69,89,90,-1,69,90,68,-1,68,90,91,-1,68,91,84,-1,84,91,92,-1,84,92,83,-1,83,92,93,-1,83,93,82,-1,82,93,94,-1,82,94,81,-1,81,94,95,-1,81,95,80,-1,80,95,96,-1,80,96,79,-1,79,96,97,-1,79,97,78,-1,78,97,98,-1,78,98,77,-1,77,98,99,-1,77,99,76,-1,76,99,100,-1,76,100,75,-1,74,75,101,-1,101,75,100,-1,73,74,86,-1,86,74,101,-1,102,103,104,-1,104,103,105,-1,103,106,105,-1,105,106,107,-1,106,108,107,-1,107,108,109,-1,108,110,109,-1,109,110,111,-1,110,112,111,-1,111,112,113,-1,112,114,113,-1,113,114,115,-1,114,116,115,-1,115,116,117,-1,116,118,117,-1,117,118,119,-1,118,120,119,-1,119,120,121,-1,120,122,121,-1,121,122,123,-1,122,124,123,-1,123,124,125,-1,124,102,125,-1,125,102,104,-1,106,103,102,-1,102,124,106,-1,106,124,122,-1,106,122,108,-1,112,110,114,-1,114,110,108,-1,114,108,116,-1,116,108,122,-1,116,122,118,-1,118,122,120,-1,126,127,128,-1,128,127,129,-1,129,127,130,-1,131,132,133,-1,131,133,134,-1,134,133,135,-1,134,135,130,-1,130,135,136,-1,130,136,129,-1,137,138,139,-1,137,139,140,-1,140,139,141,-1,140,141,142,-1,142,141,143,-1,142,143,144,-1,144,143,145,-1,144,145,146,-1,146,145,147,-1,146,147,148,-1,148,147,149,-1,148,149,150,-1,150,149,131,-1,131,149,151,-1,131,151,132,-1,152,153,154,-1,152,154,155,-1,155,154,156,-1,155,156,157,-1,157,156,158,-1,157,158,159,-1,159,158,160,-1,159,160,161,-1,161,160,162,-1,161,162,163,-1,163,162,164,-1,163,164,165,-1,165,164,138,-1,165,138,137,-1,166,167,168,-1,166,168,169,-1,169,168,153,-1,169,153,152,-1,166,170,167,-1,167,170,171,-1,172,173,174,-1,172,174,175,-1,175,174,171,-1,175,171,170,-1,176,177,178,-1,176,178,179,-1,179,178,180,-1,179,180,181,-1,181,180,182,-1,181,182,183,-1,183,182,184,-1,183,184,185,-1,185,184,186,-1,185,186,187,-1,187,186,188,-1,187,188,189,-1,189,188,173,-1,189,173,172,-1,190,191,192,-1,190,192,193,-1,193,192,194,-1,193,194,195,-1,195,194,196,-1,195,196,197,-1,197,196,198,-1,197,198,199,-1,199,198,200,-1,199,200,201,-1,201,200,202,-1,201,202,203,-1,203,202,177,-1,203,177,176,-1,126,128,204,-1,126,204,205,-1,205,204,206,-1,205,206,207,-1,207,206,191,-1,207,191,190,-1,193,131,190,-1,190,131,134,-1,190,134,207,-1,207,134,130,-1,207,130,205,-1,205,130,127,-1,205,127,126,-1,170,166,175,-1,175,166,169,-1,175,169,172,-1,172,169,152,-1,172,152,189,-1,189,152,155,-1,189,155,187,-1,187,155,157,-1,187,157,185,-1,185,157,159,-1,185,159,183,-1,183,159,161,-1,183,161,181,-1,181,161,163,-1,181,163,179,-1,179,163,165,-1,179,165,176,-1,176,165,137,-1,176,137,203,-1,203,137,140,-1,203,140,201,-1,201,140,142,-1,201,142,199,-1,199,142,144,-1,199,144,197,-1,197,144,146,-1,197,146,195,-1,195,146,148,-1,195,148,193,-1,193,148,150,-1,193,150,131,-1,208,209,210,-1,210,209,211,-1,209,212,211,-1,211,212,213,-1,212,214,213,-1,213,214,215,-1,214,216,215,-1,215,216,217,-1,216,218,217,-1,217,218,219,-1,218,208,219,-1,219,208,210,-1,216,214,218,-1,218,214,212,-1,218,212,208,-1,208,212,209,-1,
        ]
    }
}
Shape{
    appearance Appearance {
        material  Material 	{
            diffuseColor 0.9490196078431372 0.7607843137254902 0.1803921568627451
            specularColor 0.7607843137254902 0.6078431372549019 0.1450980392156863
            ambientIntensity 0.7509
            transparency 0.0
            shininess 0.5
        }
    }
    geometry IndexedFaceSet {
        ccw TRUE
        solid FALSE
        coord DEF co Coordinate {
            point [
                -6.3622 0.4963 -0.6525, -6.3622 0.4963 -0.6854, -6.3622 0.5374 -0.6672, -6.3622 0.5374 -0.6706, -6.3622 0.5408 -0.6681, -6.3622 0.5408 -0.6697, -6.3622 0.5443 -0.6688, -6.3622 0.5443 -0.6691, -6.3622 0.5455 -0.5522, -6.3622 0.4687 -0.5522, -6.3622 0.5455 -0.5667, -6.3622 0.4687 -0.5661, -6.3622 0.4697 -0.5765, -6.3622 0.5081 -0.605, -6.3622 0.5179 -0.6042, -6.3622 0.5256 -0.6019, -6.3622 0.5443 -0.5783, -6.3622 0.4723 -0.5848, -6.3622 0.4762 -0.5915, -6.3622 0.4817 -0.597, -6.3622 0.4885 -0.6012, -6.3622 0.4977 -0.6041, -6.3622 0.5317 -0.5984, -6.3622 0.5368 -0.5937, -6.3622 0.5414 -0.5865
            ]
        }
        coordIndex [
            0,1,2,-1,2,1,3,-1,2,3,4,-1,4,3,5,-1,4,5,6,-1,6,5,7,-1,8,9,10,-1,10,9,11,-1,10,11,12,-1,13,14,10,-1,10,14,15,-1,10,15,16,-1,12,17,10,-1,10,17,18,-1,10,18,19,-1,19,20,10,-1,10,20,21,-1,10,21,13,-1,22,23,15,-1,15,23,24,-1,15,24,16,-1,
        ]
    }
}
Shape{
    appearance Appearance {
        material  Material 	{
            diffuseColor 0.0 0.0 0.0
            specularColor 0.0 0.0 0.0
            ambientIntensity 0.0
            transparency 0.0
            shininess 0.5
        }
    }
    geometry IndexedFaceSet {
        ccw TRUE
        solid FALSE
        coord DEF co Coordinate {
            point [
                -6.3661 -0.4589 -0.6775, -6.3661 -0.5574 -0.716, -6.3622 -0.4589 -0.6775, -6.3622 -0.5574 -0.716, -6.3661 -0.5574 -0.7016, -6.3622 -0.5574 -0.7016, -6.3661 -0.5297 -0.6916, -6.3622 -0.5297 -0.6916, -6.3661 -0.5297 -0.6509, -6.3622 -0.5297 -0.6509, -6.3661 -0.5574 -0.6415, -6.3622 -0.5574 -0.6415, -6.3661 -0.5574 -0.6271, -6.3622 -0.5574 -0.6271, -6.3661 -0.4589 -0.6643, -6.3622 -0.4589 -0.6643, -6.3661 -0.5189 -0.6543, -6.3661 -0.4778 -0.6689, -6.3661 -0.4744 -0.6699, -6.3661 -0.4709 -0.6705, -6.3661 -0.4709 -0.6708, -6.3661 -0.4744 -0.6715, -6.3661 -0.4778 -0.6724, -6.3661 -0.5189 -0.6872, -6.3622 -0.5189 -0.6543, -6.3622 -0.5189 -0.6872, -6.3622 -0.4778 -0.6689, -6.3622 -0.4744 -0.6699, -6.3622 -0.4709 -0.6705, -6.3622 -0.4709 -0.6708, -6.3622 -0.4744 -0.6715, -6.3622 -0.4778 -0.6724, -6.3661 -0.5574 -0.5675, -6.3661 -0.5574 -0.5407, -6.3622 -0.5574 -0.5675, -6.3622 -0.5574 -0.5407, -6.3661 -0.4589 -0.5407, -6.3622 -0.4589 -0.5407, -6.3661 -0.4589 -0.5685, -6.3622 -0.4589 -0.5685, -6.3661 -0.5069 -0.6199, -6.3622 -0.5069 -0.6199, -6.3622 -0.4976 -0.6192, -6.3661 -0.4976 -0.6192, -6.3622 -0.4879 -0.6166, -6.3661 -0.4879 -0.6166, -6.3622 -0.4795 -0.612, -6.3661 -0.4795 -0.612, -6.3622 -0.4718 -0.605, -6.3661 -0.4718 -0.605, -6.3622 -0.4717 -0.6049, -6.3661 -0.4717 -0.6049, -6.3622 -0.4645 -0.5942, -6.3661 -0.4645 -0.5942, -6.3622 -0.4604 -0.5827, -6.3661 -0.4604 -0.5827, -6.3622 -0.5563 -0.5797, -6.3661 -0.5563 -0.5797, -6.3622 -0.5529 -0.591, -6.3661 -0.5529 -0.591, -6.3622 -0.5469 -0.6013, -6.3661 -0.5469 -0.6013, -6.3622 -0.5392 -0.6094, -6.3661 -0.5392 -0.6094, -6.3622 -0.5304 -0.615, -6.3661 -0.5304 -0.615, -6.3622 -0.5201 -0.6186, -6.3661 -0.5201 -0.6186, -6.3661 -0.4835 -0.6002, -6.3661 -0.4785 -0.5954, -6.3661 -0.4738 -0.5882, -6.3661 -0.471 -0.5801, -6.3661 -0.4697 -0.5684, -6.3661 -0.4697 -0.5539, -6.3661 -0.5465 -0.5539, -6.3661 -0.5465 -0.5679, -6.3661 -0.5456 -0.5783, -6.3661 -0.543 -0.5866, -6.3661 -0.539 -0.5933, -6.3661 -0.5336 -0.5988, -6.3661 -0.5268 -0.6029, -6.3661 -0.5175 -0.6058, -6.3661 -0.5072 -0.6067, -6.3661 -0.4974 -0.6059, -6.3661 -0.4896 -0.6036, -6.3622 -0.4697 -0.5684, -6.3622 -0.4697 -0.5539, -6.3622 -0.471 -0.5801, -6.3622 -0.4738 -0.5882, -6.3622 -0.4785 -0.5954, -6.3622 -0.4835 -0.6002, -6.3622 -0.4896 -0.6036, -6.3622 -0.4974 -0.6059, -6.3622 -0.5072 -0.6067, -6.3622 -0.5175 -0.6058, -6.3622 -0.5268 -0.6029, -6.3622 -0.5336 -0.5988, -6.3622 -0.539 -0.5933, -6.3622 -0.543 -0.5866, -6.3622 -0.5456 -0.5783, -6.3622 -0.5465 -0.5679, -6.3622 -0.5465 -0.5539, -6.3661 -0.5465 -0.5215, -6.3661 -0.5574 -0.5215, -6.3622 -0.5465 -0.5215, -6.3622 -0.5574 -0.5215, -6.3661 -0.5574 -0.4687, -6.3622 -0.5574 -0.4687, -6.3661 -0.4589 -0.4687, -6.3622 -0.4589 -0.4687, -6.3661 -0.4589 -0.5191, -6.3622 -0.4589 -0.5191, -6.3661 -0.4697 -0.5191, -6.3622 -0.4697 -0.5191, -6.3661 -0.4697 -0.4819, -6.3622 -0.4697 -0.4819, -6.3661 -0.5021 -0.4819, -6.3622 -0.5021 -0.4819, -6.3661 -0.5021 -0.5167, -6.3622 -0.5021 -0.5167, -6.3661 -0.5129 -0.5167, -6.3622 -0.5129 -0.5167, -6.3661 -0.5129 -0.4819, -6.3622 -0.5129 -0.4819, -6.3661 -0.5465 -0.4819, -6.3622 -0.5465 -0.4819, -6.3661 -0.5414 -0.4495, -6.3661 -0.5523 -0.4495, -6.3622 -0.5414 -0.4495, -6.3622 -0.5523 -0.4495, -6.3661 -0.5566 -0.439, -6.3661 -0.5586 -0.4224, -6.3622 -0.5586 -0.4224, -6.3622 -0.5585 -0.4251, -6.3661 -0.5585 -0.4251, -6.3622 -0.558 -0.4291, -6.3622 -0.5566 -0.439, -6.3661 -0.51 -0.3763, -6.3622 -0.51 -0.3763, -6.3622 -0.5214 -0.3772, -6.3661 -0.5214 -0.3772, -6.3622 -0.5318 -0.3802, -6.3661 -0.5318 -0.3802, -6.3622 -0.5412 -0.3854, -6.3661 -0.5412 -0.3854, -6.3622 -0.549 -0.3928, -6.3661 -0.549 -0.3928, -6.3622 -0.554 -0.4007, -6.3661 -0.554 -0.4007, -6.3622 -0.5573 -0.4103, -6.3661 -0.5573 -0.4103, -6.3622 -0.558 -0.4166, -6.3661 -0.4577 -0.4263, -6.3622 -0.4577 -0.4263, -6.3622 -0.4585 -0.4164, -6.3661 -0.4585 -0.4164, -6.3622 -0.4617 -0.4055, -6.3661 -0.4617 -0.4055, -6.3622 -0.4671 -0.3961, -6.3661 -0.4671 -0.3961, -6.3622 -0.4756 -0.3872, -6.3661 -0.4756 -0.3872, -6.3622 -0.4849 -0.3815, -6.3661 -0.4849 -0.3815, -6.3622 -0.496 -0.3777, -6.3661 -0.496 -0.3777, -6.3661 -0.4616 -0.4495, -6.3622 -0.4616 -0.4495, -6.3622 -0.4585 -0.4381, -6.3661 -0.4585 -0.4381, -6.3661 -0.4748 -0.4495, -6.3622 -0.4748 -0.4495, -6.3661 -0.4685 -0.4264, -6.3622 -0.4685 -0.4264, -6.3622 -0.4701 -0.4384, -6.3661 -0.4701 -0.4384, -6.3661 -0.5092 -0.3895, -6.3622 -0.5092 -0.3895, -6.3622 -0.5015 -0.3899, -6.3661 -0.5015 -0.3899, -6.3622 -0.491 -0.3926, -6.3661 -0.491 -0.3926, -6.3622 -0.4834 -0.3966, -6.3661 -0.4834 -0.3966, -6.3622 -0.4768 -0.4026, -6.3661 -0.4768 -0.4026, -6.3622 -0.4723 -0.4094, -6.3661 -0.4723 -0.4094, -6.3622 -0.4696 -0.4167, -6.3661 -0.4696 -0.4167, -6.3661 -0.5477 -0.4242, -6.3622 -0.5477 -0.4242, -6.3622 -0.5467 -0.415, -6.3661 -0.5467 -0.415, -6.3622 -0.5441 -0.4079, -6.3661 -0.5441 -0.4079, -6.3622 -0.54 -0.4018, -6.3661 -0.54 -0.4018, -6.3622 -0.5351 -0.3972, -6.3661 -0.5351 -0.3972, -6.3622 -0.5283 -0.3931, -6.3661 -0.5283 -0.3931, -6.3622 -0.5198 -0.3905, -6.3661 -0.5198 -0.3905, -6.3622 -0.5424 -0.4477, -6.3661 -0.5424 -0.4477, -6.3622 -0.5463 -0.4373, -6.3661 -0.5463 -0.4373, -6.3661 -0.5465 -0.3679, -6.3661 -0.5574 -0.3679, -6.3622 -0.5465 -0.3679, -6.3622 -0.5574 -0.3679, -6.3661 -0.5574 -0.3175, -6.3622 -0.5574 -0.3175, -6.3661 -0.4589 -0.3175, -6.3622 -0.4589 -0.3175, -6.3661 -0.4589 -0.3307, -6.3622 -0.4589 -0.3307, -6.3661 -0.5465 -0.3307, -6.3622 -0.5465 -0.3307
            ]
        }
        coordIndex [
            0,1,2,-1,2,1,3,-1,1,4,3,-1,3,4,5,-1,4,6,5,-1,5,6,7,-1,6,8,7,-1,7,8,9,-1,8,10,9,-1,9,10,11,-1,10,12,11,-1,11,12,13,-1,12,14,13,-1,13,14,15,-1,14,0,15,-1,15,0,2,-1,16,17,14,-1,12,10,8,-1,17,18,14,-1,14,18,19,-1,14,19,0,-1,0,19,20,-1,0,20,21,-1,21,22,0,-1,0,22,23,-1,0,23,1,-1,4,1,6,-1,6,1,23,-1,6,23,8,-1,8,23,16,-1,8,16,12,-1,12,16,14,-1,16,23,24,-1,24,23,25,-1,17,16,26,-1,26,16,24,-1,17,26,27,-1,17,27,18,-1,18,27,28,-1,18,28,19,-1,20,19,29,-1,29,19,28,-1,20,29,30,-1,20,30,21,-1,21,30,31,-1,21,31,22,-1,23,22,25,-1,25,22,31,-1,32,33,34,-1,34,33,35,-1,33,36,35,-1,35,36,37,-1,36,38,37,-1,37,38,39,-1,40,41,42,-1,40,42,43,-1,43,42,44,-1,43,44,45,-1,45,44,46,-1,45,46,47,-1,47,46,48,-1,47,48,49,-1,49,48,50,-1,49,50,51,-1,51,50,52,-1,51,52,53,-1,53,52,54,-1,53,54,55,-1,55,54,39,-1,55,39,38,-1,32,34,56,-1,32,56,57,-1,57,56,58,-1,57,58,59,-1,59,58,60,-1,59,60,61,-1,61,60,62,-1,61,62,63,-1,63,62,64,-1,63,64,65,-1,65,64,66,-1,65,66,67,-1,67,66,41,-1,67,41,40,-1,45,47,68,-1,68,47,49,-1,68,49,69,-1,69,49,51,-1,69,51,70,-1,70,51,53,-1,70,53,71,-1,71,53,55,-1,71,55,72,-1,72,55,38,-1,72,38,73,-1,73,38,36,-1,73,36,74,-1,74,36,33,-1,74,33,75,-1,75,33,32,-1,75,32,76,-1,76,32,57,-1,76,57,77,-1,77,57,59,-1,77,59,78,-1,78,59,61,-1,78,61,79,-1,79,61,63,-1,79,63,80,-1,80,63,65,-1,80,65,81,-1,81,65,67,-1,81,67,82,-1,82,67,40,-1,82,40,83,-1,83,40,43,-1,83,43,84,-1,84,43,45,-1,84,45,68,-1,72,73,85,-1,85,73,86,-1,72,85,87,-1,72,87,71,-1,71,87,88,-1,71,88,70,-1,70,88,89,-1,70,89,69,-1,69,89,90,-1,69,90,68,-1,68,90,91,-1,68,91,84,-1,84,91,92,-1,84,92,83,-1,83,92,93,-1,83,93,82,-1,82,93,94,-1,82,94,81,-1,81,94,95,-1,81,95,80,-1,80,95,96,-1,80,96,79,-1,79,96,97,-1,79,97,78,-1,78,97,98,-1,78,98,77,-1,77,98,99,-1,77,99,76,-1,76,99,100,-1,76,100,75,-1,74,75,101,-1,101,75,100,-1,73,74,86,-1,86,74,101,-1,102,103,104,-1,104,103,105,-1,103,106,105,-1,105,106,107,-1,106,108,107,-1,107,108,109,-1,108,110,109,-1,109,110,111,-1,110,112,111,-1,111,112,113,-1,112,114,113,-1,113,114,115,-1,114,116,115,-1,115,116,117,-1,116,118,117,-1,117,118,119,-1,118,120,119,-1,119,120,121,-1,120,122,121,-1,121,122,123,-1,122,124,123,-1,123,124,125,-1,124,102,125,-1,125,102,104,-1,106,103,102,-1,102,124,106,-1,106,124,122,-1,106,122,108,-1,112,110,114,-1,114,110,108,-1,114,108,116,-1,116,108,122,-1,116,122,118,-1,118,122,120,-1,126,127,128,-1,128,127,129,-1,129,127,130,-1,131,132,133,-1,131,133,134,-1,134,133,135,-1,134,135,130,-1,130,135,136,-1,130,136,129,-1,137,138,139,-1,137,139,140,-1,140,139,141,-1,140,141,142,-1,142,141,143,-1,142,143,144,-1,144,143,145,-1,144,145,146,-1,146,145,147,-1,146,147,148,-1,148,147,149,-1,148,149,150,-1,150,149,131,-1,131,149,151,-1,131,151,132,-1,152,153,154,-1,152,154,155,-1,155,154,156,-1,155,156,157,-1,157,156,158,-1,157,158,159,-1,159,158,160,-1,159,160,161,-1,161,160,162,-1,161,162,163,-1,163,162,164,-1,163,164,165,-1,165,164,138,-1,165,138,137,-1,166,167,168,-1,166,168,169,-1,169,168,153,-1,169,153,152,-1,166,170,167,-1,167,170,171,-1,172,173,174,-1,172,174,175,-1,175,174,171,-1,175,171,170,-1,176,177,178,-1,176,178,179,-1,179,178,180,-1,179,180,181,-1,181,180,182,-1,181,182,183,-1,183,182,184,-1,183,184,185,-1,185,184,186,-1,185,186,187,-1,187,186,188,-1,187,188,189,-1,189,188,173,-1,189,173,172,-1,190,191,192,-1,190,192,193,-1,193,192,194,-1,193,194,195,-1,195,194,196,-1,195,196,197,-1,197,196,198,-1,197,198,199,-1,199,198,200,-1,199,200,201,-1,201,200,202,-1,201,202,203,-1,203,202,177,-1,203,177,176,-1,126,128,204,-1,126,204,205,-1,205,204,206,-1,205,206,207,-1,207,206,191,-1,207,191,190,-1,193,131,190,-1,190,131,134,-1,190,134,207,-1,207,134,130,-1,207,130,205,-1,205,130,127,-1,205,127,126,-1,170,166,175,-1,175,166,169,-1,175,169,172,-1,172,169,152,-1,172,152,189,-1,189,152,155,-1,189,155,187,-1,187,155,157,-1,187,157,185,-1,185,157,159,-1,185,159,183,-1,183,159,161,-1,183,161,181,-1,181,161,163,-1,181,163,179,-1,179,163,165,-1,179,165,176,-1,176,165,137,-1,176,137,203,-1,203,137,140,-1,203,140,201,-1,201,140,142,-1,201,142,199,-1,199,142,144,-1,199,144,197,-1,197,144,146,-1,197,146,195,-1,195,146,148,-1,195,148,193,-1,193,148,150,-1,193,150,131,-1,208,209,210,-1,210,209,211,-1,209,212,211,-1,211,212,213,-1,212,214,213,-1,213,214,215,-1,214,216,215,-1,215,216,217,-1,216,218,217,-1,217,218,219,-1,218,208,219,-1,219,208,210,-1,216,214,218,-1,218,214,212,-1,218,212,208,-1,208,212,209,-1,
        ]
    }
}
Shape{
    appearance Appearance {
        material  Material 	{
            diffuseColor 0.9490196078431372 0.7607843137254902 0.1803921568627451
            specularColor 0.7607843137254902 0.6078431372549019 0.1450980392156863
            ambientIntensity 0.7509
            transparency 0.0
            shininess 0.5
        }
    }
    geometry IndexedFaceSet {
        ccw TRUE
        solid FALSE
        coord DEF co Coordinate {
            point [
                -6.3622 -0.5189 -0.6543, -6.3622 -0.5189 -0.6872, -6.3622 -0.4778 -0.6689, -6.3622 -0.4778 -0.6724, -6.3622 -0.4744 -0.6699, -6.3622 -0.4744 -0.6715, -6.3622 -0.4709 -0.6705, -6.3622 -0.4709 -0.6708, -6.3622 -0.4697 -0.5539, -6.3622 -0.5465 -0.5539, -6.3622 -0.4697 -0.5684, -6.3622 -0.5465 -0.5679, -6.3622 -0.5456 -0.5783, -6.3622 -0.5072 -0.6067, -6.3622 -0.4974 -0.6059, -6.3622 -0.4896 -0.6036, -6.3622 -0.471 -0.5801, -6.3622 -0.543 -0.5866, -6.3622 -0.539 -0.5933, -6.3622 -0.5336 -0.5988, -6.3622 -0.5268 -0.6029, -6.3622 -0.5175 -0.6058, -6.3622 -0.4835 -0.6002, -6.3622 -0.4785 -0.5954, -6.3622 -0.4738 -0.5882, -7.3622 -0.4685 -0.4264, -7.3622 -0.4696 -0.4167, -7.3622 -0.5424 -0.4477, -7.3622 -0.4697 -0.5191, -7.3622 -0.4697 -0.4819, -7.3622 -0.5021 -0.4819, -7.3622 -0.5021 -0.5167, -7.3622 -0.5129 -0.5167, -7.3622 -0.558 -0.5311, -7.3622 -0.549 -0.3928, -7.3622 -0.5412 -0.3854, -7.3622 -0.5574 -0.3679, -7.3622 -0.558 -0.4166, -7.3622 -0.5574 -0.3175, -7.3622 -0.4701 -0.4384, -7.3622 -0.5414 -0.4495, -7.3622 -0.4748 -0.4495, -7.3622 -0.4589 -0.5191, -7.3622 -0.3622 -0.5311, -7.3622 -0.4589 -0.4687, -7.3622 -0.3622 0.1969, -7.3622 -0.4589 -0.3175, -7.3622 -0.4589 -0.3307, -7.3622 -0.4849 -0.3815, -7.3622 -0.4756 -0.3872, -7.3622 -0.4671 -0.3961, -7.3622 -0.4617 -0.4055, -7.3622 -0.5465 -0.3679, -7.3622 -0.5318 -0.3802, -7.3622 -0.5465 -0.3307, -7.3622 -0.4585 -0.4164, -7.3622 -0.4577 -0.4263, -7.3622 -0.4585 -0.4381, -7.3622 -0.4616 -0.4495, -7.3622 -0.5574 -0.4687, -7.3622 -0.5523 -0.4495, -7.3622 -0.5573 -0.4103, -7.3622 -0.554 -0.4007, -7.3622 -0.4723 -0.4094, -7.3622 -0.4768 -0.4026, -7.3622 -0.4834 -0.3966, -7.3622 -0.5092 -0.3895, -7.3622 -0.5198 -0.3905, -7.3622 -0.5283 -0.3931, -7.3622 -0.5467 -0.415, -7.3622 -0.5477 -0.4242, -7.3622 -0.5441 -0.4079, -7.3622 -0.54 -0.4018, -7.3622 -0.5351 -0.3972, -7.3622 -0.5463 -0.4373, -7.3622 -0.5214 -0.3772, -7.3622 -0.51 -0.3763, -7.3622 -0.496 -0.3777, -7.3622 -0.491 -0.3926, -7.3622 -0.5015 -0.3899, -7.3622 -0.5129 -0.4819, -7.3622 -0.5465 -0.4819, -7.3622 -0.5465 -0.5215, -7.3622 -0.5574 -0.5215, -7.3622 -0.558 -0.4291, -7.3622 -0.5585 -0.4251, -7.3622 -0.6378 -0.5311, -7.3622 -0.5586 -0.4224, -7.3622 -0.558 0.1969, -7.3622 -0.6378 0.1969, -7.3622 -0.4589 -0.6643, -7.3622 -0.4589 -0.6775, -7.3622 -0.5574 -0.7016, -7.3622 -0.5574 -0.716, -7.3622 -0.558 -1.0236, -7.3622 -0.3622 -1.0236, -7.3622 -0.5574 -0.5675, -7.3622 -0.5574 -0.5407, -7.3622 -0.4589 -0.5407, -7.3622 -0.4589 -0.5685, -7.3622 -0.4718 -0.605, -7.3622 -0.4795 -0.612, -7.3622 -0.4879 -0.6166, -7.3622 -0.5574 -0.6271, -7.3622 -0.5304 -0.615, -7.3622 -0.5392 -0.6094, -7.3622 -0.4604 -0.5827, -7.3622 -0.4645 -0.5942, -7.3622 -0.4717 -0.6049, -7.3622 -0.5469 -0.6013, -7.3622 -0.5529 -0.591, -7.3622 -0.5563 -0.5797, -7.3622 -0.5574 -0.6415, -7.3622 -0.5297 -0.6509, -7.3622 -0.5297 -0.6916, -7.3622 -0.4976 -0.6192, -7.3622 -0.5069 -0.6199, -7.3622 -0.5201 -0.6186, -7.3622 -0.5566 -0.439, -7.3622 -0.6378 -1.0236, -7.3622 0.5467 -0.4247, -7.3622 0.5456 -0.415, -7.3622 0.4728 -0.446, -7.3622 0.5563 -0.5174, -7.3622 0.6378 -0.5294, -7.3622 0.5563 -0.467, -7.3622 0.6378 0.1969, -7.3622 0.4663 -0.3911, -7.3622 0.4741 -0.3837, -7.3622 0.4579 -0.3661, -7.3622 0.4573 -0.4149, -7.3622 0.4579 -0.3157, -7.3622 0.5452 -0.4367, -7.3622 0.4738 -0.4477, -7.3622 0.5404 -0.4477, -7.3622 0.5023 -0.515, -7.3622 0.4573 -0.5294, -7.3622 0.5131 -0.515, -7.3622 0.5455 -0.5174, -7.3622 0.5131 -0.4802, -7.3622 0.5455 -0.4802, -7.3622 0.5563 -0.3157, -7.3622 0.5563 -0.3289, -7.3622 0.5304 -0.3797, -7.3622 0.5396 -0.3855, -7.3622 0.5481 -0.3944, -7.3622 0.5535 -0.4037, -7.3622 0.4687 -0.3661, -7.3622 0.4834 -0.3784, -7.3622 0.4687 -0.3289, -7.3622 0.5567 -0.4147, -7.3622 0.5575 -0.4246, -7.3622 0.5567 -0.4364, -7.3622 0.5536 -0.4477, -7.3622 0.4579 -0.467, -7.3622 0.463 -0.4477, -7.3622 0.458 -0.4085, -7.3622 0.4612 -0.399, -7.3622 0.543 -0.4076, -7.3622 0.5384 -0.4008, -7.3622 0.5319 -0.3949, -7.3622 0.5061 -0.3877, -7.3622 0.4954 -0.3887, -7.3622 0.4869 -0.3914, -7.3622 0.4685 -0.4133, -7.3622 0.4675 -0.4225, -7.3622 0.4712 -0.4061, -7.3622 0.4752 -0.4001, -7.3622 0.4801 -0.3955, -7.3622 0.4689 -0.4356, -7.3622 0.4939 -0.3755, -7.3622 0.5053 -0.3745, -7.3622 0.5192 -0.3759, -7.3622 0.5243 -0.3908, -7.3622 0.5137 -0.3882, -7.3622 0.5023 -0.4802, -7.3622 0.4687 -0.4802, -7.3622 0.4687 -0.5198, -7.3622 0.4579 -0.5198, -7.3622 0.4573 -0.4273, -7.3622 0.4567 -0.4234, -7.3622 0.3622 -0.5294, -7.3622 0.4567 -0.4207, -7.3622 0.4573 0.1969, -7.3622 0.3622 0.1969, -7.3622 0.5563 -0.6626, -7.3622 0.5563 -0.6758, -7.3622 0.4579 -0.5657, -7.3622 0.4579 -0.539, -7.3622 0.5563 -0.539, -7.3622 0.4579 -0.6998, -7.3622 0.4579 -0.7142, -7.3622 0.4573 -1.0236, -7.3622 0.6378 -1.0236, -7.3622 0.5563 -0.5667, -7.3622 0.5548 -0.581, -7.3622 0.5508 -0.5925, -7.3622 0.5436 -0.6032, -7.3622 0.4579 -0.6254, -7.3622 0.4849 -0.6133, -7.3622 0.4761 -0.6076, -7.3622 0.5435 -0.6033, -7.3622 0.5358 -0.6103, -7.3622 0.5273 -0.6148, -7.3622 0.4683 -0.5995, -7.3622 0.4623 -0.5893, -7.3622 0.459 -0.5779, -7.3622 0.4579 -0.6398, -7.3622 0.4855 -0.6492, -7.3622 0.4855 -0.6899, -7.3622 0.5176 -0.6175, -7.3622 0.5083 -0.6182, -7.3622 0.4952 -0.6168, -7.3622 0.4587 -0.4373, -7.3622 0.3622 -1.0236
            ]
        }
        coordIndex [
            0,1,2,-1,2,1,3,-1,2,3,4,-1,4,3,5,-1,4,5,6,-1,6,5,7,-1,8,9,10,-1,10,9,11,-1,10,11,12,-1,13,14,10,-1,10,14,15,-1,10,15,16,-1,12,17,10,-1,10,17,18,-1,10,18,19,-1,19,20,10,-1,10,20,21,-1,10,21,13,-1,22,23,15,-1,15,23,24,-1,15,24,16,-1,25,26,27,-1,28,29,30,-1,31,32,33,-1,34,35,36,-1,37,36,38,-1,25,27,39,-1,39,27,40,-1,39,40,41,-1,30,31,28,-1,28,31,33,-1,28,33,42,-1,42,33,43,-1,42,43,44,-1,44,43,45,-1,45,46,47,-1,48,49,47,-1,47,49,50,-1,47,50,51,-1,36,35,52,-1,52,35,53,-1,52,53,54,-1,51,55,47,-1,47,55,56,-1,47,56,45,-1,45,56,57,-1,45,57,44,-1,57,58,44,-1,44,58,41,-1,44,41,59,-1,59,41,40,-1,59,40,60,-1,37,61,36,-1,36,61,62,-1,36,62,34,-1,26,63,27,-1,27,63,64,-1,27,64,65,-1,66,67,27,-1,27,67,68,-1,69,70,71,-1,71,70,72,-1,68,73,27,-1,27,73,72,-1,27,72,74,-1,74,72,70,-1,53,75,54,-1,54,75,76,-1,54,76,47,-1,47,76,77,-1,47,77,48,-1,65,78,27,-1,27,78,79,-1,27,79,66,-1,80,81,32,-1,32,81,82,-1,32,82,33,-1,33,82,83,-1,33,83,59,-1,84,85,86,-1,86,85,87,-1,86,87,37,-1,46,45,38,-1,38,45,88,-1,38,88,37,-1,37,88,89,-1,37,89,86,-1,43,90,91,-1,92,33,93,-1,93,33,94,-1,93,94,91,-1,91,94,95,-1,91,95,43,-1,96,97,33,-1,33,97,98,-1,33,98,43,-1,43,98,99,-1,100,101,90,-1,90,101,102,-1,103,104,105,-1,99,106,43,-1,43,106,107,-1,43,107,90,-1,90,107,108,-1,90,108,100,-1,105,109,103,-1,103,109,110,-1,103,110,111,-1,111,96,103,-1,103,96,33,-1,103,33,112,-1,112,33,92,-1,112,92,113,-1,113,92,114,-1,102,115,90,-1,90,115,116,-1,90,116,103,-1,103,116,117,-1,103,117,104,-1,60,118,59,-1,59,118,84,-1,59,84,33,-1,33,84,86,-1,33,86,94,-1,94,86,119,-1,120,121,122,-1,123,124,125,-1,125,124,126,-1,127,128,129,-1,130,129,131,-1,120,122,132,-1,132,122,133,-1,132,133,134,-1,135,136,137,-1,137,136,138,-1,137,138,139,-1,139,138,140,-1,126,141,142,-1,143,144,142,-1,142,144,145,-1,142,145,146,-1,129,128,147,-1,147,128,148,-1,147,148,149,-1,146,150,142,-1,142,150,151,-1,142,151,126,-1,126,151,152,-1,126,152,125,-1,152,153,125,-1,125,153,134,-1,125,134,154,-1,154,134,133,-1,154,133,155,-1,130,156,129,-1,129,156,157,-1,129,157,127,-1,121,158,122,-1,122,158,159,-1,122,159,160,-1,161,162,122,-1,122,162,163,-1,164,165,166,-1,166,165,167,-1,163,168,122,-1,122,168,167,-1,122,167,169,-1,169,167,165,-1,148,170,149,-1,149,170,171,-1,149,171,142,-1,142,171,172,-1,142,172,143,-1,160,173,122,-1,122,173,174,-1,122,174,161,-1,175,176,135,-1,135,176,177,-1,135,177,136,-1,136,177,178,-1,136,178,154,-1,179,180,181,-1,181,180,182,-1,181,182,130,-1,141,126,131,-1,131,126,183,-1,131,183,130,-1,130,183,184,-1,130,184,181,-1,124,185,186,-1,187,188,136,-1,123,138,124,-1,124,138,136,-1,124,136,189,-1,189,136,188,-1,190,136,191,-1,191,136,192,-1,191,192,186,-1,186,192,193,-1,186,193,124,-1,189,194,124,-1,124,194,195,-1,124,195,185,-1,185,195,196,-1,185,196,197,-1,198,199,200,-1,197,201,185,-1,185,201,202,-1,185,202,203,-1,200,204,198,-1,198,204,205,-1,198,205,206,-1,206,187,198,-1,198,187,136,-1,198,136,207,-1,207,136,190,-1,207,190,208,-1,208,190,209,-1,203,210,185,-1,185,210,211,-1,185,211,198,-1,198,211,212,-1,198,212,199,-1,155,213,154,-1,154,213,179,-1,154,179,136,-1,136,179,181,-1,136,181,192,-1,192,181,214,-1,
        ]
    }
}
Shape{
    appearance Appearance {
        material  Material 	{
            diffuseColor 0.17647058823529413 0.17647058823529413 0.17647058823529413
            specularColor 0.050980392156862744 0.050980392156862744 0.050980392156862744
            ambientIntensity 0.251
            transparency 0.0
            shininess 0.5
        }
    }
    geometry IndexedFaceSet {
        ccw TRUE
        solid FALSE
        coord DEF co Coordinate {
            point [
                -7.3622 -0.6378 0.1969, -7.0 -0.8031 0.1969, -7.6378 -0.6378 0.1969, -8.0 -0.8031 0.1969, -7.6378 -0.3622 0.1969, -7.3622 -0.558 0.1969, -7.3622 -0.3622 0.1969, -7.0 0.8031 0.1969, -7.3622 0.6378 0.1969, -8.0 0.8031 0.1969, -7.6378 0.6378 0.1969, -7.6378 0.3622 0.1969, -7.3622 0.3622 0.1969, -7.3622 0.4573 0.1969, -7.8819 -1.0 0.0079, -7.8819 -1.0 0.9843, -8.0 -0.8819 0.0079, -8.0 -0.8819 0.9843, -7.1181 -1.0 0.0079, -7.1181 -1.0 0.9843, -7.0 -0.8819 0.0079, -7.0 -0.8819 0.9843, -7.0 -0.8031 0.0079, -7.0 0.8031 0.0079, -7.0 0.8819 0.0079, -7.0 0.8819 0.9843, -7.1181 1.0 0.0079, -7.1181 1.0 0.9843, -7.8819 1.0 0.0079, -7.8819 1.0 0.9843, -8.0 0.8819 0.0079, -8.0 0.8819 0.9843, -8.0 0.8031 0.0079, -8.0 -0.8031 0.0079, -7.6378 0.3622 0.9843, -7.3622 0.3622 0.9843, -7.6378 -0.3622 0.9843, -7.3622 -0.3622 0.9843, -7.3622 0.6378 0.9843, -7.6378 0.6378 0.9843, -7.3622 -0.6378 0.9843, -7.6378 -0.6378 0.9843
            ]
        }
        coordIndex [
            0,1,2,-1,2,1,3,-1,2,3,4,-1,0,5,1,-1,1,5,6,-1,1,6,7,-1,7,8,9,-1,9,8,10,-1,9,10,11,-1,3,9,4,-1,4,9,11,-1,4,11,6,-1,6,11,12,-1,6,12,7,-1,7,12,13,-1,7,13,8,-1,14,15,16,-1,16,15,17,-1,18,19,14,-1,14,19,15,-1,20,21,18,-1,18,21,19,-1,20,22,1,-1,23,24,7,-1,7,24,25,-1,7,25,1,-1,1,25,21,-1,1,21,20,-1,26,27,24,-1,24,27,25,-1,28,29,26,-1,26,29,27,-1,30,31,28,-1,28,31,29,-1,30,32,9,-1,33,16,3,-1,3,16,17,-1,3,17,9,-1,9,17,31,-1,9,31,30,-1,15,19,21,-1,31,17,34,-1,31,34,29,-1,35,36,37,-1,25,27,38,-1,38,27,29,-1,38,29,39,-1,39,29,34,-1,38,35,25,-1,25,35,37,-1,25,37,21,-1,21,37,40,-1,21,40,15,-1,15,40,41,-1,15,41,17,-1,17,41,36,-1,17,36,34,-1,34,36,35,-1,1,22,3,-1,3,22,33,-1,14,16,18,-1,18,16,33,-1,18,33,20,-1,20,33,22,-1,32,23,9,-1,9,23,7,-1,24,23,32,-1,30,28,32,-1,32,28,26,-1,32,26,24,-1,
        ]
    }
}
Shape{
    appearance Appearance {
        material  Material 	{
            diffuseColor 0.9490196078431372 0.7607843137254902 0.1803921568627451
            specularColor 0.7607843137254902 0.6078431372549019 0.1450980392156863
            ambientIntensity 0.7509
            transparency 0.0
            shininess 0.5
        }
    }
    geometry IndexedFaceSet {
        ccw TRUE
        solid FALSE
        coord DEF co Coordinate {
            point [
                -7.4016 0.4016 3.3465, -7.4016 0.5984 3.3465, -7.5984 0.4016 3.3465, -7.5984 0.5984 3.3465, -7.3622 0.6378 3.189, -7.3622 0.6378 0.9843, -7.6378 0.6378 3.189, -7.6378 0.6378 0.9843, -7.6378 0.3622 3.189, -7.6378 0.3622 0.9843, -7.3622 0.3622 3.189, -7.3622 0.3622 0.9843, -7.3622 0.3622 0.1969, -7.6378 0.3622 0.1969, -7.3622 0.3622 -0.5294, -7.6378 0.3622 -1.0236, -7.3622 0.3622 -1.0236, -7.6378 0.6378 -1.0236, -7.6378 0.6378 0.1969, -7.3622 0.6378 0.1969, -7.3622 0.6378 -0.5294, -7.3622 0.6378 -1.0236, -7.4016 0.5984 -1.1811, -7.4016 0.4016 -1.1811, -7.5984 0.5984 -1.1811, -7.5984 0.4016 -1.1811, -7.4016 -0.5984 3.3465, -7.4016 -0.4016 3.3465, -7.5984 -0.5984 3.3465, -7.5984 -0.4016 3.3465, -7.3622 -0.3622 3.189, -7.3622 -0.3622 0.9843, -7.6378 -0.3622 3.189, -7.6378 -0.3622 0.9843, -7.6378 -0.6378 3.189, -7.6378 -0.6378 0.9843, -7.3622 -0.6378 3.189, -7.3622 -0.6378 0.9843, -7.3622 -0.6378 0.1969, -7.6378 -0.6378 0.1969, -7.3622 -0.6378 -0.5311, -7.6378 -0.6378 -1.0236, -7.3622 -0.6378 -1.0236, -7.6378 -0.3622 -1.0236, -7.6378 -0.3622 0.1969, -7.3622 -0.3622 0.1969, -7.3622 -0.3622 -0.5311, -7.3622 -0.3622 -1.0236, -7.4016 -0.4016 -1.1811, -7.4016 -0.5984 -1.1811, -7.5984 -0.4016 -1.1811, -7.5984 -0.5984 -1.1811, -7.3622 -0.558 -1.0236, -7.3622 0.4573 -1.0236
            ]
        }
        coordIndex [
            0,1,2,-1,2,1,3,-1,4,5,6,-1,6,5,7,-1,6,7,8,-1,8,7,9,-1,8,9,10,-1,10,9,11,-1,10,11,4,-1,4,11,5,-1,12,13,14,-1,14,13,15,-1,14,15,16,-1,15,13,17,-1,17,13,18,-1,18,19,17,-1,17,19,20,-1,17,20,21,-1,22,23,24,-1,24,23,25,-1,26,27,28,-1,28,27,29,-1,30,31,32,-1,32,31,33,-1,32,33,34,-1,34,33,35,-1,34,35,36,-1,36,35,37,-1,36,37,30,-1,30,37,31,-1,38,39,40,-1,40,39,41,-1,40,41,42,-1,41,39,43,-1,43,39,44,-1,44,45,43,-1,43,45,46,-1,43,46,47,-1,48,49,50,-1,50,49,51,-1,32,29,30,-1,30,29,27,-1,34,28,32,-1,32,28,29,-1,26,36,27,-1,27,36,30,-1,36,26,34,-1,34,26,28,-1,6,3,4,-1,4,3,1,-1,8,2,6,-1,6,2,3,-1,0,10,1,-1,1,10,4,-1,10,0,8,-1,8,0,2,-1,49,42,51,-1,51,42,41,-1,42,49,52,-1,52,49,48,-1,52,48,47,-1,43,50,41,-1,41,50,51,-1,50,43,48,-1,48,43,47,-1,23,16,25,-1,25,16,15,-1,16,23,53,-1,53,23,22,-1,53,22,21,-1,17,24,15,-1,15,24,25,-1,24,17,22,-1,22,17,21,-1,
        ]
    }
}
Shape{
    appearance Appearance {
        material  Material 	{
            diffuseColor 0.0 0.0 0.0
            specularColor 0.0 0.0 0.0
            ambientIntensity 0.0
            transparency 0.0
            shininess 0.5
        }
    }
    geometry IndexedFaceSet {
        ccw TRUE
        solid FALSE
        coord DEF co Coordinate {
            point [
                -7.3661 0.5563 -0.6758, -7.3661 0.4579 -0.7142, -7.3622 0.5563 -0.6758, -7.3622 0.4579 -0.7142, -7.3661 0.4579 -0.6998, -7.3622 0.4579 -0.6998, -7.3661 0.4855 -0.6899, -7.3622 0.4855 -0.6899, -7.3661 0.4855 -0.6492, -7.3622 0.4855 -0.6492, -7.3661 0.4579 -0.6398, -7.3622 0.4579 -0.6398, -7.3661 0.4579 -0.6254, -7.3622 0.4579 -0.6254, -7.3661 0.5563 -0.6626, -7.3622 0.5563 -0.6626, -7.3661 0.4963 -0.6525, -7.3661 0.4963 -0.6854, -7.3661 0.5374 -0.6672, -7.3661 0.5408 -0.6681, -7.3661 0.5443 -0.6688, -7.3661 0.5443 -0.6691, -7.3661 0.5408 -0.6697, -7.3661 0.5374 -0.6706, -7.3622 0.4963 -0.6525, -7.3622 0.4963 -0.6854, -7.3622 0.5374 -0.6672, -7.3622 0.5408 -0.6681, -7.3622 0.5443 -0.6688, -7.3622 0.5443 -0.6691, -7.3622 0.5408 -0.6697, -7.3622 0.5374 -0.6706, -7.3661 0.4579 -0.5657, -7.3661 0.4579 -0.539, -7.3622 0.4579 -0.5657, -7.3622 0.4579 -0.539, -7.3661 0.5563 -0.539, -7.3622 0.5563 -0.539, -7.3661 0.5563 -0.5667, -7.3622 0.5563 -0.5667, -7.3661 0.5083 -0.6182, -7.3622 0.5083 -0.6182, -7.3622 0.5176 -0.6175, -7.3661 0.5176 -0.6175, -7.3622 0.5273 -0.6148, -7.3661 0.5273 -0.6148, -7.3622 0.5358 -0.6103, -7.3661 0.5358 -0.6103, -7.3622 0.5435 -0.6033, -7.3661 0.5435 -0.6033, -7.3622 0.5436 -0.6032, -7.3661 0.5436 -0.6032, -7.3622 0.5508 -0.5925, -7.3661 0.5508 -0.5925, -7.3622 0.5548 -0.581, -7.3661 0.5548 -0.581, -7.3622 0.459 -0.5779, -7.3661 0.459 -0.5779, -7.3622 0.4623 -0.5893, -7.3661 0.4623 -0.5893, -7.3622 0.4683 -0.5995, -7.3661 0.4683 -0.5995, -7.3622 0.4761 -0.6076, -7.3661 0.4761 -0.6076, -7.3622 0.4849 -0.6133, -7.3661 0.4849 -0.6133, -7.3622 0.4952 -0.6168, -7.3661 0.4952 -0.6168, -7.3661 0.5317 -0.5984, -7.3661 0.5368 -0.5937, -7.3661 0.5414 -0.5865, -7.3661 0.5443 -0.5783, -7.3661 0.5455 -0.5667, -7.3661 0.5455 -0.5522, -7.3661 0.4687 -0.5522, -7.3661 0.4687 -0.5661, -7.3661 0.4697 -0.5765, -7.3661 0.4723 -0.5848, -7.3661 0.4762 -0.5915, -7.3661 0.4817 -0.597, -7.3661 0.4885 -0.6012, -7.3661 0.4977 -0.6041, -7.3661 0.5081 -0.605, -7.3661 0.5179 -0.6042, -7.3661 0.5256 -0.6019, -7.3622 0.5455 -0.5667, -7.3622 0.5455 -0.5522, -7.3622 0.5443 -0.5783, -7.3622 0.5414 -0.5865, -7.3622 0.5368 -0.5937, -7.3622 0.5317 -0.5984, -7.3622 0.5256 -0.6019, -7.3622 0.5179 -0.6042, -7.3622 0.5081 -0.605, -7.3622 0.4977 -0.6041, -7.3622 0.4885 -0.6012, -7.3622 0.4817 -0.597, -7.3622 0.4762 -0.5915, -7.3622 0.4723 -0.5848, -7.3622 0.4697 -0.5765, -7.3622 0.4687 -0.5661, -7.3622 0.4687 -0.5522, -7.3661 0.4687 -0.5198, -7.3661 0.4579 -0.5198, -7.3622 0.4687 -0.5198, -7.3622 0.4579 -0.5198, -7.3661 0.4579 -0.467, -7.3622 0.4579 -0.467, -7.3661 0.5563 -0.467, -7.3622 0.5563 -0.467, -7.3661 0.5563 -0.5174, -7.3622 0.5563 -0.5174, -7.3661 0.5455 -0.5174, -7.3622 0.5455 -0.5174, -7.3661 0.5455 -0.4802, -7.3622 0.5455 -0.4802, -7.3661 0.5131 -0.4802, -7.3622 0.5131 -0.4802, -7.3661 0.5131 -0.515, -7.3622 0.5131 -0.515, -7.3661 0.5023 -0.515, -7.3622 0.5023 -0.515, -7.3661 0.5023 -0.4802, -7.3622 0.5023 -0.4802, -7.3661 0.4687 -0.4802, -7.3622 0.4687 -0.4802, -7.3661 0.4738 -0.4477, -7.3661 0.463 -0.4477, -7.3622 0.4738 -0.4477, -7.3622 0.463 -0.4477, -7.3661 0.4587 -0.4373, -7.3661 0.4567 -0.4207, -7.3622 0.4567 -0.4207, -7.3622 0.4567 -0.4234, -7.3661 0.4567 -0.4234, -7.3622 0.4573 -0.4273, -7.3622 0.4587 -0.4373, -7.3661 0.5053 -0.3745, -7.3622 0.5053 -0.3745, -7.3622 0.4939 -0.3755, -7.3661 0.4939 -0.3755, -7.3622 0.4834 -0.3784, -7.3661 0.4834 -0.3784, -7.3622 0.4741 -0.3837, -7.3661 0.4741 -0.3837, -7.3622 0.4663 -0.3911, -7.3661 0.4663 -0.3911, -7.3622 0.4612 -0.399, -7.3661 0.4612 -0.399, -7.3622 0.458 -0.4085, -7.3661 0.458 -0.4085, -7.3622 0.4573 -0.4149, -7.3661 0.5575 -0.4246, -7.3622 0.5575 -0.4246, -7.3622 0.5567 -0.4147, -7.3661 0.5567 -0.4147, -7.3622 0.5535 -0.4037, -7.3661 0.5535 -0.4037, -7.3622 0.5481 -0.3944, -7.3661 0.5481 -0.3944, -7.3622 0.5396 -0.3855, -7.3661 0.5396 -0.3855, -7.3622 0.5304 -0.3797, -7.3661 0.5304 -0.3797, -7.3622 0.5192 -0.3759, -7.3661 0.5192 -0.3759, -7.3661 0.5536 -0.4477, -7.3622 0.5536 -0.4477, -7.3622 0.5567 -0.4364, -7.3661 0.5567 -0.4364, -7.3661 0.5404 -0.4477, -7.3622 0.5404 -0.4477, -7.3661 0.5467 -0.4247, -7.3622 0.5467 -0.4247, -7.3622 0.5452 -0.4367, -7.3661 0.5452 -0.4367, -7.3661 0.5061 -0.3877, -7.3622 0.5061 -0.3877, -7.3622 0.5137 -0.3882, -7.3661 0.5137 -0.3882, -7.3622 0.5243 -0.3908, -7.3661 0.5243 -0.3908, -7.3622 0.5319 -0.3949, -7.3661 0.5319 -0.3949, -7.3622 0.5384 -0.4008, -7.3661 0.5384 -0.4008, -7.3622 0.543 -0.4076, -7.3661 0.543 -0.4076, -7.3622 0.5456 -0.415, -7.3661 0.5456 -0.415, -7.3661 0.4675 -0.4225, -7.3622 0.4675 -0.4225, -7.3622 0.4685 -0.4133, -7.3661 0.4685 -0.4133, -7.3622 0.4712 -0.4061, -7.3661 0.4712 -0.4061, -7.3622 0.4752 -0.4001, -7.3661 0.4752 -0.4001, -7.3622 0.4801 -0.3955, -7.3661 0.4801 -0.3955, -7.3622 0.4869 -0.3914, -7.3661 0.4869 -0.3914, -7.3622 0.4954 -0.3887, -7.3661 0.4954 -0.3887, -7.3622 0.4728 -0.446, -7.3661 0.4728 -0.446, -7.3622 0.4689 -0.4356, -7.3661 0.4689 -0.4356, -7.3661 0.4687 -0.3661, -7.3661 0.4579 -0.3661, -7.3622 0.4687 -0.3661, -7.3622 0.4579 -0.3661, -7.3661 0.4579 -0.3157, -7.3622 0.4579 -0.3157, -7.3661 0.5563 -0.3157, -7.3622 0.5563 -0.3157, -7.3661 0.5563 -0.3289, -7.3622 0.5563 -0.3289, -7.3661 0.4687 -0.3289, -7.3622 0.4687 -0.3289
            ]
        }
        coordIndex [
            0,1,2,-1,2,1,3,-1,1,4,3,-1,3,4,5,-1,4,6,5,-1,5,6,7,-1,6,8,7,-1,7,8,9,-1,8,10,9,-1,9,10,11,-1,10,12,11,-1,11,12,13,-1,12,14,13,-1,13,14,15,-1,14,0,15,-1,15,0,2,-1,16,8,17,-1,17,8,6,-1,18,14,16,-1,16,14,12,-1,16,12,8,-1,8,12,10,-1,18,19,14,-1,14,19,20,-1,14,20,0,-1,0,20,21,-1,0,21,22,-1,22,23,0,-1,0,23,17,-1,0,17,1,-1,1,17,6,-1,1,6,4,-1,16,17,24,-1,24,17,25,-1,18,16,26,-1,26,16,24,-1,18,26,27,-1,18,27,19,-1,19,27,28,-1,19,28,20,-1,21,20,29,-1,29,20,28,-1,21,29,30,-1,21,30,22,-1,22,30,31,-1,22,31,23,-1,17,23,25,-1,25,23,31,-1,32,33,34,-1,34,33,35,-1,33,36,35,-1,35,36,37,-1,36,38,37,-1,37,38,39,-1,40,41,42,-1,40,42,43,-1,43,42,44,-1,43,44,45,-1,45,44,46,-1,45,46,47,-1,47,46,48,-1,47,48,49,-1,49,48,50,-1,49,50,51,-1,51,50,52,-1,51,52,53,-1,53,52,54,-1,53,54,55,-1,55,54,39,-1,55,39,38,-1,32,34,56,-1,32,56,57,-1,57,56,58,-1,57,58,59,-1,59,58,60,-1,59,60,61,-1,61,60,62,-1,61,62,63,-1,63,62,64,-1,63,64,65,-1,65,64,66,-1,65,66,67,-1,67,66,41,-1,67,41,40,-1,45,47,68,-1,68,47,49,-1,68,49,69,-1,69,49,51,-1,69,51,70,-1,70,51,53,-1,70,53,71,-1,71,53,55,-1,71,55,72,-1,72,55,38,-1,72,38,73,-1,73,38,36,-1,73,36,74,-1,74,36,33,-1,74,33,75,-1,75,33,32,-1,75,32,76,-1,76,32,57,-1,76,57,77,-1,77,57,59,-1,77,59,78,-1,78,59,61,-1,78,61,79,-1,79,61,63,-1,79,63,80,-1,80,63,65,-1,80,65,81,-1,81,65,67,-1,81,67,82,-1,82,67,40,-1,82,40,83,-1,83,40,43,-1,83,43,84,-1,84,43,45,-1,84,45,68,-1,72,73,85,-1,85,73,86,-1,72,85,87,-1,72,87,71,-1,71,87,88,-1,71,88,70,-1,70,88,89,-1,70,89,69,-1,69,89,90,-1,69,90,68,-1,68,90,91,-1,68,91,84,-1,84,91,92,-1,84,92,83,-1,83,92,93,-1,83,93,82,-1,82,93,94,-1,82,94,81,-1,81,94,95,-1,81,95,80,-1,80,95,96,-1,80,96,79,-1,79,96,97,-1,79,97,78,-1,78,97,98,-1,78,98,77,-1,77,98,99,-1,77,99,76,-1,76,99,100,-1,76,100,75,-1,74,75,101,-1,101,75,100,-1,73,74,86,-1,86,74,101,-1,102,103,104,-1,104,103,105,-1,103,106,105,-1,105,106,107,-1,106,108,107,-1,107,108,109,-1,108,110,109,-1,109,110,111,-1,110,112,111,-1,111,112,113,-1,112,114,113,-1,113,114,115,-1,114,116,115,-1,115,116,117,-1,116,118,117,-1,117,118,119,-1,118,120,119,-1,119,120,121,-1,120,122,121,-1,121,122,123,-1,122,124,123,-1,123,124,125,-1,124,102,125,-1,125,102,104,-1,106,103,102,-1,102,124,106,-1,106,124,122,-1,106,122,108,-1,112,110,114,-1,114,110,108,-1,114,108,116,-1,116,108,122,-1,116,122,118,-1,118,122,120,-1,126,127,128,-1,128,127,129,-1,129,127,130,-1,131,132,133,-1,131,133,134,-1,134,133,135,-1,134,135,130,-1,130,135,136,-1,130,136,129,-1,137,138,139,-1,137,139,140,-1,140,139,141,-1,140,141,142,-1,142,141,143,-1,142,143,144,-1,144,143,145,-1,144,145,146,-1,146,145,147,-1,146,147,148,-1,148,147,149,-1,148,149,150,-1,150,149,131,-1,131,149,151,-1,131,151,132,-1,152,153,154,-1,152,154,155,-1,155,154,156,-1,155,156,157,-1,157,156,158,-1,157,158,159,-1,159,158,160,-1,159,160,161,-1,161,160,162,-1,161,162,163,-1,163,162,164,-1,163,164,165,-1,165,164,138,-1,165,138,137,-1,166,167,168,-1,166,168,169,-1,169,168,153,-1,169,153,152,-1,166,170,167,-1,167,170,171,-1,172,173,174,-1,172,174,175,-1,175,174,171,-1,175,171,170,-1,176,177,178,-1,176,178,179,-1,179,178,180,-1,179,180,181,-1,181,180,182,-1,181,182,183,-1,183,182,184,-1,183,184,185,-1,185,184,186,-1,185,186,187,-1,187,186,188,-1,187,188,189,-1,189,188,173,-1,189,173,172,-1,190,191,192,-1,190,192,193,-1,193,192,194,-1,193,194,195,-1,195,194,196,-1,195,196,197,-1,197,196,198,-1,197,198,199,-1,199,198,200,-1,199,200,201,-1,201,200,202,-1,201,202,203,-1,203,202,177,-1,203,177,176,-1,126,128,204,-1,126,204,205,-1,205,204,206,-1,205,206,207,-1,207,206,191,-1,207,191,190,-1,193,131,190,-1,190,131,134,-1,190,134,207,-1,207,134,130,-1,207,130,205,-1,205,130,127,-1,205,127,126,-1,170,166,175,-1,175,166,169,-1,175,169,172,-1,172,169,152,-1,172,152,189,-1,189,152,155,-1,189,155,187,-1,187,155,157,-1,187,157,185,-1,185,157,159,-1,185,159,183,-1,183,159,161,-1,183,161,181,-1,181,161,163,-1,181,163,179,-1,179,163,165,-1,179,165,176,-1,176,165,137,-1,176,137,203,-1,203,137,140,-1,203,140,201,-1,201,140,142,-1,201,142,199,-1,199,142,144,-1,199,144,197,-1,197,144,146,-1,197,146,195,-1,195,146,148,-1,195,148,193,-1,193,148,150,-1,193,150,131,-1,208,209,210,-1,210,209,211,-1,209,212,211,-1,211,212,213,-1,212,214,213,-1,213,214,215,-1,214,216,215,-1,215,216,217,-1,216,218,217,-1,217,218,219,-1,218,208,219,-1,219,208,210,-1,216,214,218,-1,218,214,212,-1,218,212,208,-1,208,212,209,-1,
        ]
    }
}
Shape{
    appearance Appearance {
        material  Material 	{
            diffuseColor 0.9490196078431372 0.7607843137254902 0.1803921568627451
            specularColor 0.7607843137254902 0.6078431372549019 0.1450980392156863
            ambientIntensity 0.7509
            transparency 0.0
            shininess 0.5
        }
    }
    geometry IndexedFaceSet {
        ccw TRUE
        solid FALSE
        coord DEF co Coordinate {
            point [
                -7.3622 0.4963 -0.6525, -7.3622 0.4963 -0.6854, -7.3622 0.5374 -0.6672, -7.3622 0.5374 -0.6706, -7.3622 0.5408 -0.6681, -7.3622 0.5408 -0.6697, -7.3622 0.5443 -0.6688, -7.3622 0.5443 -0.6691, -7.3622 0.5455 -0.5522, -7.3622 0.4687 -0.5522, -7.3622 0.5455 -0.5667, -7.3622 0.4687 -0.5661, -7.3622 0.4697 -0.5765, -7.3622 0.5081 -0.605, -7.3622 0.5179 -0.6042, -7.3622 0.5256 -0.6019, -7.3622 0.5443 -0.5783, -7.3622 0.4723 -0.5848, -7.3622 0.4762 -0.5915, -7.3622 0.4817 -0.597, -7.3622 0.4885 -0.6012, -7.3622 0.4977 -0.6041, -7.3622 0.5317 -0.5984, -7.3622 0.5368 -0.5937, -7.3622 0.5414 -0.5865
            ]
        }
        coordIndex [
            0,1,2,-1,2,1,3,-1,2,3,4,-1,4,3,5,-1,4,5,6,-1,6,5,7,-1,8,9,10,-1,10,9,11,-1,10,11,12,-1,13,14,10,-1,10,14,15,-1,10,15,16,-1,12,17,10,-1,10,17,18,-1,10,18,19,-1,19,20,10,-1,10,20,21,-1,10,21,13,-1,22,23,15,-1,15,23,24,-1,15,24,16,-1,
        ]
    }
}
Shape{
    appearance Appearance {
        material  Material 	{
            diffuseColor 0.0 0.0 0.0
            specularColor 0.0 0.0 0.0
            ambientIntensity 0.0
            transparency 0.0
            shininess 0.5
        }
    }
    geometry IndexedFaceSet {
        ccw TRUE
        solid FALSE
        coord DEF co Coordinate {
            point [
                -7.3661 -0.4589 -0.6775, -7.3661 -0.5574 -0.716, -7.3622 -0.4589 -0.6775, -7.3622 -0.5574 -0.716, -7.3661 -0.5574 -0.7016, -7.3622 -0.5574 -0.7016, -7.3661 -0.5297 -0.6916, -7.3622 -0.5297 -0.6916, -7.3661 -0.5297 -0.6509, -7.3622 -0.5297 -0.6509, -7.3661 -0.5574 -0.6415, -7.3622 -0.5574 -0.6415, -7.3661 -0.5574 -0.6271, -7.3622 -0.5574 -0.6271, -7.3661 -0.4589 -0.6643, -7.3622 -0.4589 -0.6643, -7.3661 -0.5189 -0.6543, -7.3661 -0.4778 -0.6689, -7.3661 -0.4744 -0.6699, -7.3661 -0.4709 -0.6705, -7.3661 -0.4709 -0.6708, -7.3661 -0.4744 -0.6715, -7.3661 -0.4778 -0.6724, -7.3661 -0.5189 -0.6872, -7.3622 -0.5189 -0.6543, -7.3622 -0.5189 -0.6872, -7.3622 -0.4778 -0.6689, -7.3622 -0.4744 -0.6699, -7.3622 -0.4709 -0.6705, -7.3622 -0.4709 -0.6708, -7.3622 -0.4744 -0.6715, -7.3622 -0.4778 -0.6724, -7.3661 -0.5574 -0.5675, -7.3661 -0.5574 -0.5407, -7.3622 -0.5574 -0.5675, -7.3622 -0.5574 -0.5407, -7.3661 -0.4589 -0.5407, -7.3622 -0.4589 -0.5407, -7.3661 -0.4589 -0.5685, -7.3622 -0.4589 -0.5685, -7.3661 -0.5069 -0.6199, -7.3622 -0.5069 -0.6199, -7.3622 -0.4976 -0.6192, -7.3661 -0.4976 -0.6192, -7.3622 -0.4879 -0.6166, -7.3661 -0.4879 -0.6166, -7.3622 -0.4795 -0.612, -7.3661 -0.4795 -0.612, -7.3622 -0.4718 -0.605, -7.3661 -0.4718 -0.605, -7.3622 -0.4717 -0.6049, -7.3661 -0.4717 -0.6049, -7.3622 -0.4645 -0.5942, -7.3661 -0.4645 -0.5942, -7.3622 -0.4604 -0.5827, -7.3661 -0.4604 -0.5827, -7.3622 -0.5563 -0.5797, -7.3661 -0.5563 -0.5797, -7.3622 -0.5529 -0.591, -7.3661 -0.5529 -0.591, -7.3622 -0.5469 -0.6013, -7.3661 -0.5469 -0.6013, -7.3622 -0.5392 -0.6094, -7.3661 -0.5392 -0.6094, -7.3622 -0.5304 -0.615, -7.3661 -0.5304 -0.615, -7.3622 -0.5201 -0.6186, -7.3661 -0.5201 -0.6186, -7.3661 -0.4835 -0.6002, -7.3661 -0.4785 -0.5954, -7.3661 -0.4738 -0.5882, -7.3661 -0.471 -0.5801, -7.3661 -0.4697 -0.5684, -7.3661 -0.4697 -0.5539, -7.3661 -0.5465 -0.5539, -7.3661 -0.5465 -0.5679, -7.3661 -0.5456 -0.5783, -7.3661 -0.543 -0.5866, -7.3661 -0.539 -0.5933, -7.3661 -0.5336 -0.5988, -7.3661 -0.5268 -0.6029, -7.3661 -0.5175 -0.6058, -7.3661 -0.5072 -0.6067, -7.3661 -0.4974 -0.6059, -7.3661 -0.4896 -0.6036, -7.3622 -0.4697 -0.5684, -7.3622 -0.4697 -0.5539, -7.3622 -0.471 -0.5801, -7.3622 -0.4738 -0.5882, -7.3622 -0.4785 -0.5954, -7.3622 -0.4835 -0.6002, -7.3622 -0.4896 -0.6036, -7.3622 -0.4974 -0.6059, -7.3622 -0.5072 -0.6067, -7.3622 -0.5175 -0.6058, -7.3622 -0.5268 -0.6029, -7.3622 -0.5336 -0.5988, -7.3622 -0.539 -0.5933, -7.3622 -0.543 -0.5866, -7.3622 -0.5456 -0.5783, -7.3622 -0.5465 -0.5679, -7.3622 -0.5465 -0.5539, -7.3661 -0.5465 -0.5215, -7.3661 -0.5574 -0.5215, -7.3622 -0.5465 -0.5215, -7.3622 -0.5574 -0.5215, -7.3661 -0.5574 -0.4687, -7.3622 -0.5574 -0.4687, -7.3661 -0.4589 -0.4687, -7.3622 -0.4589 -0.4687, -7.3661 -0.4589 -0.5191, -7.3622 -0.4589 -0.5191, -7.3661 -0.4697 -0.5191, -7.3622 -0.4697 -0.5191, -7.3661 -0.4697 -0.4819, -7.3622 -0.4697 -0.4819, -7.3661 -0.5021 -0.4819, -7.3622 -0.5021 -0.4819, -7.3661 -0.5021 -0.5167, -7.3622 -0.5021 -0.5167, -7.3661 -0.5129 -0.5167, -7.3622 -0.5129 -0.5167, -7.3661 -0.5129 -0.4819, -7.3622 -0.5129 -0.4819, -7.3661 -0.5465 -0.4819, -7.3622 -0.5465 -0.4819, -7.3661 -0.5414 -0.4495, -7.3661 -0.5523 -0.4495, -7.3622 -0.5414 -0.4495, -7.3622 -0.5523 -0.4495, -7.3661 -0.5566 -0.439, -7.3661 -0.5586 -0.4224, -7.3622 -0.5586 -0.4224, -7.3622 -0.5585 -0.4251, -7.3661 -0.5585 -0.4251, -7.3622 -0.558 -0.4291, -7.3622 -0.5566 -0.439, -7.3661 -0.51 -0.3763, -7.3622 -0.51 -0.3763, -7.3622 -0.5214 -0.3772, -7.3661 -0.5214 -0.3772, -7.3622 -0.5318 -0.3802, -7.3661 -0.5318 -0.3802, -7.3622 -0.5412 -0.3854, -7.3661 -0.5412 -0.3854, -7.3622 -0.549 -0.3928, -7.3661 -0.549 -0.3928, -7.3622 -0.554 -0.4007, -7.3661 -0.554 -0.4007, -7.3622 -0.5573 -0.4103, -7.3661 -0.5573 -0.4103, -7.3622 -0.558 -0.4166, -7.3661 -0.4577 -0.4263, -7.3622 -0.4577 -0.4263, -7.3622 -0.4585 -0.4164, -7.3661 -0.4585 -0.4164, -7.3622 -0.4617 -0.4055, -7.3661 -0.4617 -0.4055, -7.3622 -0.4671 -0.3961, -7.3661 -0.4671 -0.3961, -7.3622 -0.4756 -0.3872, -7.3661 -0.4756 -0.3872, -7.3622 -0.4849 -0.3815, -7.3661 -0.4849 -0.3815, -7.3622 -0.496 -0.3777, -7.3661 -0.496 -0.3777, -7.3661 -0.4616 -0.4495, -7.3622 -0.4616 -0.4495, -7.3622 -0.4585 -0.4381, -7.3661 -0.4585 -0.4381, -7.3661 -0.4748 -0.4495, -7.3622 -0.4748 -0.4495, -7.3661 -0.4685 -0.4264, -7.3622 -0.4685 -0.4264, -7.3622 -0.4701 -0.4384, -7.3661 -0.4701 -0.4384, -7.3661 -0.5092 -0.3895, -7.3622 -0.5092 -0.3895, -7.3622 -0.5015 -0.3899, -7.3661 -0.5015 -0.3899, -7.3622 -0.491 -0.3926, -7.3661 -0.491 -0.3926, -7.3622 -0.4834 -0.3966, -7.3661 -0.4834 -0.3966, -7.3622 -0.4768 -0.4026, -7.3661 -0.4768 -0.4026, -7.3622 -0.4723 -0.4094, -7.3661 -0.4723 -0.4094, -7.3622 -0.4696 -0.4167, -7.3661 -0.4696 -0.4167, -7.3661 -0.5477 -0.4242, -7.3622 -0.5477 -0.4242, -7.3622 -0.5467 -0.415, -7.3661 -0.5467 -0.415, -7.3622 -0.5441 -0.4079, -7.3661 -0.5441 -0.4079, -7.3622 -0.54 -0.4018, -7.3661 -0.54 -0.4018, -7.3622 -0.5351 -0.3972, -7.3661 -0.5351 -0.3972, -7.3622 -0.5283 -0.3931, -7.3661 -0.5283 -0.3931, -7.3622 -0.5198 -0.3905, -7.3661 -0.5198 -0.3905, -7.3622 -0.5424 -0.4477, -7.3661 -0.5424 -0.4477, -7.3622 -0.5463 -0.4373, -7.3661 -0.5463 -0.4373, -7.3661 -0.5465 -0.3679, -7.3661 -0.5574 -0.3679, -7.3622 -0.5465 -0.3679, -7.3622 -0.5574 -0.3679, -7.3661 -0.5574 -0.3175, -7.3622 -0.5574 -0.3175, -7.3661 -0.4589 -0.3175, -7.3622 -0.4589 -0.3175, -7.3661 -0.4589 -0.3307, -7.3622 -0.4589 -0.3307, -7.3661 -0.5465 -0.3307, -7.3622 -0.5465 -0.3307
            ]
        }
        coordIndex [
            0,1,2,-1,2,1,3,-1,1,4,3,-1,3,4,5,-1,4,6,5,-1,5,6,7,-1,6,8,7,-1,7,8,9,-1,8,10,9,-1,9,10,11,-1,10,12,11,-1,11,12,13,-1,12,14,13,-1,13,14,15,-1,14,0,15,-1,15,0,2,-1,16,17,14,-1,12,10,8,-1,17,18,14,-1,14,18,19,-1,14,19,0,-1,0,19,20,-1,0,20,21,-1,21,22,0,-1,0,22,23,-1,0,23,1,-1,4,1,6,-1,6,1,23,-1,6,23,8,-1,8,23,16,-1,8,16,12,-1,12,16,14,-1,16,23,24,-1,24,23,25,-1,17,16,26,-1,26,16,24,-1,17,26,27,-1,17,27,18,-1,18,27,28,-1,18,28,19,-1,20,19,29,-1,29,19,28,-1,20,29,30,-1,20,30,21,-1,21,30,31,-1,21,31,22,-1,23,22,25,-1,25,22,31,-1,32,33,34,-1,34,33,35,-1,33,36,35,-1,35,36,37,-1,36,38,37,-1,37,38,39,-1,40,41,42,-1,40,42,43,-1,43,42,44,-1,43,44,45,-1,45,44,46,-1,45,46,47,-1,47,46,48,-1,47,48,49,-1,49,48,50,-1,49,50,51,-1,51,50,52,-1,51,52,53,-1,53,52,54,-1,53,54,55,-1,55,54,39,-1,55,39,38,-1,32,34,56,-1,32,56,57,-1,57,56,58,-1,57,58,59,-1,59,58,60,-1,59,60,61,-1,61,60,62,-1,61,62,63,-1,63,62,64,-1,63,64,65,-1,65,64,66,-1,65,66,67,-1,67,66,41,-1,67,41,40,-1,45,47,68,-1,68,47,49,-1,68,49,69,-1,69,49,51,-1,69,51,70,-1,70,51,53,-1,70,53,71,-1,71,53,55,-1,71,55,72,-1,72,55,38,-1,72,38,73,-1,73,38,36,-1,73,36,74,-1,74,36,33,-1,74,33,75,-1,75,33,32,-1,75,32,76,-1,76,32,57,-1,76,57,77,-1,77,57,59,-1,77,59,78,-1,78,59,61,-1,78,61,79,-1,79,61,63,-1,79,63,80,-1,80,63,65,-1,80,65,81,-1,81,65,67,-1,81,67,82,-1,82,67,40,-1,82,40,83,-1,83,40,43,-1,83,43,84,-1,84,43,45,-1,84,45,68,-1,72,73,85,-1,85,73,86,-1,72,85,87,-1,72,87,71,-1,71,87,88,-1,71,88,70,-1,70,88,89,-1,70,89,69,-1,69,89,90,-1,69,90,68,-1,68,90,91,-1,68,91,84,-1,84,91,92,-1,84,92,83,-1,83,92,93,-1,83,93,82,-1,82,93,94,-1,82,94,81,-1,81,94,95,-1,81,95,80,-1,80,95,96,-1,80,96,79,-1,79,96,97,-1,79,97,78,-1,78,97,98,-1,78,98,77,-1,77,98,99,-1,77,99,76,-1,76,99,100,-1,76,100,75,-1,74,75,101,-1,101,75,100,-1,73,74,86,-1,86,74,101,-1,102,103,104,-1,104,103,105,-1,103,106,105,-1,105,106,107,-1,106,108,107,-1,107,108,109,-1,108,110,109,-1,109,110,111,-1,110,112,111,-1,111,112,113,-1,112,114,113,-1,113,114,115,-1,114,116,115,-1,115,116,117,-1,116,118,117,-1,117,118,119,-1,118,120,119,-1,119,120,121,-1,120,122,121,-1,121,122,123,-1,122,124,123,-1,123,124,125,-1,124,102,125,-1,125,102,104,-1,106,103,102,-1,102,124,106,-1,106,124,122,-1,106,122,108,-1,112,110,114,-1,114,110,108,-1,114,108,116,-1,116,108,122,-1,116,122,118,-1,118,122,120,-1,126,127,128,-1,128,127,129,-1,129,127,130,-1,131,132,133,-1,131,133,134,-1,134,133,135,-1,134,135,130,-1,130,135,136,-1,130,136,129,-1,137,138,139,-1,137,139,140,-1,140,139,141,-1,140,141,142,-1,142,141,143,-1,142,143,144,-1,144,143,145,-1,144,145,146,-1,146,145,147,-1,146,147,148,-1,148,147,149,-1,148,149,150,-1,150,149,131,-1,131,149,151,-1,131,151,132,-1,152,153,154,-1,152,154,155,-1,155,154,156,-1,155,156,157,-1,157,156,158,-1,157,158,159,-1,159,158,160,-1,159,160,161,-1,161,160,162,-1,161,162,163,-1,163,162,164,-1,163,164,165,-1,165,164,138,-1,165,138,137,-1,166,167,168,-1,166,168,169,-1,169,168,153,-1,169,153,152,-1,166,170,167,-1,167,170,171,-1,172,173,174,-1,172,174,175,-1,175,174,171,-1,175,171,170,-1,176,177,178,-1,176,178,179,-1,179,178,180,-1,179,180,181,-1,181,180,182,-1,181,182,183,-1,183,182,184,-1,183,184,185,-1,185,184,186,-1,185,186,187,-1,187,186,188,-1,187,188,189,-1,189,188,173,-1,189,173,172,-1,190,191,192,-1,190,192,193,-1,193,192,194,-1,193,194,195,-1,195,194,196,-1,195,196,197,-1,197,196,198,-1,197,198,199,-1,199,198,200,-1,199,200,201,-1,201,200,202,-1,201,202,203,-1,203,202,177,-1,203,177,176,-1,126,128,204,-1,126,204,205,-1,205,204,206,-1,205,206,207,-1,207,206,191,-1,207,191,190,-1,193,131,190,-1,190,131,134,-1,190,134,207,-1,207,134,130,-1,207,130,205,-1,205,130,127,-1,205,127,126,-1,170,166,175,-1,175,166,169,-1,175,169,172,-1,172,169,152,-1,172,152,189,-1,189,152,155,-1,189,155,187,-1,187,155,157,-1,187,157,185,-1,185,157,159,-1,185,159,183,-1,183,159,161,-1,183,161,181,-1,181,161,163,-1,181,163,179,-1,179,163,165,-1,179,165,176,-1,176,165,137,-1,176,137,203,-1,203,137,140,-1,203,140,201,-1,201,140,142,-1,201,142,199,-1,199,142,144,-1,199,144,197,-1,197,144,146,-1,197,146,195,-1,195,146,148,-1,195,148,193,-1,193,148,150,-1,193,150,131,-1,208,209,210,-1,210,209,211,-1,209,212,211,-1,211,212,213,-1,212,214,213,-1,213,214,215,-1,214,216,215,-1,215,216,217,-1,216,218,217,-1,217,218,219,-1,218,208,219,-1,219,208,210,-1,216,214,218,-1,218,214,212,-1,218,212,208,-1,208,212,209,-1,
        ]
    }
}
Shape{
    appearance Appearance {
        material  Material 	{
            diffuseColor 0.9490196078431372 0.7607843137254902 0.1803921568627451
            specularColor 0.7607843137254902 0.6078431372549019 0.1450980392156863
            ambientIntensity 0.7509
            transparency 0.0
            shininess 0.5
        }
    }
    geometry IndexedFaceSet {
        ccw TRUE
        solid FALSE
        coord DEF co Coordinate {
            point [
                -7.3622 -0.5189 -0.6543, -7.3622 -0.5189 -0.6872, -7.3622 -0.4778 -0.6689, -7.3622 -0.4778 -0.6724, -7.3622 -0.4744 -0.6699, -7.3622 -0.4744 -0.6715, -7.3622 -0.4709 -0.6705, -7.3622 -0.4709 -0.6708, -7.3622 -0.4697 -0.5539, -7.3622 -0.5465 -0.5539, -7.3622 -0.4697 -0.5684, -7.3622 -0.5465 -0.5679, -7.3622 -0.5456 -0.5783, -7.3622 -0.5072 -0.6067, -7.3622 -0.4974 -0.6059, -7.3622 -0.4896 -0.6036, -7.3622 -0.471 -0.5801, -7.3622 -0.543 -0.5866, -7.3622 -0.539 -0.5933, -7.3622 -0.5336 -0.5988, -7.3622 -0.5268 -0.6029, -7.3622 -0.5175 -0.6058, -7.3622 -0.4835 -0.6002, -7.3622 -0.4785 -0.5954, -7.3622 -0.4738 -0.5882, -5.3622 -0.4685 -0.4264, -5.3622 -0.4696 -0.4167, -5.3622 -0.5424 -0.4477, -5.3622 -0.4697 -0.5191, -5.3622 -0.4697 -0.4819, -5.3622 -0.5021 -0.4819, -5.3622 -0.5021 -0.5167, -5.3622 -0.5129 -0.5167, -5.3622 -0.558 -0.5311, -5.3622 -0.549 -0.3928, -5.3622 -0.5412 -0.3854, -5.3622 -0.5574 -0.3679, -5.3622 -0.558 -0.4166, -5.3622 -0.5574 -0.3175, -5.3622 -0.4701 -0.4384, -5.3622 -0.5414 -0.4495, -5.3622 -0.4748 -0.4495, -5.3622 -0.4589 -0.5191, -5.3622 -0.3622 -0.5311, -5.3622 -0.4589 -0.4687, -5.3622 -0.3622 0.1969, -5.3622 -0.4589 -0.3175, -5.3622 -0.4589 -0.3307, -5.3622 -0.4849 -0.3815, -5.3622 -0.4756 -0.3872, -5.3622 -0.4671 -0.3961, -5.3622 -0.4617 -0.4055, -5.3622 -0.5465 -0.3679, -5.3622 -0.5318 -0.3802, -5.3622 -0.5465 -0.3307, -5.3622 -0.4585 -0.4164, -5.3622 -0.4577 -0.4263, -5.3622 -0.4585 -0.4381, -5.3622 -0.4616 -0.4495, -5.3622 -0.5574 -0.4687, -5.3622 -0.5523 -0.4495, -5.3622 -0.5573 -0.4103, -5.3622 -0.554 -0.4007, -5.3622 -0.4723 -0.4094, -5.3622 -0.4768 -0.4026, -5.3622 -0.4834 -0.3966, -5.3622 -0.5092 -0.3895, -5.3622 -0.5198 -0.3905, -5.3622 -0.5283 -0.3931, -5.3622 -0.5467 -0.415, -5.3622 -0.5477 -0.4242, -5.3622 -0.5441 -0.4079, -5.3622 -0.54 -0.4018, -5.3622 -0.5351 -0.3972, -5.3622 -0.5463 -0.4373, -5.3622 -0.5214 -0.3772, -5.3622 -0.51 -0.3763, -5.3622 -0.496 -0.3777, -5.3622 -0.491 -0.3926, -5.3622 -0.5015 -0.3899, -5.3622 -0.5129 -0.4819, -5.3622 -0.5465 -0.4819, -5.3622 -0.5465 -0.5215, -5.3622 -0.5574 -0.5215, -5.3622 -0.558 -0.4291, -5.3622 -0.5585 -0.4251, -5.3622 -0.6378 -0.5311, -5.3622 -0.5586 -0.4224, -5.3622 -0.558 0.1969, -5.3622 -0.6378 0.1969, -5.3622 -0.4589 -0.6643, -5.3622 -0.4589 -0.6775, -5.3622 -0.5574 -0.7016, -5.3622 -0.5574 -0.716, -5.3622 -0.558 -1.0236, -5.3622 -0.3622 -1.0236, -5.3622 -0.5574 -0.5675, -5.3622 -0.5574 -0.5407, -5.3622 -0.4589 -0.5407, -5.3622 -0.4589 -0.5685, -5.3622 -0.4718 -0.605, -5.3622 -0.4795 -0.612, -5.3622 -0.4879 -0.6166, -5.3622 -0.5574 -0.6271, -5.3622 -0.5304 -0.615, -5.3622 -0.5392 -0.6094, -5.3622 -0.4604 -0.5827, -5.3622 -0.4645 -0.5942, -5.3622 -0.4717 -0.6049, -5.3622 -0.5469 -0.6013, -5.3622 -0.5529 -0.591, -5.3622 -0.5563 -0.5797, -5.3622 -0.5574 -0.6415, -5.3622 -0.5297 -0.6509, -5.3622 -0.5297 -0.6916, -5.3622 -0.4976 -0.6192, -5.3622 -0.5069 -0.6199, -5.3622 -0.5201 -0.6186, -5.3622 -0.5566 -0.439, -5.3622 -0.6378 -1.0236, -5.3622 0.5467 -0.4247, -5.3622 0.5456 -0.415, -5.3622 0.4728 -0.446, -5.3622 0.5563 -0.5174, -5.3622 0.6378 -0.5294, -5.3622 0.5563 -0.467, -5.3622 0.6378 0.1969, -5.3622 0.4663 -0.3911, -5.3622 0.4741 -0.3837, -5.3622 0.4579 -0.3661, -5.3622 0.4573 -0.4149, -5.3622 0.4579 -0.3157, -5.3622 0.5452 -0.4367, -5.3622 0.4738 -0.4477, -5.3622 0.5404 -0.4477, -5.3622 0.5023 -0.515, -5.3622 0.4573 -0.5294, -5.3622 0.5131 -0.515, -5.3622 0.5455 -0.5174, -5.3622 0.5131 -0.4802, -5.3622 0.5455 -0.4802, -5.3622 0.5563 -0.3157, -5.3622 0.5563 -0.3289, -5.3622 0.5304 -0.3797, -5.3622 0.5396 -0.3855, -5.3622 0.5481 -0.3944, -5.3622 0.5535 -0.4037, -5.3622 0.4687 -0.3661, -5.3622 0.4834 -0.3784, -5.3622 0.4687 -0.3289, -5.3622 0.5567 -0.4147, -5.3622 0.5575 -0.4246, -5.3622 0.5567 -0.4364, -5.3622 0.5536 -0.4477, -5.3622 0.4579 -0.467, -5.3622 0.463 -0.4477, -5.3622 0.458 -0.4085, -5.3622 0.4612 -0.399, -5.3622 0.543 -0.4076, -5.3622 0.5384 -0.4008, -5.3622 0.5319 -0.3949, -5.3622 0.5061 -0.3877, -5.3622 0.4954 -0.3887, -5.3622 0.4869 -0.3914, -5.3622 0.4685 -0.4133, -5.3622 0.4675 -0.4225, -5.3622 0.4712 -0.4061, -5.3622 0.4752 -0.4001, -5.3622 0.4801 -0.3955, -5.3622 0.4689 -0.4356, -5.3622 0.4939 -0.3755, -5.3622 0.5053 -0.3745, -5.3622 0.5192 -0.3759, -5.3622 0.5243 -0.3908, -5.3622 0.5137 -0.3882, -5.3622 0.5023 -0.4802, -5.3622 0.4687 -0.4802, -5.3622 0.4687 -0.5198, -5.3622 0.4579 -0.5198, -5.3622 0.4573 -0.4273, -5.3622 0.4567 -0.4234, -5.3622 0.3622 -0.5294, -5.3622 0.4567 -0.4207, -5.3622 0.4573 0.1969, -5.3622 0.3622 0.1969, -5.3622 0.5563 -0.6626, -5.3622 0.5563 -0.6758, -5.3622 0.4579 -0.5657, -5.3622 0.4579 -0.539, -5.3622 0.5563 -0.539, -5.3622 0.4579 -0.6998, -5.3622 0.4579 -0.7142, -5.3622 0.4573 -1.0236, -5.3622 0.6378 -1.0236, -5.3622 0.5563 -0.5667, -5.3622 0.5548 -0.581, -5.3622 0.5508 -0.5925, -5.3622 0.5436 -0.6032, -5.3622 0.4579 -0.6254, -5.3622 0.4849 -0.6133, -5.3622 0.4761 -0.6076, -5.3622 0.5435 -0.6033, -5.3622 0.5358 -0.6103, -5.3622 0.5273 -0.6148, -5.3622 0.4683 -0.5995, -5.3622 0.4623 -0.5893, -5.3622 0.459 -0.5779, -5.3622 0.4579 -0.6398, -5.3622 0.4855 -0.6492, -5.3622 0.4855 -0.6899, -5.3622 0.5176 -0.6175, -5.3622 0.5083 -0.6182, -5.3622 0.4952 -0.6168, -5.3622 0.4587 -0.4373, -5.3622 0.3622 -1.0236
            ]
        }
        coordIndex [
            0,1,2,-1,2,1,3,-1,2,3,4,-1,4,3,5,-1,4,5,6,-1,6,5,7,-1,8,9,10,-1,10,9,11,-1,10,11,12,-1,13,14,10,-1,10,14,15,-1,10,15,16,-1,12,17,10,-1,10,17,18,-1,10,18,19,-1,19,20,10,-1,10,20,21,-1,10,21,13,-1,22,23,15,-1,15,23,24,-1,15,24,16,-1,25,26,27,-1,28,29,30,-1,31,32,33,-1,34,35,36,-1,37,36,38,-1,25,27,39,-1,39,27,40,-1,39,40,41,-1,30,31,28,-1,28,31,33,-1,28,33,42,-1,42,33,43,-1,42,43,44,-1,44,43,45,-1,45,46,47,-1,48,49,47,-1,47,49,50,-1,47,50,51,-1,36,35,52,-1,52,35,53,-1,52,53,54,-1,51,55,47,-1,47,55,56,-1,47,56,45,-1,45,56,57,-1,45,57,44,-1,57,58,44,-1,44,58,41,-1,44,41,59,-1,59,41,40,-1,59,40,60,-1,37,61,36,-1,36,61,62,-1,36,62,34,-1,26,63,27,-1,27,63,64,-1,27,64,65,-1,66,67,27,-1,27,67,68,-1,69,70,71,-1,71,70,72,-1,68,73,27,-1,27,73,72,-1,27,72,74,-1,74,72,70,-1,53,75,54,-1,54,75,76,-1,54,76,47,-1,47,76,77,-1,47,77,48,-1,65,78,27,-1,27,78,79,-1,27,79,66,-1,80,81,32,-1,32,81,82,-1,32,82,33,-1,33,82,83,-1,33,83,59,-1,84,85,86,-1,86,85,87,-1,86,87,37,-1,46,45,38,-1,38,45,88,-1,38,88,37,-1,37,88,89,-1,37,89,86,-1,43,90,91,-1,92,33,93,-1,93,33,94,-1,93,94,91,-1,91,94,95,-1,91,95,43,-1,96,97,33,-1,33,97,98,-1,33,98,43,-1,43,98,99,-1,100,101,90,-1,90,101,102,-1,103,104,105,-1,99,106,43,-1,43,106,107,-1,43,107,90,-1,90,107,108,-1,90,108,100,-1,105,109,103,-1,103,109,110,-1,103,110,111,-1,111,96,103,-1,103,96,33,-1,103,33,112,-1,112,33,92,-1,112,92,113,-1,113,92,114,-1,102,115,90,-1,90,115,116,-1,90,116,103,-1,103,116,117,-1,103,117,104,-1,60,118,59,-1,59,118,84,-1,59,84,33,-1,33,84,86,-1,33,86,94,-1,94,86,119,-1,120,121,122,-1,123,124,125,-1,125,124,126,-1,127,128,129,-1,130,129,131,-1,120,122,132,-1,132,122,133,-1,132,133,134,-1,135,136,137,-1,137,136,138,-1,137,138,139,-1,139,138,140,-1,126,141,142,-1,143,144,142,-1,142,144,145,-1,142,145,146,-1,129,128,147,-1,147,128,148,-1,147,148,149,-1,146,150,142,-1,142,150,151,-1,142,151,126,-1,126,151,152,-1,126,152,125,-1,152,153,125,-1,125,153,134,-1,125,134,154,-1,154,134,133,-1,154,133,155,-1,130,156,129,-1,129,156,157,-1,129,157,127,-1,121,158,122,-1,122,158,159,-1,122,159,160,-1,161,162,122,-1,122,162,163,-1,164,165,166,-1,166,165,167,-1,163,168,122,-1,122,168,167,-1,122,167,169,-1,169,167,165,-1,148,170,149,-1,149,170,171,-1,149,171,142,-1,142,171,172,-1,142,172,143,-1,160,173,122,-1,122,173,174,-1,122,174,161,-1,175,176,135,-1,135,176,177,-1,135,177,136,-1,136,177,178,-1,136,178,154,-1,179,180,181,-1,181,180,182,-1,181,182,130,-1,141,126,131,-1,131,126,183,-1,131,183,130,-1,130,183,184,-1,130,184,181,-1,124,185,186,-1,187,188,136,-1,123,138,124,-1,124,138,136,-1,124,136,189,-1,189,136,188,-1,190,136,191,-1,191,136,192,-1,191,192,186,-1,186,192,193,-1,186,193,124,-1,189,194,124,-1,124,194,195,-1,124,195,185,-1,185,195,196,-1,185,196,197,-1,198,199,200,-1,197,201,185,-1,185,201,202,-1,185,202,203,-1,200,204,198,-1,198,204,205,-1,198,205,206,-1,206,187,198,-1,198,187,136,-1,198,136,207,-1,207,136,190,-1,207,190,208,-1,208,190,209,-1,203,210,185,-1,185,210,211,-1,185,211,198,-1,198,211,212,-1,198,212,199,-1,155,213,154,-1,154,213,179,-1,154,179,136,-1,136,179,181,-1,136,181,192,-1,192,181,214,-1,
        ]
    }
}
Shape{
    appearance Appearance {
        material  Material 	{
            diffuseColor 0.17647058823529413 0.17647058823529413 0.17647058823529413
            specularColor 0.050980392156862744 0.050980392156862744 0.050980392156862744
            ambientIntensity 0.251
            transparency 0.0
            shininess 0.5
        }
    }
    geometry IndexedFaceSet {
        ccw TRUE
        solid FALSE
        coord DEF co Coordinate {
            point [
                -5.3622 -0.6378 0.1969, -5.0 -0.8031 0.1969, -5.6378 -0.6378 0.1969, -6.0 -0.8031 0.1969, -5.6378 -0.3622 0.1969, -5.3622 -0.558 0.1969, -5.3622 -0.3622 0.1969, -5.0 0.8031 0.1969, -5.3622 0.6378 0.1969, -6.0 0.8031 0.1969, -5.6378 0.6378 0.1969, -5.6378 0.3622 0.1969, -5.3622 0.3622 0.1969, -5.3622 0.4573 0.1969, -5.8819 -1.0 0.0079, -5.8819 -1.0 0.9843, -6.0 -0.8819 0.0079, -6.0 -0.8819 0.9843, -5.1181 -1.0 0.0079, -5.1181 -1.0 0.9843, -5.0 -0.8819 0.0079, -5.0 -0.8819 0.9843, -5.0 -0.8031 0.0079, -5.0 0.8031 0.0079, -5.0 0.8819 0.0079, -5.0 0.8819 0.9843, -5.1181 1.0 0.0079, -5.1181 1.0 0.9843, -5.8819 1.0 0.0079, -5.8819 1.0 0.9843, -6.0 0.8819 0.0079, -6.0 0.8819 0.9843, -6.0 0.8031 0.0079, -6.0 -0.8031 0.0079, -5.3622 0.3622 0.9843, -5.6378 -0.3622 0.9843, -5.3622 -0.3622 0.9843, -5.6378 0.6378 0.9843, -5.6378 0.3622 0.9843, -5.3622 0.6378 0.9843, -5.3622 -0.6378 0.9843, -5.6378 -0.6378 0.9843
            ]
        }
        coordIndex [
            0,1,2,-1,2,1,3,-1,2,3,4,-1,0,5,1,-1,1,5,6,-1,1,6,7,-1,7,8,9,-1,9,8,10,-1,9,10,11,-1,3,9,4,-1,4,9,11,-1,4,11,6,-1,6,11,12,-1,6,12,7,-1,7,12,13,-1,7,13,8,-1,14,15,16,-1,16,15,17,-1,18,19,14,-1,14,19,15,-1,20,21,18,-1,18,21,19,-1,20,22,1,-1,23,24,7,-1,7,24,25,-1,7,25,1,-1,1,25,21,-1,1,21,20,-1,26,27,24,-1,24,27,25,-1,28,29,26,-1,26,29,27,-1,30,31,28,-1,28,31,29,-1,30,32,9,-1,33,16,3,-1,3,16,17,-1,3,17,9,-1,9,17,31,-1,9,31,30,-1,15,19,21,-1,34,35,36,-1,37,31,38,-1,38,31,17,-1,39,25,37,-1,37,25,27,-1,37,27,31,-1,31,27,29,-1,39,34,25,-1,25,34,36,-1,25,36,21,-1,21,36,40,-1,21,40,15,-1,15,40,41,-1,15,41,17,-1,17,41,35,-1,17,35,38,-1,38,35,34,-1,1,22,3,-1,3,22,33,-1,33,22,20,-1,18,14,20,-1,20,14,16,-1,20,16,33,-1,32,23,9,-1,9,23,7,-1,28,26,30,-1,30,26,24,-1,30,24,32,-1,32,24,23,-1,
        ]
    }
}
Shape{
    appearance Appearance {
        material  Material 	{
            diffuseColor 0.9490196078431372 0.7607843137254902 0.1803921568627451
            specularColor 0.7607843137254902 0.6078431372549019 0.1450980392156863
            ambientIntensity 0.7509
            transparency 0.0
            shininess 0.5
        }
    }
    geometry IndexedFaceSet {
        ccw TRUE
        solid FALSE
        coord DEF co Coordinate {
            point [
                -5.4016 0.4016 3.3465, -5.4016 0.5984 3.3465, -5.5984 0.4016 3.3465, -5.5984 0.5984 3.3465, -5.3622 0.6378 3.189, -5.3622 0.6378 0.9843, -5.6378 0.6378 3.189, -5.6378 0.6378 0.9843, -5.6378 0.3622 3.189, -5.6378 0.3622 0.9843, -5.3622 0.3622 3.189, -5.3622 0.3622 0.9843, -5.3622 0.3622 0.1969, -5.6378 0.3622 0.1969, -5.3622 0.3622 -0.5294, -5.6378 0.3622 -1.0236, -5.3622 0.3622 -1.0236, -5.6378 0.6378 -1.0236, -5.6378 0.6378 0.1969, -5.3622 0.6378 0.1969, -5.3622 0.6378 -0.5294, -5.3622 0.6378 -1.0236, -5.4016 0.5984 -1.1811, -5.4016 0.4016 -1.1811, -5.5984 0.5984 -1.1811, -5.5984 0.4016 -1.1811, -5.4016 -0.5984 3.3465, -5.4016 -0.4016 3.3465, -5.5984 -0.5984 3.3465, -5.5984 -0.4016 3.3465, -5.3622 -0.3622 3.189, -5.3622 -0.3622 0.9843, -5.6378 -0.3622 3.189, -5.6378 -0.3622 0.9843, -5.6378 -0.6378 3.189, -5.6378 -0.6378 0.9843, -5.3622 -0.6378 3.189, -5.3622 -0.6378 0.9843, -5.3622 -0.6378 0.1969, -5.6378 -0.6378 0.1969, -5.3622 -0.6378 -0.5311, -5.6378 -0.6378 -1.0236, -5.3622 -0.6378 -1.0236, -5.6378 -0.3622 -1.0236, -5.6378 -0.3622 0.1969, -5.3622 -0.3622 0.1969, -5.3622 -0.3622 -0.5311, -5.3622 -0.3622 -1.0236, -5.4016 -0.4016 -1.1811, -5.4016 -0.5984 -1.1811, -5.5984 -0.4016 -1.1811, -5.5984 -0.5984 -1.1811, -5.3622 -0.558 -1.0236, -5.3622 0.4573 -1.0236
            ]
        }
        coordIndex [
            0,1,2,-1,2,1,3,-1,4,5,6,-1,6,5,7,-1,6,7,8,-1,8,7,9,-1,8,9,10,-1,10,9,11,-1,10,11,4,-1,4,11,5,-1,12,13,14,-1,14,13,15,-1,14,15,16,-1,15,13,17,-1,17,13,18,-1,18,19,17,-1,17,19,20,-1,17,20,21,-1,22,23,24,-1,24,23,25,-1,26,27,28,-1,28,27,29,-1,30,31,32,-1,32,31,33,-1,32,33,34,-1,34,33,35,-1,34,35,36,-1,36,35,37,-1,36,37,30,-1,30,37,31,-1,38,39,40,-1,40,39,41,-1,40,41,42,-1,41,39,43,-1,43,39,44,-1,44,45,43,-1,43,45,46,-1,43,46,47,-1,48,49,50,-1,50,49,51,-1,32,29,30,-1,30,29,27,-1,34,28,32,-1,32,28,29,-1,26,36,27,-1,27,36,30,-1,36,26,34,-1,34,26,28,-1,6,3,4,-1,4,3,1,-1,8,2,6,-1,6,2,3,-1,0,10,1,-1,1,10,4,-1,10,0,8,-1,8,0,2,-1,49,42,51,-1,51,42,41,-1,42,49,52,-1,52,49,48,-1,52,48,47,-1,43,50,41,-1,41,50,51,-1,50,43,48,-1,48,43,47,-1,23,16,25,-1,25,16,15,-1,16,23,53,-1,53,23,22,-1,53,22,21,-1,17,24,15,-1,15,24,25,-1,24,17,22,-1,22,17,21,-1,
        ]
    }
}
Shape{
    appearance Appearance {
        material  Material 	{
            diffuseColor 0.0 0.0 0.0
            specularColor 0.0 0.0 0.0
            ambientIntensity 0.0
            transparency 0.0
            shininess 0.5
        }
    }
    geometry IndexedFaceSet {
        ccw TRUE
        solid FALSE
        coord DEF co Coordinate {
            point [
                -5.3661 0.5563 -0.6758, -5.3661 0.4579 -0.7142, -5.3622 0.5563 -0.6758, -5.3622 0.4579 -0.7142, -5.3661 0.4579 -0.6998, -5.3622 0.4579 -0.6998, -5.3661 0.4855 -0.6899, -5.3622 0.4855 -0.6899, -5.3661 0.4855 -0.6492, -5.3622 0.4855 -0.6492, -5.3661 0.4579 -0.6398, -5.3622 0.4579 -0.6398, -5.3661 0.4579 -0.6254, -5.3622 0.4579 -0.6254, -5.3661 0.5563 -0.6626, -5.3622 0.5563 -0.6626, -5.3661 0.4963 -0.6525, -5.3661 0.4963 -0.6854, -5.3661 0.5374 -0.6672, -5.3661 0.5408 -0.6681, -5.3661 0.5443 -0.6688, -5.3661 0.5443 -0.6691, -5.3661 0.5408 -0.6697, -5.3661 0.5374 -0.6706, -5.3622 0.4963 -0.6525, -5.3622 0.4963 -0.6854, -5.3622 0.5374 -0.6672, -5.3622 0.5408 -0.6681, -5.3622 0.5443 -0.6688, -5.3622 0.5443 -0.6691, -5.3622 0.5408 -0.6697, -5.3622 0.5374 -0.6706, -5.3661 0.4579 -0.5657, -5.3661 0.4579 -0.539, -5.3622 0.4579 -0.5657, -5.3622 0.4579 -0.539, -5.3661 0.5563 -0.539, -5.3622 0.5563 -0.539, -5.3661 0.5563 -0.5667, -5.3622 0.5563 -0.5667, -5.3661 0.5083 -0.6182, -5.3622 0.5083 -0.6182, -5.3622 0.5176 -0.6175, -5.3661 0.5176 -0.6175, -5.3622 0.5273 -0.6148, -5.3661 0.5273 -0.6148, -5.3622 0.5358 -0.6103, -5.3661 0.5358 -0.6103, -5.3622 0.5435 -0.6033, -5.3661 0.5435 -0.6033, -5.3622 0.5436 -0.6032, -5.3661 0.5436 -0.6032, -5.3622 0.5508 -0.5925, -5.3661 0.5508 -0.5925, -5.3622 0.5548 -0.581, -5.3661 0.5548 -0.581, -5.3622 0.459 -0.5779, -5.3661 0.459 -0.5779, -5.3622 0.4623 -0.5893, -5.3661 0.4623 -0.5893, -5.3622 0.4683 -0.5995, -5.3661 0.4683 -0.5995, -5.3622 0.4761 -0.6076, -5.3661 0.4761 -0.6076, -5.3622 0.4849 -0.6133, -5.3661 0.4849 -0.6133, -5.3622 0.4952 -0.6168, -5.3661 0.4952 -0.6168, -5.3661 0.5317 -0.5984, -5.3661 0.5368 -0.5937, -5.3661 0.5414 -0.5865, -5.3661 0.5443 -0.5783, -5.3661 0.5455 -0.5667, -5.3661 0.5455 -0.5522, -5.3661 0.4687 -0.5522, -5.3661 0.4687 -0.5661, -5.3661 0.4697 -0.5765, -5.3661 0.4723 -0.5848, -5.3661 0.4762 -0.5915, -5.3661 0.4817 -0.597, -5.3661 0.4885 -0.6012, -5.3661 0.4977 -0.6041, -5.3661 0.5081 -0.605, -5.3661 0.5179 -0.6042, -5.3661 0.5256 -0.6019, -5.3622 0.5455 -0.5667, -5.3622 0.5455 -0.5522, -5.3622 0.5443 -0.5783, -5.3622 0.5414 -0.5865, -5.3622 0.5368 -0.5937, -5.3622 0.5317 -0.5984, -5.3622 0.5256 -0.6019, -5.3622 0.5179 -0.6042, -5.3622 0.5081 -0.605, -5.3622 0.4977 -0.6041, -5.3622 0.4885 -0.6012, -5.3622 0.4817 -0.597, -5.3622 0.4762 -0.5915, -5.3622 0.4723 -0.5848, -5.3622 0.4697 -0.5765, -5.3622 0.4687 -0.5661, -5.3622 0.4687 -0.5522, -5.3661 0.4687 -0.5198, -5.3661 0.4579 -0.5198, -5.3622 0.4687 -0.5198, -5.3622 0.4579 -0.5198, -5.3661 0.4579 -0.467, -5.3622 0.4579 -0.467, -5.3661 0.5563 -0.467, -5.3622 0.5563 -0.467, -5.3661 0.5563 -0.5174, -5.3622 0.5563 -0.5174, -5.3661 0.5455 -0.5174, -5.3622 0.5455 -0.5174, -5.3661 0.5455 -0.4802, -5.3622 0.5455 -0.4802, -5.3661 0.5131 -0.4802, -5.3622 0.5131 -0.4802, -5.3661 0.5131 -0.515, -5.3622 0.5131 -0.515, -5.3661 0.5023 -0.515, -5.3622 0.5023 -0.515, -5.3661 0.5023 -0.4802, -5.3622 0.5023 -0.4802, -5.3661 0.4687 -0.4802, -5.3622 0.4687 -0.4802, -5.3661 0.4738 -0.4477, -5.3661 0.463 -0.4477, -5.3622 0.4738 -0.4477, -5.3622 0.463 -0.4477, -5.3661 0.4587 -0.4373, -5.3661 0.4567 -0.4207, -5.3622 0.4567 -0.4207, -5.3622 0.4567 -0.4234, -5.3661 0.4567 -0.4234, -5.3622 0.4573 -0.4273, -5.3622 0.4587 -0.4373, -5.3661 0.5053 -0.3745, -5.3622 0.5053 -0.3745, -5.3622 0.4939 -0.3755, -5.3661 0.4939 -0.3755, -5.3622 0.4834 -0.3784, -5.3661 0.4834 -0.3784, -5.3622 0.4741 -0.3837, -5.3661 0.4741 -0.3837, -5.3622 0.4663 -0.3911, -5.3661 0.4663 -0.3911, -5.3622 0.4612 -0.399, -5.3661 0.4612 -0.399, -5.3622 0.458 -0.4085, -5.3661 0.458 -0.4085, -5.3622 0.4573 -0.4149, -5.3661 0.5575 -0.4246, -5.3622 0.5575 -0.4246, -5.3622 0.5567 -0.4147, -5.3661 0.5567 -0.4147, -5.3622 0.5535 -0.4037, -5.3661 0.5535 -0.4037, -5.3622 0.5481 -0.3944, -5.3661 0.5481 -0.3944, -5.3622 0.5396 -0.3855, -5.3661 0.5396 -0.3855, -5.3622 0.5304 -0.3797, -5.3661 0.5304 -0.3797, -5.3622 0.5192 -0.3759, -5.3661 0.5192 -0.3759, -5.3661 0.5536 -0.4477, -5.3622 0.5536 -0.4477, -5.3622 0.5567 -0.4364, -5.3661 0.5567 -0.4364, -5.3661 0.5404 -0.4477, -5.3622 0.5404 -0.4477, -5.3661 0.5467 -0.4247, -5.3622 0.5467 -0.4247, -5.3622 0.5452 -0.4367, -5.3661 0.5452 -0.4367, -5.3661 0.5061 -0.3877, -5.3622 0.5061 -0.3877, -5.3622 0.5137 -0.3882, -5.3661 0.5137 -0.3882, -5.3622 0.5243 -0.3908, -5.3661 0.5243 -0.3908, -5.3622 0.5319 -0.3949, -5.3661 0.5319 -0.3949, -5.3622 0.5384 -0.4008, -5.3661 0.5384 -0.4008, -5.3622 0.543 -0.4076, -5.3661 0.543 -0.4076, -5.3622 0.5456 -0.415, -5.3661 0.5456 -0.415, -5.3661 0.4675 -0.4225, -5.3622 0.4675 -0.4225, -5.3622 0.4685 -0.4133, -5.3661 0.4685 -0.4133, -5.3622 0.4712 -0.4061, -5.3661 0.4712 -0.4061, -5.3622 0.4752 -0.4001, -5.3661 0.4752 -0.4001, -5.3622 0.4801 -0.3955, -5.3661 0.4801 -0.3955, -5.3622 0.4869 -0.3914, -5.3661 0.4869 -0.3914, -5.3622 0.4954 -0.3887, -5.3661 0.4954 -0.3887, -5.3622 0.4728 -0.446, -5.3661 0.4728 -0.446, -5.3622 0.4689 -0.4356, -5.3661 0.4689 -0.4356, -5.3661 0.4687 -0.3661, -5.3661 0.4579 -0.3661, -5.3622 0.4687 -0.3661, -5.3622 0.4579 -0.3661, -5.3661 0.4579 -0.3157, -5.3622 0.4579 -0.3157, -5.3661 0.5563 -0.3157, -5.3622 0.5563 -0.3157, -5.3661 0.5563 -0.3289, -5.3622 0.5563 -0.3289, -5.3661 0.4687 -0.3289, -5.3622 0.4687 -0.3289
            ]
        }
        coordIndex [
            0,1,2,-1,2,1,3,-1,1,4,3,-1,3,4,5,-1,4,6,5,-1,5,6,7,-1,6,8,7,-1,7,8,9,-1,8,10,9,-1,9,10,11,-1,10,12,11,-1,11,12,13,-1,12,14,13,-1,13,14,15,-1,14,0,15,-1,15,0,2,-1,16,8,17,-1,17,8,6,-1,18,14,16,-1,16,14,12,-1,16,12,8,-1,8,12,10,-1,18,19,14,-1,14,19,20,-1,14,20,0,-1,0,20,21,-1,0,21,22,-1,22,23,0,-1,0,23,17,-1,0,17,1,-1,1,17,6,-1,1,6,4,-1,16,17,24,-1,24,17,25,-1,18,16,26,-1,26,16,24,-1,18,26,27,-1,18,27,19,-1,19,27,28,-1,19,28,20,-1,21,20,29,-1,29,20,28,-1,21,29,30,-1,21,30,22,-1,22,30,31,-1,22,31,23,-1,17,23,25,-1,25,23,31,-1,32,33,34,-1,34,33,35,-1,33,36,35,-1,35,36,37,-1,36,38,37,-1,37,38,39,-1,40,41,42,-1,40,42,43,-1,43,42,44,-1,43,44,45,-1,45,44,46,-1,45,46,47,-1,47,46,48,-1,47,48,49,-1,49,48,50,-1,49,50,51,-1,51,50,52,-1,51,52,53,-1,53,52,54,-1,53,54,55,-1,55,54,39,-1,55,39,38,-1,32,34,56,-1,32,56,57,-1,57,56,58,-1,57,58,59,-1,59,58,60,-1,59,60,61,-1,61,60,62,-1,61,62,63,-1,63,62,64,-1,63,64,65,-1,65,64,66,-1,65,66,67,-1,67,66,41,-1,67,41,40,-1,45,47,68,-1,68,47,49,-1,68,49,69,-1,69,49,51,-1,69,51,70,-1,70,51,53,-1,70,53,71,-1,71,53,55,-1,71,55,72,-1,72,55,38,-1,72,38,73,-1,73,38,36,-1,73,36,74,-1,74,36,33,-1,74,33,75,-1,75,33,32,-1,75,32,76,-1,76,32,57,-1,76,57,77,-1,77,57,59,-1,77,59,78,-1,78,59,61,-1,78,61,79,-1,79,61,63,-1,79,63,80,-1,80,63,65,-1,80,65,81,-1,81,65,67,-1,81,67,82,-1,82,67,40,-1,82,40,83,-1,83,40,43,-1,83,43,84,-1,84,43,45,-1,84,45,68,-1,72,73,85,-1,85,73,86,-1,72,85,87,-1,72,87,71,-1,71,87,88,-1,71,88,70,-1,70,88,89,-1,70,89,69,-1,69,89,90,-1,69,90,68,-1,68,90,91,-1,68,91,84,-1,84,91,92,-1,84,92,83,-1,83,92,93,-1,83,93,82,-1,82,93,94,-1,82,94,81,-1,81,94,95,-1,81,95,80,-1,80,95,96,-1,80,96,79,-1,79,96,97,-1,79,97,78,-1,78,97,98,-1,78,98,77,-1,77,98,99,-1,77,99,76,-1,76,99,100,-1,76,100,75,-1,74,75,101,-1,101,75,100,-1,73,74,86,-1,86,74,101,-1,102,103,104,-1,104,103,105,-1,103,106,105,-1,105,106,107,-1,106,108,107,-1,107,108,109,-1,108,110,109,-1,109,110,111,-1,110,112,111,-1,111,112,113,-1,112,114,113,-1,113,114,115,-1,114,116,115,-1,115,116,117,-1,116,118,117,-1,117,118,119,-1,118,120,119,-1,119,120,121,-1,120,122,121,-1,121,122,123,-1,122,124,123,-1,123,124,125,-1,124,102,125,-1,125,102,104,-1,106,103,102,-1,102,124,106,-1,106,124,122,-1,106,122,108,-1,112,110,114,-1,114,110,108,-1,114,108,116,-1,116,108,122,-1,116,122,118,-1,118,122,120,-1,126,127,128,-1,128,127,129,-1,129,127,130,-1,131,132,133,-1,131,133,134,-1,134,133,135,-1,134,135,130,-1,130,135,136,-1,130,136,129,-1,137,138,139,-1,137,139,140,-1,140,139,141,-1,140,141,142,-1,142,141,143,-1,142,143,144,-1,144,143,145,-1,144,145,146,-1,146,145,147,-1,146,147,148,-1,148,147,149,-1,148,149,150,-1,150,149,131,-1,131,149,151,-1,131,151,132,-1,152,153,154,-1,152,154,155,-1,155,154,156,-1,155,156,157,-1,157,156,158,-1,157,158,159,-1,159,158,160,-1,159,160,161,-1,161,160,162,-1,161,162,163,-1,163,162,164,-1,163,164,165,-1,165,164,138,-1,165,138,137,-1,166,167,168,-1,166,168,169,-1,169,168,153,-1,169,153,152,-1,166,170,167,-1,167,170,171,-1,172,173,174,-1,172,174,175,-1,175,174,171,-1,175,171,170,-1,176,177,178,-1,176,178,179,-1,179,178,180,-1,179,180,181,-1,181,180,182,-1,181,182,183,-1,183,182,184,-1,183,184,185,-1,185,184,186,-1,185,186,187,-1,187,186,188,-1,187,188,189,-1,189,188,173,-1,189,173,172,-1,190,191,192,-1,190,192,193,-1,193,192,194,-1,193,194,195,-1,195,194,196,-1,195,196,197,-1,197,196,198,-1,197,198,199,-1,199,198,200,-1,199,200,201,-1,201,200,202,-1,201,202,203,-1,203,202,177,-1,203,177,176,-1,126,128,204,-1,126,204,205,-1,205,204,206,-1,205,206,207,-1,207,206,191,-1,207,191,190,-1,193,131,190,-1,190,131,134,-1,190,134,207,-1,207,134,130,-1,207,130,205,-1,205,130,127,-1,205,127,126,-1,170,166,175,-1,175,166,169,-1,175,169,172,-1,172,169,152,-1,172,152,189,-1,189,152,155,-1,189,155,187,-1,187,155,157,-1,187,157,185,-1,185,157,159,-1,185,159,183,-1,183,159,161,-1,183,161,181,-1,181,161,163,-1,181,163,179,-1,179,163,165,-1,179,165,176,-1,176,165,137,-1,176,137,203,-1,203,137,140,-1,203,140,201,-1,201,140,142,-1,201,142,199,-1,199,142,144,-1,199,144,197,-1,197,144,146,-1,197,146,195,-1,195,146,148,-1,195,148,193,-1,193,148,150,-1,193,150,131,-1,208,209,210,-1,210,209,211,-1,209,212,211,-1,211,212,213,-1,212,214,213,-1,213,214,215,-1,214,216,215,-1,215,216,217,-1,216,218,217,-1,217,218,219,-1,218,208,219,-1,219,208,210,-1,216,214,218,-1,218,214,212,-1,218,212,208,-1,208,212,209,-1,
        ]
    }
}
Shape{
    appearance Appearance {
        material  Material 	{
            diffuseColor 0.9490196078431372 0.7607843137254902 0.1803921568627451
            specularColor 0.7607843137254902 0.6078431372549019 0.1450980392156863
            ambientIntensity 0.7509
            transparency 0.0
            shininess 0.5
        }
    }
    geometry IndexedFaceSet {
        ccw TRUE
        solid FALSE
        coord DEF co Coordinate {
            point [
                -5.3622 0.4963 -0.6525, -5.3622 0.4963 -0.6854, -5.3622 0.5374 -0.6672, -5.3622 0.5374 -0.6706, -5.3622 0.5408 -0.6681, -5.3622 0.5408 -0.6697, -5.3622 0.5443 -0.6688, -5.3622 0.5443 -0.6691, -5.3622 0.5455 -0.5522, -5.3622 0.4687 -0.5522, -5.3622 0.5455 -0.5667, -5.3622 0.4687 -0.5661, -5.3622 0.4697 -0.5765, -5.3622 0.5081 -0.605, -5.3622 0.5179 -0.6042, -5.3622 0.5256 -0.6019, -5.3622 0.5443 -0.5783, -5.3622 0.4723 -0.5848, -5.3622 0.4762 -0.5915, -5.3622 0.4817 -0.597, -5.3622 0.4885 -0.6012, -5.3622 0.4977 -0.6041, -5.3622 0.5317 -0.5984, -5.3622 0.5368 -0.5937, -5.3622 0.5414 -0.5865
            ]
        }
        coordIndex [
            0,1,2,-1,2,1,3,-1,2,3,4,-1,4,3,5,-1,4,5,6,-1,6,5,7,-1,8,9,10,-1,10,9,11,-1,10,11,12,-1,13,14,10,-1,10,14,15,-1,10,15,16,-1,12,17,10,-1,10,17,18,-1,10,18,19,-1,19,20,10,-1,10,20,21,-1,10,21,13,-1,22,23,15,-1,15,23,24,-1,15,24,16,-1,
        ]
    }
}
Shape{
    appearance Appearance {
        material  Material 	{
            diffuseColor 0.0 0.0 0.0
            specularColor 0.0 0.0 0.0
            ambientIntensity 0.0
            transparency 0.0
            shininess 0.5
        }
    }
    geometry IndexedFaceSet {
        ccw TRUE
        solid FALSE
        coord DEF co Coordinate {
            point [
                -5.3661 -0.4589 -0.6775, -5.3661 -0.5574 -0.716, -5.3622 -0.4589 -0.6775, -5.3622 -0.5574 -0.716, -5.3661 -0.5574 -0.7016, -5.3622 -0.5574 -0.7016, -5.3661 -0.5297 -0.6916, -5.3622 -0.5297 -0.6916, -5.3661 -0.5297 -0.6509, -5.3622 -0.5297 -0.6509, -5.3661 -0.5574 -0.6415, -5.3622 -0.5574 -0.6415, -5.3661 -0.5574 -0.6271, -5.3622 -0.5574 -0.6271, -5.3661 -0.4589 -0.6643, -5.3622 -0.4589 -0.6643, -5.3661 -0.5189 -0.6543, -5.3661 -0.4778 -0.6689, -5.3661 -0.4744 -0.6699, -5.3661 -0.4709 -0.6705, -5.3661 -0.4709 -0.6708, -5.3661 -0.4744 -0.6715, -5.3661 -0.4778 -0.6724, -5.3661 -0.5189 -0.6872, -5.3622 -0.5189 -0.6543, -5.3622 -0.5189 -0.6872, -5.3622 -0.4778 -0.6689, -5.3622 -0.4744 -0.6699, -5.3622 -0.4709 -0.6705, -5.3622 -0.4709 -0.6708, -5.3622 -0.4744 -0.6715, -5.3622 -0.4778 -0.6724, -5.3661 -0.5574 -0.5675, -5.3661 -0.5574 -0.5407, -5.3622 -0.5574 -0.5675, -5.3622 -0.5574 -0.5407, -5.3661 -0.4589 -0.5407, -5.3622 -0.4589 -0.5407, -5.3661 -0.4589 -0.5685, -5.3622 -0.4589 -0.5685, -5.3661 -0.5069 -0.6199, -5.3622 -0.5069 -0.6199, -5.3622 -0.4976 -0.6192, -5.3661 -0.4976 -0.6192, -5.3622 -0.4879 -0.6166, -5.3661 -0.4879 -0.6166, -5.3622 -0.4795 -0.612, -5.3661 -0.4795 -0.612, -5.3622 -0.4718 -0.605, -5.3661 -0.4718 -0.605, -5.3622 -0.4717 -0.6049, -5.3661 -0.4717 -0.6049, -5.3622 -0.4645 -0.5942, -5.3661 -0.4645 -0.5942, -5.3622 -0.4604 -0.5827, -5.3661 -0.4604 -0.5827, -5.3622 -0.5563 -0.5797, -5.3661 -0.5563 -0.5797, -5.3622 -0.5529 -0.591, -5.3661 -0.5529 -0.591, -5.3622 -0.5469 -0.6013, -5.3661 -0.5469 -0.6013, -5.3622 -0.5392 -0.6094, -5.3661 -0.5392 -0.6094, -5.3622 -0.5304 -0.615, -5.3661 -0.5304 -0.615, -5.3622 -0.5201 -0.6186, -5.3661 -0.5201 -0.6186, -5.3661 -0.4835 -0.6002, -5.3661 -0.4785 -0.5954, -5.3661 -0.4738 -0.5882, -5.3661 -0.471 -0.5801, -5.3661 -0.4697 -0.5684, -5.3661 -0.4697 -0.5539, -5.3661 -0.5465 -0.5539, -5.3661 -0.5465 -0.5679, -5.3661 -0.5456 -0.5783, -5.3661 -0.543 -0.5866, -5.3661 -0.539 -0.5933, -5.3661 -0.5336 -0.5988, -5.3661 -0.5268 -0.6029, -5.3661 -0.5175 -0.6058, -5.3661 -0.5072 -0.6067, -5.3661 -0.4974 -0.6059, -5.3661 -0.4896 -0.6036, -5.3622 -0.4697 -0.5684, -5.3622 -0.4697 -0.5539, -5.3622 -0.471 -0.5801, -5.3622 -0.4738 -0.5882, -5.3622 -0.4785 -0.5954, -5.3622 -0.4835 -0.6002, -5.3622 -0.4896 -0.6036, -5.3622 -0.4974 -0.6059, -5.3622 -0.5072 -0.6067, -5.3622 -0.5175 -0.6058, -5.3622 -0.5268 -0.6029, -5.3622 -0.5336 -0.5988, -5.3622 -0.539 -0.5933, -5.3622 -0.543 -0.5866, -5.3622 -0.5456 -0.5783, -5.3622 -0.5465 -0.5679, -5.3622 -0.5465 -0.5539, -5.3661 -0.5465 -0.5215, -5.3661 -0.5574 -0.5215, -5.3622 -0.5465 -0.5215, -5.3622 -0.5574 -0.5215, -5.3661 -0.5574 -0.4687, -5.3622 -0.5574 -0.4687, -5.3661 -0.4589 -0.4687, -5.3622 -0.4589 -0.4687, -5.3661 -0.4589 -0.5191, -5.3622 -0.4589 -0.5191, -5.3661 -0.4697 -0.5191, -5.3622 -0.4697 -0.5191, -5.3661 -0.4697 -0.4819, -5.3622 -0.4697 -0.4819, -5.3661 -0.5021 -0.4819, -5.3622 -0.5021 -0.4819, -5.3661 -0.5021 -0.5167, -5.3622 -0.5021 -0.5167, -5.3661 -0.5129 -0.5167, -5.3622 -0.5129 -0.5167, -5.3661 -0.5129 -0.4819, -5.3622 -0.5129 -0.4819, -5.3661 -0.5465 -0.4819, -5.3622 -0.5465 -0.4819, -5.3661 -0.5414 -0.4495, -5.3661 -0.5523 -0.4495, -5.3622 -0.5414 -0.4495, -5.3622 -0.5523 -0.4495, -5.3661 -0.5566 -0.439, -5.3661 -0.5586 -0.4224, -5.3622 -0.5586 -0.4224, -5.3622 -0.5585 -0.4251, -5.3661 -0.5585 -0.4251, -5.3622 -0.558 -0.4291, -5.3622 -0.5566 -0.439, -5.3661 -0.51 -0.3763, -5.3622 -0.51 -0.3763, -5.3622 -0.5214 -0.3772, -5.3661 -0.5214 -0.3772, -5.3622 -0.5318 -0.3802, -5.3661 -0.5318 -0.3802, -5.3622 -0.5412 -0.3854, -5.3661 -0.5412 -0.3854, -5.3622 -0.549 -0.3928, -5.3661 -0.549 -0.3928, -5.3622 -0.554 -0.4007, -5.3661 -0.554 -0.4007, -5.3622 -0.5573 -0.4103, -5.3661 -0.5573 -0.4103, -5.3622 -0.558 -0.4166, -5.3661 -0.4577 -0.4263, -5.3622 -0.4577 -0.4263, -5.3622 -0.4585 -0.4164, -5.3661 -0.4585 -0.4164, -5.3622 -0.4617 -0.4055, -5.3661 -0.4617 -0.4055, -5.3622 -0.4671 -0.3961, -5.3661 -0.4671 -0.3961, -5.3622 -0.4756 -0.3872, -5.3661 -0.4756 -0.3872, -5.3622 -0.4849 -0.3815, -5.3661 -0.4849 -0.3815, -5.3622 -0.496 -0.3777, -5.3661 -0.496 -0.3777, -5.3661 -0.4616 -0.4495, -5.3622 -0.4616 -0.4495, -5.3622 -0.4585 -0.4381, -5.3661 -0.4585 -0.4381, -5.3661 -0.4748 -0.4495, -5.3622 -0.4748 -0.4495, -5.3661 -0.4685 -0.4264, -5.3622 -0.4685 -0.4264, -5.3622 -0.4701 -0.4384, -5.3661 -0.4701 -0.4384, -5.3661 -0.5092 -0.3895, -5.3622 -0.5092 -0.3895, -5.3622 -0.5015 -0.3899, -5.3661 -0.5015 -0.3899, -5.3622 -0.491 -0.3926, -5.3661 -0.491 -0.3926, -5.3622 -0.4834 -0.3966, -5.3661 -0.4834 -0.3966, -5.3622 -0.4768 -0.4026, -5.3661 -0.4768 -0.4026, -5.3622 -0.4723 -0.4094, -5.3661 -0.4723 -0.4094, -5.3622 -0.4696 -0.4167, -5.3661 -0.4696 -0.4167, -5.3661 -0.5477 -0.4242, -5.3622 -0.5477 -0.4242, -5.3622 -0.5467 -0.415, -5.3661 -0.5467 -0.415, -5.3622 -0.5441 -0.4079, -5.3661 -0.5441 -0.4079, -5.3622 -0.54 -0.4018, -5.3661 -0.54 -0.4018, -5.3622 -0.5351 -0.3972, -5.3661 -0.5351 -0.3972, -5.3622 -0.5283 -0.3931, -5.3661 -0.5283 -0.3931, -5.3622 -0.5198 -0.3905, -5.3661 -0.5198 -0.3905, -5.3622 -0.5424 -0.4477, -5.3661 -0.5424 -0.4477, -5.3622 -0.5463 -0.4373, -5.3661 -0.5463 -0.4373, -5.3661 -0.5465 -0.3679, -5.3661 -0.5574 -0.3679, -5.3622 -0.5465 -0.3679, -5.3622 -0.5574 -0.3679, -5.3661 -0.5574 -0.3175, -5.3622 -0.5574 -0.3175, -5.3661 -0.4589 -0.3175, -5.3622 -0.4589 -0.3175, -5.3661 -0.4589 -0.3307, -5.3622 -0.4589 -0.3307, -5.3661 -0.5465 -0.3307, -5.3622 -0.5465 -0.3307
            ]
        }
        coordIndex [
            0,1,2,-1,2,1,3,-1,1,4,3,-1,3,4,5,-1,4,6,5,-1,5,6,7,-1,6,8,7,-1,7,8,9,-1,8,10,9,-1,9,10,11,-1,10,12,11,-1,11,12,13,-1,12,14,13,-1,13,14,15,-1,14,0,15,-1,15,0,2,-1,16,17,14,-1,12,10,8,-1,17,18,14,-1,14,18,19,-1,14,19,0,-1,0,19,20,-1,0,20,21,-1,21,22,0,-1,0,22,23,-1,0,23,1,-1,4,1,6,-1,6,1,23,-1,6,23,8,-1,8,23,16,-1,8,16,12,-1,12,16,14,-1,16,23,24,-1,24,23,25,-1,17,16,26,-1,26,16,24,-1,17,26,27,-1,17,27,18,-1,18,27,28,-1,18,28,19,-1,20,19,29,-1,29,19,28,-1,20,29,30,-1,20,30,21,-1,21,30,31,-1,21,31,22,-1,23,22,25,-1,25,22,31,-1,32,33,34,-1,34,33,35,-1,33,36,35,-1,35,36,37,-1,36,38,37,-1,37,38,39,-1,40,41,42,-1,40,42,43,-1,43,42,44,-1,43,44,45,-1,45,44,46,-1,45,46,47,-1,47,46,48,-1,47,48,49,-1,49,48,50,-1,49,50,51,-1,51,50,52,-1,51,52,53,-1,53,52,54,-1,53,54,55,-1,55,54,39,-1,55,39,38,-1,32,34,56,-1,32,56,57,-1,57,56,58,-1,57,58,59,-1,59,58,60,-1,59,60,61,-1,61,60,62,-1,61,62,63,-1,63,62,64,-1,63,64,65,-1,65,64,66,-1,65,66,67,-1,67,66,41,-1,67,41,40,-1,45,47,68,-1,68,47,49,-1,68,49,69,-1,69,49,51,-1,69,51,70,-1,70,51,53,-1,70,53,71,-1,71,53,55,-1,71,55,72,-1,72,55,38,-1,72,38,73,-1,73,38,36,-1,73,36,74,-1,74,36,33,-1,74,33,75,-1,75,33,32,-1,75,32,76,-1,76,32,57,-1,76,57,77,-1,77,57,59,-1,77,59,78,-1,78,59,61,-1,78,61,79,-1,79,61,63,-1,79,63,80,-1,80,63,65,-1,80,65,81,-1,81,65,67,-1,81,67,82,-1,82,67,40,-1,82,40,83,-1,83,40,43,-1,83,43,84,-1,84,43,45,-1,84,45,68,-1,72,73,85,-1,85,73,86,-1,72,85,87,-1,72,87,71,-1,71,87,88,-1,71,88,70,-1,70,88,89,-1,70,89,69,-1,69,89,90,-1,69,90,68,-1,68,90,91,-1,68,91,84,-1,84,91,92,-1,84,92,83,-1,83,92,93,-1,83,93,82,-1,82,93,94,-1,82,94,81,-1,81,94,95,-1,81,95,80,-1,80,95,96,-1,80,96,79,-1,79,96,97,-1,79,97,78,-1,78,97,98,-1,78,98,77,-1,77,98,99,-1,77,99,76,-1,76,99,100,-1,76,100,75,-1,74,75,101,-1,101,75,100,-1,73,74,86,-1,86,74,101,-1,102,103,104,-1,104,103,105,-1,103,106,105,-1,105,106,107,-1,106,108,107,-1,107,108,109,-1,108,110,109,-1,109,110,111,-1,110,112,111,-1,111,112,113,-1,112,114,113,-1,113,114,115,-1,114,116,115,-1,115,116,117,-1,116,118,117,-1,117,118,119,-1,118,120,119,-1,119,120,121,-1,120,122,121,-1,121,122,123,-1,122,124,123,-1,123,124,125,-1,124,102,125,-1,125,102,104,-1,106,103,102,-1,102,124,106,-1,106,124,122,-1,106,122,108,-1,112,110,114,-1,114,110,108,-1,114,108,116,-1,116,108,122,-1,116,122,118,-1,118,122,120,-1,126,127,128,-1,128,127,129,-1,129,127,130,-1,131,132,133,-1,131,133,134,-1,134,133,135,-1,134,135,130,-1,130,135,136,-1,130,136,129,-1,137,138,139,-1,137,139,140,-1,140,139,141,-1,140,141,142,-1,142,141,143,-1,142,143,144,-1,144,143,145,-1,144,145,146,-1,146,145,147,-1,146,147,148,-1,148,147,149,-1,148,149,150,-1,150,149,131,-1,131,149,151,-1,131,151,132,-1,152,153,154,-1,152,154,155,-1,155,154,156,-1,155,156,157,-1,157,156,158,-1,157,158,159,-1,159,158,160,-1,159,160,161,-1,161,160,162,-1,161,162,163,-1,163,162,164,-1,163,164,165,-1,165,164,138,-1,165,138,137,-1,166,167,168,-1,166,168,169,-1,169,168,153,-1,169,153,152,-1,166,170,167,-1,167,170,171,-1,172,173,174,-1,172,174,175,-1,175,174,171,-1,175,171,170,-1,176,177,178,-1,176,178,179,-1,179,178,180,-1,179,180,181,-1,181,180,182,-1,181,182,183,-1,183,182,184,-1,183,184,185,-1,185,184,186,-1,185,186,187,-1,187,186,188,-1,187,188,189,-1,189,188,173,-1,189,173,172,-1,190,191,192,-1,190,192,193,-1,193,192,194,-1,193,194,195,-1,195,194,196,-1,195,196,197,-1,197,196,198,-1,197,198,199,-1,199,198,200,-1,199,200,201,-1,201,200,202,-1,201,202,203,-1,203,202,177,-1,203,177,176,-1,126,128,204,-1,126,204,205,-1,205,204,206,-1,205,206,207,-1,207,206,191,-1,207,191,190,-1,193,131,190,-1,190,131,134,-1,190,134,207,-1,207,134,130,-1,207,130,205,-1,205,130,127,-1,205,127,126,-1,170,166,175,-1,175,166,169,-1,175,169,172,-1,172,169,152,-1,172,152,189,-1,189,152,155,-1,189,155,187,-1,187,155,157,-1,187,157,185,-1,185,157,159,-1,185,159,183,-1,183,159,161,-1,183,161,181,-1,181,161,163,-1,181,163,179,-1,179,163,165,-1,179,165,176,-1,176,165,137,-1,176,137,203,-1,203,137,140,-1,203,140,201,-1,201,140,142,-1,201,142,199,-1,199,142,144,-1,199,144,197,-1,197,144,146,-1,197,146,195,-1,195,146,148,-1,195,148,193,-1,193,148,150,-1,193,150,131,-1,208,209,210,-1,210,209,211,-1,209,212,211,-1,211,212,213,-1,212,214,213,-1,213,214,215,-1,214,216,215,-1,215,216,217,-1,216,218,217,-1,217,218,219,-1,218,208,219,-1,219,208,210,-1,216,214,218,-1,218,214,212,-1,218,212,208,-1,208,212,209,-1,
        ]
    }
}
Shape{
    appearance Appearance {
        material  Material 	{
            diffuseColor 0.9490196078431372 0.7607843137254902 0.1803921568627451
            specularColor 0.7607843137254902 0.6078431372549019 0.1450980392156863
            ambientIntensity 0.7509
            transparency 0.0
            shininess 0.5
        }
    }
    geometry IndexedFaceSet {
        ccw TRUE
        solid FALSE
        coord DEF co Coordinate {
            point [
                -5.3622 -0.5189 -0.6543, -5.3622 -0.5189 -0.6872, -5.3622 -0.4778 -0.6689, -5.3622 -0.4778 -0.6724, -5.3622 -0.4744 -0.6699, -5.3622 -0.4744 -0.6715, -5.3622 -0.4709 -0.6705, -5.3622 -0.4709 -0.6708, -5.3622 -0.4697 -0.5539, -5.3622 -0.5465 -0.5539, -5.3622 -0.4697 -0.5684, -5.3622 -0.5465 -0.5679, -5.3622 -0.5456 -0.5783, -5.3622 -0.5072 -0.6067, -5.3622 -0.4974 -0.6059, -5.3622 -0.4896 -0.6036, -5.3622 -0.471 -0.5801, -5.3622 -0.543 -0.5866, -5.3622 -0.539 -0.5933, -5.3622 -0.5336 -0.5988, -5.3622 -0.5268 -0.6029, -5.3622 -0.5175 -0.6058, -5.3622 -0.4835 -0.6002, -5.3622 -0.4785 -0.5954, -5.3622 -0.4738 -0.5882, -4.3622 -0.4685 -0.4264, -4.3622 -0.4696 -0.4167, -4.3622 -0.5424 -0.4477, -4.3622 -0.4697 -0.5191, -4.3622 -0.4697 -0.4819, -4.3622 -0.5021 -0.4819, -4.3622 -0.5021 -0.5167, -4.3622 -0.5129 -0.5167, -4.3622 -0.558 -0.5311, -4.3622 -0.549 -0.3928, -4.3622 -0.5412 -0.3854, -4.3622 -0.5574 -0.3679, -4.3622 -0.558 -0.4166, -4.3622 -0.5574 -0.3175, -4.3622 -0.4701 -0.4384, -4.3622 -0.5414 -0.4495, -4.3622 -0.4748 -0.4495, -4.3622 -0.4589 -0.5191, -4.3622 -0.3622 -0.5311, -4.3622 -0.4589 -0.4687, -4.3622 -0.3622 0.1969, -4.3622 -0.4589 -0.3175, -4.3622 -0.4589 -0.3307, -4.3622 -0.4849 -0.3815, -4.3622 -0.4756 -0.3872, -4.3622 -0.4671 -0.3961, -4.3622 -0.4617 -0.4055, -4.3622 -0.5465 -0.3679, -4.3622 -0.5318 -0.3802, -4.3622 -0.5465 -0.3307, -4.3622 -0.4585 -0.4164, -4.3622 -0.4577 -0.4263, -4.3622 -0.4585 -0.4381, -4.3622 -0.4616 -0.4495, -4.3622 -0.5574 -0.4687, -4.3622 -0.5523 -0.4495, -4.3622 -0.5573 -0.4103, -4.3622 -0.554 -0.4007, -4.3622 -0.4723 -0.4094, -4.3622 -0.4768 -0.4026, -4.3622 -0.4834 -0.3966, -4.3622 -0.5092 -0.3895, -4.3622 -0.5198 -0.3905, -4.3622 -0.5283 -0.3931, -4.3622 -0.5467 -0.415, -4.3622 -0.5477 -0.4242, -4.3622 -0.5441 -0.4079, -4.3622 -0.54 -0.4018, -4.3622 -0.5351 -0.3972, -4.3622 -0.5463 -0.4373, -4.3622 -0.5214 -0.3772, -4.3622 -0.51 -0.3763, -4.3622 -0.496 -0.3777, -4.3622 -0.491 -0.3926, -4.3622 -0.5015 -0.3899, -4.3622 -0.5129 -0.4819, -4.3622 -0.5465 -0.4819, -4.3622 -0.5465 -0.5215, -4.3622 -0.5574 -0.5215, -4.3622 -0.558 -0.4291, -4.3622 -0.5585 -0.4251, -4.3622 -0.6378 -0.5311, -4.3622 -0.5586 -0.4224, -4.3622 -0.558 0.1969, -4.3622 -0.6378 0.1969, -4.3622 -0.4589 -0.6643, -4.3622 -0.4589 -0.6775, -4.3622 -0.5574 -0.7016, -4.3622 -0.5574 -0.716, -4.3622 -0.558 -1.0236, -4.3622 -0.3622 -1.0236, -4.3622 -0.5574 -0.5675, -4.3622 -0.5574 -0.5407, -4.3622 -0.4589 -0.5407, -4.3622 -0.4589 -0.5685, -4.3622 -0.4718 -0.605, -4.3622 -0.4795 -0.612, -4.3622 -0.4879 -0.6166, -4.3622 -0.5574 -0.6271, -4.3622 -0.5304 -0.615, -4.3622 -0.5392 -0.6094, -4.3622 -0.4604 -0.5827, -4.3622 -0.4645 -0.5942, -4.3622 -0.4717 -0.6049, -4.3622 -0.5469 -0.6013, -4.3622 -0.5529 -0.591, -4.3622 -0.5563 -0.5797, -4.3622 -0.5574 -0.6415, -4.3622 -0.5297 -0.6509, -4.3622 -0.5297 -0.6916, -4.3622 -0.4976 -0.6192, -4.3622 -0.5069 -0.6199, -4.3622 -0.5201 -0.6186, -4.3622 -0.5566 -0.439, -4.3622 -0.6378 -1.0236, -4.3622 0.5467 -0.4247, -4.3622 0.5456 -0.415, -4.3622 0.4728 -0.446, -4.3622 0.5563 -0.5174, -4.3622 0.6378 -0.5294, -4.3622 0.5563 -0.467, -4.3622 0.6378 0.1969, -4.3622 0.4663 -0.3911, -4.3622 0.4741 -0.3837, -4.3622 0.4579 -0.3661, -4.3622 0.4573 -0.4149, -4.3622 0.4579 -0.3157, -4.3622 0.5452 -0.4367, -4.3622 0.4738 -0.4477, -4.3622 0.5404 -0.4477, -4.3622 0.5023 -0.515, -4.3622 0.4573 -0.5294, -4.3622 0.5131 -0.515, -4.3622 0.5455 -0.5174, -4.3622 0.5131 -0.4802, -4.3622 0.5455 -0.4802, -4.3622 0.5563 -0.3157, -4.3622 0.5563 -0.3289, -4.3622 0.5304 -0.3797, -4.3622 0.5396 -0.3855, -4.3622 0.5481 -0.3944, -4.3622 0.5535 -0.4037, -4.3622 0.4687 -0.3661, -4.3622 0.4834 -0.3784, -4.3622 0.4687 -0.3289, -4.3622 0.5567 -0.4147, -4.3622 0.5575 -0.4246, -4.3622 0.5567 -0.4364, -4.3622 0.5536 -0.4477, -4.3622 0.4579 -0.467, -4.3622 0.463 -0.4477, -4.3622 0.458 -0.4085, -4.3622 0.4612 -0.399, -4.3622 0.543 -0.4076, -4.3622 0.5384 -0.4008, -4.3622 0.5319 -0.3949, -4.3622 0.5061 -0.3877, -4.3622 0.4954 -0.3887, -4.3622 0.4869 -0.3914, -4.3622 0.4685 -0.4133, -4.3622 0.4675 -0.4225, -4.3622 0.4712 -0.4061, -4.3622 0.4752 -0.4001, -4.3622 0.4801 -0.3955, -4.3622 0.4689 -0.4356, -4.3622 0.4939 -0.3755, -4.3622 0.5053 -0.3745, -4.3622 0.5192 -0.3759, -4.3622 0.5243 -0.3908, -4.3622 0.5137 -0.3882, -4.3622 0.5023 -0.4802, -4.3622 0.4687 -0.4802, -4.3622 0.4687 -0.5198, -4.3622 0.4579 -0.5198, -4.3622 0.4573 -0.4273, -4.3622 0.4567 -0.4234, -4.3622 0.3622 -0.5294, -4.3622 0.4567 -0.4207, -4.3622 0.4573 0.1969, -4.3622 0.3622 0.1969, -4.3622 0.5563 -0.6626, -4.3622 0.5563 -0.6758, -4.3622 0.4579 -0.5657, -4.3622 0.4579 -0.539, -4.3622 0.5563 -0.539, -4.3622 0.4579 -0.6998, -4.3622 0.4579 -0.7142, -4.3622 0.4573 -1.0236, -4.3622 0.6378 -1.0236, -4.3622 0.5563 -0.5667, -4.3622 0.5548 -0.581, -4.3622 0.5508 -0.5925, -4.3622 0.5436 -0.6032, -4.3622 0.4579 -0.6254, -4.3622 0.4849 -0.6133, -4.3622 0.4761 -0.6076, -4.3622 0.5435 -0.6033, -4.3622 0.5358 -0.6103, -4.3622 0.5273 -0.6148, -4.3622 0.4683 -0.5995, -4.3622 0.4623 -0.5893, -4.3622 0.459 -0.5779, -4.3622 0.4579 -0.6398, -4.3622 0.4855 -0.6492, -4.3622 0.4855 -0.6899, -4.3622 0.5176 -0.6175, -4.3622 0.5083 -0.6182, -4.3622 0.4952 -0.6168, -4.3622 0.4587 -0.4373, -4.3622 0.3622 -1.0236
            ]
        }
        coordIndex [
            0,1,2,-1,2,1,3,-1,2,3,4,-1,4,3,5,-1,4,5,6,-1,6,5,7,-1,8,9,10,-1,10,9,11,-1,10,11,12,-1,13,14,10,-1,10,14,15,-1,10,15,16,-1,12,17,10,-1,10,17,18,-1,10,18,19,-1,19,20,10,-1,10,20,21,-1,10,21,13,-1,22,23,15,-1,15,23,24,-1,15,24,16,-1,25,26,27,-1,28,29,30,-1,31,32,33,-1,34,35,36,-1,37,36,38,-1,25,27,39,-1,39,27,40,-1,39,40,41,-1,30,31,28,-1,28,31,33,-1,28,33,42,-1,42,33,43,-1,42,43,44,-1,44,43,45,-1,45,46,47,-1,48,49,47,-1,47,49,50,-1,47,50,51,-1,36,35,52,-1,52,35,53,-1,52,53,54,-1,51,55,47,-1,47,55,56,-1,47,56,45,-1,45,56,57,-1,45,57,44,-1,57,58,44,-1,44,58,41,-1,44,41,59,-1,59,41,40,-1,59,40,60,-1,37,61,36,-1,36,61,62,-1,36,62,34,-1,26,63,27,-1,27,63,64,-1,27,64,65,-1,66,67,27,-1,27,67,68,-1,69,70,71,-1,71,70,72,-1,68,73,27,-1,27,73,72,-1,27,72,74,-1,74,72,70,-1,53,75,54,-1,54,75,76,-1,54,76,47,-1,47,76,77,-1,47,77,48,-1,65,78,27,-1,27,78,79,-1,27,79,66,-1,80,81,32,-1,32,81,82,-1,32,82,33,-1,33,82,83,-1,33,83,59,-1,84,85,86,-1,86,85,87,-1,86,87,37,-1,46,45,38,-1,38,45,88,-1,38,88,37,-1,37,88,89,-1,37,89,86,-1,43,90,91,-1,92,33,93,-1,93,33,94,-1,93,94,91,-1,91,94,95,-1,91,95,43,-1,96,97,33,-1,33,97,98,-1,33,98,43,-1,43,98,99,-1,100,101,90,-1,90,101,102,-1,103,104,105,-1,99,106,43,-1,43,106,107,-1,43,107,90,-1,90,107,108,-1,90,108,100,-1,105,109,103,-1,103,109,110,-1,103,110,111,-1,111,96,103,-1,103,96,33,-1,103,33,112,-1,112,33,92,-1,112,92,113,-1,113,92,114,-1,102,115,90,-1,90,115,116,-1,90,116,103,-1,103,116,117,-1,103,117,104,-1,60,118,59,-1,59,118,84,-1,59,84,33,-1,33,84,86,-1,33,86,94,-1,94,86,119,-1,120,121,122,-1,123,124,125,-1,125,124,126,-1,127,128,129,-1,130,129,131,-1,120,122,132,-1,132,122,133,-1,132,133,134,-1,135,136,137,-1,137,136,138,-1,137,138,139,-1,139,138,140,-1,126,141,142,-1,143,144,142,-1,142,144,145,-1,142,145,146,-1,129,128,147,-1,147,128,148,-1,147,148,149,-1,146,150,142,-1,142,150,151,-1,142,151,126,-1,126,151,152,-1,126,152,125,-1,152,153,125,-1,125,153,134,-1,125,134,154,-1,154,134,133,-1,154,133,155,-1,130,156,129,-1,129,156,157,-1,129,157,127,-1,121,158,122,-1,122,158,159,-1,122,159,160,-1,161,162,122,-1,122,162,163,-1,164,165,166,-1,166,165,167,-1,163,168,122,-1,122,168,167,-1,122,167,169,-1,169,167,165,-1,148,170,149,-1,149,170,171,-1,149,171,142,-1,142,171,172,-1,142,172,143,-1,160,173,122,-1,122,173,174,-1,122,174,161,-1,175,176,135,-1,135,176,177,-1,135,177,136,-1,136,177,178,-1,136,178,154,-1,179,180,181,-1,181,180,182,-1,181,182,130,-1,141,126,131,-1,131,126,183,-1,131,183,130,-1,130,183,184,-1,130,184,181,-1,124,185,186,-1,187,188,136,-1,123,138,124,-1,124,138,136,-1,124,136,189,-1,189,136,188,-1,190,136,191,-1,191,136,192,-1,191,192,186,-1,186,192,193,-1,186,193,124,-1,189,194,124,-1,124,194,195,-1,124,195,185,-1,185,195,196,-1,185,196,197,-1,198,199,200,-1,197,201,185,-1,185,201,202,-1,185,202,203,-1,200,204,198,-1,198,204,205,-1,198,205,206,-1,206,187,198,-1,198,187,136,-1,198,136,207,-1,207,136,190,-1,207,190,208,-1,208,190,209,-1,203,210,185,-1,185,210,211,-1,185,211,198,-1,198,211,212,-1,198,212,199,-1,155,213,154,-1,154,213,179,-1,154,179,136,-1,136,179,181,-1,136,181,192,-1,192,181,214,-1,
        ]
    }
}
Shape{
    appearance Appearance {
        material  Material 	{
            diffuseColor 0.17647058823529413 0.17647058823529413 0.17647058823529413
            specularColor 0.050980392156862744 0.050980392156862744 0.050980392156862744
            ambientIntensity 0.251
            transparency 0.0
            shininess 0.5
        }
    }
    geometry IndexedFaceSet {
        ccw TRUE
        solid FALSE
        coord DEF co Coordinate {
            point [
                -4.3622 -0.6378 0.1969, -4.0 -0.8031 0.1969, -4.6378 -0.6378 0.1969, -5.0 -0.8031 0.1969, -4.6378 -0.3622 0.1969, -4.3622 -0.558 0.1969, -4.3622 -0.3622 0.1969, -4.0 0.8031 0.1969, -4.3622 0.6378 0.1969, -5.0 0.8031 0.1969, -4.6378 0.6378 0.1969, -4.6378 0.3622 0.1969, -4.3622 0.3622 0.1969, -4.3622 0.4573 0.1969, -4.8819 -1.0 0.0079, -4.8819 -1.0 0.9843, -5.0 -0.8819 0.0079, -5.0 -0.8819 0.9843, -4.1181 -1.0 0.0079, -4.1181 -1.0 0.9843, -4.0 -0.8819 0.0079, -4.0 -0.8819 0.9843, -4.0 -0.8031 0.0079, -4.0 0.8031 0.0079, -4.0 0.8819 0.0079, -4.0 0.8819 0.9843, -4.1181 1.0 0.0079, -4.1181 1.0 0.9843, -4.8819 1.0 0.0079, -4.8819 1.0 0.9843, -5.0 0.8819 0.0079, -5.0 0.8819 0.9843, -5.0 0.8031 0.0079, -5.0 -0.8031 0.0079, -4.6378 -0.3622 0.9843, -4.3622 0.3622 0.9843, -4.6378 0.3622 0.9843, -4.3622 -0.3622 0.9843, -4.3622 -0.6378 0.9843, -4.6378 -0.6378 0.9843, -4.3622 0.6378 0.9843, -4.6378 0.6378 0.9843
            ]
        }
        coordIndex [
            0,1,2,-1,2,1,3,-1,2,3,4,-1,0,5,1,-1,1,5,6,-1,1,6,7,-1,7,8,9,-1,9,8,10,-1,9,10,11,-1,3,9,4,-1,4,9,11,-1,4,11,6,-1,6,11,12,-1,6,12,7,-1,7,12,13,-1,7,13,8,-1,14,15,16,-1,16,15,17,-1,18,19,14,-1,14,19,15,-1,20,21,18,-1,18,21,19,-1,20,22,1,-1,23,24,7,-1,7,24,25,-1,7,25,1,-1,1,25,21,-1,1,21,20,-1,26,27,24,-1,24,27,25,-1,28,29,26,-1,26,29,27,-1,30,31,28,-1,28,31,29,-1,30,32,9,-1,33,16,3,-1,3,16,17,-1,3,17,9,-1,9,17,31,-1,9,31,30,-1,15,19,21,-1,34,35,36,-1,27,29,31,-1,25,37,21,-1,21,37,38,-1,21,38,15,-1,15,38,39,-1,15,39,17,-1,34,37,35,-1,35,37,25,-1,35,25,40,-1,40,25,27,-1,40,27,41,-1,41,27,31,-1,41,31,36,-1,36,31,17,-1,36,17,34,-1,34,17,39,-1,1,22,3,-1,3,22,33,-1,33,22,20,-1,18,14,20,-1,20,14,16,-1,20,16,33,-1,32,23,9,-1,9,23,7,-1,26,24,28,-1,28,24,23,-1,28,23,30,-1,30,23,32,-1,
        ]
    }
}
Shape{
    appearance Appearance {
        material  Material 	{
            diffuseColor 0.9490196078431372 0.7607843137254902 0.1803921568627451
            specularColor 0.7607843137254902 0.6078431372549019 0.1450980392156863
            ambientIntensity 0.7509
            transparency 0.0
            shininess 0.5
        }
    }
    geometry IndexedFaceSet {
        ccw TRUE
        solid FALSE
        coord DEF co Coordinate {
            point [
                -4.4016 0.4016 3.3465, -4.4016 0.5984 3.3465, -4.5984 0.4016 3.3465, -4.5984 0.5984 3.3465, -4.3622 0.6378 3.189, -4.3622 0.6378 0.9843, -4.6378 0.6378 3.189, -4.6378 0.6378 0.9843, -4.6378 0.3622 3.189, -4.6378 0.3622 0.9843, -4.3622 0.3622 3.189, -4.3622 0.3622 0.9843, -4.3622 0.3622 0.1969, -4.6378 0.3622 0.1969, -4.3622 0.3622 -0.5294, -4.6378 0.3622 -1.0236, -4.3622 0.3622 -1.0236, -4.6378 0.6378 -1.0236, -4.6378 0.6378 0.1969, -4.3622 0.6378 0.1969, -4.3622 0.6378 -0.5294, -4.3622 0.6378 -1.0236, -4.4016 0.5984 -1.1811, -4.4016 0.4016 -1.1811, -4.5984 0.5984 -1.1811, -4.5984 0.4016 -1.1811, -4.4016 -0.5984 3.3465, -4.4016 -0.4016 3.3465, -4.5984 -0.5984 3.3465, -4.5984 -0.4016 3.3465, -4.3622 -0.3622 3.189, -4.3622 -0.3622 0.9843, -4.6378 -0.3622 3.189, -4.6378 -0.3622 0.9843, -4.6378 -0.6378 3.189, -4.6378 -0.6378 0.9843, -4.3622 -0.6378 3.189, -4.3622 -0.6378 0.9843, -4.3622 -0.6378 0.1969, -4.6378 -0.6378 0.1969, -4.3622 -0.6378 -0.5311, -4.6378 -0.6378 -1.0236, -4.3622 -0.6378 -1.0236, -4.6378 -0.3622 -1.0236, -4.6378 -0.3622 0.1969, -4.3622 -0.3622 0.1969, -4.3622 -0.3622 -0.5311, -4.3622 -0.3622 -1.0236, -4.4016 -0.4016 -1.1811, -4.4016 -0.5984 -1.1811, -4.5984 -0.4016 -1.1811, -4.5984 -0.5984 -1.1811, -4.3622 -0.558 -1.0236, -4.3622 0.4573 -1.0236
            ]
        }
        coordIndex [
            0,1,2,-1,2,1,3,-1,4,5,6,-1,6,5,7,-1,6,7,8,-1,8,7,9,-1,8,9,10,-1,10,9,11,-1,10,11,4,-1,4,11,5,-1,12,13,14,-1,14,13,15,-1,14,15,16,-1,15,13,17,-1,17,13,18,-1,18,19,17,-1,17,19,20,-1,17,20,21,-1,22,23,24,-1,24,23,25,-1,26,27,28,-1,28,27,29,-1,30,31,32,-1,32,31,33,-1,32,33,34,-1,34,33,35,-1,34,35,36,-1,36,35,37,-1,36,37,30,-1,30,37,31,-1,38,39,40,-1,40,39,41,-1,40,41,42,-1,41,39,43,-1,43,39,44,-1,44,45,43,-1,43,45,46,-1,43,46,47,-1,48,49,50,-1,50,49,51,-1,32,29,30,-1,30,29,27,-1,34,28,32,-1,32,28,29,-1,26,36,27,-1,27,36,30,-1,36,26,34,-1,34,26,28,-1,6,3,4,-1,4,3,1,-1,8,2,6,-1,6,2,3,-1,0,10,1,-1,1,10,4,-1,10,0,8,-1,8,0,2,-1,49,42,51,-1,51,42,41,-1,42,49,52,-1,52,49,48,-1,52,48,47,-1,43,50,41,-1,41,50,51,-1,50,43,48,-1,48,43,47,-1,23,16,25,-1,25,16,15,-1,16,23,53,-1,53,23,22,-1,53,22,21,-1,17,24,15,-1,15,24,25,-1,24,17,22,-1,22,17,21,-1,
        ]
    }
}
Shape{
    appearance Appearance {
        material  Material 	{
            diffuseColor 0.0 0.0 0.0
            specularColor 0.0 0.0 0.0
            ambientIntensity 0.0
            transparency 0.0
            shininess 0.5
        }
    }
    geometry IndexedFaceSet {
        ccw TRUE
        solid FALSE
        coord DEF co Coordinate {
            point [
                -4.3661 0.5563 -0.6758, -4.3661 0.4579 -0.7142, -4.3622 0.5563 -0.6758, -4.3622 0.4579 -0.7142, -4.3661 0.4579 -0.6998, -4.3622 0.4579 -0.6998, -4.3661 0.4855 -0.6899, -4.3622 0.4855 -0.6899, -4.3661 0.4855 -0.6492, -4.3622 0.4855 -0.6492, -4.3661 0.4579 -0.6398, -4.3622 0.4579 -0.6398, -4.3661 0.4579 -0.6254, -4.3622 0.4579 -0.6254, -4.3661 0.5563 -0.6626, -4.3622 0.5563 -0.6626, -4.3661 0.4963 -0.6525, -4.3661 0.4963 -0.6854, -4.3661 0.5374 -0.6672, -4.3661 0.5408 -0.6681, -4.3661 0.5443 -0.6688, -4.3661 0.5443 -0.6691, -4.3661 0.5408 -0.6697, -4.3661 0.5374 -0.6706, -4.3622 0.4963 -0.6525, -4.3622 0.4963 -0.6854, -4.3622 0.5374 -0.6672, -4.3622 0.5408 -0.6681, -4.3622 0.5443 -0.6688, -4.3622 0.5443 -0.6691, -4.3622 0.5408 -0.6697, -4.3622 0.5374 -0.6706, -4.3661 0.4579 -0.5657, -4.3661 0.4579 -0.539, -4.3622 0.4579 -0.5657, -4.3622 0.4579 -0.539, -4.3661 0.5563 -0.539, -4.3622 0.5563 -0.539, -4.3661 0.5563 -0.5667, -4.3622 0.5563 -0.5667, -4.3661 0.5083 -0.6182, -4.3622 0.5083 -0.6182, -4.3622 0.5176 -0.6175, -4.3661 0.5176 -0.6175, -4.3622 0.5273 -0.6148, -4.3661 0.5273 -0.6148, -4.3622 0.5358 -0.6103, -4.3661 0.5358 -0.6103, -4.3622 0.5435 -0.6033, -4.3661 0.5435 -0.6033, -4.3622 0.5436 -0.6032, -4.3661 0.5436 -0.6032, -4.3622 0.5508 -0.5925, -4.3661 0.5508 -0.5925, -4.3622 0.5548 -0.581, -4.3661 0.5548 -0.581, -4.3622 0.459 -0.5779, -4.3661 0.459 -0.5779, -4.3622 0.4623 -0.5893, -4.3661 0.4623 -0.5893, -4.3622 0.4683 -0.5995, -4.3661 0.4683 -0.5995, -4.3622 0.4761 -0.6076, -4.3661 0.4761 -0.6076, -4.3622 0.4849 -0.6133, -4.3661 0.4849 -0.6133, -4.3622 0.4952 -0.6168, -4.3661 0.4952 -0.6168, -4.3661 0.5317 -0.5984, -4.3661 0.5368 -0.5937, -4.3661 0.5414 -0.5865, -4.3661 0.5443 -0.5783, -4.3661 0.5455 -0.5667, -4.3661 0.5455 -0.5522, -4.3661 0.4687 -0.5522, -4.3661 0.4687 -0.5661, -4.3661 0.4697 -0.5765, -4.3661 0.4723 -0.5848, -4.3661 0.4762 -0.5915, -4.3661 0.4817 -0.597, -4.3661 0.4885 -0.6012, -4.3661 0.4977 -0.6041, -4.3661 0.5081 -0.605, -4.3661 0.5179 -0.6042, -4.3661 0.5256 -0.6019, -4.3622 0.5455 -0.5667, -4.3622 0.5455 -0.5522, -4.3622 0.5443 -0.5783, -4.3622 0.5414 -0.5865, -4.3622 0.5368 -0.5937, -4.3622 0.5317 -0.5984, -4.3622 0.5256 -0.6019, -4.3622 0.5179 -0.6042, -4.3622 0.5081 -0.605, -4.3622 0.4977 -0.6041, -4.3622 0.4885 -0.6012, -4.3622 0.4817 -0.597, -4.3622 0.4762 -0.5915, -4.3622 0.4723 -0.5848, -4.3622 0.4697 -0.5765, -4.3622 0.4687 -0.5661, -4.3622 0.4687 -0.5522, -4.3661 0.4687 -0.5198, -4.3661 0.4579 -0.5198, -4.3622 0.4687 -0.5198, -4.3622 0.4579 -0.5198, -4.3661 0.4579 -0.467, -4.3622 0.4579 -0.467, -4.3661 0.5563 -0.467, -4.3622 0.5563 -0.467, -4.3661 0.5563 -0.5174, -4.3622 0.5563 -0.5174, -4.3661 0.5455 -0.5174, -4.3622 0.5455 -0.5174, -4.3661 0.5455 -0.4802, -4.3622 0.5455 -0.4802, -4.3661 0.5131 -0.4802, -4.3622 0.5131 -0.4802, -4.3661 0.5131 -0.515, -4.3622 0.5131 -0.515, -4.3661 0.5023 -0.515, -4.3622 0.5023 -0.515, -4.3661 0.5023 -0.4802, -4.3622 0.5023 -0.4802, -4.3661 0.4687 -0.4802, -4.3622 0.4687 -0.4802, -4.3661 0.4738 -0.4477, -4.3661 0.463 -0.4477, -4.3622 0.4738 -0.4477, -4.3622 0.463 -0.4477, -4.3661 0.4587 -0.4373, -4.3661 0.4567 -0.4207, -4.3622 0.4567 -0.4207, -4.3622 0.4567 -0.4234, -4.3661 0.4567 -0.4234, -4.3622 0.4573 -0.4273, -4.3622 0.4587 -0.4373, -4.3661 0.5053 -0.3745, -4.3622 0.5053 -0.3745, -4.3622 0.4939 -0.3755, -4.3661 0.4939 -0.3755, -4.3622 0.4834 -0.3784, -4.3661 0.4834 -0.3784, -4.3622 0.4741 -0.3837, -4.3661 0.4741 -0.3837, -4.3622 0.4663 -0.3911, -4.3661 0.4663 -0.3911, -4.3622 0.4612 -0.399, -4.3661 0.4612 -0.399, -4.3622 0.458 -0.4085, -4.3661 0.458 -0.4085, -4.3622 0.4573 -0.4149, -4.3661 0.5575 -0.4246, -4.3622 0.5575 -0.4246, -4.3622 0.5567 -0.4147, -4.3661 0.5567 -0.4147, -4.3622 0.5535 -0.4037, -4.3661 0.5535 -0.4037, -4.3622 0.5481 -0.3944, -4.3661 0.5481 -0.3944, -4.3622 0.5396 -0.3855, -4.3661 0.5396 -0.3855, -4.3622 0.5304 -0.3797, -4.3661 0.5304 -0.3797, -4.3622 0.5192 -0.3759, -4.3661 0.5192 -0.3759, -4.3661 0.5536 -0.4477, -4.3622 0.5536 -0.4477, -4.3622 0.5567 -0.4364, -4.3661 0.5567 -0.4364, -4.3661 0.5404 -0.4477, -4.3622 0.5404 -0.4477, -4.3661 0.5467 -0.4247, -4.3622 0.5467 -0.4247, -4.3622 0.5452 -0.4367, -4.3661 0.5452 -0.4367, -4.3661 0.5061 -0.3877, -4.3622 0.5061 -0.3877, -4.3622 0.5137 -0.3882, -4.3661 0.5137 -0.3882, -4.3622 0.5243 -0.3908, -4.3661 0.5243 -0.3908, -4.3622 0.5319 -0.3949, -4.3661 0.5319 -0.3949, -4.3622 0.5384 -0.4008, -4.3661 0.5384 -0.4008, -4.3622 0.543 -0.4076, -4.3661 0.543 -0.4076, -4.3622 0.5456 -0.415, -4.3661 0.5456 -0.415, -4.3661 0.4675 -0.4225, -4.3622 0.4675 -0.4225, -4.3622 0.4685 -0.4133, -4.3661 0.4685 -0.4133, -4.3622 0.4712 -0.4061, -4.3661 0.4712 -0.4061, -4.3622 0.4752 -0.4001, -4.3661 0.4752 -0.4001, -4.3622 0.4801 -0.3955, -4.3661 0.4801 -0.3955, -4.3622 0.4869 -0.3914, -4.3661 0.4869 -0.3914, -4.3622 0.4954 -0.3887, -4.3661 0.4954 -0.3887, -4.3622 0.4728 -0.446, -4.3661 0.4728 -0.446, -4.3622 0.4689 -0.4356, -4.3661 0.4689 -0.4356, -4.3661 0.4687 -0.3661, -4.3661 0.4579 -0.3661, -4.3622 0.4687 -0.3661, -4.3622 0.4579 -0.3661, -4.3661 0.4579 -0.3157, -4.3622 0.4579 -0.3157, -4.3661 0.5563 -0.3157, -4.3622 0.5563 -0.3157, -4.3661 0.5563 -0.3289, -4.3622 0.5563 -0.3289, -4.3661 0.4687 -0.3289, -4.3622 0.4687 -0.3289
            ]
        }
        coordIndex [
            0,1,2,-1,2,1,3,-1,1,4,3,-1,3,4,5,-1,4,6,5,-1,5,6,7,-1,6,8,7,-1,7,8,9,-1,8,10,9,-1,9,10,11,-1,10,12,11,-1,11,12,13,-1,12,14,13,-1,13,14,15,-1,14,0,15,-1,15,0,2,-1,16,8,17,-1,17,8,6,-1,18,14,16,-1,16,14,12,-1,16,12,8,-1,8,12,10,-1,18,19,14,-1,14,19,20,-1,14,20,0,-1,0,20,21,-1,0,21,22,-1,22,23,0,-1,0,23,17,-1,0,17,1,-1,1,17,6,-1,1,6,4,-1,16,17,24,-1,24,17,25,-1,18,16,26,-1,26,16,24,-1,18,26,27,-1,18,27,19,-1,19,27,28,-1,19,28,20,-1,21,20,29,-1,29,20,28,-1,21,29,30,-1,21,30,22,-1,22,30,31,-1,22,31,23,-1,17,23,25,-1,25,23,31,-1,32,33,34,-1,34,33,35,-1,33,36,35,-1,35,36,37,-1,36,38,37,-1,37,38,39,-1,40,41,42,-1,40,42,43,-1,43,42,44,-1,43,44,45,-1,45,44,46,-1,45,46,47,-1,47,46,48,-1,47,48,49,-1,49,48,50,-1,49,50,51,-1,51,50,52,-1,51,52,53,-1,53,52,54,-1,53,54,55,-1,55,54,39,-1,55,39,38,-1,32,34,56,-1,32,56,57,-1,57,56,58,-1,57,58,59,-1,59,58,60,-1,59,60,61,-1,61,60,62,-1,61,62,63,-1,63,62,64,-1,63,64,65,-1,65,64,66,-1,65,66,67,-1,67,66,41,-1,67,41,40,-1,45,47,68,-1,68,47,49,-1,68,49,69,-1,69,49,51,-1,69,51,70,-1,70,51,53,-1,70,53,71,-1,71,53,55,-1,71,55,72,-1,72,55,38,-1,72,38,73,-1,73,38,36,-1,73,36,74,-1,74,36,33,-1,74,33,75,-1,75,33,32,-1,75,32,76,-1,76,32,57,-1,76,57,77,-1,77,57,59,-1,77,59,78,-1,78,59,61,-1,78,61,79,-1,79,61,63,-1,79,63,80,-1,80,63,65,-1,80,65,81,-1,81,65,67,-1,81,67,82,-1,82,67,40,-1,82,40,83,-1,83,40,43,-1,83,43,84,-1,84,43,45,-1,84,45,68,-1,72,73,85,-1,85,73,86,-1,72,85,87,-1,72,87,71,-1,71,87,88,-1,71,88,70,-1,70,88,89,-1,70,89,69,-1,69,89,90,-1,69,90,68,-1,68,90,91,-1,68,91,84,-1,84,91,92,-1,84,92,83,-1,83,92,93,-1,83,93,82,-1,82,93,94,-1,82,94,81,-1,81,94,95,-1,81,95,80,-1,80,95,96,-1,80,96,79,-1,79,96,97,-1,79,97,78,-1,78,97,98,-1,78,98,77,-1,77,98,99,-1,77,99,76,-1,76,99,100,-1,76,100,75,-1,74,75,101,-1,101,75,100,-1,73,74,86,-1,86,74,101,-1,102,103,104,-1,104,103,105,-1,103,106,105,-1,105,106,107,-1,106,108,107,-1,107,108,109,-1,108,110,109,-1,109,110,111,-1,110,112,111,-1,111,112,113,-1,112,114,113,-1,113,114,115,-1,114,116,115,-1,115,116,117,-1,116,118,117,-1,117,118,119,-1,118,120,119,-1,119,120,121,-1,120,122,121,-1,121,122,123,-1,122,124,123,-1,123,124,125,-1,124,102,125,-1,125,102,104,-1,106,103,102,-1,102,124,106,-1,106,124,122,-1,106,122,108,-1,112,110,114,-1,114,110,108,-1,114,108,116,-1,116,108,122,-1,116,122,118,-1,118,122,120,-1,126,127,128,-1,128,127,129,-1,129,127,130,-1,131,132,133,-1,131,133,134,-1,134,133,135,-1,134,135,130,-1,130,135,136,-1,130,136,129,-1,137,138,139,-1,137,139,140,-1,140,139,141,-1,140,141,142,-1,142,141,143,-1,142,143,144,-1,144,143,145,-1,144,145,146,-1,146,145,147,-1,146,147,148,-1,148,147,149,-1,148,149,150,-1,150,149,131,-1,131,149,151,-1,131,151,132,-1,152,153,154,-1,152,154,155,-1,155,154,156,-1,155,156,157,-1,157,156,158,-1,157,158,159,-1,159,158,160,-1,159,160,161,-1,161,160,162,-1,161,162,163,-1,163,162,164,-1,163,164,165,-1,165,164,138,-1,165,138,137,-1,166,167,168,-1,166,168,169,-1,169,168,153,-1,169,153,152,-1,166,170,167,-1,167,170,171,-1,172,173,174,-1,172,174,175,-1,175,174,171,-1,175,171,170,-1,176,177,178,-1,176,178,179,-1,179,178,180,-1,179,180,181,-1,181,180,182,-1,181,182,183,-1,183,182,184,-1,183,184,185,-1,185,184,186,-1,185,186,187,-1,187,186,188,-1,187,188,189,-1,189,188,173,-1,189,173,172,-1,190,191,192,-1,190,192,193,-1,193,192,194,-1,193,194,195,-1,195,194,196,-1,195,196,197,-1,197,196,198,-1,197,198,199,-1,199,198,200,-1,199,200,201,-1,201,200,202,-1,201,202,203,-1,203,202,177,-1,203,177,176,-1,126,128,204,-1,126,204,205,-1,205,204,206,-1,205,206,207,-1,207,206,191,-1,207,191,190,-1,193,131,190,-1,190,131,134,-1,190,134,207,-1,207,134,130,-1,207,130,205,-1,205,130,127,-1,205,127,126,-1,170,166,175,-1,175,166,169,-1,175,169,172,-1,172,169,152,-1,172,152,189,-1,189,152,155,-1,189,155,187,-1,187,155,157,-1,187,157,185,-1,185,157,159,-1,185,159,183,-1,183,159,161,-1,183,161,181,-1,181,161,163,-1,181,163,179,-1,179,163,165,-1,179,165,176,-1,176,165,137,-1,176,137,203,-1,203,137,140,-1,203,140,201,-1,201,140,142,-1,201,142,199,-1,199,142,144,-1,199,144,197,-1,197,144,146,-1,197,146,195,-1,195,146,148,-1,195,148,193,-1,193,148,150,-1,193,150,131,-1,208,209,210,-1,210,209,211,-1,209,212,211,-1,211,212,213,-1,212,214,213,-1,213,214,215,-1,214,216,215,-1,215,216,217,-1,216,218,217,-1,217,218,219,-1,218,208,219,-1,219,208,210,-1,216,214,218,-1,218,214,212,-1,218,212,208,-1,208,212,209,-1,
        ]
    }
}
Shape{
    appearance Appearance {
        material  Material 	{
            diffuseColor 0.9490196078431372 0.7607843137254902 0.1803921568627451
            specularColor 0.7607843137254902 0.6078431372549019 0.1450980392156863
            ambientIntensity 0.7509
            transparency 0.0
            shininess 0.5
        }
    }
    geometry IndexedFaceSet {
        ccw TRUE
        solid FALSE
        coord DEF co Coordinate {
            point [
                -4.3622 0.4963 -0.6525, -4.3622 0.4963 -0.6854, -4.3622 0.5374 -0.6672, -4.3622 0.5374 -0.6706, -4.3622 0.5408 -0.6681, -4.3622 0.5408 -0.6697, -4.3622 0.5443 -0.6688, -4.3622 0.5443 -0.6691, -4.3622 0.5455 -0.5522, -4.3622 0.4687 -0.5522, -4.3622 0.5455 -0.5667, -4.3622 0.4687 -0.5661, -4.3622 0.4697 -0.5765, -4.3622 0.5081 -0.605, -4.3622 0.5179 -0.6042, -4.3622 0.5256 -0.6019, -4.3622 0.5443 -0.5783, -4.3622 0.4723 -0.5848, -4.3622 0.4762 -0.5915, -4.3622 0.4817 -0.597, -4.3622 0.4885 -0.6012, -4.3622 0.4977 -0.6041, -4.3622 0.5317 -0.5984, -4.3622 0.5368 -0.5937, -4.3622 0.5414 -0.5865
            ]
        }
        coordIndex [
            0,1,2,-1,2,1,3,-1,2,3,4,-1,4,3,5,-1,4,5,6,-1,6,5,7,-1,8,9,10,-1,10,9,11,-1,10,11,12,-1,13,14,10,-1,10,14,15,-1,10,15,16,-1,12,17,10,-1,10,17,18,-1,10,18,19,-1,19,20,10,-1,10,20,21,-1,10,21,13,-1,22,23,15,-1,15,23,24,-1,15,24,16,-1,
        ]
    }
}
Shape{
    appearance Appearance {
        material  Material 	{
            diffuseColor 0.0 0.0 0.0
            specularColor 0.0 0.0 0.0
            ambientIntensity 0.0
            transparency 0.0
            shininess 0.5
        }
    }
    geometry IndexedFaceSet {
        ccw TRUE
        solid FALSE
        coord DEF co Coordinate {
            point [
                -4.3661 -0.4589 -0.6775, -4.3661 -0.5574 -0.716, -4.3622 -0.4589 -0.6775, -4.3622 -0.5574 -0.716, -4.3661 -0.5574 -0.7016, -4.3622 -0.5574 -0.7016, -4.3661 -0.5297 -0.6916, -4.3622 -0.5297 -0.6916, -4.3661 -0.5297 -0.6509, -4.3622 -0.5297 -0.6509, -4.3661 -0.5574 -0.6415, -4.3622 -0.5574 -0.6415, -4.3661 -0.5574 -0.6271, -4.3622 -0.5574 -0.6271, -4.3661 -0.4589 -0.6643, -4.3622 -0.4589 -0.6643, -4.3661 -0.5189 -0.6543, -4.3661 -0.4778 -0.6689, -4.3661 -0.4744 -0.6699, -4.3661 -0.4709 -0.6705, -4.3661 -0.4709 -0.6708, -4.3661 -0.4744 -0.6715, -4.3661 -0.4778 -0.6724, -4.3661 -0.5189 -0.6872, -4.3622 -0.5189 -0.6543, -4.3622 -0.5189 -0.6872, -4.3622 -0.4778 -0.6689, -4.3622 -0.4744 -0.6699, -4.3622 -0.4709 -0.6705, -4.3622 -0.4709 -0.6708, -4.3622 -0.4744 -0.6715, -4.3622 -0.4778 -0.6724, -4.3661 -0.5574 -0.5675, -4.3661 -0.5574 -0.5407, -4.3622 -0.5574 -0.5675, -4.3622 -0.5574 -0.5407, -4.3661 -0.4589 -0.5407, -4.3622 -0.4589 -0.5407, -4.3661 -0.4589 -0.5685, -4.3622 -0.4589 -0.5685, -4.3661 -0.5069 -0.6199, -4.3622 -0.5069 -0.6199, -4.3622 -0.4976 -0.6192, -4.3661 -0.4976 -0.6192, -4.3622 -0.4879 -0.6166, -4.3661 -0.4879 -0.6166, -4.3622 -0.4795 -0.612, -4.3661 -0.4795 -0.612, -4.3622 -0.4718 -0.605, -4.3661 -0.4718 -0.605, -4.3622 -0.4717 -0.6049, -4.3661 -0.4717 -0.6049, -4.3622 -0.4645 -0.5942, -4.3661 -0.4645 -0.5942, -4.3622 -0.4604 -0.5827, -4.3661 -0.4604 -0.5827, -4.3622 -0.5563 -0.5797, -4.3661 -0.5563 -0.5797, -4.3622 -0.5529 -0.591, -4.3661 -0.5529 -0.591, -4.3622 -0.5469 -0.6013, -4.3661 -0.5469 -0.6013, -4.3622 -0.5392 -0.6094, -4.3661 -0.5392 -0.6094, -4.3622 -0.5304 -0.615, -4.3661 -0.5304 -0.615, -4.3622 -0.5201 -0.6186, -4.3661 -0.5201 -0.6186, -4.3661 -0.4835 -0.6002, -4.3661 -0.4785 -0.5954, -4.3661 -0.4738 -0.5882, -4.3661 -0.471 -0.5801, -4.3661 -0.4697 -0.5684, -4.3661 -0.4697 -0.5539, -4.3661 -0.5465 -0.5539, -4.3661 -0.5465 -0.5679, -4.3661 -0.5456 -0.5783, -4.3661 -0.543 -0.5866, -4.3661 -0.539 -0.5933, -4.3661 -0.5336 -0.5988, -4.3661 -0.5268 -0.6029, -4.3661 -0.5175 -0.6058, -4.3661 -0.5072 -0.6067, -4.3661 -0.4974 -0.6059, -4.3661 -0.4896 -0.6036, -4.3622 -0.4697 -0.5684, -4.3622 -0.4697 -0.5539, -4.3622 -0.471 -0.5801, -4.3622 -0.4738 -0.5882, -4.3622 -0.4785 -0.5954, -4.3622 -0.4835 -0.6002, -4.3622 -0.4896 -0.6036, -4.3622 -0.4974 -0.6059, -4.3622 -0.5072 -0.6067, -4.3622 -0.5175 -0.6058, -4.3622 -0.5268 -0.6029, -4.3622 -0.5336 -0.5988, -4.3622 -0.539 -0.5933, -4.3622 -0.543 -0.5866, -4.3622 -0.5456 -0.5783, -4.3622 -0.5465 -0.5679, -4.3622 -0.5465 -0.5539, -4.3661 -0.5465 -0.5215, -4.3661 -0.5574 -0.5215, -4.3622 -0.5465 -0.5215, -4.3622 -0.5574 -0.5215, -4.3661 -0.5574 -0.4687, -4.3622 -0.5574 -0.4687, -4.3661 -0.4589 -0.4687, -4.3622 -0.4589 -0.4687, -4.3661 -0.4589 -0.5191, -4.3622 -0.4589 -0.5191, -4.3661 -0.4697 -0.5191, -4.3622 -0.4697 -0.5191, -4.3661 -0.4697 -0.4819, -4.3622 -0.4697 -0.4819, -4.3661 -0.5021 -0.4819, -4.3622 -0.5021 -0.4819, -4.3661 -0.5021 -0.5167, -4.3622 -0.5021 -0.5167, -4.3661 -0.5129 -0.5167, -4.3622 -0.5129 -0.5167, -4.3661 -0.5129 -0.4819, -4.3622 -0.5129 -0.4819, -4.3661 -0.5465 -0.4819, -4.3622 -0.5465 -0.4819, -4.3661 -0.5414 -0.4495, -4.3661 -0.5523 -0.4495, -4.3622 -0.5414 -0.4495, -4.3622 -0.5523 -0.4495, -4.3661 -0.5566 -0.439, -4.3661 -0.5586 -0.4224, -4.3622 -0.5586 -0.4224, -4.3622 -0.5585 -0.4251, -4.3661 -0.5585 -0.4251, -4.3622 -0.558 -0.4291, -4.3622 -0.5566 -0.439, -4.3661 -0.51 -0.3763, -4.3622 -0.51 -0.3763, -4.3622 -0.5214 -0.3772, -4.3661 -0.5214 -0.3772, -4.3622 -0.5318 -0.3802, -4.3661 -0.5318 -0.3802, -4.3622 -0.5412 -0.3854, -4.3661 -0.5412 -0.3854, -4.3622 -0.549 -0.3928, -4.3661 -0.549 -0.3928, -4.3622 -0.554 -0.4007, -4.3661 -0.554 -0.4007, -4.3622 -0.5573 -0.4103, -4.3661 -0.5573 -0.4103, -4.3622 -0.558 -0.4166, -4.3661 -0.4577 -0.4263, -4.3622 -0.4577 -0.4263, -4.3622 -0.4585 -0.4164, -4.3661 -0.4585 -0.4164, -4.3622 -0.4617 -0.4055, -4.3661 -0.4617 -0.4055, -4.3622 -0.4671 -0.3961, -4.3661 -0.4671 -0.3961, -4.3622 -0.4756 -0.3872, -4.3661 -0.4756 -0.3872, -4.3622 -0.4849 -0.3815, -4.3661 -0.4849 -0.3815, -4.3622 -0.496 -0.3777, -4.3661 -0.496 -0.3777, -4.3661 -0.4616 -0.4495, -4.3622 -0.4616 -0.4495, -4.3622 -0.4585 -0.4381, -4.3661 -0.4585 -0.4381, -4.3661 -0.4748 -0.4495, -4.3622 -0.4748 -0.4495, -4.3661 -0.4685 -0.4264, -4.3622 -0.4685 -0.4264, -4.3622 -0.4701 -0.4384, -4.3661 -0.4701 -0.4384, -4.3661 -0.5092 -0.3895, -4.3622 -0.5092 -0.3895, -4.3622 -0.5015 -0.3899, -4.3661 -0.5015 -0.3899, -4.3622 -0.491 -0.3926, -4.3661 -0.491 -0.3926, -4.3622 -0.4834 -0.3966, -4.3661 -0.4834 -0.3966, -4.3622 -0.4768 -0.4026, -4.3661 -0.4768 -0.4026, -4.3622 -0.4723 -0.4094, -4.3661 -0.4723 -0.4094, -4.3622 -0.4696 -0.4167, -4.3661 -0.4696 -0.4167, -4.3661 -0.5477 -0.4242, -4.3622 -0.5477 -0.4242, -4.3622 -0.5467 -0.415, -4.3661 -0.5467 -0.415, -4.3622 -0.5441 -0.4079, -4.3661 -0.5441 -0.4079, -4.3622 -0.54 -0.4018, -4.3661 -0.54 -0.4018, -4.3622 -0.5351 -0.3972, -4.3661 -0.5351 -0.3972, -4.3622 -0.5283 -0.3931, -4.3661 -0.5283 -0.3931, -4.3622 -0.5198 -0.3905, -4.3661 -0.5198 -0.3905, -4.3622 -0.5424 -0.4477, -4.3661 -0.5424 -0.4477, -4.3622 -0.5463 -0.4373, -4.3661 -0.5463 -0.4373, -4.3661 -0.5465 -0.3679, -4.3661 -0.5574 -0.3679, -4.3622 -0.5465 -0.3679, -4.3622 -0.5574 -0.3679, -4.3661 -0.5574 -0.3175, -4.3622 -0.5574 -0.3175, -4.3661 -0.4589 -0.3175, -4.3622 -0.4589 -0.3175, -4.3661 -0.4589 -0.3307, -4.3622 -0.4589 -0.3307, -4.3661 -0.5465 -0.3307, -4.3622 -0.5465 -0.3307
            ]
        }
        coordIndex [
            0,1,2,-1,2,1,3,-1,1,4,3,-1,3,4,5,-1,4,6,5,-1,5,6,7,-1,6,8,7,-1,7,8,9,-1,8,10,9,-1,9,10,11,-1,10,12,11,-1,11,12,13,-1,12,14,13,-1,13,14,15,-1,14,0,15,-1,15,0,2,-1,16,17,14,-1,12,10,8,-1,17,18,14,-1,14,18,19,-1,14,19,0,-1,0,19,20,-1,0,20,21,-1,21,22,0,-1,0,22,23,-1,0,23,1,-1,4,1,6,-1,6,1,23,-1,6,23,8,-1,8,23,16,-1,8,16,12,-1,12,16,14,-1,16,23,24,-1,24,23,25,-1,17,16,26,-1,26,16,24,-1,17,26,27,-1,17,27,18,-1,18,27,28,-1,18,28,19,-1,20,19,29,-1,29,19,28,-1,20,29,30,-1,20,30,21,-1,21,30,31,-1,21,31,22,-1,23,22,25,-1,25,22,31,-1,32,33,34,-1,34,33,35,-1,33,36,35,-1,35,36,37,-1,36,38,37,-1,37,38,39,-1,40,41,42,-1,40,42,43,-1,43,42,44,-1,43,44,45,-1,45,44,46,-1,45,46,47,-1,47,46,48,-1,47,48,49,-1,49,48,50,-1,49,50,51,-1,51,50,52,-1,51,52,53,-1,53,52,54,-1,53,54,55,-1,55,54,39,-1,55,39,38,-1,32,34,56,-1,32,56,57,-1,57,56,58,-1,57,58,59,-1,59,58,60,-1,59,60,61,-1,61,60,62,-1,61,62,63,-1,63,62,64,-1,63,64,65,-1,65,64,66,-1,65,66,67,-1,67,66,41,-1,67,41,40,-1,45,47,68,-1,68,47,49,-1,68,49,69,-1,69,49,51,-1,69,51,70,-1,70,51,53,-1,70,53,71,-1,71,53,55,-1,71,55,72,-1,72,55,38,-1,72,38,73,-1,73,38,36,-1,73,36,74,-1,74,36,33,-1,74,33,75,-1,75,33,32,-1,75,32,76,-1,76,32,57,-1,76,57,77,-1,77,57,59,-1,77,59,78,-1,78,59,61,-1,78,61,79,-1,79,61,63,-1,79,63,80,-1,80,63,65,-1,80,65,81,-1,81,65,67,-1,81,67,82,-1,82,67,40,-1,82,40,83,-1,83,40,43,-1,83,43,84,-1,84,43,45,-1,84,45,68,-1,72,73,85,-1,85,73,86,-1,72,85,87,-1,72,87,71,-1,71,87,88,-1,71,88,70,-1,70,88,89,-1,70,89,69,-1,69,89,90,-1,69,90,68,-1,68,90,91,-1,68,91,84,-1,84,91,92,-1,84,92,83,-1,83,92,93,-1,83,93,82,-1,82,93,94,-1,82,94,81,-1,81,94,95,-1,81,95,80,-1,80,95,96,-1,80,96,79,-1,79,96,97,-1,79,97,78,-1,78,97,98,-1,78,98,77,-1,77,98,99,-1,77,99,76,-1,76,99,100,-1,76,100,75,-1,74,75,101,-1,101,75,100,-1,73,74,86,-1,86,74,101,-1,102,103,104,-1,104,103,105,-1,103,106,105,-1,105,106,107,-1,106,108,107,-1,107,108,109,-1,108,110,109,-1,109,110,111,-1,110,112,111,-1,111,112,113,-1,112,114,113,-1,113,114,115,-1,114,116,115,-1,115,116,117,-1,116,118,117,-1,117,118,119,-1,118,120,119,-1,119,120,121,-1,120,122,121,-1,121,122,123,-1,122,124,123,-1,123,124,125,-1,124,102,125,-1,125,102,104,-1,106,103,102,-1,102,124,106,-1,106,124,122,-1,106,122,108,-1,112,110,114,-1,114,110,108,-1,114,108,116,-1,116,108,122,-1,116,122,118,-1,118,122,120,-1,126,127,128,-1,128,127,129,-1,129,127,130,-1,131,132,133,-1,131,133,134,-1,134,133,135,-1,134,135,130,-1,130,135,136,-1,130,136,129,-1,137,138,139,-1,137,139,140,-1,140,139,141,-1,140,141,142,-1,142,141,143,-1,142,143,144,-1,144,143,145,-1,144,145,146,-1,146,145,147,-1,146,147,148,-1,148,147,149,-1,148,149,150,-1,150,149,131,-1,131,149,151,-1,131,151,132,-1,152,153,154,-1,152,154,155,-1,155,154,156,-1,155,156,157,-1,157,156,158,-1,157,158,159,-1,159,158,160,-1,159,160,161,-1,161,160,162,-1,161,162,163,-1,163,162,164,-1,163,164,165,-1,165,164,138,-1,165,138,137,-1,166,167,168,-1,166,168,169,-1,169,168,153,-1,169,153,152,-1,166,170,167,-1,167,170,171,-1,172,173,174,-1,172,174,175,-1,175,174,171,-1,175,171,170,-1,176,177,178,-1,176,178,179,-1,179,178,180,-1,179,180,181,-1,181,180,182,-1,181,182,183,-1,183,182,184,-1,183,184,185,-1,185,184,186,-1,185,186,187,-1,187,186,188,-1,187,188,189,-1,189,188,173,-1,189,173,172,-1,190,191,192,-1,190,192,193,-1,193,192,194,-1,193,194,195,-1,195,194,196,-1,195,196,197,-1,197,196,198,-1,197,198,199,-1,199,198,200,-1,199,200,201,-1,201,200,202,-1,201,202,203,-1,203,202,177,-1,203,177,176,-1,126,128,204,-1,126,204,205,-1,205,204,206,-1,205,206,207,-1,207,206,191,-1,207,191,190,-1,193,131,190,-1,190,131,134,-1,190,134,207,-1,207,134,130,-1,207,130,205,-1,205,130,127,-1,205,127,126,-1,170,166,175,-1,175,166,169,-1,175,169,172,-1,172,169,152,-1,172,152,189,-1,189,152,155,-1,189,155,187,-1,187,155,157,-1,187,157,185,-1,185,157,159,-1,185,159,183,-1,183,159,161,-1,183,161,181,-1,181,161,163,-1,181,163,179,-1,179,163,165,-1,179,165,176,-1,176,165,137,-1,176,137,203,-1,203,137,140,-1,203,140,201,-1,201,140,142,-1,201,142,199,-1,199,142,144,-1,199,144,197,-1,197,144,146,-1,197,146,195,-1,195,146,148,-1,195,148,193,-1,193,148,150,-1,193,150,131,-1,208,209,210,-1,210,209,211,-1,209,212,211,-1,211,212,213,-1,212,214,213,-1,213,214,215,-1,214,216,215,-1,215,216,217,-1,216,218,217,-1,217,218,219,-1,218,208,219,-1,219,208,210,-1,216,214,218,-1,218,214,212,-1,218,212,208,-1,208,212,209,-1,
        ]
    }
}
Shape{
    appearance Appearance {
        material  Material 	{
            diffuseColor 0.9490196078431372 0.7607843137254902 0.1803921568627451
            specularColor 0.7607843137254902 0.6078431372549019 0.1450980392156863
            ambientIntensity 0.7509
            transparency 0.0
            shininess 0.5
        }
    }
    geometry IndexedFaceSet {
        ccw TRUE
        solid FALSE
        coord DEF co Coordinate {
            point [
                -4.3622 -0.5189 -0.6543, -4.3622 -0.5189 -0.6872, -4.3622 -0.4778 -0.6689, -4.3622 -0.4778 -0.6724, -4.3622 -0.4744 -0.6699, -4.3622 -0.4744 -0.6715, -4.3622 -0.4709 -0.6705, -4.3622 -0.4709 -0.6708, -4.3622 -0.4697 -0.5539, -4.3622 -0.5465 -0.5539, -4.3622 -0.4697 -0.5684, -4.3622 -0.5465 -0.5679, -4.3622 -0.5456 -0.5783, -4.3622 -0.5072 -0.6067, -4.3622 -0.4974 -0.6059, -4.3622 -0.4896 -0.6036, -4.3622 -0.471 -0.5801, -4.3622 -0.543 -0.5866, -4.3622 -0.539 -0.5933, -4.3622 -0.5336 -0.5988, -4.3622 -0.5268 -0.6029, -4.3622 -0.5175 -0.6058, -4.3622 -0.4835 -0.6002, -4.3622 -0.4785 -0.5954, -4.3622 -0.4738 -0.5882, -3.3622 -0.4685 -0.4264, -3.3622 -0.4696 -0.4167, -3.3622 -0.5424 -0.4477, -3.3622 -0.4697 -0.5191, -3.3622 -0.4697 -0.4819, -3.3622 -0.5021 -0.4819, -3.3622 -0.5021 -0.5167, -3.3622 -0.5129 -0.5167, -3.3622 -0.558 -0.5311, -3.3622 -0.549 -0.3928, -3.3622 -0.5412 -0.3854, -3.3622 -0.5574 -0.3679, -3.3622 -0.558 -0.4166, -3.3622 -0.5574 -0.3175, -3.3622 -0.4701 -0.4384, -3.3622 -0.5414 -0.4495, -3.3622 -0.4748 -0.4495, -3.3622 -0.4589 -0.5191, -3.3622 -0.3622 -0.5311, -3.3622 -0.4589 -0.4687, -3.3622 -0.3622 0.1969, -3.3622 -0.4589 -0.3175, -3.3622 -0.4589 -0.3307, -3.3622 -0.4849 -0.3815, -3.3622 -0.4756 -0.3872, -3.3622 -0.4671 -0.3961, -3.3622 -0.4617 -0.4055, -3.3622 -0.5465 -0.3679, -3.3622 -0.5318 -0.3802, -3.3622 -0.5465 -0.3307, -3.3622 -0.4585 -0.4164, -3.3622 -0.4577 -0.4263, -3.3622 -0.4585 -0.4381, -3.3622 -0.4616 -0.4495, -3.3622 -0.5574 -0.4687, -3.3622 -0.5523 -0.4495, -3.3622 -0.5573 -0.4103, -3.3622 -0.554 -0.4007, -3.3622 -0.4723 -0.4094, -3.3622 -0.4768 -0.4026, -3.3622 -0.4834 -0.3966, -3.3622 -0.5092 -0.3895, -3.3622 -0.5198 -0.3905, -3.3622 -0.5283 -0.3931, -3.3622 -0.5467 -0.415, -3.3622 -0.5477 -0.4242, -3.3622 -0.5441 -0.4079, -3.3622 -0.54 -0.4018, -3.3622 -0.5351 -0.3972, -3.3622 -0.5463 -0.4373, -3.3622 -0.5214 -0.3772, -3.3622 -0.51 -0.3763, -3.3622 -0.496 -0.3777, -3.3622 -0.491 -0.3926, -3.3622 -0.5015 -0.3899, -3.3622 -0.5129 -0.4819, -3.3622 -0.5465 -0.4819, -3.3622 -0.5465 -0.5215, -3.3622 -0.5574 -0.5215, -3.3622 -0.558 -0.4291, -3.3622 -0.5585 -0.4251, -3.3622 -0.6378 -0.5311, -3.3622 -0.5586 -0.4224, -3.3622 -0.558 0.1969, -3.3622 -0.6378 0.1969, -3.3622 -0.4589 -0.6643, -3.3622 -0.4589 -0.6775, -3.3622 -0.5574 -0.7016, -3.3622 -0.5574 -0.716, -3.3622 -0.558 -1.0236, -3.3622 -0.3622 -1.0236, -3.3622 -0.5574 -0.5675, -3.3622 -0.5574 -0.5407, -3.3622 -0.4589 -0.5407, -3.3622 -0.4589 -0.5685, -3.3622 -0.4718 -0.605, -3.3622 -0.4795 -0.612, -3.3622 -0.4879 -0.6166, -3.3622 -0.5574 -0.6271, -3.3622 -0.5304 -0.615, -3.3622 -0.5392 -0.6094, -3.3622 -0.4604 -0.5827, -3.3622 -0.4645 -0.5942, -3.3622 -0.4717 -0.6049, -3.3622 -0.5469 -0.6013, -3.3622 -0.5529 -0.591, -3.3622 -0.5563 -0.5797, -3.3622 -0.5574 -0.6415, -3.3622 -0.5297 -0.6509, -3.3622 -0.5297 -0.6916, -3.3622 -0.4976 -0.6192, -3.3622 -0.5069 -0.6199, -3.3622 -0.5201 -0.6186, -3.3622 -0.5566 -0.439, -3.3622 -0.6378 -1.0236, -3.3622 0.5467 -0.4247, -3.3622 0.5456 -0.415, -3.3622 0.4728 -0.446, -3.3622 0.5563 -0.5174, -3.3622 0.6378 -0.5294, -3.3622 0.5563 -0.467, -3.3622 0.6378 0.1969, -3.3622 0.4663 -0.3911, -3.3622 0.4741 -0.3837, -3.3622 0.4579 -0.3661, -3.3622 0.4573 -0.4149, -3.3622 0.4579 -0.3157, -3.3622 0.5452 -0.4367, -3.3622 0.4738 -0.4477, -3.3622 0.5404 -0.4477, -3.3622 0.5023 -0.515, -3.3622 0.4573 -0.5294, -3.3622 0.5131 -0.515, -3.3622 0.5455 -0.5174, -3.3622 0.5131 -0.4802, -3.3622 0.5455 -0.4802, -3.3622 0.5563 -0.3157, -3.3622 0.5563 -0.3289, -3.3622 0.5304 -0.3797, -3.3622 0.5396 -0.3855, -3.3622 0.5481 -0.3944, -3.3622 0.5535 -0.4037, -3.3622 0.4687 -0.3661, -3.3622 0.4834 -0.3784, -3.3622 0.4687 -0.3289, -3.3622 0.5567 -0.4147, -3.3622 0.5575 -0.4246, -3.3622 0.5567 -0.4364, -3.3622 0.5536 -0.4477, -3.3622 0.4579 -0.467, -3.3622 0.463 -0.4477, -3.3622 0.458 -0.4085, -3.3622 0.4612 -0.399, -3.3622 0.543 -0.4076, -3.3622 0.5384 -0.4008, -3.3622 0.5319 -0.3949, -3.3622 0.5061 -0.3877, -3.3622 0.4954 -0.3887, -3.3622 0.4869 -0.3914, -3.3622 0.4685 -0.4133, -3.3622 0.4675 -0.4225, -3.3622 0.4712 -0.4061, -3.3622 0.4752 -0.4001, -3.3622 0.4801 -0.3955, -3.3622 0.4689 -0.4356, -3.3622 0.4939 -0.3755, -3.3622 0.5053 -0.3745, -3.3622 0.5192 -0.3759, -3.3622 0.5243 -0.3908, -3.3622 0.5137 -0.3882, -3.3622 0.5023 -0.4802, -3.3622 0.4687 -0.4802, -3.3622 0.4687 -0.5198, -3.3622 0.4579 -0.5198, -3.3622 0.4573 -0.4273, -3.3622 0.4567 -0.4234, -3.3622 0.3622 -0.5294, -3.3622 0.4567 -0.4207, -3.3622 0.4573 0.1969, -3.3622 0.3622 0.1969, -3.3622 0.5563 -0.6626, -3.3622 0.5563 -0.6758, -3.3622 0.4579 -0.5657, -3.3622 0.4579 -0.539, -3.3622 0.5563 -0.539, -3.3622 0.4579 -0.6998, -3.3622 0.4579 -0.7142, -3.3622 0.4573 -1.0236, -3.3622 0.6378 -1.0236, -3.3622 0.5563 -0.5667, -3.3622 0.5548 -0.581, -3.3622 0.5508 -0.5925, -3.3622 0.5436 -0.6032, -3.3622 0.4579 -0.6254, -3.3622 0.4849 -0.6133, -3.3622 0.4761 -0.6076, -3.3622 0.5435 -0.6033, -3.3622 0.5358 -0.6103, -3.3622 0.5273 -0.6148, -3.3622 0.4683 -0.5995, -3.3622 0.4623 -0.5893, -3.3622 0.459 -0.5779, -3.3622 0.4579 -0.6398, -3.3622 0.4855 -0.6492, -3.3622 0.4855 -0.6899, -3.3622 0.5176 -0.6175, -3.3622 0.5083 -0.6182, -3.3622 0.4952 -0.6168, -3.3622 0.4587 -0.4373, -3.3622 0.3622 -1.0236
            ]
        }
        coordIndex [
            0,1,2,-1,2,1,3,-1,2,3,4,-1,4,3,5,-1,4,5,6,-1,6,5,7,-1,8,9,10,-1,10,9,11,-1,10,11,12,-1,13,14,10,-1,10,14,15,-1,10,15,16,-1,12,17,10,-1,10,17,18,-1,10,18,19,-1,19,20,10,-1,10,20,21,-1,10,21,13,-1,22,23,15,-1,15,23,24,-1,15,24,16,-1,25,26,27,-1,28,29,30,-1,31,32,33,-1,34,35,36,-1,37,36,38,-1,25,27,39,-1,39,27,40,-1,39,40,41,-1,30,31,28,-1,28,31,33,-1,28,33,42,-1,42,33,43,-1,42,43,44,-1,44,43,45,-1,45,46,47,-1,48,49,47,-1,47,49,50,-1,47,50,51,-1,36,35,52,-1,52,35,53,-1,52,53,54,-1,51,55,47,-1,47,55,56,-1,47,56,45,-1,45,56,57,-1,45,57,44,-1,57,58,44,-1,44,58,41,-1,44,41,59,-1,59,41,40,-1,59,40,60,-1,37,61,36,-1,36,61,62,-1,36,62,34,-1,26,63,27,-1,27,63,64,-1,27,64,65,-1,66,67,27,-1,27,67,68,-1,69,70,71,-1,71,70,72,-1,68,73,27,-1,27,73,72,-1,27,72,74,-1,74,72,70,-1,53,75,54,-1,54,75,76,-1,54,76,47,-1,47,76,77,-1,47,77,48,-1,65,78,27,-1,27,78,79,-1,27,79,66,-1,80,81,32,-1,32,81,82,-1,32,82,33,-1,33,82,83,-1,33,83,59,-1,84,85,86,-1,86,85,87,-1,86,87,37,-1,46,45,38,-1,38,45,88,-1,38,88,37,-1,37,88,89,-1,37,89,86,-1,43,90,91,-1,92,33,93,-1,93,33,94,-1,93,94,91,-1,91,94,95,-1,91,95,43,-1,96,97,33,-1,33,97,98,-1,33,98,43,-1,43,98,99,-1,100,101,90,-1,90,101,102,-1,103,104,105,-1,99,106,43,-1,43,106,107,-1,43,107,90,-1,90,107,108,-1,90,108,100,-1,105,109,103,-1,103,109,110,-1,103,110,111,-1,111,96,103,-1,103,96,33,-1,103,33,112,-1,112,33,92,-1,112,92,113,-1,113,92,114,-1,102,115,90,-1,90,115,116,-1,90,116,103,-1,103,116,117,-1,103,117,104,-1,60,118,59,-1,59,118,84,-1,59,84,33,-1,33,84,86,-1,33,86,94,-1,94,86,119,-1,120,121,122,-1,123,124,125,-1,125,124,126,-1,127,128,129,-1,130,129,131,-1,120,122,132,-1,132,122,133,-1,132,133,134,-1,135,136,137,-1,137,136,138,-1,137,138,139,-1,139,138,140,-1,126,141,142,-1,143,144,142,-1,142,144,145,-1,142,145,146,-1,129,128,147,-1,147,128,148,-1,147,148,149,-1,146,150,142,-1,142,150,151,-1,142,151,126,-1,126,151,152,-1,126,152,125,-1,152,153,125,-1,125,153,134,-1,125,134,154,-1,154,134,133,-1,154,133,155,-1,130,156,129,-1,129,156,157,-1,129,157,127,-1,121,158,122,-1,122,158,159,-1,122,159,160,-1,161,162,122,-1,122,162,163,-1,164,165,166,-1,166,165,167,-1,163,168,122,-1,122,168,167,-1,122,167,169,-1,169,167,165,-1,148,170,149,-1,149,170,171,-1,149,171,142,-1,142,171,172,-1,142,172,143,-1,160,173,122,-1,122,173,174,-1,122,174,161,-1,175,176,135,-1,135,176,177,-1,135,177,136,-1,136,177,178,-1,136,178,154,-1,179,180,181,-1,181,180,182,-1,181,182,130,-1,141,126,131,-1,131,126,183,-1,131,183,130,-1,130,183,184,-1,130,184,181,-1,124,185,186,-1,187,188,136,-1,123,138,124,-1,124,138,136,-1,124,136,189,-1,189,136,188,-1,190,136,191,-1,191,136,192,-1,191,192,186,-1,186,192,193,-1,186,193,124,-1,189,194,124,-1,124,194,195,-1,124,195,185,-1,185,195,196,-1,185,196,197,-1,198,199,200,-1,197,201,185,-1,185,201,202,-1,185,202,203,-1,200,204,198,-1,198,204,205,-1,198,205,206,-1,206,187,198,-1,198,187,136,-1,198,136,207,-1,207,136,190,-1,207,190,208,-1,208,190,209,-1,203,210,185,-1,185,210,211,-1,185,211,198,-1,198,211,212,-1,198,212,199,-1,155,213,154,-1,154,213,179,-1,154,179,136,-1,136,179,181,-1,136,181,192,-1,192,181,214,-1,
        ]
    }
}
Shape{
    appearance Appearance {
        material  Material 	{
            diffuseColor 0.17647058823529413 0.17647058823529413 0.17647058823529413
            specularColor 0.050980392156862744 0.050980392156862744 0.050980392156862744
            ambientIntensity 0.251
            transparency 0.0
            shininess 0.5
        }
    }
    geometry IndexedFaceSet {
        ccw TRUE
        solid FALSE
        coord DEF co Coordinate {
            point [
                -3.3622 -0.6378 0.1969, -3.0 -0.8031 0.1969, -3.6378 -0.6378 0.1969, -4.0 -0.8031 0.1969, -3.6378 -0.3622 0.1969, -3.3622 -0.558 0.1969, -3.3622 -0.3622 0.1969, -3.0 0.8031 0.1969, -3.3622 0.6378 0.1969, -4.0 0.8031 0.1969, -3.6378 0.6378 0.1969, -3.6378 0.3622 0.1969, -3.3622 0.3622 0.1969, -3.3622 0.4573 0.1969, -3.8819 -1.0 0.0079, -3.8819 -1.0 0.9843, -4.0 -0.8819 0.0079, -4.0 -0.8819 0.9843, -3.1181 -1.0 0.0079, -3.1181 -1.0 0.9843, -3.0 -0.8819 0.0079, -3.0 -0.8819 0.9843, -3.0 -0.8031 0.0079, -3.0 0.8031 0.0079, -3.0 0.8819 0.0079, -3.0 0.8819 0.9843, -3.1181 1.0 0.0079, -3.1181 1.0 0.9843, -3.8819 1.0 0.0079, -3.8819 1.0 0.9843, -4.0 0.8819 0.0079, -4.0 0.8819 0.9843, -4.0 0.8031 0.0079, -4.0 -0.8031 0.0079, -3.6378 0.3622 0.9843, -3.3622 0.3622 0.9843, -3.6378 -0.3622 0.9843, -3.3622 -0.3622 0.9843, -3.6378 0.6378 0.9843, -3.3622 0.6378 0.9843, -3.3622 -0.6378 0.9843, -3.6378 -0.6378 0.9843
            ]
        }
        coordIndex [
            0,1,2,-1,2,1,3,-1,2,3,4,-1,0,5,1,-1,1,5,6,-1,1,6,7,-1,7,8,9,-1,9,8,10,-1,9,10,11,-1,3,9,4,-1,4,9,11,-1,4,11,6,-1,6,11,12,-1,6,12,7,-1,7,12,13,-1,7,13,8,-1,14,15,16,-1,16,15,17,-1,18,19,14,-1,14,19,15,-1,20,21,18,-1,18,21,19,-1,20,22,1,-1,23,24,7,-1,7,24,25,-1,7,25,1,-1,1,25,21,-1,1,21,20,-1,26,27,24,-1,24,27,25,-1,28,29,26,-1,26,29,27,-1,30,31,28,-1,28,31,29,-1,30,32,9,-1,33,16,3,-1,3,16,17,-1,3,17,9,-1,9,17,31,-1,9,31,30,-1,15,19,21,-1,31,17,34,-1,35,36,37,-1,31,34,29,-1,29,34,38,-1,29,38,27,-1,27,38,39,-1,27,39,25,-1,39,35,25,-1,25,35,37,-1,25,37,21,-1,21,37,40,-1,21,40,15,-1,15,40,41,-1,15,41,17,-1,17,41,36,-1,17,36,34,-1,34,36,35,-1,1,22,3,-1,3,22,33,-1,14,16,18,-1,18,16,33,-1,18,33,20,-1,20,33,22,-1,32,23,9,-1,9,23,7,-1,26,24,28,-1,28,24,23,-1,28,23,30,-1,30,23,32,-1,
        ]
    }
}
Shape{
    appearance Appearance {
        material  Material 	{
            diffuseColor 0.9490196078431372 0.7607843137254902 0.1803921568627451
            specularColor 0.7607843137254902 0.6078431372549019 0.1450980392156863
            ambientIntensity 0.7509
            transparency 0.0
            shininess 0.5
        }
    }
    geometry IndexedFaceSet {
        ccw TRUE
        solid FALSE
        coord DEF co Coordinate {
            point [
                -3.4016 0.4016 3.3465, -3.4016 0.5984 3.3465, -3.5984 0.4016 3.3465, -3.5984 0.5984 3.3465, -3.3622 0.6378 3.189, -3.3622 0.6378 0.9843, -3.6378 0.6378 3.189, -3.6378 0.6378 0.9843, -3.6378 0.3622 3.189, -3.6378 0.3622 0.9843, -3.3622 0.3622 3.189, -3.3622 0.3622 0.9843, -3.3622 0.3622 0.1969, -3.6378 0.3622 0.1969, -3.3622 0.3622 -0.5294, -3.6378 0.3622 -1.0236, -3.3622 0.3622 -1.0236, -3.6378 0.6378 -1.0236, -3.6378 0.6378 0.1969, -3.3622 0.6378 0.1969, -3.3622 0.6378 -0.5294, -3.3622 0.6378 -1.0236, -3.4016 0.5984 -1.1811, -3.4016 0.4016 -1.1811, -3.5984 0.5984 -1.1811, -3.5984 0.4016 -1.1811, -3.4016 -0.5984 3.3465, -3.4016 -0.4016 3.3465, -3.5984 -0.5984 3.3465, -3.5984 -0.4016 3.3465, -3.3622 -0.3622 3.189, -3.3622 -0.3622 0.9843, -3.6378 -0.3622 3.189, -3.6378 -0.3622 0.9843, -3.6378 -0.6378 3.189, -3.6378 -0.6378 0.9843, -3.3622 -0.6378 3.189, -3.3622 -0.6378 0.9843, -3.3622 -0.6378 0.1969, -3.6378 -0.6378 0.1969, -3.3622 -0.6378 -0.5311, -3.6378 -0.6378 -1.0236, -3.3622 -0.6378 -1.0236, -3.6378 -0.3622 -1.0236, -3.6378 -0.3622 0.1969, -3.3622 -0.3622 0.1969, -3.3622 -0.3622 -0.5311, -3.3622 -0.3622 -1.0236, -3.4016 -0.4016 -1.1811, -3.4016 -0.5984 -1.1811, -3.5984 -0.4016 -1.1811, -3.5984 -0.5984 -1.1811, -3.3622 -0.558 -1.0236, -3.3622 0.4573 -1.0236
            ]
        }
        coordIndex [
            0,1,2,-1,2,1,3,-1,4,5,6,-1,6,5,7,-1,6,7,8,-1,8,7,9,-1,8,9,10,-1,10,9,11,-1,10,11,4,-1,4,11,5,-1,12,13,14,-1,14,13,15,-1,14,15,16,-1,15,13,17,-1,17,13,18,-1,18,19,17,-1,17,19,20,-1,17,20,21,-1,22,23,24,-1,24,23,25,-1,26,27,28,-1,28,27,29,-1,30,31,32,-1,32,31,33,-1,32,33,34,-1,34,33,35,-1,34,35,36,-1,36,35,37,-1,36,37,30,-1,30,37,31,-1,38,39,40,-1,40,39,41,-1,40,41,42,-1,41,39,43,-1,43,39,44,-1,44,45,43,-1,43,45,46,-1,43,46,47,-1,48,49,50,-1,50,49,51,-1,32,29,30,-1,30,29,27,-1,34,28,32,-1,32,28,29,-1,26,36,27,-1,27,36,30,-1,36,26,34,-1,34,26,28,-1,6,3,4,-1,4,3,1,-1,8,2,6,-1,6,2,3,-1,0,10,1,-1,1,10,4,-1,10,0,8,-1,8,0,2,-1,49,42,51,-1,51,42,41,-1,42,49,52,-1,52,49,48,-1,52,48,47,-1,43,50,41,-1,41,50,51,-1,50,43,48,-1,48,43,47,-1,23,16,25,-1,25,16,15,-1,16,23,53,-1,53,23,22,-1,53,22,21,-1,17,24,15,-1,15,24,25,-1,24,17,22,-1,22,17,21,-1,
        ]
    }
}
Shape{
    appearance Appearance {
        material  Material 	{
            diffuseColor 0.0 0.0 0.0
            specularColor 0.0 0.0 0.0
            ambientIntensity 0.0
            transparency 0.0
            shininess 0.5
        }
    }
    geometry IndexedFaceSet {
        ccw TRUE
        solid FALSE
        coord DEF co Coordinate {
            point [
                -3.3661 0.5563 -0.6758, -3.3661 0.4579 -0.7142, -3.3622 0.5563 -0.6758, -3.3622 0.4579 -0.7142, -3.3661 0.4579 -0.6998, -3.3622 0.4579 -0.6998, -3.3661 0.4855 -0.6899, -3.3622 0.4855 -0.6899, -3.3661 0.4855 -0.6492, -3.3622 0.4855 -0.6492, -3.3661 0.4579 -0.6398, -3.3622 0.4579 -0.6398, -3.3661 0.4579 -0.6254, -3.3622 0.4579 -0.6254, -3.3661 0.5563 -0.6626, -3.3622 0.5563 -0.6626, -3.3661 0.4963 -0.6525, -3.3661 0.4963 -0.6854, -3.3661 0.5374 -0.6672, -3.3661 0.5408 -0.6681, -3.3661 0.5443 -0.6688, -3.3661 0.5443 -0.6691, -3.3661 0.5408 -0.6697, -3.3661 0.5374 -0.6706, -3.3622 0.4963 -0.6525, -3.3622 0.4963 -0.6854, -3.3622 0.5374 -0.6672, -3.3622 0.5408 -0.6681, -3.3622 0.5443 -0.6688, -3.3622 0.5443 -0.6691, -3.3622 0.5408 -0.6697, -3.3622 0.5374 -0.6706, -3.3661 0.4579 -0.5657, -3.3661 0.4579 -0.539, -3.3622 0.4579 -0.5657, -3.3622 0.4579 -0.539, -3.3661 0.5563 -0.539, -3.3622 0.5563 -0.539, -3.3661 0.5563 -0.5667, -3.3622 0.5563 -0.5667, -3.3661 0.5083 -0.6182, -3.3622 0.5083 -0.6182, -3.3622 0.5176 -0.6175, -3.3661 0.5176 -0.6175, -3.3622 0.5273 -0.6148, -3.3661 0.5273 -0.6148, -3.3622 0.5358 -0.6103, -3.3661 0.5358 -0.6103, -3.3622 0.5435 -0.6033, -3.3661 0.5435 -0.6033, -3.3622 0.5436 -0.6032, -3.3661 0.5436 -0.6032, -3.3622 0.5508 -0.5925, -3.3661 0.5508 -0.5925, -3.3622 0.5548 -0.581, -3.3661 0.5548 -0.581, -3.3622 0.459 -0.5779, -3.3661 0.459 -0.5779, -3.3622 0.4623 -0.5893, -3.3661 0.4623 -0.5893, -3.3622 0.4683 -0.5995, -3.3661 0.4683 -0.5995, -3.3622 0.4761 -0.6076, -3.3661 0.4761 -0.6076, -3.3622 0.4849 -0.6133, -3.3661 0.4849 -0.6133, -3.3622 0.4952 -0.6168, -3.3661 0.4952 -0.6168, -3.3661 0.5317 -0.5984, -3.3661 0.5368 -0.5937, -3.3661 0.5414 -0.5865, -3.3661 0.5443 -0.5783, -3.3661 0.5455 -0.5667, -3.3661 0.5455 -0.5522, -3.3661 0.4687 -0.5522, -3.3661 0.4687 -0.5661, -3.3661 0.4697 -0.5765, -3.3661 0.4723 -0.5848, -3.3661 0.4762 -0.5915, -3.3661 0.4817 -0.597, -3.3661 0.4885 -0.6012, -3.3661 0.4977 -0.6041, -3.3661 0.5081 -0.605, -3.3661 0.5179 -0.6042, -3.3661 0.5256 -0.6019, -3.3622 0.5455 -0.5667, -3.3622 0.5455 -0.5522, -3.3622 0.5443 -0.5783, -3.3622 0.5414 -0.5865, -3.3622 0.5368 -0.5937, -3.3622 0.5317 -0.5984, -3.3622 0.5256 -0.6019, -3.3622 0.5179 -0.6042, -3.3622 0.5081 -0.605, -3.3622 0.4977 -0.6041, -3.3622 0.4885 -0.6012, -3.3622 0.4817 -0.597, -3.3622 0.4762 -0.5915, -3.3622 0.4723 -0.5848, -3.3622 0.4697 -0.5765, -3.3622 0.4687 -0.5661, -3.3622 0.4687 -0.5522, -3.3661 0.4687 -0.5198, -3.3661 0.4579 -0.5198, -3.3622 0.4687 -0.5198, -3.3622 0.4579 -0.5198, -3.3661 0.4579 -0.467, -3.3622 0.4579 -0.467, -3.3661 0.5563 -0.467, -3.3622 0.5563 -0.467, -3.3661 0.5563 -0.5174, -3.3622 0.5563 -0.5174, -3.3661 0.5455 -0.5174, -3.3622 0.5455 -0.5174, -3.3661 0.5455 -0.4802, -3.3622 0.5455 -0.4802, -3.3661 0.5131 -0.4802, -3.3622 0.5131 -0.4802, -3.3661 0.5131 -0.515, -3.3622 0.5131 -0.515, -3.3661 0.5023 -0.515, -3.3622 0.5023 -0.515, -3.3661 0.5023 -0.4802, -3.3622 0.5023 -0.4802, -3.3661 0.4687 -0.4802, -3.3622 0.4687 -0.4802, -3.3661 0.4738 -0.4477, -3.3661 0.463 -0.4477, -3.3622 0.4738 -0.4477, -3.3622 0.463 -0.4477, -3.3661 0.4587 -0.4373, -3.3661 0.4567 -0.4207, -3.3622 0.4567 -0.4207, -3.3622 0.4567 -0.4234, -3.3661 0.4567 -0.4234, -3.3622 0.4573 -0.4273, -3.3622 0.4587 -0.4373, -3.3661 0.5053 -0.3745, -3.3622 0.5053 -0.3745, -3.3622 0.4939 -0.3755, -3.3661 0.4939 -0.3755, -3.3622 0.4834 -0.3784, -3.3661 0.4834 -0.3784, -3.3622 0.4741 -0.3837, -3.3661 0.4741 -0.3837, -3.3622 0.4663 -0.3911, -3.3661 0.4663 -0.3911, -3.3622 0.4612 -0.399, -3.3661 0.4612 -0.399, -3.3622 0.458 -0.4085, -3.3661 0.458 -0.4085, -3.3622 0.4573 -0.4149, -3.3661 0.5575 -0.4246, -3.3622 0.5575 -0.4246, -3.3622 0.5567 -0.4147, -3.3661 0.5567 -0.4147, -3.3622 0.5535 -0.4037, -3.3661 0.5535 -0.4037, -3.3622 0.5481 -0.3944, -3.3661 0.5481 -0.3944, -3.3622 0.5396 -0.3855, -3.3661 0.5396 -0.3855, -3.3622 0.5304 -0.3797, -3.3661 0.5304 -0.3797, -3.3622 0.5192 -0.3759, -3.3661 0.5192 -0.3759, -3.3661 0.5536 -0.4477, -3.3622 0.5536 -0.4477, -3.3622 0.5567 -0.4364, -3.3661 0.5567 -0.4364, -3.3661 0.5404 -0.4477, -3.3622 0.5404 -0.4477, -3.3661 0.5467 -0.4247, -3.3622 0.5467 -0.4247, -3.3622 0.5452 -0.4367, -3.3661 0.5452 -0.4367, -3.3661 0.5061 -0.3877, -3.3622 0.5061 -0.3877, -3.3622 0.5137 -0.3882, -3.3661 0.5137 -0.3882, -3.3622 0.5243 -0.3908, -3.3661 0.5243 -0.3908, -3.3622 0.5319 -0.3949, -3.3661 0.5319 -0.3949, -3.3622 0.5384 -0.4008, -3.3661 0.5384 -0.4008, -3.3622 0.543 -0.4076, -3.3661 0.543 -0.4076, -3.3622 0.5456 -0.415, -3.3661 0.5456 -0.415, -3.3661 0.4675 -0.4225, -3.3622 0.4675 -0.4225, -3.3622 0.4685 -0.4133, -3.3661 0.4685 -0.4133, -3.3622 0.4712 -0.4061, -3.3661 0.4712 -0.4061, -3.3622 0.4752 -0.4001, -3.3661 0.4752 -0.4001, -3.3622 0.4801 -0.3955, -3.3661 0.4801 -0.3955, -3.3622 0.4869 -0.3914, -3.3661 0.4869 -0.3914, -3.3622 0.4954 -0.3887, -3.3661 0.4954 -0.3887, -3.3622 0.4728 -0.446, -3.3661 0.4728 -0.446, -3.3622 0.4689 -0.4356, -3.3661 0.4689 -0.4356, -3.3661 0.4687 -0.3661, -3.3661 0.4579 -0.3661, -3.3622 0.4687 -0.3661, -3.3622 0.4579 -0.3661, -3.3661 0.4579 -0.3157, -3.3622 0.4579 -0.3157, -3.3661 0.5563 -0.3157, -3.3622 0.5563 -0.3157, -3.3661 0.5563 -0.3289, -3.3622 0.5563 -0.3289, -3.3661 0.4687 -0.3289, -3.3622 0.4687 -0.3289
            ]
        }
        coordIndex [
            0,1,2,-1,2,1,3,-1,1,4,3,-1,3,4,5,-1,4,6,5,-1,5,6,7,-1,6,8,7,-1,7,8,9,-1,8,10,9,-1,9,10,11,-1,10,12,11,-1,11,12,13,-1,12,14,13,-1,13,14,15,-1,14,0,15,-1,15,0,2,-1,16,8,17,-1,17,8,6,-1,18,14,16,-1,16,14,12,-1,16,12,8,-1,8,12,10,-1,18,19,14,-1,14,19,20,-1,14,20,0,-1,0,20,21,-1,0,21,22,-1,22,23,0,-1,0,23,17,-1,0,17,1,-1,1,17,6,-1,1,6,4,-1,16,17,24,-1,24,17,25,-1,18,16,26,-1,26,16,24,-1,18,26,27,-1,18,27,19,-1,19,27,28,-1,19,28,20,-1,21,20,29,-1,29,20,28,-1,21,29,30,-1,21,30,22,-1,22,30,31,-1,22,31,23,-1,17,23,25,-1,25,23,31,-1,32,33,34,-1,34,33,35,-1,33,36,35,-1,35,36,37,-1,36,38,37,-1,37,38,39,-1,40,41,42,-1,40,42,43,-1,43,42,44,-1,43,44,45,-1,45,44,46,-1,45,46,47,-1,47,46,48,-1,47,48,49,-1,49,48,50,-1,49,50,51,-1,51,50,52,-1,51,52,53,-1,53,52,54,-1,53,54,55,-1,55,54,39,-1,55,39,38,-1,32,34,56,-1,32,56,57,-1,57,56,58,-1,57,58,59,-1,59,58,60,-1,59,60,61,-1,61,60,62,-1,61,62,63,-1,63,62,64,-1,63,64,65,-1,65,64,66,-1,65,66,67,-1,67,66,41,-1,67,41,40,-1,45,47,68,-1,68,47,49,-1,68,49,69,-1,69,49,51,-1,69,51,70,-1,70,51,53,-1,70,53,71,-1,71,53,55,-1,71,55,72,-1,72,55,38,-1,72,38,73,-1,73,38,36,-1,73,36,74,-1,74,36,33,-1,74,33,75,-1,75,33,32,-1,75,32,76,-1,76,32,57,-1,76,57,77,-1,77,57,59,-1,77,59,78,-1,78,59,61,-1,78,61,79,-1,79,61,63,-1,79,63,80,-1,80,63,65,-1,80,65,81,-1,81,65,67,-1,81,67,82,-1,82,67,40,-1,82,40,83,-1,83,40,43,-1,83,43,84,-1,84,43,45,-1,84,45,68,-1,72,73,85,-1,85,73,86,-1,72,85,87,-1,72,87,71,-1,71,87,88,-1,71,88,70,-1,70,88,89,-1,70,89,69,-1,69,89,90,-1,69,90,68,-1,68,90,91,-1,68,91,84,-1,84,91,92,-1,84,92,83,-1,83,92,93,-1,83,93,82,-1,82,93,94,-1,82,94,81,-1,81,94,95,-1,81,95,80,-1,80,95,96,-1,80,96,79,-1,79,96,97,-1,79,97,78,-1,78,97,98,-1,78,98,77,-1,77,98,99,-1,77,99,76,-1,76,99,100,-1,76,100,75,-1,74,75,101,-1,101,75,100,-1,73,74,86,-1,86,74,101,-1,102,103,104,-1,104,103,105,-1,103,106,105,-1,105,106,107,-1,106,108,107,-1,107,108,109,-1,108,110,109,-1,109,110,111,-1,110,112,111,-1,111,112,113,-1,112,114,113,-1,113,114,115,-1,114,116,115,-1,115,116,117,-1,116,118,117,-1,117,118,119,-1,118,120,119,-1,119,120,121,-1,120,122,121,-1,121,122,123,-1,122,124,123,-1,123,124,125,-1,124,102,125,-1,125,102,104,-1,106,103,102,-1,102,124,106,-1,106,124,122,-1,106,122,108,-1,112,110,114,-1,114,110,108,-1,114,108,116,-1,116,108,122,-1,116,122,118,-1,118,122,120,-1,126,127,128,-1,128,127,129,-1,129,127,130,-1,131,132,133,-1,131,133,134,-1,134,133,135,-1,134,135,130,-1,130,135,136,-1,130,136,129,-1,137,138,139,-1,137,139,140,-1,140,139,141,-1,140,141,142,-1,142,141,143,-1,142,143,144,-1,144,143,145,-1,144,145,146,-1,146,145,147,-1,146,147,148,-1,148,147,149,-1,148,149,150,-1,150,149,131,-1,131,149,151,-1,131,151,132,-1,152,153,154,-1,152,154,155,-1,155,154,156,-1,155,156,157,-1,157,156,158,-1,157,158,159,-1,159,158,160,-1,159,160,161,-1,161,160,162,-1,161,162,163,-1,163,162,164,-1,163,164,165,-1,165,164,138,-1,165,138,137,-1,166,167,168,-1,166,168,169,-1,169,168,153,-1,169,153,152,-1,166,170,167,-1,167,170,171,-1,172,173,174,-1,172,174,175,-1,175,174,171,-1,175,171,170,-1,176,177,178,-1,176,178,179,-1,179,178,180,-1,179,180,181,-1,181,180,182,-1,181,182,183,-1,183,182,184,-1,183,184,185,-1,185,184,186,-1,185,186,187,-1,187,186,188,-1,187,188,189,-1,189,188,173,-1,189,173,172,-1,190,191,192,-1,190,192,193,-1,193,192,194,-1,193,194,195,-1,195,194,196,-1,195,196,197,-1,197,196,198,-1,197,198,199,-1,199,198,200,-1,199,200,201,-1,201,200,202,-1,201,202,203,-1,203,202,177,-1,203,177,176,-1,126,128,204,-1,126,204,205,-1,205,204,206,-1,205,206,207,-1,207,206,191,-1,207,191,190,-1,193,131,190,-1,190,131,134,-1,190,134,207,-1,207,134,130,-1,207,130,205,-1,205,130,127,-1,205,127,126,-1,170,166,175,-1,175,166,169,-1,175,169,172,-1,172,169,152,-1,172,152,189,-1,189,152,155,-1,189,155,187,-1,187,155,157,-1,187,157,185,-1,185,157,159,-1,185,159,183,-1,183,159,161,-1,183,161,181,-1,181,161,163,-1,181,163,179,-1,179,163,165,-1,179,165,176,-1,176,165,137,-1,176,137,203,-1,203,137,140,-1,203,140,201,-1,201,140,142,-1,201,142,199,-1,199,142,144,-1,199,144,197,-1,197,144,146,-1,197,146,195,-1,195,146,148,-1,195,148,193,-1,193,148,150,-1,193,150,131,-1,208,209,210,-1,210,209,211,-1,209,212,211,-1,211,212,213,-1,212,214,213,-1,213,214,215,-1,214,216,215,-1,215,216,217,-1,216,218,217,-1,217,218,219,-1,218,208,219,-1,219,208,210,-1,216,214,218,-1,218,214,212,-1,218,212,208,-1,208,212,209,-1,
        ]
    }
}
Shape{
    appearance Appearance {
        material  Material 	{
            diffuseColor 0.9490196078431372 0.7607843137254902 0.1803921568627451
            specularColor 0.7607843137254902 0.6078431372549019 0.1450980392156863
            ambientIntensity 0.7509
            transparency 0.0
            shininess 0.5
        }
    }
    geometry IndexedFaceSet {
        ccw TRUE
        solid FALSE
        coord DEF co Coordinate {
            point [
                -3.3622 0.4963 -0.6525, -3.3622 0.4963 -0.6854, -3.3622 0.5374 -0.6672, -3.3622 0.5374 -0.6706, -3.3622 0.5408 -0.6681, -3.3622 0.5408 -0.6697, -3.3622 0.5443 -0.6688, -3.3622 0.5443 -0.6691, -3.3622 0.5455 -0.5522, -3.3622 0.4687 -0.5522, -3.3622 0.5455 -0.5667, -3.3622 0.4687 -0.5661, -3.3622 0.4697 -0.5765, -3.3622 0.5081 -0.605, -3.3622 0.5179 -0.6042, -3.3622 0.5256 -0.6019, -3.3622 0.5443 -0.5783, -3.3622 0.4723 -0.5848, -3.3622 0.4762 -0.5915, -3.3622 0.4817 -0.597, -3.3622 0.4885 -0.6012, -3.3622 0.4977 -0.6041, -3.3622 0.5317 -0.5984, -3.3622 0.5368 -0.5937, -3.3622 0.5414 -0.5865
            ]
        }
        coordIndex [
            0,1,2,-1,2,1,3,-1,2,3,4,-1,4,3,5,-1,4,5,6,-1,6,5,7,-1,8,9,10,-1,10,9,11,-1,10,11,12,-1,13,14,10,-1,10,14,15,-1,10,15,16,-1,12,17,10,-1,10,17,18,-1,10,18,19,-1,19,20,10,-1,10,20,21,-1,10,21,13,-1,22,23,15,-1,15,23,24,-1,15,24,16,-1,
        ]
    }
}
Shape{
    appearance Appearance {
        material  Material 	{
            diffuseColor 0.0 0.0 0.0
            specularColor 0.0 0.0 0.0
            ambientIntensity 0.0
            transparency 0.0
            shininess 0.5
        }
    }
    geometry IndexedFaceSet {
        ccw TRUE
        solid FALSE
        coord DEF co Coordinate {
            point [
                -3.3661 -0.4589 -0.6775, -3.3661 -0.5574 -0.716, -3.3622 -0.4589 -0.6775, -3.3622 -0.5574 -0.716, -3.3661 -0.5574 -0.7016, -3.3622 -0.5574 -0.7016, -3.3661 -0.5297 -0.6916, -3.3622 -0.5297 -0.6916, -3.3661 -0.5297 -0.6509, -3.3622 -0.5297 -0.6509, -3.3661 -0.5574 -0.6415, -3.3622 -0.5574 -0.6415, -3.3661 -0.5574 -0.6271, -3.3622 -0.5574 -0.6271, -3.3661 -0.4589 -0.6643, -3.3622 -0.4589 -0.6643, -3.3661 -0.5189 -0.6543, -3.3661 -0.4778 -0.6689, -3.3661 -0.4744 -0.6699, -3.3661 -0.4709 -0.6705, -3.3661 -0.4709 -0.6708, -3.3661 -0.4744 -0.6715, -3.3661 -0.4778 -0.6724, -3.3661 -0.5189 -0.6872, -3.3622 -0.5189 -0.6543, -3.3622 -0.5189 -0.6872, -3.3622 -0.4778 -0.6689, -3.3622 -0.4744 -0.6699, -3.3622 -0.4709 -0.6705, -3.3622 -0.4709 -0.6708, -3.3622 -0.4744 -0.6715, -3.3622 -0.4778 -0.6724, -3.3661 -0.5574 -0.5675, -3.3661 -0.5574 -0.5407, -3.3622 -0.5574 -0.5675, -3.3622 -0.5574 -0.5407, -3.3661 -0.4589 -0.5407, -3.3622 -0.4589 -0.5407, -3.3661 -0.4589 -0.5685, -3.3622 -0.4589 -0.5685, -3.3661 -0.5069 -0.6199, -3.3622 -0.5069 -0.6199, -3.3622 -0.4976 -0.6192, -3.3661 -0.4976 -0.6192, -3.3622 -0.4879 -0.6166, -3.3661 -0.4879 -0.6166, -3.3622 -0.4795 -0.612, -3.3661 -0.4795 -0.612, -3.3622 -0.4718 -0.605, -3.3661 -0.4718 -0.605, -3.3622 -0.4717 -0.6049, -3.3661 -0.4717 -0.6049, -3.3622 -0.4645 -0.5942, -3.3661 -0.4645 -0.5942, -3.3622 -0.4604 -0.5827, -3.3661 -0.4604 -0.5827, -3.3622 -0.5563 -0.5797, -3.3661 -0.5563 -0.5797, -3.3622 -0.5529 -0.591, -3.3661 -0.5529 -0.591, -3.3622 -0.5469 -0.6013, -3.3661 -0.5469 -0.6013, -3.3622 -0.5392 -0.6094, -3.3661 -0.5392 -0.6094, -3.3622 -0.5304 -0.615, -3.3661 -0.5304 -0.615, -3.3622 -0.5201 -0.6186, -3.3661 -0.5201 -0.6186, -3.3661 -0.4835 -0.6002, -3.3661 -0.4785 -0.5954, -3.3661 -0.4738 -0.5882, -3.3661 -0.471 -0.5801, -3.3661 -0.4697 -0.5684, -3.3661 -0.4697 -0.5539, -3.3661 -0.5465 -0.5539, -3.3661 -0.5465 -0.5679, -3.3661 -0.5456 -0.5783, -3.3661 -0.543 -0.5866, -3.3661 -0.539 -0.5933, -3.3661 -0.5336 -0.5988, -3.3661 -0.5268 -0.6029, -3.3661 -0.5175 -0.6058, -3.3661 -0.5072 -0.6067, -3.3661 -0.4974 -0.6059, -3.3661 -0.4896 -0.6036, -3.3622 -0.4697 -0.5684, -3.3622 -0.4697 -0.5539, -3.3622 -0.471 -0.5801, -3.3622 -0.4738 -0.5882, -3.3622 -0.4785 -0.5954, -3.3622 -0.4835 -0.6002, -3.3622 -0.4896 -0.6036, -3.3622 -0.4974 -0.6059, -3.3622 -0.5072 -0.6067, -3.3622 -0.5175 -0.6058, -3.3622 -0.5268 -0.6029, -3.3622 -0.5336 -0.5988, -3.3622 -0.539 -0.5933, -3.3622 -0.543 -0.5866, -3.3622 -0.5456 -0.5783, -3.3622 -0.5465 -0.5679, -3.3622 -0.5465 -0.5539, -3.3661 -0.5465 -0.5215, -3.3661 -0.5574 -0.5215, -3.3622 -0.5465 -0.5215, -3.3622 -0.5574 -0.5215, -3.3661 -0.5574 -0.4687, -3.3622 -0.5574 -0.4687, -3.3661 -0.4589 -0.4687, -3.3622 -0.4589 -0.4687, -3.3661 -0.4589 -0.5191, -3.3622 -0.4589 -0.5191, -3.3661 -0.4697 -0.5191, -3.3622 -0.4697 -0.5191, -3.3661 -0.4697 -0.4819, -3.3622 -0.4697 -0.4819, -3.3661 -0.5021 -0.4819, -3.3622 -0.5021 -0.4819, -3.3661 -0.5021 -0.5167, -3.3622 -0.5021 -0.5167, -3.3661 -0.5129 -0.5167, -3.3622 -0.5129 -0.5167, -3.3661 -0.5129 -0.4819, -3.3622 -0.5129 -0.4819, -3.3661 -0.5465 -0.4819, -3.3622 -0.5465 -0.4819, -3.3661 -0.5414 -0.4495, -3.3661 -0.5523 -0.4495, -3.3622 -0.5414 -0.4495, -3.3622 -0.5523 -0.4495, -3.3661 -0.5566 -0.439, -3.3661 -0.5586 -0.4224, -3.3622 -0.5586 -0.4224, -3.3622 -0.5585 -0.4251, -3.3661 -0.5585 -0.4251, -3.3622 -0.558 -0.4291, -3.3622 -0.5566 -0.439, -3.3661 -0.51 -0.3763, -3.3622 -0.51 -0.3763, -3.3622 -0.5214 -0.3772, -3.3661 -0.5214 -0.3772, -3.3622 -0.5318 -0.3802, -3.3661 -0.5318 -0.3802, -3.3622 -0.5412 -0.3854, -3.3661 -0.5412 -0.3854, -3.3622 -0.549 -0.3928, -3.3661 -0.549 -0.3928, -3.3622 -0.554 -0.4007, -3.3661 -0.554 -0.4007, -3.3622 -0.5573 -0.4103, -3.3661 -0.5573 -0.4103, -3.3622 -0.558 -0.4166, -3.3661 -0.4577 -0.4263, -3.3622 -0.4577 -0.4263, -3.3622 -0.4585 -0.4164, -3.3661 -0.4585 -0.4164, -3.3622 -0.4617 -0.4055, -3.3661 -0.4617 -0.4055, -3.3622 -0.4671 -0.3961, -3.3661 -0.4671 -0.3961, -3.3622 -0.4756 -0.3872, -3.3661 -0.4756 -0.3872, -3.3622 -0.4849 -0.3815, -3.3661 -0.4849 -0.3815, -3.3622 -0.496 -0.3777, -3.3661 -0.496 -0.3777, -3.3661 -0.4616 -0.4495, -3.3622 -0.4616 -0.4495, -3.3622 -0.4585 -0.4381, -3.3661 -0.4585 -0.4381, -3.3661 -0.4748 -0.4495, -3.3622 -0.4748 -0.4495, -3.3661 -0.4685 -0.4264, -3.3622 -0.4685 -0.4264, -3.3622 -0.4701 -0.4384, -3.3661 -0.4701 -0.4384, -3.3661 -0.5092 -0.3895, -3.3622 -0.5092 -0.3895, -3.3622 -0.5015 -0.3899, -3.3661 -0.5015 -0.3899, -3.3622 -0.491 -0.3926, -3.3661 -0.491 -0.3926, -3.3622 -0.4834 -0.3966, -3.3661 -0.4834 -0.3966, -3.3622 -0.4768 -0.4026, -3.3661 -0.4768 -0.4026, -3.3622 -0.4723 -0.4094, -3.3661 -0.4723 -0.4094, -3.3622 -0.4696 -0.4167, -3.3661 -0.4696 -0.4167, -3.3661 -0.5477 -0.4242, -3.3622 -0.5477 -0.4242, -3.3622 -0.5467 -0.415, -3.3661 -0.5467 -0.415, -3.3622 -0.5441 -0.4079, -3.3661 -0.5441 -0.4079, -3.3622 -0.54 -0.4018, -3.3661 -0.54 -0.4018, -3.3622 -0.5351 -0.3972, -3.3661 -0.5351 -0.3972, -3.3622 -0.5283 -0.3931, -3.3661 -0.5283 -0.3931, -3.3622 -0.5198 -0.3905, -3.3661 -0.5198 -0.3905, -3.3622 -0.5424 -0.4477, -3.3661 -0.5424 -0.4477, -3.3622 -0.5463 -0.4373, -3.3661 -0.5463 -0.4373, -3.3661 -0.5465 -0.3679, -3.3661 -0.5574 -0.3679, -3.3622 -0.5465 -0.3679, -3.3622 -0.5574 -0.3679, -3.3661 -0.5574 -0.3175, -3.3622 -0.5574 -0.3175, -3.3661 -0.4589 -0.3175, -3.3622 -0.4589 -0.3175, -3.3661 -0.4589 -0.3307, -3.3622 -0.4589 -0.3307, -3.3661 -0.5465 -0.3307, -3.3622 -0.5465 -0.3307
            ]
        }
        coordIndex [
            0,1,2,-1,2,1,3,-1,1,4,3,-1,3,4,5,-1,4,6,5,-1,5,6,7,-1,6,8,7,-1,7,8,9,-1,8,10,9,-1,9,10,11,-1,10,12,11,-1,11,12,13,-1,12,14,13,-1,13,14,15,-1,14,0,15,-1,15,0,2,-1,16,17,14,-1,12,10,8,-1,17,18,14,-1,14,18,19,-1,14,19,0,-1,0,19,20,-1,0,20,21,-1,21,22,0,-1,0,22,23,-1,0,23,1,-1,4,1,6,-1,6,1,23,-1,6,23,8,-1,8,23,16,-1,8,16,12,-1,12,16,14,-1,16,23,24,-1,24,23,25,-1,17,16,26,-1,26,16,24,-1,17,26,27,-1,17,27,18,-1,18,27,28,-1,18,28,19,-1,20,19,29,-1,29,19,28,-1,20,29,30,-1,20,30,21,-1,21,30,31,-1,21,31,22,-1,23,22,25,-1,25,22,31,-1,32,33,34,-1,34,33,35,-1,33,36,35,-1,35,36,37,-1,36,38,37,-1,37,38,39,-1,40,41,42,-1,40,42,43,-1,43,42,44,-1,43,44,45,-1,45,44,46,-1,45,46,47,-1,47,46,48,-1,47,48,49,-1,49,48,50,-1,49,50,51,-1,51,50,52,-1,51,52,53,-1,53,52,54,-1,53,54,55,-1,55,54,39,-1,55,39,38,-1,32,34,56,-1,32,56,57,-1,57,56,58,-1,57,58,59,-1,59,58,60,-1,59,60,61,-1,61,60,62,-1,61,62,63,-1,63,62,64,-1,63,64,65,-1,65,64,66,-1,65,66,67,-1,67,66,41,-1,67,41,40,-1,45,47,68,-1,68,47,49,-1,68,49,69,-1,69,49,51,-1,69,51,70,-1,70,51,53,-1,70,53,71,-1,71,53,55,-1,71,55,72,-1,72,55,38,-1,72,38,73,-1,73,38,36,-1,73,36,74,-1,74,36,33,-1,74,33,75,-1,75,33,32,-1,75,32,76,-1,76,32,57,-1,76,57,77,-1,77,57,59,-1,77,59,78,-1,78,59,61,-1,78,61,79,-1,79,61,63,-1,79,63,80,-1,80,63,65,-1,80,65,81,-1,81,65,67,-1,81,67,82,-1,82,67,40,-1,82,40,83,-1,83,40,43,-1,83,43,84,-1,84,43,45,-1,84,45,68,-1,72,73,85,-1,85,73,86,-1,72,85,87,-1,72,87,71,-1,71,87,88,-1,71,88,70,-1,70,88,89,-1,70,89,69,-1,69,89,90,-1,69,90,68,-1,68,90,91,-1,68,91,84,-1,84,91,92,-1,84,92,83,-1,83,92,93,-1,83,93,82,-1,82,93,94,-1,82,94,81,-1,81,94,95,-1,81,95,80,-1,80,95,96,-1,80,96,79,-1,79,96,97,-1,79,97,78,-1,78,97,98,-1,78,98,77,-1,77,98,99,-1,77,99,76,-1,76,99,100,-1,76,100,75,-1,74,75,101,-1,101,75,100,-1,73,74,86,-1,86,74,101,-1,102,103,104,-1,104,103,105,-1,103,106,105,-1,105,106,107,-1,106,108,107,-1,107,108,109,-1,108,110,109,-1,109,110,111,-1,110,112,111,-1,111,112,113,-1,112,114,113,-1,113,114,115,-1,114,116,115,-1,115,116,117,-1,116,118,117,-1,117,118,119,-1,118,120,119,-1,119,120,121,-1,120,122,121,-1,121,122,123,-1,122,124,123,-1,123,124,125,-1,124,102,125,-1,125,102,104,-1,106,103,102,-1,102,124,106,-1,106,124,122,-1,106,122,108,-1,112,110,114,-1,114,110,108,-1,114,108,116,-1,116,108,122,-1,116,122,118,-1,118,122,120,-1,126,127,128,-1,128,127,129,-1,129,127,130,-1,131,132,133,-1,131,133,134,-1,134,133,135,-1,134,135,130,-1,130,135,136,-1,130,136,129,-1,137,138,139,-1,137,139,140,-1,140,139,141,-1,140,141,142,-1,142,141,143,-1,142,143,144,-1,144,143,145,-1,144,145,146,-1,146,145,147,-1,146,147,148,-1,148,147,149,-1,148,149,150,-1,150,149,131,-1,131,149,151,-1,131,151,132,-1,152,153,154,-1,152,154,155,-1,155,154,156,-1,155,156,157,-1,157,156,158,-1,157,158,159,-1,159,158,160,-1,159,160,161,-1,161,160,162,-1,161,162,163,-1,163,162,164,-1,163,164,165,-1,165,164,138,-1,165,138,137,-1,166,167,168,-1,166,168,169,-1,169,168,153,-1,169,153,152,-1,166,170,167,-1,167,170,171,-1,172,173,174,-1,172,174,175,-1,175,174,171,-1,175,171,170,-1,176,177,178,-1,176,178,179,-1,179,178,180,-1,179,180,181,-1,181,180,182,-1,181,182,183,-1,183,182,184,-1,183,184,185,-1,185,184,186,-1,185,186,187,-1,187,186,188,-1,187,188,189,-1,189,188,173,-1,189,173,172,-1,190,191,192,-1,190,192,193,-1,193,192,194,-1,193,194,195,-1,195,194,196,-1,195,196,197,-1,197,196,198,-1,197,198,199,-1,199,198,200,-1,199,200,201,-1,201,200,202,-1,201,202,203,-1,203,202,177,-1,203,177,176,-1,126,128,204,-1,126,204,205,-1,205,204,206,-1,205,206,207,-1,207,206,191,-1,207,191,190,-1,193,131,190,-1,190,131,134,-1,190,134,207,-1,207,134,130,-1,207,130,205,-1,205,130,127,-1,205,127,126,-1,170,166,175,-1,175,166,169,-1,175,169,172,-1,172,169,152,-1,172,152,189,-1,189,152,155,-1,189,155,187,-1,187,155,157,-1,187,157,185,-1,185,157,159,-1,185,159,183,-1,183,159,161,-1,183,161,181,-1,181,161,163,-1,181,163,179,-1,179,163,165,-1,179,165,176,-1,176,165,137,-1,176,137,203,-1,203,137,140,-1,203,140,201,-1,201,140,142,-1,201,142,199,-1,199,142,144,-1,199,144,197,-1,197,144,146,-1,197,146,195,-1,195,146,148,-1,195,148,193,-1,193,148,150,-1,193,150,131,-1,208,209,210,-1,210,209,211,-1,209,212,211,-1,211,212,213,-1,212,214,213,-1,213,214,215,-1,214,216,215,-1,215,216,217,-1,216,218,217,-1,217,218,219,-1,218,208,219,-1,219,208,210,-1,216,214,218,-1,218,214,212,-1,218,212,208,-1,208,212,209,-1,
        ]
    }
}
Shape{
    appearance Appearance {
        material  Material 	{
            diffuseColor 0.9490196078431372 0.7607843137254902 0.1803921568627451
            specularColor 0.7607843137254902 0.6078431372549019 0.1450980392156863
            ambientIntensity 0.7509
            transparency 0.0
            shininess 0.5
        }
    }
    geometry IndexedFaceSet {
        ccw TRUE
        solid FALSE
        coord DEF co Coordinate {
            point [
                -3.3622 -0.5189 -0.6543, -3.3622 -0.5189 -0.6872, -3.3622 -0.4778 -0.6689, -3.3622 -0.4778 -0.6724, -3.3622 -0.4744 -0.6699, -3.3622 -0.4744 -0.6715, -3.3622 -0.4709 -0.6705, -3.3622 -0.4709 -0.6708, -3.3622 -0.4697 -0.5539, -3.3622 -0.5465 -0.5539, -3.3622 -0.4697 -0.5684, -3.3622 -0.5465 -0.5679, -3.3622 -0.5456 -0.5783, -3.3622 -0.5072 -0.6067, -3.3622 -0.4974 -0.6059, -3.3622 -0.4896 -0.6036, -3.3622 -0.471 -0.5801, -3.3622 -0.543 -0.5866, -3.3622 -0.539 -0.5933, -3.3622 -0.5336 -0.5988, -3.3622 -0.5268 -0.6029, -3.3622 -0.5175 -0.6058, -3.3622 -0.4835 -0.6002, -3.3622 -0.4785 -0.5954, -3.3622 -0.4738 -0.5882, -2.3622 -0.4685 -0.4264, -2.3622 -0.4696 -0.4167, -2.3622 -0.5424 -0.4477, -2.3622 -0.4697 -0.5191, -2.3622 -0.4697 -0.4819, -2.3622 -0.5021 -0.4819, -2.3622 -0.5021 -0.5167, -2.3622 -0.5129 -0.5167, -2.3622 -0.558 -0.5311, -2.3622 -0.549 -0.3928, -2.3622 -0.5412 -0.3854, -2.3622 -0.5574 -0.3679, -2.3622 -0.558 -0.4166, -2.3622 -0.5574 -0.3175, -2.3622 -0.4701 -0.4384, -2.3622 -0.5414 -0.4495, -2.3622 -0.4748 -0.4495, -2.3622 -0.4589 -0.5191, -2.3622 -0.3622 -0.5311, -2.3622 -0.4589 -0.4687, -2.3622 -0.3622 0.1969, -2.3622 -0.4589 -0.3175, -2.3622 -0.4589 -0.3307, -2.3622 -0.4849 -0.3815, -2.3622 -0.4756 -0.3872, -2.3622 -0.4671 -0.3961, -2.3622 -0.4617 -0.4055, -2.3622 -0.5465 -0.3679, -2.3622 -0.5318 -0.3802, -2.3622 -0.5465 -0.3307, -2.3622 -0.4585 -0.4164, -2.3622 -0.4577 -0.4263, -2.3622 -0.4585 -0.4381, -2.3622 -0.4616 -0.4495, -2.3622 -0.5574 -0.4687, -2.3622 -0.5523 -0.4495, -2.3622 -0.5573 -0.4103, -2.3622 -0.554 -0.4007, -2.3622 -0.4723 -0.4094, -2.3622 -0.4768 -0.4026, -2.3622 -0.4834 -0.3966, -2.3622 -0.5092 -0.3895, -2.3622 -0.5198 -0.3905, -2.3622 -0.5283 -0.3931, -2.3622 -0.5467 -0.415, -2.3622 -0.5477 -0.4242, -2.3622 -0.5441 -0.4079, -2.3622 -0.54 -0.4018, -2.3622 -0.5351 -0.3972, -2.3622 -0.5463 -0.4373, -2.3622 -0.5214 -0.3772, -2.3622 -0.51 -0.3763, -2.3622 -0.496 -0.3777, -2.3622 -0.491 -0.3926, -2.3622 -0.5015 -0.3899, -2.3622 -0.5129 -0.4819, -2.3622 -0.5465 -0.4819, -2.3622 -0.5465 -0.5215, -2.3622 -0.5574 -0.5215, -2.3622 -0.558 -0.4291, -2.3622 -0.5585 -0.4251, -2.3622 -0.6378 -0.5311, -2.3622 -0.5586 -0.4224, -2.3622 -0.558 0.1969, -2.3622 -0.6378 0.1969, -2.3622 -0.4589 -0.6643, -2.3622 -0.4589 -0.6775, -2.3622 -0.5574 -0.7016, -2.3622 -0.5574 -0.716, -2.3622 -0.558 -1.0236, -2.3622 -0.3622 -1.0236, -2.3622 -0.5574 -0.5675, -2.3622 -0.5574 -0.5407, -2.3622 -0.4589 -0.5407, -2.3622 -0.4589 -0.5685, -2.3622 -0.4718 -0.605, -2.3622 -0.4795 -0.612, -2.3622 -0.4879 -0.6166, -2.3622 -0.5574 -0.6271, -2.3622 -0.5304 -0.615, -2.3622 -0.5392 -0.6094, -2.3622 -0.4604 -0.5827, -2.3622 -0.4645 -0.5942, -2.3622 -0.4717 -0.6049, -2.3622 -0.5469 -0.6013, -2.3622 -0.5529 -0.591, -2.3622 -0.5563 -0.5797, -2.3622 -0.5574 -0.6415, -2.3622 -0.5297 -0.6509, -2.3622 -0.5297 -0.6916, -2.3622 -0.4976 -0.6192, -2.3622 -0.5069 -0.6199, -2.3622 -0.5201 -0.6186, -2.3622 -0.5566 -0.439, -2.3622 -0.6378 -1.0236, -2.3622 0.5467 -0.4247, -2.3622 0.5456 -0.415, -2.3622 0.4728 -0.446, -2.3622 0.5563 -0.5174, -2.3622 0.6378 -0.5294, -2.3622 0.5563 -0.467, -2.3622 0.6378 0.1969, -2.3622 0.4663 -0.3911, -2.3622 0.4741 -0.3837, -2.3622 0.4579 -0.3661, -2.3622 0.4573 -0.4149, -2.3622 0.4579 -0.3157, -2.3622 0.5452 -0.4367, -2.3622 0.4738 -0.4477, -2.3622 0.5404 -0.4477, -2.3622 0.5023 -0.515, -2.3622 0.4573 -0.5294, -2.3622 0.5131 -0.515, -2.3622 0.5455 -0.5174, -2.3622 0.5131 -0.4802, -2.3622 0.5455 -0.4802, -2.3622 0.5563 -0.3157, -2.3622 0.5563 -0.3289, -2.3622 0.5304 -0.3797, -2.3622 0.5396 -0.3855, -2.3622 0.5481 -0.3944, -2.3622 0.5535 -0.4037, -2.3622 0.4687 -0.3661, -2.3622 0.4834 -0.3784, -2.3622 0.4687 -0.3289, -2.3622 0.5567 -0.4147, -2.3622 0.5575 -0.4246, -2.3622 0.5567 -0.4364, -2.3622 0.5536 -0.4477, -2.3622 0.4579 -0.467, -2.3622 0.463 -0.4477, -2.3622 0.458 -0.4085, -2.3622 0.4612 -0.399, -2.3622 0.543 -0.4076, -2.3622 0.5384 -0.4008, -2.3622 0.5319 -0.3949, -2.3622 0.5061 -0.3877, -2.3622 0.4954 -0.3887, -2.3622 0.4869 -0.3914, -2.3622 0.4685 -0.4133, -2.3622 0.4675 -0.4225, -2.3622 0.4712 -0.4061, -2.3622 0.4752 -0.4001, -2.3622 0.4801 -0.3955, -2.3622 0.4689 -0.4356, -2.3622 0.4939 -0.3755, -2.3622 0.5053 -0.3745, -2.3622 0.5192 -0.3759, -2.3622 0.5243 -0.3908, -2.3622 0.5137 -0.3882, -2.3622 0.5023 -0.4802, -2.3622 0.4687 -0.4802, -2.3622 0.4687 -0.5198, -2.3622 0.4579 -0.5198, -2.3622 0.4573 -0.4273, -2.3622 0.4567 -0.4234, -2.3622 0.3622 -0.5294, -2.3622 0.4567 -0.4207, -2.3622 0.4573 0.1969, -2.3622 0.3622 0.1969, -2.3622 0.5563 -0.6626, -2.3622 0.5563 -0.6758, -2.3622 0.4579 -0.5657, -2.3622 0.4579 -0.539, -2.3622 0.5563 -0.539, -2.3622 0.4579 -0.6998, -2.3622 0.4579 -0.7142, -2.3622 0.4573 -1.0236, -2.3622 0.6378 -1.0236, -2.3622 0.5563 -0.5667, -2.3622 0.5548 -0.581, -2.3622 0.5508 -0.5925, -2.3622 0.5436 -0.6032, -2.3622 0.4579 -0.6254, -2.3622 0.4849 -0.6133, -2.3622 0.4761 -0.6076, -2.3622 0.5435 -0.6033, -2.3622 0.5358 -0.6103, -2.3622 0.5273 -0.6148, -2.3622 0.4683 -0.5995, -2.3622 0.4623 -0.5893, -2.3622 0.459 -0.5779, -2.3622 0.4579 -0.6398, -2.3622 0.4855 -0.6492, -2.3622 0.4855 -0.6899, -2.3622 0.5176 -0.6175, -2.3622 0.5083 -0.6182, -2.3622 0.4952 -0.6168, -2.3622 0.4587 -0.4373, -2.3622 0.3622 -1.0236
            ]
        }
        coordIndex [
            0,1,2,-1,2,1,3,-1,2,3,4,-1,4,3,5,-1,4,5,6,-1,6,5,7,-1,8,9,10,-1,10,9,11,-1,10,11,12,-1,13,14,10,-1,10,14,15,-1,10,15,16,-1,12,17,10,-1,10,17,18,-1,10,18,19,-1,19,20,10,-1,10,20,21,-1,10,21,13,-1,22,23,15,-1,15,23,24,-1,15,24,16,-1,25,26,27,-1,28,29,30,-1,31,32,33,-1,34,35,36,-1,37,36,38,-1,25,27,39,-1,39,27,40,-1,39,40,41,-1,30,31,28,-1,28,31,33,-1,28,33,42,-1,42,33,43,-1,42,43,44,-1,44,43,45,-1,45,46,47,-1,48,49,47,-1,47,49,50,-1,47,50,51,-1,36,35,52,-1,52,35,53,-1,52,53,54,-1,51,55,47,-1,47,55,56,-1,47,56,45,-1,45,56,57,-1,45,57,44,-1,57,58,44,-1,44,58,41,-1,44,41,59,-1,59,41,40,-1,59,40,60,-1,37,61,36,-1,36,61,62,-1,36,62,34,-1,26,63,27,-1,27,63,64,-1,27,64,65,-1,66,67,27,-1,27,67,68,-1,69,70,71,-1,71,70,72,-1,68,73,27,-1,27,73,72,-1,27,72,74,-1,74,72,70,-1,53,75,54,-1,54,75,76,-1,54,76,47,-1,47,76,77,-1,47,77,48,-1,65,78,27,-1,27,78,79,-1,27,79,66,-1,80,81,32,-1,32,81,82,-1,32,82,33,-1,33,82,83,-1,33,83,59,-1,84,85,86,-1,86,85,87,-1,86,87,37,-1,46,45,38,-1,38,45,88,-1,38,88,37,-1,37,88,89,-1,37,89,86,-1,43,90,91,-1,92,33,93,-1,93,33,94,-1,93,94,91,-1,91,94,95,-1,91,95,43,-1,96,97,33,-1,33,97,98,-1,33,98,43,-1,43,98,99,-1,100,101,90,-1,90,101,102,-1,103,104,105,-1,99,106,43,-1,43,106,107,-1,43,107,90,-1,90,107,108,-1,90,108,100,-1,105,109,103,-1,103,109,110,-1,103,110,111,-1,111,96,103,-1,103,96,33,-1,103,33,112,-1,112,33,92,-1,112,92,113,-1,113,92,114,-1,102,115,90,-1,90,115,116,-1,90,116,103,-1,103,116,117,-1,103,117,104,-1,60,118,59,-1,59,118,84,-1,59,84,33,-1,33,84,86,-1,33,86,94,-1,94,86,119,-1,120,121,122,-1,123,124,125,-1,125,124,126,-1,127,128,129,-1,130,129,131,-1,120,122,132,-1,132,122,133,-1,132,133,134,-1,135,136,137,-1,137,136,138,-1,137,138,139,-1,139,138,140,-1,126,141,142,-1,143,144,142,-1,142,144,145,-1,142,145,146,-1,129,128,147,-1,147,128,148,-1,147,148,149,-1,146,150,142,-1,142,150,151,-1,142,151,126,-1,126,151,152,-1,126,152,125,-1,152,153,125,-1,125,153,134,-1,125,134,154,-1,154,134,133,-1,154,133,155,-1,130,156,129,-1,129,156,157,-1,129,157,127,-1,121,158,122,-1,122,158,159,-1,122,159,160,-1,161,162,122,-1,122,162,163,-1,164,165,166,-1,166,165,167,-1,163,168,122,-1,122,168,167,-1,122,167,169,-1,169,167,165,-1,148,170,149,-1,149,170,171,-1,149,171,142,-1,142,171,172,-1,142,172,143,-1,160,173,122,-1,122,173,174,-1,122,174,161,-1,175,176,135,-1,135,176,177,-1,135,177,136,-1,136,177,178,-1,136,178,154,-1,179,180,181,-1,181,180,182,-1,181,182,130,-1,141,126,131,-1,131,126,183,-1,131,183,130,-1,130,183,184,-1,130,184,181,-1,124,185,186,-1,187,188,136,-1,123,138,124,-1,124,138,136,-1,124,136,189,-1,189,136,188,-1,190,136,191,-1,191,136,192,-1,191,192,186,-1,186,192,193,-1,186,193,124,-1,189,194,124,-1,124,194,195,-1,124,195,185,-1,185,195,196,-1,185,196,197,-1,198,199,200,-1,197,201,185,-1,185,201,202,-1,185,202,203,-1,200,204,198,-1,198,204,205,-1,198,205,206,-1,206,187,198,-1,198,187,136,-1,198,136,207,-1,207,136,190,-1,207,190,208,-1,208,190,209,-1,203,210,185,-1,185,210,211,-1,185,211,198,-1,198,211,212,-1,198,212,199,-1,155,213,154,-1,154,213,179,-1,154,179,136,-1,136,179,181,-1,136,181,192,-1,192,181,214,-1,
        ]
    }
}
Shape{
    appearance Appearance {
        material  Material 	{
            diffuseColor 0.17647058823529413 0.17647058823529413 0.17647058823529413
            specularColor 0.050980392156862744 0.050980392156862744 0.050980392156862744
            ambientIntensity 0.251
            transparency 0.0
            shininess 0.5
        }
    }
    geometry IndexedFaceSet {
        ccw TRUE
        solid FALSE
        coord DEF co Coordinate {
            point [
                -2.3622 -0.6378 0.1969, -2.0 -0.8031 0.1969, -2.6378 -0.6378 0.1969, -3.0 -0.8031 0.1969, -2.6378 -0.3622 0.1969, -2.3622 -0.558 0.1969, -2.3622 -0.3622 0.1969, -2.0 0.8031 0.1969, -2.3622 0.6378 0.1969, -3.0 0.8031 0.1969, -2.6378 0.6378 0.1969, -2.6378 0.3622 0.1969, -2.3622 0.3622 0.1969, -2.3622 0.4573 0.1969, -2.8819 -1.0 0.0079, -2.8819 -1.0 0.9843, -3.0 -0.8819 0.0079, -3.0 -0.8819 0.9843, -2.1181 -1.0 0.0079, -2.1181 -1.0 0.9843, -2.0 -0.8819 0.0079, -2.0 -0.8819 0.9843, -2.0 -0.8031 0.0079, -2.0 0.8031 0.0079, -2.0 0.8819 0.0079, -2.0 0.8819 0.9843, -2.1181 1.0 0.0079, -2.1181 1.0 0.9843, -2.8819 1.0 0.0079, -2.8819 1.0 0.9843, -3.0 0.8819 0.0079, -3.0 0.8819 0.9843, -3.0 0.8031 0.0079, -3.0 -0.8031 0.0079, -2.6378 0.3622 0.9843, -2.3622 0.3622 0.9843, -2.6378 -0.3622 0.9843, -2.3622 -0.3622 0.9843, -2.6378 0.6378 0.9843, -2.3622 0.6378 0.9843, -2.3622 -0.6378 0.9843, -2.6378 -0.6378 0.9843
            ]
        }
        coordIndex [
            0,1,2,-1,2,1,3,-1,2,3,4,-1,0,5,1,-1,1,5,6,-1,1,6,7,-1,7,8,9,-1,9,8,10,-1,9,10,11,-1,3,9,4,-1,4,9,11,-1,4,11,6,-1,6,11,12,-1,6,12,7,-1,7,12,13,-1,7,13,8,-1,14,15,16,-1,16,15,17,-1,18,19,14,-1,14,19,15,-1,20,21,18,-1,18,21,19,-1,20,22,1,-1,23,24,7,-1,7,24,25,-1,7,25,1,-1,1,25,21,-1,1,21,20,-1,26,27,24,-1,24,27,25,-1,28,29,26,-1,26,29,27,-1,30,31,28,-1,28,31,29,-1,30,32,9,-1,33,16,3,-1,3,16,17,-1,3,17,9,-1,9,17,31,-1,9,31,30,-1,15,19,21,-1,31,17,34,-1,35,36,37,-1,31,34,29,-1,29,34,38,-1,29,38,27,-1,27,38,39,-1,27,39,25,-1,39,35,25,-1,25,35,37,-1,25,37,21,-1,21,37,40,-1,21,40,15,-1,15,40,41,-1,15,41,17,-1,17,41,36,-1,17,36,34,-1,34,36,35,-1,1,22,3,-1,3,22,33,-1,14,16,18,-1,18,16,33,-1,18,33,20,-1,20,33,22,-1,32,23,9,-1,9,23,7,-1,26,24,28,-1,28,24,23,-1,28,23,30,-1,30,23,32,-1,
        ]
    }
}
Shape{
    appearance Appearance {
        material  Material 	{
            diffuseColor 0.9490196078431372 0.7607843137254902 0.1803921568627451
            specularColor 0.7607843137254902 0.6078431372549019 0.1450980392156863
            ambientIntensity 0.7509
            transparency 0.0
            shininess 0.5
        }
    }
    geometry IndexedFaceSet {
        ccw TRUE
        solid FALSE
        coord DEF co Coordinate {
            point [
                -2.4016 0.4016 3.3465, -2.4016 0.5984 3.3465, -2.5984 0.4016 3.3465, -2.5984 0.5984 3.3465, -2.3622 0.6378 3.189, -2.3622 0.6378 0.9843, -2.6378 0.6378 3.189, -2.6378 0.6378 0.9843, -2.6378 0.3622 3.189, -2.6378 0.3622 0.9843, -2.3622 0.3622 3.189, -2.3622 0.3622 0.9843, -2.3622 0.3622 0.1969, -2.6378 0.3622 0.1969, -2.3622 0.3622 -0.5294, -2.6378 0.3622 -1.0236, -2.3622 0.3622 -1.0236, -2.6378 0.6378 -1.0236, -2.6378 0.6378 0.1969, -2.3622 0.6378 0.1969, -2.3622 0.6378 -0.5294, -2.3622 0.6378 -1.0236, -2.4016 0.5984 -1.1811, -2.4016 0.4016 -1.1811, -2.5984 0.5984 -1.1811, -2.5984 0.4016 -1.1811, -2.4016 -0.5984 3.3465, -2.4016 -0.4016 3.3465, -2.5984 -0.5984 3.3465, -2.5984 -0.4016 3.3465, -2.3622 -0.3622 3.189, -2.3622 -0.3622 0.9843, -2.6378 -0.3622 3.189, -2.6378 -0.3622 0.9843, -2.6378 -0.6378 3.189, -2.6378 -0.6378 0.9843, -2.3622 -0.6378 3.189, -2.3622 -0.6378 0.9843, -2.3622 -0.6378 0.1969, -2.6378 -0.6378 0.1969, -2.3622 -0.6378 -0.5311, -2.6378 -0.6378 -1.0236, -2.3622 -0.6378 -1.0236, -2.6378 -0.3622 -1.0236, -2.6378 -0.3622 0.1969, -2.3622 -0.3622 0.1969, -2.3622 -0.3622 -0.5311, -2.3622 -0.3622 -1.0236, -2.4016 -0.4016 -1.1811, -2.4016 -0.5984 -1.1811, -2.5984 -0.4016 -1.1811, -2.5984 -0.5984 -1.1811, -2.3622 -0.558 -1.0236, -2.3622 0.4573 -1.0236
            ]
        }
        coordIndex [
            0,1,2,-1,2,1,3,-1,4,5,6,-1,6,5,7,-1,6,7,8,-1,8,7,9,-1,8,9,10,-1,10,9,11,-1,10,11,4,-1,4,11,5,-1,12,13,14,-1,14,13,15,-1,14,15,16,-1,15,13,17,-1,17,13,18,-1,18,19,17,-1,17,19,20,-1,17,20,21,-1,22,23,24,-1,24,23,25,-1,26,27,28,-1,28,27,29,-1,30,31,32,-1,32,31,33,-1,32,33,34,-1,34,33,35,-1,34,35,36,-1,36,35,37,-1,36,37,30,-1,30,37,31,-1,38,39,40,-1,40,39,41,-1,40,41,42,-1,41,39,43,-1,43,39,44,-1,44,45,43,-1,43,45,46,-1,43,46,47,-1,48,49,50,-1,50,49,51,-1,32,29,30,-1,30,29,27,-1,34,28,32,-1,32,28,29,-1,26,36,27,-1,27,36,30,-1,36,26,34,-1,34,26,28,-1,6,3,4,-1,4,3,1,-1,8,2,6,-1,6,2,3,-1,0,10,1,-1,1,10,4,-1,10,0,8,-1,8,0,2,-1,49,42,51,-1,51,42,41,-1,42,49,52,-1,52,49,48,-1,52,48,47,-1,43,50,41,-1,41,50,51,-1,50,43,48,-1,48,43,47,-1,23,16,25,-1,25,16,15,-1,16,23,53,-1,53,23,22,-1,53,22,21,-1,17,24,15,-1,15,24,25,-1,24,17,22,-1,22,17,21,-1,
        ]
    }
}
Shape{
    appearance Appearance {
        material  Material 	{
            diffuseColor 0.0 0.0 0.0
            specularColor 0.0 0.0 0.0
            ambientIntensity 0.0
            transparency 0.0
            shininess 0.5
        }
    }
    geometry IndexedFaceSet {
        ccw TRUE
        solid FALSE
        coord DEF co Coordinate {
            point [
                -2.3661 0.5563 -0.6758, -2.3661 0.4579 -0.7142, -2.3622 0.5563 -0.6758, -2.3622 0.4579 -0.7142, -2.3661 0.4579 -0.6998, -2.3622 0.4579 -0.6998, -2.3661 0.4855 -0.6899, -2.3622 0.4855 -0.6899, -2.3661 0.4855 -0.6492, -2.3622 0.4855 -0.6492, -2.3661 0.4579 -0.6398, -2.3622 0.4579 -0.6398, -2.3661 0.4579 -0.6254, -2.3622 0.4579 -0.6254, -2.3661 0.5563 -0.6626, -2.3622 0.5563 -0.6626, -2.3661 0.4963 -0.6525, -2.3661 0.4963 -0.6854, -2.3661 0.5374 -0.6672, -2.3661 0.5408 -0.6681, -2.3661 0.5443 -0.6688, -2.3661 0.5443 -0.6691, -2.3661 0.5408 -0.6697, -2.3661 0.5374 -0.6706, -2.3622 0.4963 -0.6525, -2.3622 0.4963 -0.6854, -2.3622 0.5374 -0.6672, -2.3622 0.5408 -0.6681, -2.3622 0.5443 -0.6688, -2.3622 0.5443 -0.6691, -2.3622 0.5408 -0.6697, -2.3622 0.5374 -0.6706, -2.3661 0.4579 -0.5657, -2.3661 0.4579 -0.539, -2.3622 0.4579 -0.5657, -2.3622 0.4579 -0.539, -2.3661 0.5563 -0.539, -2.3622 0.5563 -0.539, -2.3661 0.5563 -0.5667, -2.3622 0.5563 -0.5667, -2.3661 0.5083 -0.6182, -2.3622 0.5083 -0.6182, -2.3622 0.5176 -0.6175, -2.3661 0.5176 -0.6175, -2.3622 0.5273 -0.6148, -2.3661 0.5273 -0.6148, -2.3622 0.5358 -0.6103, -2.3661 0.5358 -0.6103, -2.3622 0.5435 -0.6033, -2.3661 0.5435 -0.6033, -2.3622 0.5436 -0.6032, -2.3661 0.5436 -0.6032, -2.3622 0.5508 -0.5925, -2.3661 0.5508 -0.5925, -2.3622 0.5548 -0.581, -2.3661 0.5548 -0.581, -2.3622 0.459 -0.5779, -2.3661 0.459 -0.5779, -2.3622 0.4623 -0.5893, -2.3661 0.4623 -0.5893, -2.3622 0.4683 -0.5995, -2.3661 0.4683 -0.5995, -2.3622 0.4761 -0.6076, -2.3661 0.4761 -0.6076, -2.3622 0.4849 -0.6133, -2.3661 0.4849 -0.6133, -2.3622 0.4952 -0.6168, -2.3661 0.4952 -0.6168, -2.3661 0.5317 -0.5984, -2.3661 0.5368 -0.5937, -2.3661 0.5414 -0.5865, -2.3661 0.5443 -0.5783, -2.3661 0.5455 -0.5667, -2.3661 0.5455 -0.5522, -2.3661 0.4687 -0.5522, -2.3661 0.4687 -0.5661, -2.3661 0.4697 -0.5765, -2.3661 0.4723 -0.5848, -2.3661 0.4762 -0.5915, -2.3661 0.4817 -0.597, -2.3661 0.4885 -0.6012, -2.3661 0.4977 -0.6041, -2.3661 0.5081 -0.605, -2.3661 0.5179 -0.6042, -2.3661 0.5256 -0.6019, -2.3622 0.5455 -0.5667, -2.3622 0.5455 -0.5522, -2.3622 0.5443 -0.5783, -2.3622 0.5414 -0.5865, -2.3622 0.5368 -0.5937, -2.3622 0.5317 -0.5984, -2.3622 0.5256 -0.6019, -2.3622 0.5179 -0.6042, -2.3622 0.5081 -0.605, -2.3622 0.4977 -0.6041, -2.3622 0.4885 -0.6012, -2.3622 0.4817 -0.597, -2.3622 0.4762 -0.5915, -2.3622 0.4723 -0.5848, -2.3622 0.4697 -0.5765, -2.3622 0.4687 -0.5661, -2.3622 0.4687 -0.5522, -2.3661 0.4687 -0.5198, -2.3661 0.4579 -0.5198, -2.3622 0.4687 -0.5198, -2.3622 0.4579 -0.5198, -2.3661 0.4579 -0.467, -2.3622 0.4579 -0.467, -2.3661 0.5563 -0.467, -2.3622 0.5563 -0.467, -2.3661 0.5563 -0.5174, -2.3622 0.5563 -0.5174, -2.3661 0.5455 -0.5174, -2.3622 0.5455 -0.5174, -2.3661 0.5455 -0.4802, -2.3622 0.5455 -0.4802, -2.3661 0.5131 -0.4802, -2.3622 0.5131 -0.4802, -2.3661 0.5131 -0.515, -2.3622 0.5131 -0.515, -2.3661 0.5023 -0.515, -2.3622 0.5023 -0.515, -2.3661 0.5023 -0.4802, -2.3622 0.5023 -0.4802, -2.3661 0.4687 -0.4802, -2.3622 0.4687 -0.4802, -2.3661 0.4738 -0.4477, -2.3661 0.463 -0.4477, -2.3622 0.4738 -0.4477, -2.3622 0.463 -0.4477, -2.3661 0.4587 -0.4373, -2.3661 0.4567 -0.4207, -2.3622 0.4567 -0.4207, -2.3622 0.4567 -0.4234, -2.3661 0.4567 -0.4234, -2.3622 0.4573 -0.4273, -2.3622 0.4587 -0.4373, -2.3661 0.5053 -0.3745, -2.3622 0.5053 -0.3745, -2.3622 0.4939 -0.3755, -2.3661 0.4939 -0.3755, -2.3622 0.4834 -0.3784, -2.3661 0.4834 -0.3784, -2.3622 0.4741 -0.3837, -2.3661 0.4741 -0.3837, -2.3622 0.4663 -0.3911, -2.3661 0.4663 -0.3911, -2.3622 0.4612 -0.399, -2.3661 0.4612 -0.399, -2.3622 0.458 -0.4085, -2.3661 0.458 -0.4085, -2.3622 0.4573 -0.4149, -2.3661 0.5575 -0.4246, -2.3622 0.5575 -0.4246, -2.3622 0.5567 -0.4147, -2.3661 0.5567 -0.4147, -2.3622 0.5535 -0.4037, -2.3661 0.5535 -0.4037, -2.3622 0.5481 -0.3944, -2.3661 0.5481 -0.3944, -2.3622 0.5396 -0.3855, -2.3661 0.5396 -0.3855, -2.3622 0.5304 -0.3797, -2.3661 0.5304 -0.3797, -2.3622 0.5192 -0.3759, -2.3661 0.5192 -0.3759, -2.3661 0.5536 -0.4477, -2.3622 0.5536 -0.4477, -2.3622 0.5567 -0.4364, -2.3661 0.5567 -0.4364, -2.3661 0.5404 -0.4477, -2.3622 0.5404 -0.4477, -2.3661 0.5467 -0.4247, -2.3622 0.5467 -0.4247, -2.3622 0.5452 -0.4367, -2.3661 0.5452 -0.4367, -2.3661 0.5061 -0.3877, -2.3622 0.5061 -0.3877, -2.3622 0.5137 -0.3882, -2.3661 0.5137 -0.3882, -2.3622 0.5243 -0.3908, -2.3661 0.5243 -0.3908, -2.3622 0.5319 -0.3949, -2.3661 0.5319 -0.3949, -2.3622 0.5384 -0.4008, -2.3661 0.5384 -0.4008, -2.3622 0.543 -0.4076, -2.3661 0.543 -0.4076, -2.3622 0.5456 -0.415, -2.3661 0.5456 -0.415, -2.3661 0.4675 -0.4225, -2.3622 0.4675 -0.4225, -2.3622 0.4685 -0.4133, -2.3661 0.4685 -0.4133, -2.3622 0.4712 -0.4061, -2.3661 0.4712 -0.4061, -2.3622 0.4752 -0.4001, -2.3661 0.4752 -0.4001, -2.3622 0.4801 -0.3955, -2.3661 0.4801 -0.3955, -2.3622 0.4869 -0.3914, -2.3661 0.4869 -0.3914, -2.3622 0.4954 -0.3887, -2.3661 0.4954 -0.3887, -2.3622 0.4728 -0.446, -2.3661 0.4728 -0.446, -2.3622 0.4689 -0.4356, -2.3661 0.4689 -0.4356, -2.3661 0.4687 -0.3661, -2.3661 0.4579 -0.3661, -2.3622 0.4687 -0.3661, -2.3622 0.4579 -0.3661, -2.3661 0.4579 -0.3157, -2.3622 0.4579 -0.3157, -2.3661 0.5563 -0.3157, -2.3622 0.5563 -0.3157, -2.3661 0.5563 -0.3289, -2.3622 0.5563 -0.3289, -2.3661 0.4687 -0.3289, -2.3622 0.4687 -0.3289
            ]
        }
        coordIndex [
            0,1,2,-1,2,1,3,-1,1,4,3,-1,3,4,5,-1,4,6,5,-1,5,6,7,-1,6,8,7,-1,7,8,9,-1,8,10,9,-1,9,10,11,-1,10,12,11,-1,11,12,13,-1,12,14,13,-1,13,14,15,-1,14,0,15,-1,15,0,2,-1,16,8,17,-1,17,8,6,-1,18,14,16,-1,16,14,12,-1,16,12,8,-1,8,12,10,-1,18,19,14,-1,14,19,20,-1,14,20,0,-1,0,20,21,-1,0,21,22,-1,22,23,0,-1,0,23,17,-1,0,17,1,-1,1,17,6,-1,1,6,4,-1,16,17,24,-1,24,17,25,-1,18,16,26,-1,26,16,24,-1,18,26,27,-1,18,27,19,-1,19,27,28,-1,19,28,20,-1,21,20,29,-1,29,20,28,-1,21,29,30,-1,21,30,22,-1,22,30,31,-1,22,31,23,-1,17,23,25,-1,25,23,31,-1,32,33,34,-1,34,33,35,-1,33,36,35,-1,35,36,37,-1,36,38,37,-1,37,38,39,-1,40,41,42,-1,40,42,43,-1,43,42,44,-1,43,44,45,-1,45,44,46,-1,45,46,47,-1,47,46,48,-1,47,48,49,-1,49,48,50,-1,49,50,51,-1,51,50,52,-1,51,52,53,-1,53,52,54,-1,53,54,55,-1,55,54,39,-1,55,39,38,-1,32,34,56,-1,32,56,57,-1,57,56,58,-1,57,58,59,-1,59,58,60,-1,59,60,61,-1,61,60,62,-1,61,62,63,-1,63,62,64,-1,63,64,65,-1,65,64,66,-1,65,66,67,-1,67,66,41,-1,67,41,40,-1,45,47,68,-1,68,47,49,-1,68,49,69,-1,69,49,51,-1,69,51,70,-1,70,51,53,-1,70,53,71,-1,71,53,55,-1,71,55,72,-1,72,55,38,-1,72,38,73,-1,73,38,36,-1,73,36,74,-1,74,36,33,-1,74,33,75,-1,75,33,32,-1,75,32,76,-1,76,32,57,-1,76,57,77,-1,77,57,59,-1,77,59,78,-1,78,59,61,-1,78,61,79,-1,79,61,63,-1,79,63,80,-1,80,63,65,-1,80,65,81,-1,81,65,67,-1,81,67,82,-1,82,67,40,-1,82,40,83,-1,83,40,43,-1,83,43,84,-1,84,43,45,-1,84,45,68,-1,72,73,85,-1,85,73,86,-1,72,85,87,-1,72,87,71,-1,71,87,88,-1,71,88,70,-1,70,88,89,-1,70,89,69,-1,69,89,90,-1,69,90,68,-1,68,90,91,-1,68,91,84,-1,84,91,92,-1,84,92,83,-1,83,92,93,-1,83,93,82,-1,82,93,94,-1,82,94,81,-1,81,94,95,-1,81,95,80,-1,80,95,96,-1,80,96,79,-1,79,96,97,-1,79,97,78,-1,78,97,98,-1,78,98,77,-1,77,98,99,-1,77,99,76,-1,76,99,100,-1,76,100,75,-1,74,75,101,-1,101,75,100,-1,73,74,86,-1,86,74,101,-1,102,103,104,-1,104,103,105,-1,103,106,105,-1,105,106,107,-1,106,108,107,-1,107,108,109,-1,108,110,109,-1,109,110,111,-1,110,112,111,-1,111,112,113,-1,112,114,113,-1,113,114,115,-1,114,116,115,-1,115,116,117,-1,116,118,117,-1,117,118,119,-1,118,120,119,-1,119,120,121,-1,120,122,121,-1,121,122,123,-1,122,124,123,-1,123,124,125,-1,124,102,125,-1,125,102,104,-1,106,103,102,-1,102,124,106,-1,106,124,122,-1,106,122,108,-1,112,110,114,-1,114,110,108,-1,114,108,116,-1,116,108,122,-1,116,122,118,-1,118,122,120,-1,126,127,128,-1,128,127,129,-1,129,127,130,-1,131,132,133,-1,131,133,134,-1,134,133,135,-1,134,135,130,-1,130,135,136,-1,130,136,129,-1,137,138,139,-1,137,139,140,-1,140,139,141,-1,140,141,142,-1,142,141,143,-1,142,143,144,-1,144,143,145,-1,144,145,146,-1,146,145,147,-1,146,147,148,-1,148,147,149,-1,148,149,150,-1,150,149,131,-1,131,149,151,-1,131,151,132,-1,152,153,154,-1,152,154,155,-1,155,154,156,-1,155,156,157,-1,157,156,158,-1,157,158,159,-1,159,158,160,-1,159,160,161,-1,161,160,162,-1,161,162,163,-1,163,162,164,-1,163,164,165,-1,165,164,138,-1,165,138,137,-1,166,167,168,-1,166,168,169,-1,169,168,153,-1,169,153,152,-1,166,170,167,-1,167,170,171,-1,172,173,174,-1,172,174,175,-1,175,174,171,-1,175,171,170,-1,176,177,178,-1,176,178,179,-1,179,178,180,-1,179,180,181,-1,181,180,182,-1,181,182,183,-1,183,182,184,-1,183,184,185,-1,185,184,186,-1,185,186,187,-1,187,186,188,-1,187,188,189,-1,189,188,173,-1,189,173,172,-1,190,191,192,-1,190,192,193,-1,193,192,194,-1,193,194,195,-1,195,194,196,-1,195,196,197,-1,197,196,198,-1,197,198,199,-1,199,198,200,-1,199,200,201,-1,201,200,202,-1,201,202,203,-1,203,202,177,-1,203,177,176,-1,126,128,204,-1,126,204,205,-1,205,204,206,-1,205,206,207,-1,207,206,191,-1,207,191,190,-1,193,131,190,-1,190,131,134,-1,190,134,207,-1,207,134,130,-1,207,130,205,-1,205,130,127,-1,205,127,126,-1,170,166,175,-1,175,166,169,-1,175,169,172,-1,172,169,152,-1,172,152,189,-1,189,152,155,-1,189,155,187,-1,187,155,157,-1,187,157,185,-1,185,157,159,-1,185,159,183,-1,183,159,161,-1,183,161,181,-1,181,161,163,-1,181,163,179,-1,179,163,165,-1,179,165,176,-1,176,165,137,-1,176,137,203,-1,203,137,140,-1,203,140,201,-1,201,140,142,-1,201,142,199,-1,199,142,144,-1,199,144,197,-1,197,144,146,-1,197,146,195,-1,195,146,148,-1,195,148,193,-1,193,148,150,-1,193,150,131,-1,208,209,210,-1,210,209,211,-1,209,212,211,-1,211,212,213,-1,212,214,213,-1,213,214,215,-1,214,216,215,-1,215,216,217,-1,216,218,217,-1,217,218,219,-1,218,208,219,-1,219,208,210,-1,216,214,218,-1,218,214,212,-1,218,212,208,-1,208,212,209,-1,
        ]
    }
}
Shape{
    appearance Appearance {
        material  Material 	{
            diffuseColor 0.9490196078431372 0.7607843137254902 0.1803921568627451
            specularColor 0.7607843137254902 0.6078431372549019 0.1450980392156863
            ambientIntensity 0.7509
            transparency 0.0
            shininess 0.5
        }
    }
    geometry IndexedFaceSet {
        ccw TRUE
        solid FALSE
        coord DEF co Coordinate {
            point [
                -2.3622 0.4963 -0.6525, -2.3622 0.4963 -0.6854, -2.3622 0.5374 -0.6672, -2.3622 0.5374 -0.6706, -2.3622 0.5408 -0.6681, -2.3622 0.5408 -0.6697, -2.3622 0.5443 -0.6688, -2.3622 0.5443 -0.6691, -2.3622 0.5455 -0.5522, -2.3622 0.4687 -0.5522, -2.3622 0.5455 -0.5667, -2.3622 0.4687 -0.5661, -2.3622 0.4697 -0.5765, -2.3622 0.5081 -0.605, -2.3622 0.5179 -0.6042, -2.3622 0.5256 -0.6019, -2.3622 0.5443 -0.5783, -2.3622 0.4723 -0.5848, -2.3622 0.4762 -0.5915, -2.3622 0.4817 -0.597, -2.3622 0.4885 -0.6012, -2.3622 0.4977 -0.6041, -2.3622 0.5317 -0.5984, -2.3622 0.5368 -0.5937, -2.3622 0.5414 -0.5865
            ]
        }
        coordIndex [
            0,1,2,-1,2,1,3,-1,2,3,4,-1,4,3,5,-1,4,5,6,-1,6,5,7,-1,8,9,10,-1,10,9,11,-1,10,11,12,-1,13,14,10,-1,10,14,15,-1,10,15,16,-1,12,17,10,-1,10,17,18,-1,10,18,19,-1,19,20,10,-1,10,20,21,-1,10,21,13,-1,22,23,15,-1,15,23,24,-1,15,24,16,-1,
        ]
    }
}
Shape{
    appearance Appearance {
        material  Material 	{
            diffuseColor 0.0 0.0 0.0
            specularColor 0.0 0.0 0.0
            ambientIntensity 0.0
            transparency 0.0
            shininess 0.5
        }
    }
    geometry IndexedFaceSet {
        ccw TRUE
        solid FALSE
        coord DEF co Coordinate {
            point [
                -2.3661 -0.4589 -0.6775, -2.3661 -0.5574 -0.716, -2.3622 -0.4589 -0.6775, -2.3622 -0.5574 -0.716, -2.3661 -0.5574 -0.7016, -2.3622 -0.5574 -0.7016, -2.3661 -0.5297 -0.6916, -2.3622 -0.5297 -0.6916, -2.3661 -0.5297 -0.6509, -2.3622 -0.5297 -0.6509, -2.3661 -0.5574 -0.6415, -2.3622 -0.5574 -0.6415, -2.3661 -0.5574 -0.6271, -2.3622 -0.5574 -0.6271, -2.3661 -0.4589 -0.6643, -2.3622 -0.4589 -0.6643, -2.3661 -0.5189 -0.6543, -2.3661 -0.4778 -0.6689, -2.3661 -0.4744 -0.6699, -2.3661 -0.4709 -0.6705, -2.3661 -0.4709 -0.6708, -2.3661 -0.4744 -0.6715, -2.3661 -0.4778 -0.6724, -2.3661 -0.5189 -0.6872, -2.3622 -0.5189 -0.6543, -2.3622 -0.5189 -0.6872, -2.3622 -0.4778 -0.6689, -2.3622 -0.4744 -0.6699, -2.3622 -0.4709 -0.6705, -2.3622 -0.4709 -0.6708, -2.3622 -0.4744 -0.6715, -2.3622 -0.4778 -0.6724, -2.3661 -0.5574 -0.5675, -2.3661 -0.5574 -0.5407, -2.3622 -0.5574 -0.5675, -2.3622 -0.5574 -0.5407, -2.3661 -0.4589 -0.5407, -2.3622 -0.4589 -0.5407, -2.3661 -0.4589 -0.5685, -2.3622 -0.4589 -0.5685, -2.3661 -0.5069 -0.6199, -2.3622 -0.5069 -0.6199, -2.3622 -0.4976 -0.6192, -2.3661 -0.4976 -0.6192, -2.3622 -0.4879 -0.6166, -2.3661 -0.4879 -0.6166, -2.3622 -0.4795 -0.612, -2.3661 -0.4795 -0.612, -2.3622 -0.4718 -0.605, -2.3661 -0.4718 -0.605, -2.3622 -0.4717 -0.6049, -2.3661 -0.4717 -0.6049, -2.3622 -0.4645 -0.5942, -2.3661 -0.4645 -0.5942, -2.3622 -0.4604 -0.5827, -2.3661 -0.4604 -0.5827, -2.3622 -0.5563 -0.5797, -2.3661 -0.5563 -0.5797, -2.3622 -0.5529 -0.591, -2.3661 -0.5529 -0.591, -2.3622 -0.5469 -0.6013, -2.3661 -0.5469 -0.6013, -2.3622 -0.5392 -0.6094, -2.3661 -0.5392 -0.6094, -2.3622 -0.5304 -0.615, -2.3661 -0.5304 -0.615, -2.3622 -0.5201 -0.6186, -2.3661 -0.5201 -0.6186, -2.3661 -0.4835 -0.6002, -2.3661 -0.4785 -0.5954, -2.3661 -0.4738 -0.5882, -2.3661 -0.471 -0.5801, -2.3661 -0.4697 -0.5684, -2.3661 -0.4697 -0.5539, -2.3661 -0.5465 -0.5539, -2.3661 -0.5465 -0.5679, -2.3661 -0.5456 -0.5783, -2.3661 -0.543 -0.5866, -2.3661 -0.539 -0.5933, -2.3661 -0.5336 -0.5988, -2.3661 -0.5268 -0.6029, -2.3661 -0.5175 -0.6058, -2.3661 -0.5072 -0.6067, -2.3661 -0.4974 -0.6059, -2.3661 -0.4896 -0.6036, -2.3622 -0.4697 -0.5684, -2.3622 -0.4697 -0.5539, -2.3622 -0.471 -0.5801, -2.3622 -0.4738 -0.5882, -2.3622 -0.4785 -0.5954, -2.3622 -0.4835 -0.6002, -2.3622 -0.4896 -0.6036, -2.3622 -0.4974 -0.6059, -2.3622 -0.5072 -0.6067, -2.3622 -0.5175 -0.6058, -2.3622 -0.5268 -0.6029, -2.3622 -0.5336 -0.5988, -2.3622 -0.539 -0.5933, -2.3622 -0.543 -0.5866, -2.3622 -0.5456 -0.5783, -2.3622 -0.5465 -0.5679, -2.3622 -0.5465 -0.5539, -2.3661 -0.5465 -0.5215, -2.3661 -0.5574 -0.5215, -2.3622 -0.5465 -0.5215, -2.3622 -0.5574 -0.5215, -2.3661 -0.5574 -0.4687, -2.3622 -0.5574 -0.4687, -2.3661 -0.4589 -0.4687, -2.3622 -0.4589 -0.4687, -2.3661 -0.4589 -0.5191, -2.3622 -0.4589 -0.5191, -2.3661 -0.4697 -0.5191, -2.3622 -0.4697 -0.5191, -2.3661 -0.4697 -0.4819, -2.3622 -0.4697 -0.4819, -2.3661 -0.5021 -0.4819, -2.3622 -0.5021 -0.4819, -2.3661 -0.5021 -0.5167, -2.3622 -0.5021 -0.5167, -2.3661 -0.5129 -0.5167, -2.3622 -0.5129 -0.5167, -2.3661 -0.5129 -0.4819, -2.3622 -0.5129 -0.4819, -2.3661 -0.5465 -0.4819, -2.3622 -0.5465 -0.4819, -2.3661 -0.5414 -0.4495, -2.3661 -0.5523 -0.4495, -2.3622 -0.5414 -0.4495, -2.3622 -0.5523 -0.4495, -2.3661 -0.5566 -0.439, -2.3661 -0.5586 -0.4224, -2.3622 -0.5586 -0.4224, -2.3622 -0.5585 -0.4251, -2.3661 -0.5585 -0.4251, -2.3622 -0.558 -0.4291, -2.3622 -0.5566 -0.439, -2.3661 -0.51 -0.3763, -2.3622 -0.51 -0.3763, -2.3622 -0.5214 -0.3772, -2.3661 -0.5214 -0.3772, -2.3622 -0.5318 -0.3802, -2.3661 -0.5318 -0.3802, -2.3622 -0.5412 -0.3854, -2.3661 -0.5412 -0.3854, -2.3622 -0.549 -0.3928, -2.3661 -0.549 -0.3928, -2.3622 -0.554 -0.4007, -2.3661 -0.554 -0.4007, -2.3622 -0.5573 -0.4103, -2.3661 -0.5573 -0.4103, -2.3622 -0.558 -0.4166, -2.3661 -0.4577 -0.4263, -2.3622 -0.4577 -0.4263, -2.3622 -0.4585 -0.4164, -2.3661 -0.4585 -0.4164, -2.3622 -0.4617 -0.4055, -2.3661 -0.4617 -0.4055, -2.3622 -0.4671 -0.3961, -2.3661 -0.4671 -0.3961, -2.3622 -0.4756 -0.3872, -2.3661 -0.4756 -0.3872, -2.3622 -0.4849 -0.3815, -2.3661 -0.4849 -0.3815, -2.3622 -0.496 -0.3777, -2.3661 -0.496 -0.3777, -2.3661 -0.4616 -0.4495, -2.3622 -0.4616 -0.4495, -2.3622 -0.4585 -0.4381, -2.3661 -0.4585 -0.4381, -2.3661 -0.4748 -0.4495, -2.3622 -0.4748 -0.4495, -2.3661 -0.4685 -0.4264, -2.3622 -0.4685 -0.4264, -2.3622 -0.4701 -0.4384, -2.3661 -0.4701 -0.4384, -2.3661 -0.5092 -0.3895, -2.3622 -0.5092 -0.3895, -2.3622 -0.5015 -0.3899, -2.3661 -0.5015 -0.3899, -2.3622 -0.491 -0.3926, -2.3661 -0.491 -0.3926, -2.3622 -0.4834 -0.3966, -2.3661 -0.4834 -0.3966, -2.3622 -0.4768 -0.4026, -2.3661 -0.4768 -0.4026, -2.3622 -0.4723 -0.4094, -2.3661 -0.4723 -0.4094, -2.3622 -0.4696 -0.4167, -2.3661 -0.4696 -0.4167, -2.3661 -0.5477 -0.4242, -2.3622 -0.5477 -0.4242, -2.3622 -0.5467 -0.415, -2.3661 -0.5467 -0.415, -2.3622 -0.5441 -0.4079, -2.3661 -0.5441 -0.4079, -2.3622 -0.54 -0.4018, -2.3661 -0.54 -0.4018, -2.3622 -0.5351 -0.3972, -2.3661 -0.5351 -0.3972, -2.3622 -0.5283 -0.3931, -2.3661 -0.5283 -0.3931, -2.3622 -0.5198 -0.3905, -2.3661 -0.5198 -0.3905, -2.3622 -0.5424 -0.4477, -2.3661 -0.5424 -0.4477, -2.3622 -0.5463 -0.4373, -2.3661 -0.5463 -0.4373, -2.3661 -0.5465 -0.3679, -2.3661 -0.5574 -0.3679, -2.3622 -0.5465 -0.3679, -2.3622 -0.5574 -0.3679, -2.3661 -0.5574 -0.3175, -2.3622 -0.5574 -0.3175, -2.3661 -0.4589 -0.3175, -2.3622 -0.4589 -0.3175, -2.3661 -0.4589 -0.3307, -2.3622 -0.4589 -0.3307, -2.3661 -0.5465 -0.3307, -2.3622 -0.5465 -0.3307
            ]
        }
        coordIndex [
            0,1,2,-1,2,1,3,-1,1,4,3,-1,3,4,5,-1,4,6,5,-1,5,6,7,-1,6,8,7,-1,7,8,9,-1,8,10,9,-1,9,10,11,-1,10,12,11,-1,11,12,13,-1,12,14,13,-1,13,14,15,-1,14,0,15,-1,15,0,2,-1,16,17,14,-1,12,10,8,-1,17,18,14,-1,14,18,19,-1,14,19,0,-1,0,19,20,-1,0,20,21,-1,21,22,0,-1,0,22,23,-1,0,23,1,-1,4,1,6,-1,6,1,23,-1,6,23,8,-1,8,23,16,-1,8,16,12,-1,12,16,14,-1,16,23,24,-1,24,23,25,-1,17,16,26,-1,26,16,24,-1,17,26,27,-1,17,27,18,-1,18,27,28,-1,18,28,19,-1,20,19,29,-1,29,19,28,-1,20,29,30,-1,20,30,21,-1,21,30,31,-1,21,31,22,-1,23,22,25,-1,25,22,31,-1,32,33,34,-1,34,33,35,-1,33,36,35,-1,35,36,37,-1,36,38,37,-1,37,38,39,-1,40,41,42,-1,40,42,43,-1,43,42,44,-1,43,44,45,-1,45,44,46,-1,45,46,47,-1,47,46,48,-1,47,48,49,-1,49,48,50,-1,49,50,51,-1,51,50,52,-1,51,52,53,-1,53,52,54,-1,53,54,55,-1,55,54,39,-1,55,39,38,-1,32,34,56,-1,32,56,57,-1,57,56,58,-1,57,58,59,-1,59,58,60,-1,59,60,61,-1,61,60,62,-1,61,62,63,-1,63,62,64,-1,63,64,65,-1,65,64,66,-1,65,66,67,-1,67,66,41,-1,67,41,40,-1,45,47,68,-1,68,47,49,-1,68,49,69,-1,69,49,51,-1,69,51,70,-1,70,51,53,-1,70,53,71,-1,71,53,55,-1,71,55,72,-1,72,55,38,-1,72,38,73,-1,73,38,36,-1,73,36,74,-1,74,36,33,-1,74,33,75,-1,75,33,32,-1,75,32,76,-1,76,32,57,-1,76,57,77,-1,77,57,59,-1,77,59,78,-1,78,59,61,-1,78,61,79,-1,79,61,63,-1,79,63,80,-1,80,63,65,-1,80,65,81,-1,81,65,67,-1,81,67,82,-1,82,67,40,-1,82,40,83,-1,83,40,43,-1,83,43,84,-1,84,43,45,-1,84,45,68,-1,72,73,85,-1,85,73,86,-1,72,85,87,-1,72,87,71,-1,71,87,88,-1,71,88,70,-1,70,88,89,-1,70,89,69,-1,69,89,90,-1,69,90,68,-1,68,90,91,-1,68,91,84,-1,84,91,92,-1,84,92,83,-1,83,92,93,-1,83,93,82,-1,82,93,94,-1,82,94,81,-1,81,94,95,-1,81,95,80,-1,80,95,96,-1,80,96,79,-1,79,96,97,-1,79,97,78,-1,78,97,98,-1,78,98,77,-1,77,98,99,-1,77,99,76,-1,76,99,100,-1,76,100,75,-1,74,75,101,-1,101,75,100,-1,73,74,86,-1,86,74,101,-1,102,103,104,-1,104,103,105,-1,103,106,105,-1,105,106,107,-1,106,108,107,-1,107,108,109,-1,108,110,109,-1,109,110,111,-1,110,112,111,-1,111,112,113,-1,112,114,113,-1,113,114,115,-1,114,116,115,-1,115,116,117,-1,116,118,117,-1,117,118,119,-1,118,120,119,-1,119,120,121,-1,120,122,121,-1,121,122,123,-1,122,124,123,-1,123,124,125,-1,124,102,125,-1,125,102,104,-1,106,103,102,-1,102,124,106,-1,106,124,122,-1,106,122,108,-1,112,110,114,-1,114,110,108,-1,114,108,116,-1,116,108,122,-1,116,122,118,-1,118,122,120,-1,126,127,128,-1,128,127,129,-1,129,127,130,-1,131,132,133,-1,131,133,134,-1,134,133,135,-1,134,135,130,-1,130,135,136,-1,130,136,129,-1,137,138,139,-1,137,139,140,-1,140,139,141,-1,140,141,142,-1,142,141,143,-1,142,143,144,-1,144,143,145,-1,144,145,146,-1,146,145,147,-1,146,147,148,-1,148,147,149,-1,148,149,150,-1,150,149,131,-1,131,149,151,-1,131,151,132,-1,152,153,154,-1,152,154,155,-1,155,154,156,-1,155,156,157,-1,157,156,158,-1,157,158,159,-1,159,158,160,-1,159,160,161,-1,161,160,162,-1,161,162,163,-1,163,162,164,-1,163,164,165,-1,165,164,138,-1,165,138,137,-1,166,167,168,-1,166,168,169,-1,169,168,153,-1,169,153,152,-1,166,170,167,-1,167,170,171,-1,172,173,174,-1,172,174,175,-1,175,174,171,-1,175,171,170,-1,176,177,178,-1,176,178,179,-1,179,178,180,-1,179,180,181,-1,181,180,182,-1,181,182,183,-1,183,182,184,-1,183,184,185,-1,185,184,186,-1,185,186,187,-1,187,186,188,-1,187,188,189,-1,189,188,173,-1,189,173,172,-1,190,191,192,-1,190,192,193,-1,193,192,194,-1,193,194,195,-1,195,194,196,-1,195,196,197,-1,197,196,198,-1,197,198,199,-1,199,198,200,-1,199,200,201,-1,201,200,202,-1,201,202,203,-1,203,202,177,-1,203,177,176,-1,126,128,204,-1,126,204,205,-1,205,204,206,-1,205,206,207,-1,207,206,191,-1,207,191,190,-1,193,131,190,-1,190,131,134,-1,190,134,207,-1,207,134,130,-1,207,130,205,-1,205,130,127,-1,205,127,126,-1,170,166,175,-1,175,166,169,-1,175,169,172,-1,172,169,152,-1,172,152,189,-1,189,152,155,-1,189,155,187,-1,187,155,157,-1,187,157,185,-1,185,157,159,-1,185,159,183,-1,183,159,161,-1,183,161,181,-1,181,161,163,-1,181,163,179,-1,179,163,165,-1,179,165,176,-1,176,165,137,-1,176,137,203,-1,203,137,140,-1,203,140,201,-1,201,140,142,-1,201,142,199,-1,199,142,144,-1,199,144,197,-1,197,144,146,-1,197,146,195,-1,195,146,148,-1,195,148,193,-1,193,148,150,-1,193,150,131,-1,208,209,210,-1,210,209,211,-1,209,212,211,-1,211,212,213,-1,212,214,213,-1,213,214,215,-1,214,216,215,-1,215,216,217,-1,216,218,217,-1,217,218,219,-1,218,208,219,-1,219,208,210,-1,216,214,218,-1,218,214,212,-1,218,212,208,-1,208,212,209,-1,
        ]
    }
}
Shape{
    appearance Appearance {
        material  Material 	{
            diffuseColor 0.9490196078431372 0.7607843137254902 0.1803921568627451
            specularColor 0.7607843137254902 0.6078431372549019 0.1450980392156863
            ambientIntensity 0.7509
            transparency 0.0
            shininess 0.5
        }
    }
    geometry IndexedFaceSet {
        ccw TRUE
        solid FALSE
        coord DEF co Coordinate {
            point [
                -2.3622 -0.5189 -0.6543, -2.3622 -0.5189 -0.6872, -2.3622 -0.4778 -0.6689, -2.3622 -0.4778 -0.6724, -2.3622 -0.4744 -0.6699, -2.3622 -0.4744 -0.6715, -2.3622 -0.4709 -0.6705, -2.3622 -0.4709 -0.6708, -2.3622 -0.4697 -0.5539, -2.3622 -0.5465 -0.5539, -2.3622 -0.4697 -0.5684, -2.3622 -0.5465 -0.5679, -2.3622 -0.5456 -0.5783, -2.3622 -0.5072 -0.6067, -2.3622 -0.4974 -0.6059, -2.3622 -0.4896 -0.6036, -2.3622 -0.471 -0.5801, -2.3622 -0.543 -0.5866, -2.3622 -0.539 -0.5933, -2.3622 -0.5336 -0.5988, -2.3622 -0.5268 -0.6029, -2.3622 -0.5175 -0.6058, -2.3622 -0.4835 -0.6002, -2.3622 -0.4785 -0.5954, -2.3622 -0.4738 -0.5882, -1.3622 -0.4685 -0.4264, -1.3622 -0.4696 -0.4167, -1.3622 -0.5424 -0.4477, -1.3622 -0.4697 -0.5191, -1.3622 -0.4697 -0.4819, -1.3622 -0.5021 -0.4819, -1.3622 -0.5021 -0.5167, -1.3622 -0.5129 -0.5167, -1.3622 -0.558 -0.5311, -1.3622 -0.549 -0.3928, -1.3622 -0.5412 -0.3854, -1.3622 -0.5574 -0.3679, -1.3622 -0.558 -0.4166, -1.3622 -0.5574 -0.3175, -1.3622 -0.4701 -0.4384, -1.3622 -0.5414 -0.4495, -1.3622 -0.4748 -0.4495, -1.3622 -0.4589 -0.5191, -1.3622 -0.3622 -0.5311, -1.3622 -0.4589 -0.4687, -1.3622 -0.3622 0.1969, -1.3622 -0.4589 -0.3175, -1.3622 -0.4589 -0.3307, -1.3622 -0.4849 -0.3815, -1.3622 -0.4756 -0.3872, -1.3622 -0.4671 -0.3961, -1.3622 -0.4617 -0.4055, -1.3622 -0.5465 -0.3679, -1.3622 -0.5318 -0.3802, -1.3622 -0.5465 -0.3307, -1.3622 -0.4585 -0.4164, -1.3622 -0.4577 -0.4263, -1.3622 -0.4585 -0.4381, -1.3622 -0.4616 -0.4495, -1.3622 -0.5574 -0.4687, -1.3622 -0.5523 -0.4495, -1.3622 -0.5573 -0.4103, -1.3622 -0.554 -0.4007, -1.3622 -0.4723 -0.4094, -1.3622 -0.4768 -0.4026, -1.3622 -0.4834 -0.3966, -1.3622 -0.5092 -0.3895, -1.3622 -0.5198 -0.3905, -1.3622 -0.5283 -0.3931, -1.3622 -0.5467 -0.415, -1.3622 -0.5477 -0.4242, -1.3622 -0.5441 -0.4079, -1.3622 -0.54 -0.4018, -1.3622 -0.5351 -0.3972, -1.3622 -0.5463 -0.4373, -1.3622 -0.5214 -0.3772, -1.3622 -0.51 -0.3763, -1.3622 -0.496 -0.3777, -1.3622 -0.491 -0.3926, -1.3622 -0.5015 -0.3899, -1.3622 -0.5129 -0.4819, -1.3622 -0.5465 -0.4819, -1.3622 -0.5465 -0.5215, -1.3622 -0.5574 -0.5215, -1.3622 -0.558 -0.4291, -1.3622 -0.5585 -0.4251, -1.3622 -0.6378 -0.5311, -1.3622 -0.5586 -0.4224, -1.3622 -0.558 0.1969, -1.3622 -0.6378 0.1969, -1.3622 -0.4589 -0.6643, -1.3622 -0.4589 -0.6775, -1.3622 -0.5574 -0.7016, -1.3622 -0.5574 -0.716, -1.3622 -0.558 -1.0236, -1.3622 -0.3622 -1.0236, -1.3622 -0.5574 -0.5675, -1.3622 -0.5574 -0.5407, -1.3622 -0.4589 -0.5407, -1.3622 -0.4589 -0.5685, -1.3622 -0.4718 -0.605, -1.3622 -0.4795 -0.612, -1.3622 -0.4879 -0.6166, -1.3622 -0.5574 -0.6271, -1.3622 -0.5304 -0.615, -1.3622 -0.5392 -0.6094, -1.3622 -0.4604 -0.5827, -1.3622 -0.4645 -0.5942, -1.3622 -0.4717 -0.6049, -1.3622 -0.5469 -0.6013, -1.3622 -0.5529 -0.591, -1.3622 -0.5563 -0.5797, -1.3622 -0.5574 -0.6415, -1.3622 -0.5297 -0.6509, -1.3622 -0.5297 -0.6916, -1.3622 -0.4976 -0.6192, -1.3622 -0.5069 -0.6199, -1.3622 -0.5201 -0.6186, -1.3622 -0.5566 -0.439, -1.3622 -0.6378 -1.0236, -1.3622 0.5467 -0.4247, -1.3622 0.5456 -0.415, -1.3622 0.4728 -0.446, -1.3622 0.5563 -0.5174, -1.3622 0.6378 -0.5294, -1.3622 0.5563 -0.467, -1.3622 0.6378 0.1969, -1.3622 0.4663 -0.3911, -1.3622 0.4741 -0.3837, -1.3622 0.4579 -0.3661, -1.3622 0.4573 -0.4149, -1.3622 0.4579 -0.3157, -1.3622 0.5452 -0.4367, -1.3622 0.4738 -0.4477, -1.3622 0.5404 -0.4477, -1.3622 0.5023 -0.515, -1.3622 0.4573 -0.5294, -1.3622 0.5131 -0.515, -1.3622 0.5455 -0.5174, -1.3622 0.5131 -0.4802, -1.3622 0.5455 -0.4802, -1.3622 0.5563 -0.3157, -1.3622 0.5563 -0.3289, -1.3622 0.5304 -0.3797, -1.3622 0.5396 -0.3855, -1.3622 0.5481 -0.3944, -1.3622 0.5535 -0.4037, -1.3622 0.4687 -0.3661, -1.3622 0.4834 -0.3784, -1.3622 0.4687 -0.3289, -1.3622 0.5567 -0.4147, -1.3622 0.5575 -0.4246, -1.3622 0.5567 -0.4364, -1.3622 0.5536 -0.4477, -1.3622 0.4579 -0.467, -1.3622 0.463 -0.4477, -1.3622 0.458 -0.4085, -1.3622 0.4612 -0.399, -1.3622 0.543 -0.4076, -1.3622 0.5384 -0.4008, -1.3622 0.5319 -0.3949, -1.3622 0.5061 -0.3877, -1.3622 0.4954 -0.3887, -1.3622 0.4869 -0.3914, -1.3622 0.4685 -0.4133, -1.3622 0.4675 -0.4225, -1.3622 0.4712 -0.4061, -1.3622 0.4752 -0.4001, -1.3622 0.4801 -0.3955, -1.3622 0.4689 -0.4356, -1.3622 0.4939 -0.3755, -1.3622 0.5053 -0.3745, -1.3622 0.5192 -0.3759, -1.3622 0.5243 -0.3908, -1.3622 0.5137 -0.3882, -1.3622 0.5023 -0.4802, -1.3622 0.4687 -0.4802, -1.3622 0.4687 -0.5198, -1.3622 0.4579 -0.5198, -1.3622 0.4573 -0.4273, -1.3622 0.4567 -0.4234, -1.3622 0.3622 -0.5294, -1.3622 0.4567 -0.4207, -1.3622 0.4573 0.1969, -1.3622 0.3622 0.1969, -1.3622 0.5563 -0.6626, -1.3622 0.5563 -0.6758, -1.3622 0.4579 -0.5657, -1.3622 0.4579 -0.539, -1.3622 0.5563 -0.539, -1.3622 0.4579 -0.6998, -1.3622 0.4579 -0.7142, -1.3622 0.4573 -1.0236, -1.3622 0.6378 -1.0236, -1.3622 0.5563 -0.5667, -1.3622 0.5548 -0.581, -1.3622 0.5508 -0.5925, -1.3622 0.5436 -0.6032, -1.3622 0.4579 -0.6254, -1.3622 0.4849 -0.6133, -1.3622 0.4761 -0.6076, -1.3622 0.5435 -0.6033, -1.3622 0.5358 -0.6103, -1.3622 0.5273 -0.6148, -1.3622 0.4683 -0.5995, -1.3622 0.4623 -0.5893, -1.3622 0.459 -0.5779, -1.3622 0.4579 -0.6398, -1.3622 0.4855 -0.6492, -1.3622 0.4855 -0.6899, -1.3622 0.5176 -0.6175, -1.3622 0.5083 -0.6182, -1.3622 0.4952 -0.6168, -1.3622 0.4587 -0.4373, -1.3622 0.3622 -1.0236
            ]
        }
        coordIndex [
            0,1,2,-1,2,1,3,-1,2,3,4,-1,4,3,5,-1,4,5,6,-1,6,5,7,-1,8,9,10,-1,10,9,11,-1,10,11,12,-1,13,14,10,-1,10,14,15,-1,10,15,16,-1,12,17,10,-1,10,17,18,-1,10,18,19,-1,19,20,10,-1,10,20,21,-1,10,21,13,-1,22,23,15,-1,15,23,24,-1,15,24,16,-1,25,26,27,-1,28,29,30,-1,31,32,33,-1,34,35,36,-1,37,36,38,-1,25,27,39,-1,39,27,40,-1,39,40,41,-1,30,31,28,-1,28,31,33,-1,28,33,42,-1,42,33,43,-1,42,43,44,-1,44,43,45,-1,45,46,47,-1,48,49,47,-1,47,49,50,-1,47,50,51,-1,36,35,52,-1,52,35,53,-1,52,53,54,-1,51,55,47,-1,47,55,56,-1,47,56,45,-1,45,56,57,-1,45,57,44,-1,57,58,44,-1,44,58,41,-1,44,41,59,-1,59,41,40,-1,59,40,60,-1,37,61,36,-1,36,61,62,-1,36,62,34,-1,26,63,27,-1,27,63,64,-1,27,64,65,-1,66,67,27,-1,27,67,68,-1,69,70,71,-1,71,70,72,-1,68,73,27,-1,27,73,72,-1,27,72,74,-1,74,72,70,-1,53,75,54,-1,54,75,76,-1,54,76,47,-1,47,76,77,-1,47,77,48,-1,65,78,27,-1,27,78,79,-1,27,79,66,-1,80,81,32,-1,32,81,82,-1,32,82,33,-1,33,82,83,-1,33,83,59,-1,84,85,86,-1,86,85,87,-1,86,87,37,-1,46,45,38,-1,38,45,88,-1,38,88,37,-1,37,88,89,-1,37,89,86,-1,43,90,91,-1,92,33,93,-1,93,33,94,-1,93,94,91,-1,91,94,95,-1,91,95,43,-1,96,97,33,-1,33,97,98,-1,33,98,43,-1,43,98,99,-1,100,101,90,-1,90,101,102,-1,103,104,105,-1,99,106,43,-1,43,106,107,-1,43,107,90,-1,90,107,108,-1,90,108,100,-1,105,109,103,-1,103,109,110,-1,103,110,111,-1,111,96,103,-1,103,96,33,-1,103,33,112,-1,112,33,92,-1,112,92,113,-1,113,92,114,-1,102,115,90,-1,90,115,116,-1,90,116,103,-1,103,116,117,-1,103,117,104,-1,60,118,59,-1,59,118,84,-1,59,84,33,-1,33,84,86,-1,33,86,94,-1,94,86,119,-1,120,121,122,-1,123,124,125,-1,125,124,126,-1,127,128,129,-1,130,129,131,-1,120,122,132,-1,132,122,133,-1,132,133,134,-1,135,136,137,-1,137,136,138,-1,137,138,139,-1,139,138,140,-1,126,141,142,-1,143,144,142,-1,142,144,145,-1,142,145,146,-1,129,128,147,-1,147,128,148,-1,147,148,149,-1,146,150,142,-1,142,150,151,-1,142,151,126,-1,126,151,152,-1,126,152,125,-1,152,153,125,-1,125,153,134,-1,125,134,154,-1,154,134,133,-1,154,133,155,-1,130,156,129,-1,129,156,157,-1,129,157,127,-1,121,158,122,-1,122,158,159,-1,122,159,160,-1,161,162,122,-1,122,162,163,-1,164,165,166,-1,166,165,167,-1,163,168,122,-1,122,168,167,-1,122,167,169,-1,169,167,165,-1,148,170,149,-1,149,170,171,-1,149,171,142,-1,142,171,172,-1,142,172,143,-1,160,173,122,-1,122,173,174,-1,122,174,161,-1,175,176,135,-1,135,176,177,-1,135,177,136,-1,136,177,178,-1,136,178,154,-1,179,180,181,-1,181,180,182,-1,181,182,130,-1,141,126,131,-1,131,126,183,-1,131,183,130,-1,130,183,184,-1,130,184,181,-1,124,185,186,-1,187,188,136,-1,123,138,124,-1,124,138,136,-1,124,136,189,-1,189,136,188,-1,190,136,191,-1,191,136,192,-1,191,192,186,-1,186,192,193,-1,186,193,124,-1,189,194,124,-1,124,194,195,-1,124,195,185,-1,185,195,196,-1,185,196,197,-1,198,199,200,-1,197,201,185,-1,185,201,202,-1,185,202,203,-1,200,204,198,-1,198,204,205,-1,198,205,206,-1,206,187,198,-1,198,187,136,-1,198,136,207,-1,207,136,190,-1,207,190,208,-1,208,190,209,-1,203,210,185,-1,185,210,211,-1,185,211,198,-1,198,211,212,-1,198,212,199,-1,155,213,154,-1,154,213,179,-1,154,179,136,-1,136,179,181,-1,136,181,192,-1,192,181,214,-1,
        ]
    }
}
Shape{
    appearance Appearance {
        material  Material 	{
            diffuseColor 0.17647058823529413 0.17647058823529413 0.17647058823529413
            specularColor 0.050980392156862744 0.050980392156862744 0.050980392156862744
            ambientIntensity 0.251
            transparency 0.0
            shininess 0.5
        }
    }
    geometry IndexedFaceSet {
        ccw TRUE
        solid FALSE
        coord DEF co Coordinate {
            point [
                -1.3622 -0.6378 0.1969, -1.0 -0.8031 0.1969, -1.6378 -0.6378 0.1969, -2.0 -0.8031 0.1969, -1.6378 -0.3622 0.1969, -1.3622 -0.558 0.1969, -1.3622 -0.3622 0.1969, -1.0 0.8031 0.1969, -1.3622 0.6378 0.1969, -2.0 0.8031 0.1969, -1.6378 0.6378 0.1969, -1.6378 0.3622 0.1969, -1.3622 0.3622 0.1969, -1.3622 0.4573 0.1969, -1.8819 -1.0 0.0079, -1.8819 -1.0 0.9843, -2.0 -0.8819 0.0079, -2.0 -0.8819 0.9843, -1.1181 -1.0 0.0079, -1.1181 -1.0 0.9843, -1.0 -0.8819 0.0079, -1.0 -0.8819 0.9843, -1.0 -0.8031 0.0079, -1.0 0.8031 0.0079, -1.0 0.8819 0.0079, -1.0 0.8819 0.9843, -1.1181 1.0 0.0079, -1.1181 1.0 0.9843, -1.8819 1.0 0.0079, -1.8819 1.0 0.9843, -2.0 0.8819 0.0079, -2.0 0.8819 0.9843, -2.0 0.8031 0.0079, -2.0 -0.8031 0.0079, -1.6378 0.3622 0.9843, -1.3622 0.3622 0.9843, -1.6378 -0.3622 0.9843, -1.3622 -0.3622 0.9843, -1.3622 0.6378 0.9843, -1.6378 0.6378 0.9843, -1.3622 -0.6378 0.9843, -1.6378 -0.6378 0.9843
            ]
        }
        coordIndex [
            0,1,2,-1,2,1,3,-1,2,3,4,-1,0,5,1,-1,1,5,6,-1,1,6,7,-1,7,8,9,-1,9,8,10,-1,9,10,11,-1,3,9,4,-1,4,9,11,-1,4,11,6,-1,6,11,12,-1,6,12,7,-1,7,12,13,-1,7,13,8,-1,14,15,16,-1,16,15,17,-1,18,19,14,-1,14,19,15,-1,20,21,18,-1,18,21,19,-1,20,22,1,-1,23,24,7,-1,7,24,25,-1,7,25,1,-1,1,25,21,-1,1,21,20,-1,26,27,24,-1,24,27,25,-1,28,29,26,-1,26,29,27,-1,30,31,28,-1,28,31,29,-1,30,32,9,-1,33,16,3,-1,3,16,17,-1,3,17,9,-1,9,17,31,-1,9,31,30,-1,15,19,21,-1,31,17,34,-1,31,34,29,-1,35,36,37,-1,25,27,38,-1,38,27,29,-1,38,29,39,-1,39,29,34,-1,38,35,25,-1,25,35,37,-1,25,37,21,-1,21,37,40,-1,21,40,15,-1,15,40,41,-1,15,41,17,-1,17,41,36,-1,17,36,34,-1,34,36,35,-1,1,22,3,-1,3,22,33,-1,33,22,20,-1,18,14,20,-1,20,14,16,-1,20,16,33,-1,32,23,9,-1,9,23,7,-1,26,24,23,-1,28,26,30,-1,30,26,23,-1,30,23,32,-1,
        ]
    }
}
Shape{
    appearance Appearance {
        material  Material 	{
            diffuseColor 0.9490196078431372 0.7607843137254902 0.1803921568627451
            specularColor 0.7607843137254902 0.6078431372549019 0.1450980392156863
            ambientIntensity 0.7509
            transparency 0.0
            shininess 0.5
        }
    }
    geometry IndexedFaceSet {
        ccw TRUE
        solid FALSE
        coord DEF co Coordinate {
            point [
                -1.4016 0.4016 3.3465, -1.4016 0.5984 3.3465, -1.5984 0.4016 3.3465, -1.5984 0.5984 3.3465, -1.3622 0.6378 3.189, -1.3622 0.6378 0.9843, -1.6378 0.6378 3.189, -1.6378 0.6378 0.9843, -1.6378 0.3622 3.189, -1.6378 0.3622 0.9843, -1.3622 0.3622 3.189, -1.3622 0.3622 0.9843, -1.3622 0.3622 0.1969, -1.6378 0.3622 0.1969, -1.3622 0.3622 -0.5294, -1.6378 0.3622 -1.0236, -1.3622 0.3622 -1.0236, -1.6378 0.6378 -1.0236, -1.6378 0.6378 0.1969, -1.3622 0.6378 0.1969, -1.3622 0.6378 -0.5294, -1.3622 0.6378 -1.0236, -1.4016 0.5984 -1.1811, -1.4016 0.4016 -1.1811, -1.5984 0.5984 -1.1811, -1.5984 0.4016 -1.1811, -1.4016 -0.5984 3.3465, -1.4016 -0.4016 3.3465, -1.5984 -0.5984 3.3465, -1.5984 -0.4016 3.3465, -1.3622 -0.3622 3.189, -1.3622 -0.3622 0.9843, -1.6378 -0.3622 3.189, -1.6378 -0.3622 0.9843, -1.6378 -0.6378 3.189, -1.6378 -0.6378 0.9843, -1.3622 -0.6378 3.189, -1.3622 -0.6378 0.9843, -1.3622 -0.6378 0.1969, -1.6378 -0.6378 0.1969, -1.3622 -0.6378 -0.5311, -1.6378 -0.6378 -1.0236, -1.3622 -0.6378 -1.0236, -1.6378 -0.3622 -1.0236, -1.6378 -0.3622 0.1969, -1.3622 -0.3622 0.1969, -1.3622 -0.3622 -0.5311, -1.3622 -0.3622 -1.0236, -1.4016 -0.4016 -1.1811, -1.4016 -0.5984 -1.1811, -1.5984 -0.4016 -1.1811, -1.5984 -0.5984 -1.1811, -1.3622 -0.558 -1.0236, -1.3622 0.4573 -1.0236
            ]
        }
        coordIndex [
            0,1,2,-1,2,1,3,-1,4,5,6,-1,6,5,7,-1,6,7,8,-1,8,7,9,-1,8,9,10,-1,10,9,11,-1,10,11,4,-1,4,11,5,-1,12,13,14,-1,14,13,15,-1,14,15,16,-1,15,13,17,-1,17,13,18,-1,18,19,17,-1,17,19,20,-1,17,20,21,-1,22,23,24,-1,24,23,25,-1,26,27,28,-1,28,27,29,-1,30,31,32,-1,32,31,33,-1,32,33,34,-1,34,33,35,-1,34,35,36,-1,36,35,37,-1,36,37,30,-1,30,37,31,-1,38,39,40,-1,40,39,41,-1,40,41,42,-1,41,39,43,-1,43,39,44,-1,44,45,43,-1,43,45,46,-1,43,46,47,-1,48,49,50,-1,50,49,51,-1,32,29,30,-1,30,29,27,-1,34,28,32,-1,32,28,29,-1,26,36,27,-1,27,36,30,-1,36,26,34,-1,34,26,28,-1,6,3,4,-1,4,3,1,-1,8,2,6,-1,6,2,3,-1,0,10,1,-1,1,10,4,-1,10,0,8,-1,8,0,2,-1,49,42,51,-1,51,42,41,-1,42,49,52,-1,52,49,48,-1,52,48,47,-1,43,50,41,-1,41,50,51,-1,50,43,48,-1,48,43,47,-1,23,16,25,-1,25,16,15,-1,16,23,53,-1,53,23,22,-1,53,22,21,-1,17,24,15,-1,15,24,25,-1,24,17,22,-1,22,17,21,-1,
        ]
    }
}
Shape{
    appearance Appearance {
        material  Material 	{
            diffuseColor 0.0 0.0 0.0
            specularColor 0.0 0.0 0.0
            ambientIntensity 0.0
            transparency 0.0
            shininess 0.5
        }
    }
    geometry IndexedFaceSet {
        ccw TRUE
        solid FALSE
        coord DEF co Coordinate {
            point [
                -1.3661 0.5563 -0.6758, -1.3661 0.4579 -0.7142, -1.3622 0.5563 -0.6758, -1.3622 0.4579 -0.7142, -1.3661 0.4579 -0.6998, -1.3622 0.4579 -0.6998, -1.3661 0.4855 -0.6899, -1.3622 0.4855 -0.6899, -1.3661 0.4855 -0.6492, -1.3622 0.4855 -0.6492, -1.3661 0.4579 -0.6398, -1.3622 0.4579 -0.6398, -1.3661 0.4579 -0.6254, -1.3622 0.4579 -0.6254, -1.3661 0.5563 -0.6626, -1.3622 0.5563 -0.6626, -1.3661 0.4963 -0.6525, -1.3661 0.4963 -0.6854, -1.3661 0.5374 -0.6672, -1.3661 0.5408 -0.6681, -1.3661 0.5443 -0.6688, -1.3661 0.5443 -0.6691, -1.3661 0.5408 -0.6697, -1.3661 0.5374 -0.6706, -1.3622 0.4963 -0.6525, -1.3622 0.4963 -0.6854, -1.3622 0.5374 -0.6672, -1.3622 0.5408 -0.6681, -1.3622 0.5443 -0.6688, -1.3622 0.5443 -0.6691, -1.3622 0.5408 -0.6697, -1.3622 0.5374 -0.6706, -1.3661 0.4579 -0.5657, -1.3661 0.4579 -0.539, -1.3622 0.4579 -0.5657, -1.3622 0.4579 -0.539, -1.3661 0.5563 -0.539, -1.3622 0.5563 -0.539, -1.3661 0.5563 -0.5667, -1.3622 0.5563 -0.5667, -1.3661 0.5083 -0.6182, -1.3622 0.5083 -0.6182, -1.3622 0.5176 -0.6175, -1.3661 0.5176 -0.6175, -1.3622 0.5273 -0.6148, -1.3661 0.5273 -0.6148, -1.3622 0.5358 -0.6103, -1.3661 0.5358 -0.6103, -1.3622 0.5435 -0.6033, -1.3661 0.5435 -0.6033, -1.3622 0.5436 -0.6032, -1.3661 0.5436 -0.6032, -1.3622 0.5508 -0.5925, -1.3661 0.5508 -0.5925, -1.3622 0.5548 -0.581, -1.3661 0.5548 -0.581, -1.3622 0.459 -0.5779, -1.3661 0.459 -0.5779, -1.3622 0.4623 -0.5893, -1.3661 0.4623 -0.5893, -1.3622 0.4683 -0.5995, -1.3661 0.4683 -0.5995, -1.3622 0.4761 -0.6076, -1.3661 0.4761 -0.6076, -1.3622 0.4849 -0.6133, -1.3661 0.4849 -0.6133, -1.3622 0.4952 -0.6168, -1.3661 0.4952 -0.6168, -1.3661 0.5317 -0.5984, -1.3661 0.5368 -0.5937, -1.3661 0.5414 -0.5865, -1.3661 0.5443 -0.5783, -1.3661 0.5455 -0.5667, -1.3661 0.5455 -0.5522, -1.3661 0.4687 -0.5522, -1.3661 0.4687 -0.5661, -1.3661 0.4697 -0.5765, -1.3661 0.4723 -0.5848, -1.3661 0.4762 -0.5915, -1.3661 0.4817 -0.597, -1.3661 0.4885 -0.6012, -1.3661 0.4977 -0.6041, -1.3661 0.5081 -0.605, -1.3661 0.5179 -0.6042, -1.3661 0.5256 -0.6019, -1.3622 0.5455 -0.5667, -1.3622 0.5455 -0.5522, -1.3622 0.5443 -0.5783, -1.3622 0.5414 -0.5865, -1.3622 0.5368 -0.5937, -1.3622 0.5317 -0.5984, -1.3622 0.5256 -0.6019, -1.3622 0.5179 -0.6042, -1.3622 0.5081 -0.605, -1.3622 0.4977 -0.6041, -1.3622 0.4885 -0.6012, -1.3622 0.4817 -0.597, -1.3622 0.4762 -0.5915, -1.3622 0.4723 -0.5848, -1.3622 0.4697 -0.5765, -1.3622 0.4687 -0.5661, -1.3622 0.4687 -0.5522, -1.3661 0.4687 -0.5198, -1.3661 0.4579 -0.5198, -1.3622 0.4687 -0.5198, -1.3622 0.4579 -0.5198, -1.3661 0.4579 -0.467, -1.3622 0.4579 -0.467, -1.3661 0.5563 -0.467, -1.3622 0.5563 -0.467, -1.3661 0.5563 -0.5174, -1.3622 0.5563 -0.5174, -1.3661 0.5455 -0.5174, -1.3622 0.5455 -0.5174, -1.3661 0.5455 -0.4802, -1.3622 0.5455 -0.4802, -1.3661 0.5131 -0.4802, -1.3622 0.5131 -0.4802, -1.3661 0.5131 -0.515, -1.3622 0.5131 -0.515, -1.3661 0.5023 -0.515, -1.3622 0.5023 -0.515, -1.3661 0.5023 -0.4802, -1.3622 0.5023 -0.4802, -1.3661 0.4687 -0.4802, -1.3622 0.4687 -0.4802, -1.3661 0.4738 -0.4477, -1.3661 0.463 -0.4477, -1.3622 0.4738 -0.4477, -1.3622 0.463 -0.4477, -1.3661 0.4587 -0.4373, -1.3661 0.4567 -0.4207, -1.3622 0.4567 -0.4207, -1.3622 0.4567 -0.4234, -1.3661 0.4567 -0.4234, -1.3622 0.4573 -0.4273, -1.3622 0.4587 -0.4373, -1.3661 0.5053 -0.3745, -1.3622 0.5053 -0.3745, -1.3622 0.4939 -0.3755, -1.3661 0.4939 -0.3755, -1.3622 0.4834 -0.3784, -1.3661 0.4834 -0.3784, -1.3622 0.4741 -0.3837, -1.3661 0.4741 -0.3837, -1.3622 0.4663 -0.3911, -1.3661 0.4663 -0.3911, -1.3622 0.4612 -0.399, -1.3661 0.4612 -0.399, -1.3622 0.458 -0.4085, -1.3661 0.458 -0.4085, -1.3622 0.4573 -0.4149, -1.3661 0.5575 -0.4246, -1.3622 0.5575 -0.4246, -1.3622 0.5567 -0.4147, -1.3661 0.5567 -0.4147, -1.3622 0.5535 -0.4037, -1.3661 0.5535 -0.4037, -1.3622 0.5481 -0.3944, -1.3661 0.5481 -0.3944, -1.3622 0.5396 -0.3855, -1.3661 0.5396 -0.3855, -1.3622 0.5304 -0.3797, -1.3661 0.5304 -0.3797, -1.3622 0.5192 -0.3759, -1.3661 0.5192 -0.3759, -1.3661 0.5536 -0.4477, -1.3622 0.5536 -0.4477, -1.3622 0.5567 -0.4364, -1.3661 0.5567 -0.4364, -1.3661 0.5404 -0.4477, -1.3622 0.5404 -0.4477, -1.3661 0.5467 -0.4247, -1.3622 0.5467 -0.4247, -1.3622 0.5452 -0.4367, -1.3661 0.5452 -0.4367, -1.3661 0.5061 -0.3877, -1.3622 0.5061 -0.3877, -1.3622 0.5137 -0.3882, -1.3661 0.5137 -0.3882, -1.3622 0.5243 -0.3908, -1.3661 0.5243 -0.3908, -1.3622 0.5319 -0.3949, -1.3661 0.5319 -0.3949, -1.3622 0.5384 -0.4008, -1.3661 0.5384 -0.4008, -1.3622 0.543 -0.4076, -1.3661 0.543 -0.4076, -1.3622 0.5456 -0.415, -1.3661 0.5456 -0.415, -1.3661 0.4675 -0.4225, -1.3622 0.4675 -0.4225, -1.3622 0.4685 -0.4133, -1.3661 0.4685 -0.4133, -1.3622 0.4712 -0.4061, -1.3661 0.4712 -0.4061, -1.3622 0.4752 -0.4001, -1.3661 0.4752 -0.4001, -1.3622 0.4801 -0.3955, -1.3661 0.4801 -0.3955, -1.3622 0.4869 -0.3914, -1.3661 0.4869 -0.3914, -1.3622 0.4954 -0.3887, -1.3661 0.4954 -0.3887, -1.3622 0.4728 -0.446, -1.3661 0.4728 -0.446, -1.3622 0.4689 -0.4356, -1.3661 0.4689 -0.4356, -1.3661 0.4687 -0.3661, -1.3661 0.4579 -0.3661, -1.3622 0.4687 -0.3661, -1.3622 0.4579 -0.3661, -1.3661 0.4579 -0.3157, -1.3622 0.4579 -0.3157, -1.3661 0.5563 -0.3157, -1.3622 0.5563 -0.3157, -1.3661 0.5563 -0.3289, -1.3622 0.5563 -0.3289, -1.3661 0.4687 -0.3289, -1.3622 0.4687 -0.3289
            ]
        }
        coordIndex [
            0,1,2,-1,2,1,3,-1,1,4,3,-1,3,4,5,-1,4,6,5,-1,5,6,7,-1,6,8,7,-1,7,8,9,-1,8,10,9,-1,9,10,11,-1,10,12,11,-1,11,12,13,-1,12,14,13,-1,13,14,15,-1,14,0,15,-1,15,0,2,-1,16,8,17,-1,17,8,6,-1,18,14,16,-1,16,14,12,-1,16,12,8,-1,8,12,10,-1,18,19,14,-1,14,19,20,-1,14,20,0,-1,0,20,21,-1,0,21,22,-1,22,23,0,-1,0,23,17,-1,0,17,1,-1,1,17,6,-1,1,6,4,-1,16,17,24,-1,24,17,25,-1,18,16,26,-1,26,16,24,-1,18,26,27,-1,18,27,19,-1,19,27,28,-1,19,28,20,-1,21,20,29,-1,29,20,28,-1,21,29,30,-1,21,30,22,-1,22,30,31,-1,22,31,23,-1,17,23,25,-1,25,23,31,-1,32,33,34,-1,34,33,35,-1,33,36,35,-1,35,36,37,-1,36,38,37,-1,37,38,39,-1,40,41,42,-1,40,42,43,-1,43,42,44,-1,43,44,45,-1,45,44,46,-1,45,46,47,-1,47,46,48,-1,47,48,49,-1,49,48,50,-1,49,50,51,-1,51,50,52,-1,51,52,53,-1,53,52,54,-1,53,54,55,-1,55,54,39,-1,55,39,38,-1,32,34,56,-1,32,56,57,-1,57,56,58,-1,57,58,59,-1,59,58,60,-1,59,60,61,-1,61,60,62,-1,61,62,63,-1,63,62,64,-1,63,64,65,-1,65,64,66,-1,65,66,67,-1,67,66,41,-1,67,41,40,-1,45,47,68,-1,68,47,49,-1,68,49,69,-1,69,49,51,-1,69,51,70,-1,70,51,53,-1,70,53,71,-1,71,53,55,-1,71,55,72,-1,72,55,38,-1,72,38,73,-1,73,38,36,-1,73,36,74,-1,74,36,33,-1,74,33,75,-1,75,33,32,-1,75,32,76,-1,76,32,57,-1,76,57,77,-1,77,57,59,-1,77,59,78,-1,78,59,61,-1,78,61,79,-1,79,61,63,-1,79,63,80,-1,80,63,65,-1,80,65,81,-1,81,65,67,-1,81,67,82,-1,82,67,40,-1,82,40,83,-1,83,40,43,-1,83,43,84,-1,84,43,45,-1,84,45,68,-1,72,73,85,-1,85,73,86,-1,72,85,87,-1,72,87,71,-1,71,87,88,-1,71,88,70,-1,70,88,89,-1,70,89,69,-1,69,89,90,-1,69,90,68,-1,68,90,91,-1,68,91,84,-1,84,91,92,-1,84,92,83,-1,83,92,93,-1,83,93,82,-1,82,93,94,-1,82,94,81,-1,81,94,95,-1,81,95,80,-1,80,95,96,-1,80,96,79,-1,79,96,97,-1,79,97,78,-1,78,97,98,-1,78,98,77,-1,77,98,99,-1,77,99,76,-1,76,99,100,-1,76,100,75,-1,74,75,101,-1,101,75,100,-1,73,74,86,-1,86,74,101,-1,102,103,104,-1,104,103,105,-1,103,106,105,-1,105,106,107,-1,106,108,107,-1,107,108,109,-1,108,110,109,-1,109,110,111,-1,110,112,111,-1,111,112,113,-1,112,114,113,-1,113,114,115,-1,114,116,115,-1,115,116,117,-1,116,118,117,-1,117,118,119,-1,118,120,119,-1,119,120,121,-1,120,122,121,-1,121,122,123,-1,122,124,123,-1,123,124,125,-1,124,102,125,-1,125,102,104,-1,106,103,102,-1,102,124,106,-1,106,124,122,-1,106,122,108,-1,112,110,114,-1,114,110,108,-1,114,108,116,-1,116,108,122,-1,116,122,118,-1,118,122,120,-1,126,127,128,-1,128,127,129,-1,129,127,130,-1,131,132,133,-1,131,133,134,-1,134,133,135,-1,134,135,130,-1,130,135,136,-1,130,136,129,-1,137,138,139,-1,137,139,140,-1,140,139,141,-1,140,141,142,-1,142,141,143,-1,142,143,144,-1,144,143,145,-1,144,145,146,-1,146,145,147,-1,146,147,148,-1,148,147,149,-1,148,149,150,-1,150,149,131,-1,131,149,151,-1,131,151,132,-1,152,153,154,-1,152,154,155,-1,155,154,156,-1,155,156,157,-1,157,156,158,-1,157,158,159,-1,159,158,160,-1,159,160,161,-1,161,160,162,-1,161,162,163,-1,163,162,164,-1,163,164,165,-1,165,164,138,-1,165,138,137,-1,166,167,168,-1,166,168,169,-1,169,168,153,-1,169,153,152,-1,166,170,167,-1,167,170,171,-1,172,173,174,-1,172,174,175,-1,175,174,171,-1,175,171,170,-1,176,177,178,-1,176,178,179,-1,179,178,180,-1,179,180,181,-1,181,180,182,-1,181,182,183,-1,183,182,184,-1,183,184,185,-1,185,184,186,-1,185,186,187,-1,187,186,188,-1,187,188,189,-1,189,188,173,-1,189,173,172,-1,190,191,192,-1,190,192,193,-1,193,192,194,-1,193,194,195,-1,195,194,196,-1,195,196,197,-1,197,196,198,-1,197,198,199,-1,199,198,200,-1,199,200,201,-1,201,200,202,-1,201,202,203,-1,203,202,177,-1,203,177,176,-1,126,128,204,-1,126,204,205,-1,205,204,206,-1,205,206,207,-1,207,206,191,-1,207,191,190,-1,193,131,190,-1,190,131,134,-1,190,134,207,-1,207,134,130,-1,207,130,205,-1,205,130,127,-1,205,127,126,-1,170,166,175,-1,175,166,169,-1,175,169,172,-1,172,169,152,-1,172,152,189,-1,189,152,155,-1,189,155,187,-1,187,155,157,-1,187,157,185,-1,185,157,159,-1,185,159,183,-1,183,159,161,-1,183,161,181,-1,181,161,163,-1,181,163,179,-1,179,163,165,-1,179,165,176,-1,176,165,137,-1,176,137,203,-1,203,137,140,-1,203,140,201,-1,201,140,142,-1,201,142,199,-1,199,142,144,-1,199,144,197,-1,197,144,146,-1,197,146,195,-1,195,146,148,-1,195,148,193,-1,193,148,150,-1,193,150,131,-1,208,209,210,-1,210,209,211,-1,209,212,211,-1,211,212,213,-1,212,214,213,-1,213,214,215,-1,214,216,215,-1,215,216,217,-1,216,218,217,-1,217,218,219,-1,218,208,219,-1,219,208,210,-1,216,214,218,-1,218,214,212,-1,218,212,208,-1,208,212,209,-1,
        ]
    }
}
Shape{
    appearance Appearance {
        material  Material 	{
            diffuseColor 0.9490196078431372 0.7607843137254902 0.1803921568627451
            specularColor 0.7607843137254902 0.6078431372549019 0.1450980392156863
            ambientIntensity 0.7509
            transparency 0.0
            shininess 0.5
        }
    }
    geometry IndexedFaceSet {
        ccw TRUE
        solid FALSE
        coord DEF co Coordinate {
            point [
                -1.3622 0.4963 -0.6525, -1.3622 0.4963 -0.6854, -1.3622 0.5374 -0.6672, -1.3622 0.5374 -0.6706, -1.3622 0.5408 -0.6681, -1.3622 0.5408 -0.6697, -1.3622 0.5443 -0.6688, -1.3622 0.5443 -0.6691, -1.3622 0.5455 -0.5522, -1.3622 0.4687 -0.5522, -1.3622 0.5455 -0.5667, -1.3622 0.4687 -0.5661, -1.3622 0.4697 -0.5765, -1.3622 0.5081 -0.605, -1.3622 0.5179 -0.6042, -1.3622 0.5256 -0.6019, -1.3622 0.5443 -0.5783, -1.3622 0.4723 -0.5848, -1.3622 0.4762 -0.5915, -1.3622 0.4817 -0.597, -1.3622 0.4885 -0.6012, -1.3622 0.4977 -0.6041, -1.3622 0.5317 -0.5984, -1.3622 0.5368 -0.5937, -1.3622 0.5414 -0.5865
            ]
        }
        coordIndex [
            0,1,2,-1,2,1,3,-1,2,3,4,-1,4,3,5,-1,4,5,6,-1,6,5,7,-1,8,9,10,-1,10,9,11,-1,10,11,12,-1,13,14,10,-1,10,14,15,-1,10,15,16,-1,12,17,10,-1,10,17,18,-1,10,18,19,-1,19,20,10,-1,10,20,21,-1,10,21,13,-1,22,23,15,-1,15,23,24,-1,15,24,16,-1,
        ]
    }
}
Shape{
    appearance Appearance {
        material  Material 	{
            diffuseColor 0.0 0.0 0.0
            specularColor 0.0 0.0 0.0
            ambientIntensity 0.0
            transparency 0.0
            shininess 0.5
        }
    }
    geometry IndexedFaceSet {
        ccw TRUE
        solid FALSE
        coord DEF co Coordinate {
            point [
                -1.3661 -0.4589 -0.6775, -1.3661 -0.5574 -0.716, -1.3622 -0.4589 -0.6775, -1.3622 -0.5574 -0.716, -1.3661 -0.5574 -0.7016, -1.3622 -0.5574 -0.7016, -1.3661 -0.5297 -0.6916, -1.3622 -0.5297 -0.6916, -1.3661 -0.5297 -0.6509, -1.3622 -0.5297 -0.6509, -1.3661 -0.5574 -0.6415, -1.3622 -0.5574 -0.6415, -1.3661 -0.5574 -0.6271, -1.3622 -0.5574 -0.6271, -1.3661 -0.4589 -0.6643, -1.3622 -0.4589 -0.6643, -1.3661 -0.5189 -0.6543, -1.3661 -0.4778 -0.6689, -1.3661 -0.4744 -0.6699, -1.3661 -0.4709 -0.6705, -1.3661 -0.4709 -0.6708, -1.3661 -0.4744 -0.6715, -1.3661 -0.4778 -0.6724, -1.3661 -0.5189 -0.6872, -1.3622 -0.5189 -0.6543, -1.3622 -0.5189 -0.6872, -1.3622 -0.4778 -0.6689, -1.3622 -0.4744 -0.6699, -1.3622 -0.4709 -0.6705, -1.3622 -0.4709 -0.6708, -1.3622 -0.4744 -0.6715, -1.3622 -0.4778 -0.6724, -1.3661 -0.5574 -0.5675, -1.3661 -0.5574 -0.5407, -1.3622 -0.5574 -0.5675, -1.3622 -0.5574 -0.5407, -1.3661 -0.4589 -0.5407, -1.3622 -0.4589 -0.5407, -1.3661 -0.4589 -0.5685, -1.3622 -0.4589 -0.5685, -1.3661 -0.5069 -0.6199, -1.3622 -0.5069 -0.6199, -1.3622 -0.4976 -0.6192, -1.3661 -0.4976 -0.6192, -1.3622 -0.4879 -0.6166, -1.3661 -0.4879 -0.6166, -1.3622 -0.4795 -0.612, -1.3661 -0.4795 -0.612, -1.3622 -0.4718 -0.605, -1.3661 -0.4718 -0.605, -1.3622 -0.4717 -0.6049, -1.3661 -0.4717 -0.6049, -1.3622 -0.4645 -0.5942, -1.3661 -0.4645 -0.5942, -1.3622 -0.4604 -0.5827, -1.3661 -0.4604 -0.5827, -1.3622 -0.5563 -0.5797, -1.3661 -0.5563 -0.5797, -1.3622 -0.5529 -0.591, -1.3661 -0.5529 -0.591, -1.3622 -0.5469 -0.6013, -1.3661 -0.5469 -0.6013, -1.3622 -0.5392 -0.6094, -1.3661 -0.5392 -0.6094, -1.3622 -0.5304 -0.615, -1.3661 -0.5304 -0.615, -1.3622 -0.5201 -0.6186, -1.3661 -0.5201 -0.6186, -1.3661 -0.4835 -0.6002, -1.3661 -0.4785 -0.5954, -1.3661 -0.4738 -0.5882, -1.3661 -0.471 -0.5801, -1.3661 -0.4697 -0.5684, -1.3661 -0.4697 -0.5539, -1.3661 -0.5465 -0.5539, -1.3661 -0.5465 -0.5679, -1.3661 -0.5456 -0.5783, -1.3661 -0.543 -0.5866, -1.3661 -0.539 -0.5933, -1.3661 -0.5336 -0.5988, -1.3661 -0.5268 -0.6029, -1.3661 -0.5175 -0.6058, -1.3661 -0.5072 -0.6067, -1.3661 -0.4974 -0.6059, -1.3661 -0.4896 -0.6036, -1.3622 -0.4697 -0.5684, -1.3622 -0.4697 -0.5539, -1.3622 -0.471 -0.5801, -1.3622 -0.4738 -0.5882, -1.3622 -0.4785 -0.5954, -1.3622 -0.4835 -0.6002, -1.3622 -0.4896 -0.6036, -1.3622 -0.4974 -0.6059, -1.3622 -0.5072 -0.6067, -1.3622 -0.5175 -0.6058, -1.3622 -0.5268 -0.6029, -1.3622 -0.5336 -0.5988, -1.3622 -0.539 -0.5933, -1.3622 -0.543 -0.5866, -1.3622 -0.5456 -0.5783, -1.3622 -0.5465 -0.5679, -1.3622 -0.5465 -0.5539, -1.3661 -0.5465 -0.5215, -1.3661 -0.5574 -0.5215, -1.3622 -0.5465 -0.5215, -1.3622 -0.5574 -0.5215, -1.3661 -0.5574 -0.4687, -1.3622 -0.5574 -0.4687, -1.3661 -0.4589 -0.4687, -1.3622 -0.4589 -0.4687, -1.3661 -0.4589 -0.5191, -1.3622 -0.4589 -0.5191, -1.3661 -0.4697 -0.5191, -1.3622 -0.4697 -0.5191, -1.3661 -0.4697 -0.4819, -1.3622 -0.4697 -0.4819, -1.3661 -0.5021 -0.4819, -1.3622 -0.5021 -0.4819, -1.3661 -0.5021 -0.5167, -1.3622 -0.5021 -0.5167, -1.3661 -0.5129 -0.5167, -1.3622 -0.5129 -0.5167, -1.3661 -0.5129 -0.4819, -1.3622 -0.5129 -0.4819, -1.3661 -0.5465 -0.4819, -1.3622 -0.5465 -0.4819, -1.3661 -0.5414 -0.4495, -1.3661 -0.5523 -0.4495, -1.3622 -0.5414 -0.4495, -1.3622 -0.5523 -0.4495, -1.3661 -0.5566 -0.439, -1.3661 -0.5586 -0.4224, -1.3622 -0.5586 -0.4224, -1.3622 -0.5585 -0.4251, -1.3661 -0.5585 -0.4251, -1.3622 -0.558 -0.4291, -1.3622 -0.5566 -0.439, -1.3661 -0.51 -0.3763, -1.3622 -0.51 -0.3763, -1.3622 -0.5214 -0.3772, -1.3661 -0.5214 -0.3772, -1.3622 -0.5318 -0.3802, -1.3661 -0.5318 -0.3802, -1.3622 -0.5412 -0.3854, -1.3661 -0.5412 -0.3854, -1.3622 -0.549 -0.3928, -1.3661 -0.549 -0.3928, -1.3622 -0.554 -0.4007, -1.3661 -0.554 -0.4007, -1.3622 -0.5573 -0.4103, -1.3661 -0.5573 -0.4103, -1.3622 -0.558 -0.4166, -1.3661 -0.4577 -0.4263, -1.3622 -0.4577 -0.4263, -1.3622 -0.4585 -0.4164, -1.3661 -0.4585 -0.4164, -1.3622 -0.4617 -0.4055, -1.3661 -0.4617 -0.4055, -1.3622 -0.4671 -0.3961, -1.3661 -0.4671 -0.3961, -1.3622 -0.4756 -0.3872, -1.3661 -0.4756 -0.3872, -1.3622 -0.4849 -0.3815, -1.3661 -0.4849 -0.3815, -1.3622 -0.496 -0.3777, -1.3661 -0.496 -0.3777, -1.3661 -0.4616 -0.4495, -1.3622 -0.4616 -0.4495, -1.3622 -0.4585 -0.4381, -1.3661 -0.4585 -0.4381, -1.3661 -0.4748 -0.4495, -1.3622 -0.4748 -0.4495, -1.3661 -0.4685 -0.4264, -1.3622 -0.4685 -0.4264, -1.3622 -0.4701 -0.4384, -1.3661 -0.4701 -0.4384, -1.3661 -0.5092 -0.3895, -1.3622 -0.5092 -0.3895, -1.3622 -0.5015 -0.3899, -1.3661 -0.5015 -0.3899, -1.3622 -0.491 -0.3926, -1.3661 -0.491 -0.3926, -1.3622 -0.4834 -0.3966, -1.3661 -0.4834 -0.3966, -1.3622 -0.4768 -0.4026, -1.3661 -0.4768 -0.4026, -1.3622 -0.4723 -0.4094, -1.3661 -0.4723 -0.4094, -1.3622 -0.4696 -0.4167, -1.3661 -0.4696 -0.4167, -1.3661 -0.5477 -0.4242, -1.3622 -0.5477 -0.4242, -1.3622 -0.5467 -0.415, -1.3661 -0.5467 -0.415, -1.3622 -0.5441 -0.4079, -1.3661 -0.5441 -0.4079, -1.3622 -0.54 -0.4018, -1.3661 -0.54 -0.4018, -1.3622 -0.5351 -0.3972, -1.3661 -0.5351 -0.3972, -1.3622 -0.5283 -0.3931, -1.3661 -0.5283 -0.3931, -1.3622 -0.5198 -0.3905, -1.3661 -0.5198 -0.3905, -1.3622 -0.5424 -0.4477, -1.3661 -0.5424 -0.4477, -1.3622 -0.5463 -0.4373, -1.3661 -0.5463 -0.4373, -1.3661 -0.5465 -0.3679, -1.3661 -0.5574 -0.3679, -1.3622 -0.5465 -0.3679, -1.3622 -0.5574 -0.3679, -1.3661 -0.5574 -0.3175, -1.3622 -0.5574 -0.3175, -1.3661 -0.4589 -0.3175, -1.3622 -0.4589 -0.3175, -1.3661 -0.4589 -0.3307, -1.3622 -0.4589 -0.3307, -1.3661 -0.5465 -0.3307, -1.3622 -0.5465 -0.3307
            ]
        }
        coordIndex [
            0,1,2,-1,2,1,3,-1,1,4,3,-1,3,4,5,-1,4,6,5,-1,5,6,7,-1,6,8,7,-1,7,8,9,-1,8,10,9,-1,9,10,11,-1,10,12,11,-1,11,12,13,-1,12,14,13,-1,13,14,15,-1,14,0,15,-1,15,0,2,-1,16,17,14,-1,12,10,8,-1,17,18,14,-1,14,18,19,-1,14,19,0,-1,0,19,20,-1,0,20,21,-1,21,22,0,-1,0,22,23,-1,0,23,1,-1,4,1,6,-1,6,1,23,-1,6,23,8,-1,8,23,16,-1,8,16,12,-1,12,16,14,-1,16,23,24,-1,24,23,25,-1,17,16,26,-1,26,16,24,-1,17,26,27,-1,17,27,18,-1,18,27,28,-1,18,28,19,-1,20,19,29,-1,29,19,28,-1,20,29,30,-1,20,30,21,-1,21,30,31,-1,21,31,22,-1,23,22,25,-1,25,22,31,-1,32,33,34,-1,34,33,35,-1,33,36,35,-1,35,36,37,-1,36,38,37,-1,37,38,39,-1,40,41,42,-1,40,42,43,-1,43,42,44,-1,43,44,45,-1,45,44,46,-1,45,46,47,-1,47,46,48,-1,47,48,49,-1,49,48,50,-1,49,50,51,-1,51,50,52,-1,51,52,53,-1,53,52,54,-1,53,54,55,-1,55,54,39,-1,55,39,38,-1,32,34,56,-1,32,56,57,-1,57,56,58,-1,57,58,59,-1,59,58,60,-1,59,60,61,-1,61,60,62,-1,61,62,63,-1,63,62,64,-1,63,64,65,-1,65,64,66,-1,65,66,67,-1,67,66,41,-1,67,41,40,-1,45,47,68,-1,68,47,49,-1,68,49,69,-1,69,49,51,-1,69,51,70,-1,70,51,53,-1,70,53,71,-1,71,53,55,-1,71,55,72,-1,72,55,38,-1,72,38,73,-1,73,38,36,-1,73,36,74,-1,74,36,33,-1,74,33,75,-1,75,33,32,-1,75,32,76,-1,76,32,57,-1,76,57,77,-1,77,57,59,-1,77,59,78,-1,78,59,61,-1,78,61,79,-1,79,61,63,-1,79,63,80,-1,80,63,65,-1,80,65,81,-1,81,65,67,-1,81,67,82,-1,82,67,40,-1,82,40,83,-1,83,40,43,-1,83,43,84,-1,84,43,45,-1,84,45,68,-1,72,73,85,-1,85,73,86,-1,72,85,87,-1,72,87,71,-1,71,87,88,-1,71,88,70,-1,70,88,89,-1,70,89,69,-1,69,89,90,-1,69,90,68,-1,68,90,91,-1,68,91,84,-1,84,91,92,-1,84,92,83,-1,83,92,93,-1,83,93,82,-1,82,93,94,-1,82,94,81,-1,81,94,95,-1,81,95,80,-1,80,95,96,-1,80,96,79,-1,79,96,97,-1,79,97,78,-1,78,97,98,-1,78,98,77,-1,77,98,99,-1,77,99,76,-1,76,99,100,-1,76,100,75,-1,74,75,101,-1,101,75,100,-1,73,74,86,-1,86,74,101,-1,102,103,104,-1,104,103,105,-1,103,106,105,-1,105,106,107,-1,106,108,107,-1,107,108,109,-1,108,110,109,-1,109,110,111,-1,110,112,111,-1,111,112,113,-1,112,114,113,-1,113,114,115,-1,114,116,115,-1,115,116,117,-1,116,118,117,-1,117,118,119,-1,118,120,119,-1,119,120,121,-1,120,122,121,-1,121,122,123,-1,122,124,123,-1,123,124,125,-1,124,102,125,-1,125,102,104,-1,106,103,102,-1,102,124,106,-1,106,124,122,-1,106,122,108,-1,112,110,114,-1,114,110,108,-1,114,108,116,-1,116,108,122,-1,116,122,118,-1,118,122,120,-1,126,127,128,-1,128,127,129,-1,129,127,130,-1,131,132,133,-1,131,133,134,-1,134,133,135,-1,134,135,130,-1,130,135,136,-1,130,136,129,-1,137,138,139,-1,137,139,140,-1,140,139,141,-1,140,141,142,-1,142,141,143,-1,142,143,144,-1,144,143,145,-1,144,145,146,-1,146,145,147,-1,146,147,148,-1,148,147,149,-1,148,149,150,-1,150,149,131,-1,131,149,151,-1,131,151,132,-1,152,153,154,-1,152,154,155,-1,155,154,156,-1,155,156,157,-1,157,156,158,-1,157,158,159,-1,159,158,160,-1,159,160,161,-1,161,160,162,-1,161,162,163,-1,163,162,164,-1,163,164,165,-1,165,164,138,-1,165,138,137,-1,166,167,168,-1,166,168,169,-1,169,168,153,-1,169,153,152,-1,166,170,167,-1,167,170,171,-1,172,173,174,-1,172,174,175,-1,175,174,171,-1,175,171,170,-1,176,177,178,-1,176,178,179,-1,179,178,180,-1,179,180,181,-1,181,180,182,-1,181,182,183,-1,183,182,184,-1,183,184,185,-1,185,184,186,-1,185,186,187,-1,187,186,188,-1,187,188,189,-1,189,188,173,-1,189,173,172,-1,190,191,192,-1,190,192,193,-1,193,192,194,-1,193,194,195,-1,195,194,196,-1,195,196,197,-1,197,196,198,-1,197,198,199,-1,199,198,200,-1,199,200,201,-1,201,200,202,-1,201,202,203,-1,203,202,177,-1,203,177,176,-1,126,128,204,-1,126,204,205,-1,205,204,206,-1,205,206,207,-1,207,206,191,-1,207,191,190,-1,193,131,190,-1,190,131,134,-1,190,134,207,-1,207,134,130,-1,207,130,205,-1,205,130,127,-1,205,127,126,-1,170,166,175,-1,175,166,169,-1,175,169,172,-1,172,169,152,-1,172,152,189,-1,189,152,155,-1,189,155,187,-1,187,155,157,-1,187,157,185,-1,185,157,159,-1,185,159,183,-1,183,159,161,-1,183,161,181,-1,181,161,163,-1,181,163,179,-1,179,163,165,-1,179,165,176,-1,176,165,137,-1,176,137,203,-1,203,137,140,-1,203,140,201,-1,201,140,142,-1,201,142,199,-1,199,142,144,-1,199,144,197,-1,197,144,146,-1,197,146,195,-1,195,146,148,-1,195,148,193,-1,193,148,150,-1,193,150,131,-1,208,209,210,-1,210,209,211,-1,209,212,211,-1,211,212,213,-1,212,214,213,-1,213,214,215,-1,214,216,215,-1,215,216,217,-1,216,218,217,-1,217,218,219,-1,218,208,219,-1,219,208,210,-1,216,214,218,-1,218,214,212,-1,218,212,208,-1,208,212,209,-1,
        ]
    }
}
Shape{
    appearance Appearance {
        material  Material 	{
            diffuseColor 0.9490196078431372 0.7607843137254902 0.1803921568627451
            specularColor 0.7607843137254902 0.6078431372549019 0.1450980392156863
            ambientIntensity 0.7509
            transparency 0.0
            shininess 0.5
        }
    }
    geometry IndexedFaceSet {
        ccw TRUE
        solid FALSE
        coord DEF co Coordinate {
            point [
                -1.3622 -0.5189 -0.6543, -1.3622 -0.5189 -0.6872, -1.3622 -0.4778 -0.6689, -1.3622 -0.4778 -0.6724, -1.3622 -0.4744 -0.6699, -1.3622 -0.4744 -0.6715, -1.3622 -0.4709 -0.6705, -1.3622 -0.4709 -0.6708, -1.3622 -0.4697 -0.5539, -1.3622 -0.5465 -0.5539, -1.3622 -0.4697 -0.5684, -1.3622 -0.5465 -0.5679, -1.3622 -0.5456 -0.5783, -1.3622 -0.5072 -0.6067, -1.3622 -0.4974 -0.6059, -1.3622 -0.4896 -0.6036, -1.3622 -0.471 -0.5801, -1.3622 -0.543 -0.5866, -1.3622 -0.539 -0.5933, -1.3622 -0.5336 -0.5988, -1.3622 -0.5268 -0.6029, -1.3622 -0.5175 -0.6058, -1.3622 -0.4835 -0.6002, -1.3622 -0.4785 -0.5954, -1.3622 -0.4738 -0.5882, -0.3622 -0.4685 -0.4264, -0.3622 -0.4696 -0.4167, -0.3622 -0.5424 -0.4477, -0.3622 -0.4697 -0.5191, -0.3622 -0.4697 -0.4819, -0.3622 -0.5021 -0.4819, -0.3622 -0.5021 -0.5167, -0.3622 -0.5129 -0.5167, -0.3622 -0.558 -0.5311, -0.3622 -0.549 -0.3928, -0.3622 -0.5412 -0.3854, -0.3622 -0.5574 -0.3679, -0.3622 -0.558 -0.4166, -0.3622 -0.5574 -0.3175, -0.3622 -0.4701 -0.4384, -0.3622 -0.5414 -0.4495, -0.3622 -0.4748 -0.4495, -0.3622 -0.4589 -0.5191, -0.3622 -0.3622 -0.5311, -0.3622 -0.4589 -0.4687, -0.3622 -0.3622 0.1969, -0.3622 -0.4589 -0.3175, -0.3622 -0.4589 -0.3307, -0.3622 -0.4849 -0.3815, -0.3622 -0.4756 -0.3872, -0.3622 -0.4671 -0.3961, -0.3622 -0.4617 -0.4055, -0.3622 -0.5465 -0.3679, -0.3622 -0.5318 -0.3802, -0.3622 -0.5465 -0.3307, -0.3622 -0.4585 -0.4164, -0.3622 -0.4577 -0.4263, -0.3622 -0.4585 -0.4381, -0.3622 -0.4616 -0.4495, -0.3622 -0.5574 -0.4687, -0.3622 -0.5523 -0.4495, -0.3622 -0.5573 -0.4103, -0.3622 -0.554 -0.4007, -0.3622 -0.4723 -0.4094, -0.3622 -0.4768 -0.4026, -0.3622 -0.4834 -0.3966, -0.3622 -0.5092 -0.3895, -0.3622 -0.5198 -0.3905, -0.3622 -0.5283 -0.3931, -0.3622 -0.5467 -0.415, -0.3622 -0.5477 -0.4242, -0.3622 -0.5441 -0.4079, -0.3622 -0.54 -0.4018, -0.3622 -0.5351 -0.3972, -0.3622 -0.5463 -0.4373, -0.3622 -0.5214 -0.3772, -0.3622 -0.51 -0.3763, -0.3622 -0.496 -0.3777, -0.3622 -0.491 -0.3926, -0.3622 -0.5015 -0.3899, -0.3622 -0.5129 -0.4819, -0.3622 -0.5465 -0.4819, -0.3622 -0.5465 -0.5215, -0.3622 -0.5574 -0.5215, -0.3622 -0.558 -0.4291, -0.3622 -0.5585 -0.4251, -0.3622 -0.6378 -0.5311, -0.3622 -0.5586 -0.4224, -0.3622 -0.558 0.1969, -0.3622 -0.6378 0.1969, -0.3622 -0.4589 -0.6643, -0.3622 -0.4589 -0.6775, -0.3622 -0.5574 -0.7016, -0.3622 -0.5574 -0.716, -0.3622 -0.558 -1.0236, -0.3622 -0.3622 -1.0236, -0.3622 -0.5574 -0.5675, -0.3622 -0.5574 -0.5407, -0.3622 -0.4589 -0.5407, -0.3622 -0.4589 -0.5685, -0.3622 -0.4718 -0.605, -0.3622 -0.4795 -0.612, -0.3622 -0.4879 -0.6166, -0.3622 -0.5574 -0.6271, -0.3622 -0.5304 -0.615, -0.3622 -0.5392 -0.6094, -0.3622 -0.4604 -0.5827, -0.3622 -0.4645 -0.5942, -0.3622 -0.4717 -0.6049, -0.3622 -0.5469 -0.6013, -0.3622 -0.5529 -0.591, -0.3622 -0.5563 -0.5797, -0.3622 -0.5574 -0.6415, -0.3622 -0.5297 -0.6509, -0.3622 -0.5297 -0.6916, -0.3622 -0.4976 -0.6192, -0.3622 -0.5069 -0.6199, -0.3622 -0.5201 -0.6186, -0.3622 -0.5566 -0.439, -0.3622 -0.6378 -1.0236, -0.3622 0.5467 -0.4247, -0.3622 0.5456 -0.415, -0.3622 0.4728 -0.446, -0.3622 0.5563 -0.5174, -0.3622 0.6378 -0.5294, -0.3622 0.5563 -0.467, -0.3622 0.6378 0.1969, -0.3622 0.4663 -0.3911, -0.3622 0.4741 -0.3837, -0.3622 0.4579 -0.3661, -0.3622 0.4573 -0.4149, -0.3622 0.4579 -0.3157, -0.3622 0.5452 -0.4367, -0.3622 0.4738 -0.4477, -0.3622 0.5404 -0.4477, -0.3622 0.5023 -0.515, -0.3622 0.4573 -0.5294, -0.3622 0.5131 -0.515, -0.3622 0.5455 -0.5174, -0.3622 0.5131 -0.4802, -0.3622 0.5455 -0.4802, -0.3622 0.5563 -0.3157, -0.3622 0.5563 -0.3289, -0.3622 0.5304 -0.3797, -0.3622 0.5396 -0.3855, -0.3622 0.5481 -0.3944, -0.3622 0.5535 -0.4037, -0.3622 0.4687 -0.3661, -0.3622 0.4834 -0.3784, -0.3622 0.4687 -0.3289, -0.3622 0.5567 -0.4147, -0.3622 0.5575 -0.4246, -0.3622 0.5567 -0.4364, -0.3622 0.5536 -0.4477, -0.3622 0.4579 -0.467, -0.3622 0.463 -0.4477, -0.3622 0.458 -0.4085, -0.3622 0.4612 -0.399, -0.3622 0.543 -0.4076, -0.3622 0.5384 -0.4008, -0.3622 0.5319 -0.3949, -0.3622 0.5061 -0.3877, -0.3622 0.4954 -0.3887, -0.3622 0.4869 -0.3914, -0.3622 0.4685 -0.4133, -0.3622 0.4675 -0.4225, -0.3622 0.4712 -0.4061, -0.3622 0.4752 -0.4001, -0.3622 0.4801 -0.3955, -0.3622 0.4689 -0.4356, -0.3622 0.4939 -0.3755, -0.3622 0.5053 -0.3745, -0.3622 0.5192 -0.3759, -0.3622 0.5243 -0.3908, -0.3622 0.5137 -0.3882, -0.3622 0.5023 -0.4802, -0.3622 0.4687 -0.4802, -0.3622 0.4687 -0.5198, -0.3622 0.4579 -0.5198, -0.3622 0.4573 -0.4273, -0.3622 0.4567 -0.4234, -0.3622 0.3622 -0.5294, -0.3622 0.4567 -0.4207, -0.3622 0.4573 0.1969, -0.3622 0.3622 0.1969, -0.3622 0.5563 -0.6626, -0.3622 0.5563 -0.6758, -0.3622 0.4579 -0.5657, -0.3622 0.4579 -0.539, -0.3622 0.5563 -0.539, -0.3622 0.4579 -0.6998, -0.3622 0.4579 -0.7142, -0.3622 0.4573 -1.0236, -0.3622 0.6378 -1.0236, -0.3622 0.5563 -0.5667, -0.3622 0.5548 -0.581, -0.3622 0.5508 -0.5925, -0.3622 0.5436 -0.6032, -0.3622 0.4579 -0.6254, -0.3622 0.4849 -0.6133, -0.3622 0.4761 -0.6076, -0.3622 0.5435 -0.6033, -0.3622 0.5358 -0.6103, -0.3622 0.5273 -0.6148, -0.3622 0.4683 -0.5995, -0.3622 0.4623 -0.5893, -0.3622 0.459 -0.5779, -0.3622 0.4579 -0.6398, -0.3622 0.4855 -0.6492, -0.3622 0.4855 -0.6899, -0.3622 0.5176 -0.6175, -0.3622 0.5083 -0.6182, -0.3622 0.4952 -0.6168, -0.3622 0.4587 -0.4373, -0.3622 0.3622 -1.0236
            ]
        }
        coordIndex [
            0,1,2,-1,2,1,3,-1,2,3,4,-1,4,3,5,-1,4,5,6,-1,6,5,7,-1,8,9,10,-1,10,9,11,-1,10,11,12,-1,13,14,10,-1,10,14,15,-1,10,15,16,-1,12,17,10,-1,10,17,18,-1,10,18,19,-1,19,20,10,-1,10,20,21,-1,10,21,13,-1,22,23,15,-1,15,23,24,-1,15,24,16,-1,25,26,27,-1,28,29,30,-1,31,32,33,-1,34,35,36,-1,37,36,38,-1,25,27,39,-1,39,27,40,-1,39,40,41,-1,30,31,28,-1,28,31,33,-1,28,33,42,-1,42,33,43,-1,42,43,44,-1,44,43,45,-1,45,46,47,-1,48,49,47,-1,47,49,50,-1,47,50,51,-1,36,35,52,-1,52,35,53,-1,52,53,54,-1,51,55,47,-1,47,55,56,-1,47,56,45,-1,45,56,57,-1,45,57,44,-1,57,58,44,-1,44,58,41,-1,44,41,59,-1,59,41,40,-1,59,40,60,-1,37,61,36,-1,36,61,62,-1,36,62,34,-1,26,63,27,-1,27,63,64,-1,27,64,65,-1,66,67,27,-1,27,67,68,-1,69,70,71,-1,71,70,72,-1,68,73,27,-1,27,73,72,-1,27,72,74,-1,74,72,70,-1,53,75,54,-1,54,75,76,-1,54,76,47,-1,47,76,77,-1,47,77,48,-1,65,78,27,-1,27,78,79,-1,27,79,66,-1,80,81,32,-1,32,81,82,-1,32,82,33,-1,33,82,83,-1,33,83,59,-1,84,85,86,-1,86,85,87,-1,86,87,37,-1,46,45,38,-1,38,45,88,-1,38,88,37,-1,37,88,89,-1,37,89,86,-1,43,90,91,-1,92,33,93,-1,93,33,94,-1,93,94,91,-1,91,94,95,-1,91,95,43,-1,96,97,33,-1,33,97,98,-1,33,98,43,-1,43,98,99,-1,100,101,90,-1,90,101,102,-1,103,104,105,-1,99,106,43,-1,43,106,107,-1,43,107,90,-1,90,107,108,-1,90,108,100,-1,105,109,103,-1,103,109,110,-1,103,110,111,-1,111,96,103,-1,103,96,33,-1,103,33,112,-1,112,33,92,-1,112,92,113,-1,113,92,114,-1,102,115,90,-1,90,115,116,-1,90,116,103,-1,103,116,117,-1,103,117,104,-1,60,118,59,-1,59,118,84,-1,59,84,33,-1,33,84,86,-1,33,86,94,-1,94,86,119,-1,120,121,122,-1,123,124,125,-1,125,124,126,-1,127,128,129,-1,130,129,131,-1,120,122,132,-1,132,122,133,-1,132,133,134,-1,135,136,137,-1,137,136,138,-1,137,138,139,-1,139,138,140,-1,126,141,142,-1,143,144,142,-1,142,144,145,-1,142,145,146,-1,129,128,147,-1,147,128,148,-1,147,148,149,-1,146,150,142,-1,142,150,151,-1,142,151,126,-1,126,151,152,-1,126,152,125,-1,152,153,125,-1,125,153,134,-1,125,134,154,-1,154,134,133,-1,154,133,155,-1,130,156,129,-1,129,156,157,-1,129,157,127,-1,121,158,122,-1,122,158,159,-1,122,159,160,-1,161,162,122,-1,122,162,163,-1,164,165,166,-1,166,165,167,-1,163,168,122,-1,122,168,167,-1,122,167,169,-1,169,167,165,-1,148,170,149,-1,149,170,171,-1,149,171,142,-1,142,171,172,-1,142,172,143,-1,160,173,122,-1,122,173,174,-1,122,174,161,-1,175,176,135,-1,135,176,177,-1,135,177,136,-1,136,177,178,-1,136,178,154,-1,179,180,181,-1,181,180,182,-1,181,182,130,-1,141,126,131,-1,131,126,183,-1,131,183,130,-1,130,183,184,-1,130,184,181,-1,124,185,186,-1,187,188,136,-1,123,138,124,-1,124,138,136,-1,124,136,189,-1,189,136,188,-1,190,136,191,-1,191,136,192,-1,191,192,186,-1,186,192,193,-1,186,193,124,-1,189,194,124,-1,124,194,195,-1,124,195,185,-1,185,195,196,-1,185,196,197,-1,198,199,200,-1,197,201,185,-1,185,201,202,-1,185,202,203,-1,200,204,198,-1,198,204,205,-1,198,205,206,-1,206,187,198,-1,198,187,136,-1,198,136,207,-1,207,136,190,-1,207,190,208,-1,208,190,209,-1,203,210,185,-1,185,210,211,-1,185,211,198,-1,198,211,212,-1,198,212,199,-1,155,213,154,-1,154,213,179,-1,154,179,136,-1,136,179,181,-1,136,181,192,-1,192,181,214,-1,
        ]
    }
}
Shape{
    appearance Appearance {
        material  Material 	{
            diffuseColor 0.17647058823529413 0.17647058823529413 0.17647058823529413
            specularColor 0.050980392156862744 0.050980392156862744 0.050980392156862744
            ambientIntensity 0.251
            transparency 0.0
            shininess 0.5
        }
    }
    geometry IndexedFaceSet {
        ccw TRUE
        solid FALSE
        coord DEF co Coordinate {
            point [
                -0.3622 -0.6378 0.1969, 0.0 -0.8031 0.1969, -0.6378 -0.6378 0.1969, -1.0 -0.8031 0.1969, -0.6378 -0.3622 0.1969, -0.3622 -0.558 0.1969, -0.3622 -0.3622 0.1969, 0.0 0.8031 0.1969, -0.3622 0.6378 0.1969, -1.0 0.8031 0.1969, -0.6378 0.6378 0.1969, -0.6378 0.3622 0.1969, -0.3622 0.3622 0.1969, -0.3622 0.4573 0.1969, -0.8819 -1.0 0.0079, -0.8819 -1.0 0.9843, -1.0 -0.8819 0.0079, -1.0 -0.8819 0.9843, -0.1181 -1.0 0.0079, -0.1181 -1.0 0.9843, 0.0 -0.8819 0.0079, 0.0 -0.8819 0.9843, 0.0 -0.8031 0.0079, 0.0 0.8031 0.0079, 0.0 0.8819 0.0079, 0.0 0.8819 0.9843, -0.1181 1.0 0.0079, -0.1181 1.0 0.9843, -0.8819 1.0 0.0079, -0.8819 1.0 0.9843, -1.0 0.8819 0.0079, -1.0 0.8819 0.9843, -1.0 0.8031 0.0079, -1.0 -0.8031 0.0079, -0.6378 0.3622 0.9843, -0.3622 0.3622 0.9843, -0.6378 -0.3622 0.9843, -0.3622 -0.3622 0.9843, -0.3622 0.6378 0.9843, -0.6378 0.6378 0.9843, -0.3622 -0.6378 0.9843, -0.6378 -0.6378 0.9843
            ]
        }
        coordIndex [
            0,1,2,-1,2,1,3,-1,2,3,4,-1,0,5,1,-1,1,5,6,-1,1,6,7,-1,7,8,9,-1,9,8,10,-1,9,10,11,-1,3,9,4,-1,4,9,11,-1,4,11,6,-1,6,11,12,-1,6,12,7,-1,7,12,13,-1,7,13,8,-1,14,15,16,-1,16,15,17,-1,18,19,14,-1,14,19,15,-1,20,21,18,-1,18,21,19,-1,20,22,1,-1,23,24,7,-1,7,24,25,-1,7,25,1,-1,1,25,21,-1,1,21,20,-1,26,27,24,-1,24,27,25,-1,28,29,26,-1,26,29,27,-1,30,31,28,-1,28,31,29,-1,30,32,9,-1,33,16,3,-1,3,16,17,-1,3,17,9,-1,9,17,31,-1,9,31,30,-1,15,19,21,-1,31,17,34,-1,31,34,29,-1,35,36,37,-1,25,27,38,-1,38,27,29,-1,38,29,39,-1,39,29,34,-1,38,35,25,-1,25,35,37,-1,25,37,21,-1,21,37,40,-1,21,40,15,-1,15,40,41,-1,15,41,17,-1,17,41,36,-1,17,36,34,-1,34,36,35,-1,1,22,3,-1,3,22,33,-1,14,16,33,-1,18,14,20,-1,20,14,33,-1,20,33,22,-1,32,23,9,-1,9,23,7,-1,23,32,30,-1,30,28,23,-1,23,28,26,-1,23,26,24,-1,
        ]
    }
}
Shape{
    appearance Appearance {
        material  Material 	{
            diffuseColor 0.9490196078431372 0.7607843137254902 0.1803921568627451
            specularColor 0.7607843137254902 0.6078431372549019 0.1450980392156863
            ambientIntensity 0.7509
            transparency 0.0
            shininess 0.5
        }
    }
    geometry IndexedFaceSet {
        ccw TRUE
        solid FALSE
        coord DEF co Coordinate {
            point [
                -0.4016 0.4016 3.3465, -0.4016 0.5984 3.3465, -0.5984 0.4016 3.3465, -0.5984 0.5984 3.3465, -0.3622 0.6378 3.189, -0.3622 0.6378 0.9843, -0.6378 0.6378 3.189, -0.6378 0.6378 0.9843, -0.6378 0.3622 3.189, -0.6378 0.3622 0.9843, -0.3622 0.3622 3.189, -0.3622 0.3622 0.9843, -0.3622 0.3622 0.1969, -0.6378 0.3622 0.1969, -0.3622 0.3622 -0.5294, -0.6378 0.3622 -1.0236, -0.3622 0.3622 -1.0236, -0.6378 0.6378 -1.0236, -0.6378 0.6378 0.1969, -0.3622 0.6378 0.1969, -0.3622 0.6378 -0.5294, -0.3622 0.6378 -1.0236, -0.4016 0.5984 -1.1811, -0.4016 0.4016 -1.1811, -0.5984 0.5984 -1.1811, -0.5984 0.4016 -1.1811, -0.4016 -0.5984 3.3465, -0.4016 -0.4016 3.3465, -0.5984 -0.5984 3.3465, -0.5984 -0.4016 3.3465, -0.3622 -0.3622 3.189, -0.3622 -0.3622 0.9843, -0.6378 -0.3622 3.189, -0.6378 -0.3622 0.9843, -0.6378 -0.6378 3.189, -0.6378 -0.6378 0.9843, -0.3622 -0.6378 3.189, -0.3622 -0.6378 0.9843, -0.3622 -0.6378 0.1969, -0.6378 -0.6378 0.1969, -0.3622 -0.6378 -0.5311, -0.6378 -0.6378 -1.0236, -0.3622 -0.6378 -1.0236, -0.6378 -0.3622 -1.0236, -0.6378 -0.3622 0.1969, -0.3622 -0.3622 0.1969, -0.3622 -0.3622 -0.5311, -0.3622 -0.3622 -1.0236, -0.4016 -0.4016 -1.1811, -0.4016 -0.5984 -1.1811, -0.5984 -0.4016 -1.1811, -0.5984 -0.5984 -1.1811, -0.3622 -0.558 -1.0236, -0.3622 0.4573 -1.0236
            ]
        }
        coordIndex [
            0,1,2,-1,2,1,3,-1,4,5,6,-1,6,5,7,-1,6,7,8,-1,8,7,9,-1,8,9,10,-1,10,9,11,-1,10,11,4,-1,4,11,5,-1,12,13,14,-1,14,13,15,-1,14,15,16,-1,15,13,17,-1,17,13,18,-1,18,19,17,-1,17,19,20,-1,17,20,21,-1,22,23,24,-1,24,23,25,-1,26,27,28,-1,28,27,29,-1,30,31,32,-1,32,31,33,-1,32,33,34,-1,34,33,35,-1,34,35,36,-1,36,35,37,-1,36,37,30,-1,30,37,31,-1,38,39,40,-1,40,39,41,-1,40,41,42,-1,41,39,43,-1,43,39,44,-1,44,45,43,-1,43,45,46,-1,43,46,47,-1,48,49,50,-1,50,49,51,-1,32,29,30,-1,30,29,27,-1,34,28,32,-1,32,28,29,-1,26,36,27,-1,27,36,30,-1,36,26,34,-1,34,26,28,-1,6,3,4,-1,4,3,1,-1,8,2,6,-1,6,2,3,-1,0,10,1,-1,1,10,4,-1,10,0,8,-1,8,0,2,-1,49,42,51,-1,51,42,41,-1,42,49,52,-1,52,49,48,-1,52,48,47,-1,43,50,41,-1,41,50,51,-1,50,43,48,-1,48,43,47,-1,23,16,25,-1,25,16,15,-1,16,23,53,-1,53,23,22,-1,53,22,21,-1,17,24,15,-1,15,24,25,-1,24,17,22,-1,22,17,21,-1,
        ]
    }
}
Shape{
    appearance Appearance {
        material  Material 	{
            diffuseColor 0.0 0.0 0.0
            specularColor 0.0 0.0 0.0
            ambientIntensity 0.0
            transparency 0.0
            shininess 0.5
        }
    }
    geometry IndexedFaceSet {
        ccw TRUE
        solid FALSE
        coord DEF co Coordinate {
            point [
                -0.3661 0.5563 -0.6758, -0.3661 0.4579 -0.7142, -0.3622 0.5563 -0.6758, -0.3622 0.4579 -0.7142, -0.3661 0.4579 -0.6998, -0.3622 0.4579 -0.6998, -0.3661 0.4855 -0.6899, -0.3622 0.4855 -0.6899, -0.3661 0.4855 -0.6492, -0.3622 0.4855 -0.6492, -0.3661 0.4579 -0.6398, -0.3622 0.4579 -0.6398, -0.3661 0.4579 -0.6254, -0.3622 0.4579 -0.6254, -0.3661 0.5563 -0.6626, -0.3622 0.5563 -0.6626, -0.3661 0.4963 -0.6525, -0.3661 0.4963 -0.6854, -0.3661 0.5374 -0.6672, -0.3661 0.5408 -0.6681, -0.3661 0.5443 -0.6688, -0.3661 0.5443 -0.6691, -0.3661 0.5408 -0.6697, -0.3661 0.5374 -0.6706, -0.3622 0.4963 -0.6525, -0.3622 0.4963 -0.6854, -0.3622 0.5374 -0.6672, -0.3622 0.5408 -0.6681, -0.3622 0.5443 -0.6688, -0.3622 0.5443 -0.6691, -0.3622 0.5408 -0.6697, -0.3622 0.5374 -0.6706, -0.3661 0.4579 -0.5657, -0.3661 0.4579 -0.539, -0.3622 0.4579 -0.5657, -0.3622 0.4579 -0.539, -0.3661 0.5563 -0.539, -0.3622 0.5563 -0.539, -0.3661 0.5563 -0.5667, -0.3622 0.5563 -0.5667, -0.3661 0.5083 -0.6182, -0.3622 0.5083 -0.6182, -0.3622 0.5176 -0.6175, -0.3661 0.5176 -0.6175, -0.3622 0.5273 -0.6148, -0.3661 0.5273 -0.6148, -0.3622 0.5358 -0.6103, -0.3661 0.5358 -0.6103, -0.3622 0.5435 -0.6033, -0.3661 0.5435 -0.6033, -0.3622 0.5436 -0.6032, -0.3661 0.5436 -0.6032, -0.3622 0.5508 -0.5925, -0.3661 0.5508 -0.5925, -0.3622 0.5548 -0.581, -0.3661 0.5548 -0.581, -0.3622 0.459 -0.5779, -0.3661 0.459 -0.5779, -0.3622 0.4623 -0.5893, -0.3661 0.4623 -0.5893, -0.3622 0.4683 -0.5995, -0.3661 0.4683 -0.5995, -0.3622 0.4761 -0.6076, -0.3661 0.4761 -0.6076, -0.3622 0.4849 -0.6133, -0.3661 0.4849 -0.6133, -0.3622 0.4952 -0.6168, -0.3661 0.4952 -0.6168, -0.3661 0.5317 -0.5984, -0.3661 0.5368 -0.5937, -0.3661 0.5414 -0.5865, -0.3661 0.5443 -0.5783, -0.3661 0.5455 -0.5667, -0.3661 0.5455 -0.5522, -0.3661 0.4687 -0.5522, -0.3661 0.4687 -0.5661, -0.3661 0.4697 -0.5765, -0.3661 0.4723 -0.5848, -0.3661 0.4762 -0.5915, -0.3661 0.4817 -0.597, -0.3661 0.4885 -0.6012, -0.3661 0.4977 -0.6041, -0.3661 0.5081 -0.605, -0.3661 0.5179 -0.6042, -0.3661 0.5256 -0.6019, -0.3622 0.5455 -0.5667, -0.3622 0.5455 -0.5522, -0.3622 0.5443 -0.5783, -0.3622 0.5414 -0.5865, -0.3622 0.5368 -0.5937, -0.3622 0.5317 -0.5984, -0.3622 0.5256 -0.6019, -0.3622 0.5179 -0.6042, -0.3622 0.5081 -0.605, -0.3622 0.4977 -0.6041, -0.3622 0.4885 -0.6012, -0.3622 0.4817 -0.597, -0.3622 0.4762 -0.5915, -0.3622 0.4723 -0.5848, -0.3622 0.4697 -0.5765, -0.3622 0.4687 -0.5661, -0.3622 0.4687 -0.5522, -0.3661 0.4687 -0.5198, -0.3661 0.4579 -0.5198, -0.3622 0.4687 -0.5198, -0.3622 0.4579 -0.5198, -0.3661 0.4579 -0.467, -0.3622 0.4579 -0.467, -0.3661 0.5563 -0.467, -0.3622 0.5563 -0.467, -0.3661 0.5563 -0.5174, -0.3622 0.5563 -0.5174, -0.3661 0.5455 -0.5174, -0.3622 0.5455 -0.5174, -0.3661 0.5455 -0.4802, -0.3622 0.5455 -0.4802, -0.3661 0.5131 -0.4802, -0.3622 0.5131 -0.4802, -0.3661 0.5131 -0.515, -0.3622 0.5131 -0.515, -0.3661 0.5023 -0.515, -0.3622 0.5023 -0.515, -0.3661 0.5023 -0.4802, -0.3622 0.5023 -0.4802, -0.3661 0.4687 -0.4802, -0.3622 0.4687 -0.4802, -0.3661 0.4738 -0.4477, -0.3661 0.463 -0.4477, -0.3622 0.4738 -0.4477, -0.3622 0.463 -0.4477, -0.3661 0.4587 -0.4373, -0.3661 0.4567 -0.4207, -0.3622 0.4567 -0.4207, -0.3622 0.4567 -0.4234, -0.3661 0.4567 -0.4234, -0.3622 0.4573 -0.4273, -0.3622 0.4587 -0.4373, -0.3661 0.5053 -0.3745, -0.3622 0.5053 -0.3745, -0.3622 0.4939 -0.3755, -0.3661 0.4939 -0.3755, -0.3622 0.4834 -0.3784, -0.3661 0.4834 -0.3784, -0.3622 0.4741 -0.3837, -0.3661 0.4741 -0.3837, -0.3622 0.4663 -0.3911, -0.3661 0.4663 -0.3911, -0.3622 0.4612 -0.399, -0.3661 0.4612 -0.399, -0.3622 0.458 -0.4085, -0.3661 0.458 -0.4085, -0.3622 0.4573 -0.4149, -0.3661 0.5575 -0.4246, -0.3622 0.5575 -0.4246, -0.3622 0.5567 -0.4147, -0.3661 0.5567 -0.4147, -0.3622 0.5535 -0.4037, -0.3661 0.5535 -0.4037, -0.3622 0.5481 -0.3944, -0.3661 0.5481 -0.3944, -0.3622 0.5396 -0.3855, -0.3661 0.5396 -0.3855, -0.3622 0.5304 -0.3797, -0.3661 0.5304 -0.3797, -0.3622 0.5192 -0.3759, -0.3661 0.5192 -0.3759, -0.3661 0.5536 -0.4477, -0.3622 0.5536 -0.4477, -0.3622 0.5567 -0.4364, -0.3661 0.5567 -0.4364, -0.3661 0.5404 -0.4477, -0.3622 0.5404 -0.4477, -0.3661 0.5467 -0.4247, -0.3622 0.5467 -0.4247, -0.3622 0.5452 -0.4367, -0.3661 0.5452 -0.4367, -0.3661 0.5061 -0.3877, -0.3622 0.5061 -0.3877, -0.3622 0.5137 -0.3882, -0.3661 0.5137 -0.3882, -0.3622 0.5243 -0.3908, -0.3661 0.5243 -0.3908, -0.3622 0.5319 -0.3949, -0.3661 0.5319 -0.3949, -0.3622 0.5384 -0.4008, -0.3661 0.5384 -0.4008, -0.3622 0.543 -0.4076, -0.3661 0.543 -0.4076, -0.3622 0.5456 -0.415, -0.3661 0.5456 -0.415, -0.3661 0.4675 -0.4225, -0.3622 0.4675 -0.4225, -0.3622 0.4685 -0.4133, -0.3661 0.4685 -0.4133, -0.3622 0.4712 -0.4061, -0.3661 0.4712 -0.4061, -0.3622 0.4752 -0.4001, -0.3661 0.4752 -0.4001, -0.3622 0.4801 -0.3955, -0.3661 0.4801 -0.3955, -0.3622 0.4869 -0.3914, -0.3661 0.4869 -0.3914, -0.3622 0.4954 -0.3887, -0.3661 0.4954 -0.3887, -0.3622 0.4728 -0.446, -0.3661 0.4728 -0.446, -0.3622 0.4689 -0.4356, -0.3661 0.4689 -0.4356, -0.3661 0.4687 -0.3661, -0.3661 0.4579 -0.3661, -0.3622 0.4687 -0.3661, -0.3622 0.4579 -0.3661, -0.3661 0.4579 -0.3157, -0.3622 0.4579 -0.3157, -0.3661 0.5563 -0.3157, -0.3622 0.5563 -0.3157, -0.3661 0.5563 -0.3289, -0.3622 0.5563 -0.3289, -0.3661 0.4687 -0.3289, -0.3622 0.4687 -0.3289
            ]
        }
        coordIndex [
            0,1,2,-1,2,1,3,-1,1,4,3,-1,3,4,5,-1,4,6,5,-1,5,6,7,-1,6,8,7,-1,7,8,9,-1,8,10,9,-1,9,10,11,-1,10,12,11,-1,11,12,13,-1,12,14,13,-1,13,14,15,-1,14,0,15,-1,15,0,2,-1,16,8,17,-1,17,8,6,-1,18,14,16,-1,16,14,12,-1,16,12,8,-1,8,12,10,-1,18,19,14,-1,14,19,20,-1,14,20,0,-1,0,20,21,-1,0,21,22,-1,22,23,0,-1,0,23,17,-1,0,17,1,-1,1,17,6,-1,1,6,4,-1,16,17,24,-1,24,17,25,-1,18,16,26,-1,26,16,24,-1,18,26,27,-1,18,27,19,-1,19,27,28,-1,19,28,20,-1,21,20,29,-1,29,20,28,-1,21,29,30,-1,21,30,22,-1,22,30,31,-1,22,31,23,-1,17,23,25,-1,25,23,31,-1,32,33,34,-1,34,33,35,-1,33,36,35,-1,35,36,37,-1,36,38,37,-1,37,38,39,-1,40,41,42,-1,40,42,43,-1,43,42,44,-1,43,44,45,-1,45,44,46,-1,45,46,47,-1,47,46,48,-1,47,48,49,-1,49,48,50,-1,49,50,51,-1,51,50,52,-1,51,52,53,-1,53,52,54,-1,53,54,55,-1,55,54,39,-1,55,39,38,-1,32,34,56,-1,32,56,57,-1,57,56,58,-1,57,58,59,-1,59,58,60,-1,59,60,61,-1,61,60,62,-1,61,62,63,-1,63,62,64,-1,63,64,65,-1,65,64,66,-1,65,66,67,-1,67,66,41,-1,67,41,40,-1,45,47,68,-1,68,47,49,-1,68,49,69,-1,69,49,51,-1,69,51,70,-1,70,51,53,-1,70,53,71,-1,71,53,55,-1,71,55,72,-1,72,55,38,-1,72,38,73,-1,73,38,36,-1,73,36,74,-1,74,36,33,-1,74,33,75,-1,75,33,32,-1,75,32,76,-1,76,32,57,-1,76,57,77,-1,77,57,59,-1,77,59,78,-1,78,59,61,-1,78,61,79,-1,79,61,63,-1,79,63,80,-1,80,63,65,-1,80,65,81,-1,81,65,67,-1,81,67,82,-1,82,67,40,-1,82,40,83,-1,83,40,43,-1,83,43,84,-1,84,43,45,-1,84,45,68,-1,72,73,85,-1,85,73,86,-1,72,85,87,-1,72,87,71,-1,71,87,88,-1,71,88,70,-1,70,88,89,-1,70,89,69,-1,69,89,90,-1,69,90,68,-1,68,90,91,-1,68,91,84,-1,84,91,92,-1,84,92,83,-1,83,92,93,-1,83,93,82,-1,82,93,94,-1,82,94,81,-1,81,94,95,-1,81,95,80,-1,80,95,96,-1,80,96,79,-1,79,96,97,-1,79,97,78,-1,78,97,98,-1,78,98,77,-1,77,98,99,-1,77,99,76,-1,76,99,100,-1,76,100,75,-1,74,75,101,-1,101,75,100,-1,73,74,86,-1,86,74,101,-1,102,103,104,-1,104,103,105,-1,103,106,105,-1,105,106,107,-1,106,108,107,-1,107,108,109,-1,108,110,109,-1,109,110,111,-1,110,112,111,-1,111,112,113,-1,112,114,113,-1,113,114,115,-1,114,116,115,-1,115,116,117,-1,116,118,117,-1,117,118,119,-1,118,120,119,-1,119,120,121,-1,120,122,121,-1,121,122,123,-1,122,124,123,-1,123,124,125,-1,124,102,125,-1,125,102,104,-1,106,103,102,-1,102,124,106,-1,106,124,122,-1,106,122,108,-1,112,110,114,-1,114,110,108,-1,114,108,116,-1,116,108,122,-1,116,122,118,-1,118,122,120,-1,126,127,128,-1,128,127,129,-1,129,127,130,-1,131,132,133,-1,131,133,134,-1,134,133,135,-1,134,135,130,-1,130,135,136,-1,130,136,129,-1,137,138,139,-1,137,139,140,-1,140,139,141,-1,140,141,142,-1,142,141,143,-1,142,143,144,-1,144,143,145,-1,144,145,146,-1,146,145,147,-1,146,147,148,-1,148,147,149,-1,148,149,150,-1,150,149,131,-1,131,149,151,-1,131,151,132,-1,152,153,154,-1,152,154,155,-1,155,154,156,-1,155,156,157,-1,157,156,158,-1,157,158,159,-1,159,158,160,-1,159,160,161,-1,161,160,162,-1,161,162,163,-1,163,162,164,-1,163,164,165,-1,165,164,138,-1,165,138,137,-1,166,167,168,-1,166,168,169,-1,169,168,153,-1,169,153,152,-1,166,170,167,-1,167,170,171,-1,172,173,174,-1,172,174,175,-1,175,174,171,-1,175,171,170,-1,176,177,178,-1,176,178,179,-1,179,178,180,-1,179,180,181,-1,181,180,182,-1,181,182,183,-1,183,182,184,-1,183,184,185,-1,185,184,186,-1,185,186,187,-1,187,186,188,-1,187,188,189,-1,189,188,173,-1,189,173,172,-1,190,191,192,-1,190,192,193,-1,193,192,194,-1,193,194,195,-1,195,194,196,-1,195,196,197,-1,197,196,198,-1,197,198,199,-1,199,198,200,-1,199,200,201,-1,201,200,202,-1,201,202,203,-1,203,202,177,-1,203,177,176,-1,126,128,204,-1,126,204,205,-1,205,204,206,-1,205,206,207,-1,207,206,191,-1,207,191,190,-1,193,131,190,-1,190,131,134,-1,190,134,207,-1,207,134,130,-1,207,130,205,-1,205,130,127,-1,205,127,126,-1,170,166,175,-1,175,166,169,-1,175,169,172,-1,172,169,152,-1,172,152,189,-1,189,152,155,-1,189,155,187,-1,187,155,157,-1,187,157,185,-1,185,157,159,-1,185,159,183,-1,183,159,161,-1,183,161,181,-1,181,161,163,-1,181,163,179,-1,179,163,165,-1,179,165,176,-1,176,165,137,-1,176,137,203,-1,203,137,140,-1,203,140,201,-1,201,140,142,-1,201,142,199,-1,199,142,144,-1,199,144,197,-1,197,144,146,-1,197,146,195,-1,195,146,148,-1,195,148,193,-1,193,148,150,-1,193,150,131,-1,208,209,210,-1,210,209,211,-1,209,212,211,-1,211,212,213,-1,212,214,213,-1,213,214,215,-1,214,216,215,-1,215,216,217,-1,216,218,217,-1,217,218,219,-1,218,208,219,-1,219,208,210,-1,216,214,218,-1,218,214,212,-1,218,212,208,-1,208,212,209,-1,
        ]
    }
}
Shape{
    appearance Appearance {
        material  Material 	{
            diffuseColor 0.9490196078431372 0.7607843137254902 0.1803921568627451
            specularColor 0.7607843137254902 0.6078431372549019 0.1450980392156863
            ambientIntensity 0.7509
            transparency 0.0
            shininess 0.5
        }
    }
    geometry IndexedFaceSet {
        ccw TRUE
        solid FALSE
        coord DEF co Coordinate {
            point [
                -0.3622 0.4963 -0.6525, -0.3622 0.4963 -0.6854, -0.3622 0.5374 -0.6672, -0.3622 0.5374 -0.6706, -0.3622 0.5408 -0.6681, -0.3622 0.5408 -0.6697, -0.3622 0.5443 -0.6688, -0.3622 0.5443 -0.6691, -0.3622 0.5455 -0.5522, -0.3622 0.4687 -0.5522, -0.3622 0.5455 -0.5667, -0.3622 0.4687 -0.5661, -0.3622 0.4697 -0.5765, -0.3622 0.5081 -0.605, -0.3622 0.5179 -0.6042, -0.3622 0.5256 -0.6019, -0.3622 0.5443 -0.5783, -0.3622 0.4723 -0.5848, -0.3622 0.4762 -0.5915, -0.3622 0.4817 -0.597, -0.3622 0.4885 -0.6012, -0.3622 0.4977 -0.6041, -0.3622 0.5317 -0.5984, -0.3622 0.5368 -0.5937, -0.3622 0.5414 -0.5865
            ]
        }
        coordIndex [
            0,1,2,-1,2,1,3,-1,2,3,4,-1,4,3,5,-1,4,5,6,-1,6,5,7,-1,8,9,10,-1,10,9,11,-1,10,11,12,-1,13,14,10,-1,10,14,15,-1,10,15,16,-1,12,17,10,-1,10,17,18,-1,10,18,19,-1,19,20,10,-1,10,20,21,-1,10,21,13,-1,22,23,15,-1,15,23,24,-1,15,24,16,-1,
        ]
    }
}
Shape{
    appearance Appearance {
        material  Material 	{
            diffuseColor 0.0 0.0 0.0
            specularColor 0.0 0.0 0.0
            ambientIntensity 0.0
            transparency 0.0
            shininess 0.5
        }
    }
    geometry IndexedFaceSet {
        ccw TRUE
        solid FALSE
        coord DEF co Coordinate {
            point [
                -0.3661 -0.4589 -0.6775, -0.3661 -0.5574 -0.716, -0.3622 -0.4589 -0.6775, -0.3622 -0.5574 -0.716, -0.3661 -0.5574 -0.7016, -0.3622 -0.5574 -0.7016, -0.3661 -0.5297 -0.6916, -0.3622 -0.5297 -0.6916, -0.3661 -0.5297 -0.6509, -0.3622 -0.5297 -0.6509, -0.3661 -0.5574 -0.6415, -0.3622 -0.5574 -0.6415, -0.3661 -0.5574 -0.6271, -0.3622 -0.5574 -0.6271, -0.3661 -0.4589 -0.6643, -0.3622 -0.4589 -0.6643, -0.3661 -0.5189 -0.6543, -0.3661 -0.4778 -0.6689, -0.3661 -0.4744 -0.6699, -0.3661 -0.4709 -0.6705, -0.3661 -0.4709 -0.6708, -0.3661 -0.4744 -0.6715, -0.3661 -0.4778 -0.6724, -0.3661 -0.5189 -0.6872, -0.3622 -0.5189 -0.6543, -0.3622 -0.5189 -0.6872, -0.3622 -0.4778 -0.6689, -0.3622 -0.4744 -0.6699, -0.3622 -0.4709 -0.6705, -0.3622 -0.4709 -0.6708, -0.3622 -0.4744 -0.6715, -0.3622 -0.4778 -0.6724, -0.3661 -0.5574 -0.5675, -0.3661 -0.5574 -0.5407, -0.3622 -0.5574 -0.5675, -0.3622 -0.5574 -0.5407, -0.3661 -0.4589 -0.5407, -0.3622 -0.4589 -0.5407, -0.3661 -0.4589 -0.5685, -0.3622 -0.4589 -0.5685, -0.3661 -0.5069 -0.6199, -0.3622 -0.5069 -0.6199, -0.3622 -0.4976 -0.6192, -0.3661 -0.4976 -0.6192, -0.3622 -0.4879 -0.6166, -0.3661 -0.4879 -0.6166, -0.3622 -0.4795 -0.612, -0.3661 -0.4795 -0.612, -0.3622 -0.4718 -0.605, -0.3661 -0.4718 -0.605, -0.3622 -0.4717 -0.6049, -0.3661 -0.4717 -0.6049, -0.3622 -0.4645 -0.5942, -0.3661 -0.4645 -0.5942, -0.3622 -0.4604 -0.5827, -0.3661 -0.4604 -0.5827, -0.3622 -0.5563 -0.5797, -0.3661 -0.5563 -0.5797, -0.3622 -0.5529 -0.591, -0.3661 -0.5529 -0.591, -0.3622 -0.5469 -0.6013, -0.3661 -0.5469 -0.6013, -0.3622 -0.5392 -0.6094, -0.3661 -0.5392 -0.6094, -0.3622 -0.5304 -0.615, -0.3661 -0.5304 -0.615, -0.3622 -0.5201 -0.6186, -0.3661 -0.5201 -0.6186, -0.3661 -0.4835 -0.6002, -0.3661 -0.4785 -0.5954, -0.3661 -0.4738 -0.5882, -0.3661 -0.471 -0.5801, -0.3661 -0.4697 -0.5684, -0.3661 -0.4697 -0.5539, -0.3661 -0.5465 -0.5539, -0.3661 -0.5465 -0.5679, -0.3661 -0.5456 -0.5783, -0.3661 -0.543 -0.5866, -0.3661 -0.539 -0.5933, -0.3661 -0.5336 -0.5988, -0.3661 -0.5268 -0.6029, -0.3661 -0.5175 -0.6058, -0.3661 -0.5072 -0.6067, -0.3661 -0.4974 -0.6059, -0.3661 -0.4896 -0.6036, -0.3622 -0.4697 -0.5684, -0.3622 -0.4697 -0.5539, -0.3622 -0.471 -0.5801, -0.3622 -0.4738 -0.5882, -0.3622 -0.4785 -0.5954, -0.3622 -0.4835 -0.6002, -0.3622 -0.4896 -0.6036, -0.3622 -0.4974 -0.6059, -0.3622 -0.5072 -0.6067, -0.3622 -0.5175 -0.6058, -0.3622 -0.5268 -0.6029, -0.3622 -0.5336 -0.5988, -0.3622 -0.539 -0.5933, -0.3622 -0.543 -0.5866, -0.3622 -0.5456 -0.5783, -0.3622 -0.5465 -0.5679, -0.3622 -0.5465 -0.5539, -0.3661 -0.5465 -0.5215, -0.3661 -0.5574 -0.5215, -0.3622 -0.5465 -0.5215, -0.3622 -0.5574 -0.5215, -0.3661 -0.5574 -0.4687, -0.3622 -0.5574 -0.4687, -0.3661 -0.4589 -0.4687, -0.3622 -0.4589 -0.4687, -0.3661 -0.4589 -0.5191, -0.3622 -0.4589 -0.5191, -0.3661 -0.4697 -0.5191, -0.3622 -0.4697 -0.5191, -0.3661 -0.4697 -0.4819, -0.3622 -0.4697 -0.4819, -0.3661 -0.5021 -0.4819, -0.3622 -0.5021 -0.4819, -0.3661 -0.5021 -0.5167, -0.3622 -0.5021 -0.5167, -0.3661 -0.5129 -0.5167, -0.3622 -0.5129 -0.5167, -0.3661 -0.5129 -0.4819, -0.3622 -0.5129 -0.4819, -0.3661 -0.5465 -0.4819, -0.3622 -0.5465 -0.4819, -0.3661 -0.5414 -0.4495, -0.3661 -0.5523 -0.4495, -0.3622 -0.5414 -0.4495, -0.3622 -0.5523 -0.4495, -0.3661 -0.5566 -0.439, -0.3661 -0.5586 -0.4224, -0.3622 -0.5586 -0.4224, -0.3622 -0.5585 -0.4251, -0.3661 -0.5585 -0.4251, -0.3622 -0.558 -0.4291, -0.3622 -0.5566 -0.439, -0.3661 -0.51 -0.3763, -0.3622 -0.51 -0.3763, -0.3622 -0.5214 -0.3772, -0.3661 -0.5214 -0.3772, -0.3622 -0.5318 -0.3802, -0.3661 -0.5318 -0.3802, -0.3622 -0.5412 -0.3854, -0.3661 -0.5412 -0.3854, -0.3622 -0.549 -0.3928, -0.3661 -0.549 -0.3928, -0.3622 -0.554 -0.4007, -0.3661 -0.554 -0.4007, -0.3622 -0.5573 -0.4103, -0.3661 -0.5573 -0.4103, -0.3622 -0.558 -0.4166, -0.3661 -0.4577 -0.4263, -0.3622 -0.4577 -0.4263, -0.3622 -0.4585 -0.4164, -0.3661 -0.4585 -0.4164, -0.3622 -0.4617 -0.4055, -0.3661 -0.4617 -0.4055, -0.3622 -0.4671 -0.3961, -0.3661 -0.4671 -0.3961, -0.3622 -0.4756 -0.3872, -0.3661 -0.4756 -0.3872, -0.3622 -0.4849 -0.3815, -0.3661 -0.4849 -0.3815, -0.3622 -0.496 -0.3777, -0.3661 -0.496 -0.3777, -0.3661 -0.4616 -0.4495, -0.3622 -0.4616 -0.4495, -0.3622 -0.4585 -0.4381, -0.3661 -0.4585 -0.4381, -0.3661 -0.4748 -0.4495, -0.3622 -0.4748 -0.4495, -0.3661 -0.4685 -0.4264, -0.3622 -0.4685 -0.4264, -0.3622 -0.4701 -0.4384, -0.3661 -0.4701 -0.4384, -0.3661 -0.5092 -0.3895, -0.3622 -0.5092 -0.3895, -0.3622 -0.5015 -0.3899, -0.3661 -0.5015 -0.3899, -0.3622 -0.491 -0.3926, -0.3661 -0.491 -0.3926, -0.3622 -0.4834 -0.3966, -0.3661 -0.4834 -0.3966, -0.3622 -0.4768 -0.4026, -0.3661 -0.4768 -0.4026, -0.3622 -0.4723 -0.4094, -0.3661 -0.4723 -0.4094, -0.3622 -0.4696 -0.4167, -0.3661 -0.4696 -0.4167, -0.3661 -0.5477 -0.4242, -0.3622 -0.5477 -0.4242, -0.3622 -0.5467 -0.415, -0.3661 -0.5467 -0.415, -0.3622 -0.5441 -0.4079, -0.3661 -0.5441 -0.4079, -0.3622 -0.54 -0.4018, -0.3661 -0.54 -0.4018, -0.3622 -0.5351 -0.3972, -0.3661 -0.5351 -0.3972, -0.3622 -0.5283 -0.3931, -0.3661 -0.5283 -0.3931, -0.3622 -0.5198 -0.3905, -0.3661 -0.5198 -0.3905, -0.3622 -0.5424 -0.4477, -0.3661 -0.5424 -0.4477, -0.3622 -0.5463 -0.4373, -0.3661 -0.5463 -0.4373, -0.3661 -0.5465 -0.3679, -0.3661 -0.5574 -0.3679, -0.3622 -0.5465 -0.3679, -0.3622 -0.5574 -0.3679, -0.3661 -0.5574 -0.3175, -0.3622 -0.5574 -0.3175, -0.3661 -0.4589 -0.3175, -0.3622 -0.4589 -0.3175, -0.3661 -0.4589 -0.3307, -0.3622 -0.4589 -0.3307, -0.3661 -0.5465 -0.3307, -0.3622 -0.5465 -0.3307
            ]
        }
        coordIndex [
            0,1,2,-1,2,1,3,-1,1,4,3,-1,3,4,5,-1,4,6,5,-1,5,6,7,-1,6,8,7,-1,7,8,9,-1,8,10,9,-1,9,10,11,-1,10,12,11,-1,11,12,13,-1,12,14,13,-1,13,14,15,-1,14,0,15,-1,15,0,2,-1,16,17,14,-1,12,10,8,-1,17,18,14,-1,14,18,19,-1,14,19,0,-1,0,19,20,-1,0,20,21,-1,21,22,0,-1,0,22,23,-1,0,23,1,-1,4,1,6,-1,6,1,23,-1,6,23,8,-1,8,23,16,-1,8,16,12,-1,12,16,14,-1,16,23,24,-1,24,23,25,-1,17,16,26,-1,26,16,24,-1,17,26,27,-1,17,27,18,-1,18,27,28,-1,18,28,19,-1,20,19,29,-1,29,19,28,-1,20,29,30,-1,20,30,21,-1,21,30,31,-1,21,31,22,-1,23,22,25,-1,25,22,31,-1,32,33,34,-1,34,33,35,-1,33,36,35,-1,35,36,37,-1,36,38,37,-1,37,38,39,-1,40,41,42,-1,40,42,43,-1,43,42,44,-1,43,44,45,-1,45,44,46,-1,45,46,47,-1,47,46,48,-1,47,48,49,-1,49,48,50,-1,49,50,51,-1,51,50,52,-1,51,52,53,-1,53,52,54,-1,53,54,55,-1,55,54,39,-1,55,39,38,-1,32,34,56,-1,32,56,57,-1,57,56,58,-1,57,58,59,-1,59,58,60,-1,59,60,61,-1,61,60,62,-1,61,62,63,-1,63,62,64,-1,63,64,65,-1,65,64,66,-1,65,66,67,-1,67,66,41,-1,67,41,40,-1,45,47,68,-1,68,47,49,-1,68,49,69,-1,69,49,51,-1,69,51,70,-1,70,51,53,-1,70,53,71,-1,71,53,55,-1,71,55,72,-1,72,55,38,-1,72,38,73,-1,73,38,36,-1,73,36,74,-1,74,36,33,-1,74,33,75,-1,75,33,32,-1,75,32,76,-1,76,32,57,-1,76,57,77,-1,77,57,59,-1,77,59,78,-1,78,59,61,-1,78,61,79,-1,79,61,63,-1,79,63,80,-1,80,63,65,-1,80,65,81,-1,81,65,67,-1,81,67,82,-1,82,67,40,-1,82,40,83,-1,83,40,43,-1,83,43,84,-1,84,43,45,-1,84,45,68,-1,72,73,85,-1,85,73,86,-1,72,85,87,-1,72,87,71,-1,71,87,88,-1,71,88,70,-1,70,88,89,-1,70,89,69,-1,69,89,90,-1,69,90,68,-1,68,90,91,-1,68,91,84,-1,84,91,92,-1,84,92,83,-1,83,92,93,-1,83,93,82,-1,82,93,94,-1,82,94,81,-1,81,94,95,-1,81,95,80,-1,80,95,96,-1,80,96,79,-1,79,96,97,-1,79,97,78,-1,78,97,98,-1,78,98,77,-1,77,98,99,-1,77,99,76,-1,76,99,100,-1,76,100,75,-1,74,75,101,-1,101,75,100,-1,73,74,86,-1,86,74,101,-1,102,103,104,-1,104,103,105,-1,103,106,105,-1,105,106,107,-1,106,108,107,-1,107,108,109,-1,108,110,109,-1,109,110,111,-1,110,112,111,-1,111,112,113,-1,112,114,113,-1,113,114,115,-1,114,116,115,-1,115,116,117,-1,116,118,117,-1,117,118,119,-1,118,120,119,-1,119,120,121,-1,120,122,121,-1,121,122,123,-1,122,124,123,-1,123,124,125,-1,124,102,125,-1,125,102,104,-1,106,103,102,-1,102,124,106,-1,106,124,122,-1,106,122,108,-1,112,110,114,-1,114,110,108,-1,114,108,116,-1,116,108,122,-1,116,122,118,-1,118,122,120,-1,126,127,128,-1,128,127,129,-1,129,127,130,-1,131,132,133,-1,131,133,134,-1,134,133,135,-1,134,135,130,-1,130,135,136,-1,130,136,129,-1,137,138,139,-1,137,139,140,-1,140,139,141,-1,140,141,142,-1,142,141,143,-1,142,143,144,-1,144,143,145,-1,144,145,146,-1,146,145,147,-1,146,147,148,-1,148,147,149,-1,148,149,150,-1,150,149,131,-1,131,149,151,-1,131,151,132,-1,152,153,154,-1,152,154,155,-1,155,154,156,-1,155,156,157,-1,157,156,158,-1,157,158,159,-1,159,158,160,-1,159,160,161,-1,161,160,162,-1,161,162,163,-1,163,162,164,-1,163,164,165,-1,165,164,138,-1,165,138,137,-1,166,167,168,-1,166,168,169,-1,169,168,153,-1,169,153,152,-1,166,170,167,-1,167,170,171,-1,172,173,174,-1,172,174,175,-1,175,174,171,-1,175,171,170,-1,176,177,178,-1,176,178,179,-1,179,178,180,-1,179,180,181,-1,181,180,182,-1,181,182,183,-1,183,182,184,-1,183,184,185,-1,185,184,186,-1,185,186,187,-1,187,186,188,-1,187,188,189,-1,189,188,173,-1,189,173,172,-1,190,191,192,-1,190,192,193,-1,193,192,194,-1,193,194,195,-1,195,194,196,-1,195,196,197,-1,197,196,198,-1,197,198,199,-1,199,198,200,-1,199,200,201,-1,201,200,202,-1,201,202,203,-1,203,202,177,-1,203,177,176,-1,126,128,204,-1,126,204,205,-1,205,204,206,-1,205,206,207,-1,207,206,191,-1,207,191,190,-1,193,131,190,-1,190,131,134,-1,190,134,207,-1,207,134,130,-1,207,130,205,-1,205,130,127,-1,205,127,126,-1,170,166,175,-1,175,166,169,-1,175,169,172,-1,172,169,152,-1,172,152,189,-1,189,152,155,-1,189,155,187,-1,187,155,157,-1,187,157,185,-1,185,157,159,-1,185,159,183,-1,183,159,161,-1,183,161,181,-1,181,161,163,-1,181,163,179,-1,179,163,165,-1,179,165,176,-1,176,165,137,-1,176,137,203,-1,203,137,140,-1,203,140,201,-1,201,140,142,-1,201,142,199,-1,199,142,144,-1,199,144,197,-1,197,144,146,-1,197,146,195,-1,195,146,148,-1,195,148,193,-1,193,148,150,-1,193,150,131,-1,208,209,210,-1,210,209,211,-1,209,212,211,-1,211,212,213,-1,212,214,213,-1,213,214,215,-1,214,216,215,-1,215,216,217,-1,216,218,217,-1,217,218,219,-1,218,208,219,-1,219,208,210,-1,216,214,218,-1,218,214,212,-1,218,212,208,-1,208,212,209,-1,
        ]
    }
}
Shape{
    appearance Appearance {
        material  Material 	{
            diffuseColor 0.9490196078431372 0.7607843137254902 0.1803921568627451
            specularColor 0.7607843137254902 0.6078431372549019 0.1450980392156863
            ambientIntensity 0.7509
            transparency 0.0
            shininess 0.5
        }
    }
    geometry IndexedFaceSet {
        ccw TRUE
        solid FALSE
        coord DEF co Coordinate {
            point [
                -0.3622 -0.5189 -0.6543, -0.3622 -0.5189 -0.6872, -0.3622 -0.4778 -0.6689, -0.3622 -0.4778 -0.6724, -0.3622 -0.4744 -0.6699, -0.3622 -0.4744 -0.6715, -0.3622 -0.4709 -0.6705, -0.3622 -0.4709 -0.6708, -0.3622 -0.4697 -0.5539, -0.3622 -0.5465 -0.5539, -0.3622 -0.4697 -0.5684, -0.3622 -0.5465 -0.5679, -0.3622 -0.5456 -0.5783, -0.3622 -0.5072 -0.6067, -0.3622 -0.4974 -0.6059, -0.3622 -0.4896 -0.6036, -0.3622 -0.471 -0.5801, -0.3622 -0.543 -0.5866, -0.3622 -0.539 -0.5933, -0.3622 -0.5336 -0.5988, -0.3622 -0.5268 -0.6029, -0.3622 -0.5175 -0.6058, -0.3622 -0.4835 -0.6002, -0.3622 -0.4785 -0.5954, -0.3622 -0.4738 -0.5882, 0.6378 -0.4685 -0.4264, 0.6378 -0.4696 -0.4167, 0.6378 -0.5424 -0.4477, 0.6378 -0.4697 -0.5191, 0.6378 -0.4697 -0.4819, 0.6378 -0.5021 -0.4819, 0.6378 -0.5021 -0.5167, 0.6378 -0.5129 -0.5167, 0.6378 -0.558 -0.5311, 0.6378 -0.549 -0.3928, 0.6378 -0.5412 -0.3854, 0.6378 -0.5574 -0.3679, 0.6378 -0.558 -0.4166, 0.6378 -0.5574 -0.3175, 0.6378 -0.4701 -0.4384, 0.6378 -0.5414 -0.4495, 0.6378 -0.4748 -0.4495, 0.6378 -0.4589 -0.5191, 0.6378 -0.3622 -0.5311, 0.6378 -0.4589 -0.4687, 0.6378 -0.3622 0.1969, 0.6378 -0.4589 -0.3175, 0.6378 -0.4589 -0.3307, 0.6378 -0.4849 -0.3815, 0.6378 -0.4756 -0.3872, 0.6378 -0.4671 -0.3961, 0.6378 -0.4617 -0.4055, 0.6378 -0.5465 -0.3679, 0.6378 -0.5318 -0.3802, 0.6378 -0.5465 -0.3307, 0.6378 -0.4585 -0.4164, 0.6378 -0.4577 -0.4263, 0.6378 -0.4585 -0.4381, 0.6378 -0.4616 -0.4495, 0.6378 -0.5574 -0.4687, 0.6378 -0.5523 -0.4495, 0.6378 -0.5573 -0.4103, 0.6378 -0.554 -0.4007, 0.6378 -0.4723 -0.4094, 0.6378 -0.4768 -0.4026, 0.6378 -0.4834 -0.3966, 0.6378 -0.5092 -0.3895, 0.6378 -0.5198 -0.3905, 0.6378 -0.5283 -0.3931, 0.6378 -0.5467 -0.415, 0.6378 -0.5477 -0.4242, 0.6378 -0.5441 -0.4079, 0.6378 -0.54 -0.4018, 0.6378 -0.5351 -0.3972, 0.6378 -0.5463 -0.4373, 0.6378 -0.5214 -0.3772, 0.6378 -0.51 -0.3763, 0.6378 -0.496 -0.3777, 0.6378 -0.491 -0.3926, 0.6378 -0.5015 -0.3899, 0.6378 -0.5129 -0.4819, 0.6378 -0.5465 -0.4819, 0.6378 -0.5465 -0.5215, 0.6378 -0.5574 -0.5215, 0.6378 -0.558 -0.4291, 0.6378 -0.5585 -0.4251, 0.6378 -0.6378 -0.5311, 0.6378 -0.5586 -0.4224, 0.6378 -0.558 0.1969, 0.6378 -0.6378 0.1969, 0.6378 -0.4589 -0.6643, 0.6378 -0.4589 -0.6775, 0.6378 -0.5574 -0.7016, 0.6378 -0.5574 -0.716, 0.6378 -0.558 -1.0236, 0.6378 -0.3622 -1.0236, 0.6378 -0.5574 -0.5675, 0.6378 -0.5574 -0.5407, 0.6378 -0.4589 -0.5407, 0.6378 -0.4589 -0.5685, 0.6378 -0.4718 -0.605, 0.6378 -0.4795 -0.612, 0.6378 -0.4879 -0.6166, 0.6378 -0.5574 -0.6271, 0.6378 -0.5304 -0.615, 0.6378 -0.5392 -0.6094, 0.6378 -0.4604 -0.5827, 0.6378 -0.4645 -0.5942, 0.6378 -0.4717 -0.6049, 0.6378 -0.5469 -0.6013, 0.6378 -0.5529 -0.591, 0.6378 -0.5563 -0.5797, 0.6378 -0.5574 -0.6415, 0.6378 -0.5297 -0.6509, 0.6378 -0.5297 -0.6916, 0.6378 -0.4976 -0.6192, 0.6378 -0.5069 -0.6199, 0.6378 -0.5201 -0.6186, 0.6378 -0.5566 -0.439, 0.6378 -0.6378 -1.0236, 0.6378 0.5467 -0.4247, 0.6378 0.5456 -0.415, 0.6378 0.4728 -0.446, 0.6378 0.5563 -0.5174, 0.6378 0.6378 -0.5294, 0.6378 0.5563 -0.467, 0.6378 0.6378 0.1969, 0.6378 0.4663 -0.3911, 0.6378 0.4741 -0.3837, 0.6378 0.4579 -0.3661, 0.6378 0.4573 -0.4149, 0.6378 0.4579 -0.3157, 0.6378 0.5452 -0.4367, 0.6378 0.4738 -0.4477, 0.6378 0.5404 -0.4477, 0.6378 0.5023 -0.515, 0.6378 0.4573 -0.5294, 0.6378 0.5131 -0.515, 0.6378 0.5455 -0.5174, 0.6378 0.5131 -0.4802, 0.6378 0.5455 -0.4802, 0.6378 0.5563 -0.3157, 0.6378 0.5563 -0.3289, 0.6378 0.5304 -0.3797, 0.6378 0.5396 -0.3855, 0.6378 0.5481 -0.3944, 0.6378 0.5535 -0.4037, 0.6378 0.4687 -0.3661, 0.6378 0.4834 -0.3784, 0.6378 0.4687 -0.3289, 0.6378 0.5567 -0.4147, 0.6378 0.5575 -0.4246, 0.6378 0.5567 -0.4364, 0.6378 0.5536 -0.4477, 0.6378 0.4579 -0.467, 0.6378 0.463 -0.4477, 0.6378 0.458 -0.4085, 0.6378 0.4612 -0.399, 0.6378 0.543 -0.4076, 0.6378 0.5384 -0.4008, 0.6378 0.5319 -0.3949, 0.6378 0.5061 -0.3877, 0.6378 0.4954 -0.3887, 0.6378 0.4869 -0.3914, 0.6378 0.4685 -0.4133, 0.6378 0.4675 -0.4225, 0.6378 0.4712 -0.4061, 0.6378 0.4752 -0.4001, 0.6378 0.4801 -0.3955, 0.6378 0.4689 -0.4356, 0.6378 0.4939 -0.3755, 0.6378 0.5053 -0.3745, 0.6378 0.5192 -0.3759, 0.6378 0.5243 -0.3908, 0.6378 0.5137 -0.3882, 0.6378 0.5023 -0.4802, 0.6378 0.4687 -0.4802, 0.6378 0.4687 -0.5198, 0.6378 0.4579 -0.5198, 0.6378 0.4573 -0.4273, 0.6378 0.4567 -0.4234, 0.6378 0.3622 -0.5294, 0.6378 0.4567 -0.4207, 0.6378 0.4573 0.1969, 0.6378 0.3622 0.1969, 0.6378 0.5563 -0.6626, 0.6378 0.5563 -0.6758, 0.6378 0.4579 -0.5657, 0.6378 0.4579 -0.539, 0.6378 0.5563 -0.539, 0.6378 0.4579 -0.6998, 0.6378 0.4579 -0.7142, 0.6378 0.4573 -1.0236, 0.6378 0.6378 -1.0236, 0.6378 0.5563 -0.5667, 0.6378 0.5548 -0.581, 0.6378 0.5508 -0.5925, 0.6378 0.5436 -0.6032, 0.6378 0.4579 -0.6254, 0.6378 0.4849 -0.6133, 0.6378 0.4761 -0.6076, 0.6378 0.5435 -0.6033, 0.6378 0.5358 -0.6103, 0.6378 0.5273 -0.6148, 0.6378 0.4683 -0.5995, 0.6378 0.4623 -0.5893, 0.6378 0.459 -0.5779, 0.6378 0.4579 -0.6398, 0.6378 0.4855 -0.6492, 0.6378 0.4855 -0.6899, 0.6378 0.5176 -0.6175, 0.6378 0.5083 -0.6182, 0.6378 0.4952 -0.6168, 0.6378 0.4587 -0.4373, 0.6378 0.3622 -1.0236
            ]
        }
        coordIndex [
            0,1,2,-1,2,1,3,-1,2,3,4,-1,4,3,5,-1,4,5,6,-1,6,5,7,-1,8,9,10,-1,10,9,11,-1,10,11,12,-1,13,14,10,-1,10,14,15,-1,10,15,16,-1,12,17,10,-1,10,17,18,-1,10,18,19,-1,19,20,10,-1,10,20,21,-1,10,21,13,-1,22,23,15,-1,15,23,24,-1,15,24,16,-1,25,26,27,-1,28,29,30,-1,31,32,33,-1,34,35,36,-1,37,36,38,-1,25,27,39,-1,39,27,40,-1,39,40,41,-1,30,31,28,-1,28,31,33,-1,28,33,42,-1,42,33,43,-1,42,43,44,-1,44,43,45,-1,45,46,47,-1,48,49,47,-1,47,49,50,-1,47,50,51,-1,36,35,52,-1,52,35,53,-1,52,53,54,-1,51,55,47,-1,47,55,56,-1,47,56,45,-1,45,56,57,-1,45,57,44,-1,57,58,44,-1,44,58,41,-1,44,41,59,-1,59,41,40,-1,59,40,60,-1,37,61,36,-1,36,61,62,-1,36,62,34,-1,26,63,27,-1,27,63,64,-1,27,64,65,-1,66,67,27,-1,27,67,68,-1,69,70,71,-1,71,70,72,-1,68,73,27,-1,27,73,72,-1,27,72,74,-1,74,72,70,-1,53,75,54,-1,54,75,76,-1,54,76,47,-1,47,76,77,-1,47,77,48,-1,65,78,27,-1,27,78,79,-1,27,79,66,-1,80,81,32,-1,32,81,82,-1,32,82,33,-1,33,82,83,-1,33,83,59,-1,84,85,86,-1,86,85,87,-1,86,87,37,-1,46,45,38,-1,38,45,88,-1,38,88,37,-1,37,88,89,-1,37,89,86,-1,43,90,91,-1,92,33,93,-1,93,33,94,-1,93,94,91,-1,91,94,95,-1,91,95,43,-1,96,97,33,-1,33,97,98,-1,33,98,43,-1,43,98,99,-1,100,101,90,-1,90,101,102,-1,103,104,105,-1,99,106,43,-1,43,106,107,-1,43,107,90,-1,90,107,108,-1,90,108,100,-1,105,109,103,-1,103,109,110,-1,103,110,111,-1,111,96,103,-1,103,96,33,-1,103,33,112,-1,112,33,92,-1,112,92,113,-1,113,92,114,-1,102,115,90,-1,90,115,116,-1,90,116,103,-1,103,116,117,-1,103,117,104,-1,60,118,59,-1,59,118,84,-1,59,84,33,-1,33,84,86,-1,33,86,94,-1,94,86,119,-1,120,121,122,-1,123,124,125,-1,125,124,126,-1,127,128,129,-1,130,129,131,-1,120,122,132,-1,132,122,133,-1,132,133,134,-1,135,136,137,-1,137,136,138,-1,137,138,139,-1,139,138,140,-1,126,141,142,-1,143,144,142,-1,142,144,145,-1,142,145,146,-1,129,128,147,-1,147,128,148,-1,147,148,149,-1,146,150,142,-1,142,150,151,-1,142,151,126,-1,126,151,152,-1,126,152,125,-1,152,153,125,-1,125,153,134,-1,125,134,154,-1,154,134,133,-1,154,133,155,-1,130,156,129,-1,129,156,157,-1,129,157,127,-1,121,158,122,-1,122,158,159,-1,122,159,160,-1,161,162,122,-1,122,162,163,-1,164,165,166,-1,166,165,167,-1,163,168,122,-1,122,168,167,-1,122,167,169,-1,169,167,165,-1,148,170,149,-1,149,170,171,-1,149,171,142,-1,142,171,172,-1,142,172,143,-1,160,173,122,-1,122,173,174,-1,122,174,161,-1,175,176,135,-1,135,176,177,-1,135,177,136,-1,136,177,178,-1,136,178,154,-1,179,180,181,-1,181,180,182,-1,181,182,130,-1,141,126,131,-1,131,126,183,-1,131,183,130,-1,130,183,184,-1,130,184,181,-1,124,185,186,-1,187,188,136,-1,123,138,124,-1,124,138,136,-1,124,136,189,-1,189,136,188,-1,190,136,191,-1,191,136,192,-1,191,192,186,-1,186,192,193,-1,186,193,124,-1,189,194,124,-1,124,194,195,-1,124,195,185,-1,185,195,196,-1,185,196,197,-1,198,199,200,-1,197,201,185,-1,185,201,202,-1,185,202,203,-1,200,204,198,-1,198,204,205,-1,198,205,206,-1,206,187,198,-1,198,187,136,-1,198,136,207,-1,207,136,190,-1,207,190,208,-1,208,190,209,-1,203,210,185,-1,185,210,211,-1,185,211,198,-1,198,211,212,-1,198,212,199,-1,155,213,154,-1,154,213,179,-1,154,179,136,-1,136,179,181,-1,136,181,192,-1,192,181,214,-1,
        ]
    }
}
Shape{
    appearance Appearance {
        material  Material 	{
            diffuseColor 0.17647058823529413 0.17647058823529413 0.17647058823529413
            specularColor 0.050980392156862744 0.050980392156862744 0.050980392156862744
            ambientIntensity 0.251
            transparency 0.0
            shininess 0.5
        }
    }
    geometry IndexedFaceSet {
        ccw TRUE
        solid FALSE
        coord DEF co Coordinate {
            point [
                0.6378 -0.6378 0.1969, 1.0 -0.8031 0.1969, 0.3622 -0.6378 0.1969, 0.0 -0.8031 0.1969, 0.3622 -0.3622 0.1969, 0.6378 -0.558 0.1969, 0.6378 -0.3622 0.1969, 1.0 0.8031 0.1969, 0.6378 0.6378 0.1969, 0.0 0.8031 0.1969, 0.3622 0.6378 0.1969, 0.3622 0.3622 0.1969, 0.6378 0.3622 0.1969, 0.6378 0.4573 0.1969, 0.1181 -1.0 0.0079, 0.1181 -1.0 0.9843, 0.0 -0.8819 0.0079, 0.0 -0.8819 0.9843, 0.8819 -1.0 0.0079, 0.8819 -1.0 0.9843, 1.0 -0.8819 0.0079, 1.0 -0.8819 0.9843, 1.0 -0.8031 0.0079, 1.0 0.8031 0.0079, 1.0 0.8819 0.0079, 1.0 0.8819 0.9843, 0.8819 1.0 0.0079, 0.8819 1.0 0.9843, 0.1181 1.0 0.0079, 0.1181 1.0 0.9843, 0.0 0.8819 0.0079, 0.0 0.8819 0.9843, 0.0 0.8031 0.0079, 0.0 -0.8031 0.0079, 0.3622 0.3622 0.9843, 0.6378 0.3622 0.9843, 0.3622 -0.3622 0.9843, 0.6378 -0.3622 0.9843, 0.6378 0.6378 0.9843, 0.3622 0.6378 0.9843, 0.6378 -0.6378 0.9843, 0.3622 -0.6378 0.9843
            ]
        }
        coordIndex [
            0,1,2,-1,2,1,3,-1,2,3,4,-1,0,5,1,-1,1,5,6,-1,1,6,7,-1,7,8,9,-1,9,8,10,-1,9,10,11,-1,3,9,4,-1,4,9,11,-1,4,11,6,-1,6,11,12,-1,6,12,7,-1,7,12,13,-1,7,13,8,-1,14,15,16,-1,16,15,17,-1,18,19,14,-1,14,19,15,-1,20,21,18,-1,18,21,19,-1,20,22,1,-1,23,24,7,-1,7,24,25,-1,7,25,1,-1,1,25,21,-1,1,21,20,-1,26,27,24,-1,24,27,25,-1,28,29,26,-1,26,29,27,-1,30,31,28,-1,28,31,29,-1,30,32,9,-1,33,16,3,-1,3,16,17,-1,3,17,9,-1,9,17,31,-1,9,31,30,-1,15,19,21,-1,31,17,34,-1,31,34,29,-1,35,36,37,-1,25,27,38,-1,38,27,29,-1,38,29,39,-1,39,29,34,-1,38,35,25,-1,25,35,37,-1,25,37,21,-1,21,37,40,-1,21,40,15,-1,15,40,41,-1,15,41,17,-1,17,41,36,-1,17,36,34,-1,34,36,35,-1,1,22,3,-1,3,22,33,-1,14,16,33,-1,18,14,20,-1,20,14,33,-1,20,33,22,-1,32,23,9,-1,9,23,7,-1,23,32,30,-1,30,28,23,-1,23,28,26,-1,23,26,24,-1,
        ]
    }
}
Shape{
    appearance Appearance {
        material  Material 	{
            diffuseColor 0.9490196078431372 0.7607843137254902 0.1803921568627451
            specularColor 0.7607843137254902 0.6078431372549019 0.1450980392156863
            ambientIntensity 0.7509
            transparency 0.0
            shininess 0.5
        }
    }
    geometry IndexedFaceSet {
        ccw TRUE
        solid FALSE
        coord DEF co Coordinate {
            point [
                0.5984 0.4016 3.3465, 0.5984 0.5984 3.3465, 0.4016 0.4016 3.3465, 0.4016 0.5984 3.3465, 0.6378 0.6378 3.189, 0.6378 0.6378 0.9843, 0.3622 0.6378 3.189, 0.3622 0.6378 0.9843, 0.3622 0.3622 3.189, 0.3622 0.3622 0.9843, 0.6378 0.3622 3.189, 0.6378 0.3622 0.9843, 0.6378 0.3622 0.1969, 0.3622 0.3622 0.1969, 0.6378 0.3622 -0.5294, 0.3622 0.3622 -1.0236, 0.6378 0.3622 -1.0236, 0.3622 0.6378 -1.0236, 0.3622 0.6378 0.1969, 0.6378 0.6378 0.1969, 0.6378 0.6378 -0.5294, 0.6378 0.6378 -1.0236, 0.5984 0.5984 -1.1811, 0.5984 0.4016 -1.1811, 0.4016 0.5984 -1.1811, 0.4016 0.4016 -1.1811, 0.5984 -0.5984 3.3465, 0.5984 -0.4016 3.3465, 0.4016 -0.5984 3.3465, 0.4016 -0.4016 3.3465, 0.6378 -0.3622 3.189, 0.6378 -0.3622 0.9843, 0.3622 -0.3622 3.189, 0.3622 -0.3622 0.9843, 0.3622 -0.6378 3.189, 0.3622 -0.6378 0.9843, 0.6378 -0.6378 3.189, 0.6378 -0.6378 0.9843, 0.6378 -0.6378 0.1969, 0.3622 -0.6378 0.1969, 0.6378 -0.6378 -0.5311, 0.3622 -0.6378 -1.0236, 0.6378 -0.6378 -1.0236, 0.3622 -0.3622 -1.0236, 0.3622 -0.3622 0.1969, 0.6378 -0.3622 0.1969, 0.6378 -0.3622 -0.5311, 0.6378 -0.3622 -1.0236, 0.5984 -0.4016 -1.1811, 0.5984 -0.5984 -1.1811, 0.4016 -0.4016 -1.1811, 0.4016 -0.5984 -1.1811, 0.6378 -0.558 -1.0236, 0.6378 0.4573 -1.0236
            ]
        }
        coordIndex [
            0,1,2,-1,2,1,3,-1,4,5,6,-1,6,5,7,-1,6,7,8,-1,8,7,9,-1,8,9,10,-1,10,9,11,-1,10,11,4,-1,4,11,5,-1,12,13,14,-1,14,13,15,-1,14,15,16,-1,15,13,17,-1,17,13,18,-1,18,19,17,-1,17,19,20,-1,17,20,21,-1,22,23,24,-1,24,23,25,-1,26,27,28,-1,28,27,29,-1,30,31,32,-1,32,31,33,-1,32,33,34,-1,34,33,35,-1,34,35,36,-1,36,35,37,-1,36,37,30,-1,30,37,31,-1,38,39,40,-1,40,39,41,-1,40,41,42,-1,41,39,43,-1,43,39,44,-1,44,45,43,-1,43,45,46,-1,43,46,47,-1,48,49,50,-1,50,49,51,-1,32,29,30,-1,30,29,27,-1,34,28,32,-1,32,28,29,-1,26,36,27,-1,27,36,30,-1,36,26,34,-1,34,26,28,-1,6,3,4,-1,4,3,1,-1,8,2,6,-1,6,2,3,-1,0,10,1,-1,1,10,4,-1,10,0,8,-1,8,0,2,-1,49,42,51,-1,51,42,41,-1,42,49,52,-1,52,49,48,-1,52,48,47,-1,43,50,41,-1,41,50,51,-1,50,43,48,-1,48,43,47,-1,23,16,25,-1,25,16,15,-1,16,23,53,-1,53,23,22,-1,53,22,21,-1,17,24,15,-1,15,24,25,-1,24,17,22,-1,22,17,21,-1,
        ]
    }
}
Shape{
    appearance Appearance {
        material  Material 	{
            diffuseColor 0.0 0.0 0.0
            specularColor 0.0 0.0 0.0
            ambientIntensity 0.0
            transparency 0.0
            shininess 0.5
        }
    }
    geometry IndexedFaceSet {
        ccw TRUE
        solid FALSE
        coord DEF co Coordinate {
            point [
                0.6339 0.5563 -0.6758, 0.6339 0.4579 -0.7142, 0.6378 0.5563 -0.6758, 0.6378 0.4579 -0.7142, 0.6339 0.4579 -0.6998, 0.6378 0.4579 -0.6998, 0.6339 0.4855 -0.6899, 0.6378 0.4855 -0.6899, 0.6339 0.4855 -0.6492, 0.6378 0.4855 -0.6492, 0.6339 0.4579 -0.6398, 0.6378 0.4579 -0.6398, 0.6339 0.4579 -0.6254, 0.6378 0.4579 -0.6254, 0.6339 0.5563 -0.6626, 0.6378 0.5563 -0.6626, 0.6339 0.4963 -0.6525, 0.6339 0.4963 -0.6854, 0.6339 0.5374 -0.6672, 0.6339 0.5408 -0.6681, 0.6339 0.5443 -0.6688, 0.6339 0.5443 -0.6691, 0.6339 0.5408 -0.6697, 0.6339 0.5374 -0.6706, 0.6378 0.4963 -0.6525, 0.6378 0.4963 -0.6854, 0.6378 0.5374 -0.6672, 0.6378 0.5408 -0.6681, 0.6378 0.5443 -0.6688, 0.6378 0.5443 -0.6691, 0.6378 0.5408 -0.6697, 0.6378 0.5374 -0.6706, 0.6339 0.4579 -0.5657, 0.6339 0.4579 -0.539, 0.6378 0.4579 -0.5657, 0.6378 0.4579 -0.539, 0.6339 0.5563 -0.539, 0.6378 0.5563 -0.539, 0.6339 0.5563 -0.5667, 0.6378 0.5563 -0.5667, 0.6339 0.5083 -0.6182, 0.6378 0.5083 -0.6182, 0.6378 0.5176 -0.6175, 0.6339 0.5176 -0.6175, 0.6378 0.5273 -0.6148, 0.6339 0.5273 -0.6148, 0.6378 0.5358 -0.6103, 0.6339 0.5358 -0.6103, 0.6378 0.5435 -0.6033, 0.6339 0.5435 -0.6033, 0.6378 0.5436 -0.6032, 0.6339 0.5436 -0.6032, 0.6378 0.5508 -0.5925, 0.6339 0.5508 -0.5925, 0.6378 0.5548 -0.581, 0.6339 0.5548 -0.581, 0.6378 0.459 -0.5779, 0.6339 0.459 -0.5779, 0.6378 0.4623 -0.5893, 0.6339 0.4623 -0.5893, 0.6378 0.4683 -0.5995, 0.6339 0.4683 -0.5995, 0.6378 0.4761 -0.6076, 0.6339 0.4761 -0.6076, 0.6378 0.4849 -0.6133, 0.6339 0.4849 -0.6133, 0.6378 0.4952 -0.6168, 0.6339 0.4952 -0.6168, 0.6339 0.5317 -0.5984, 0.6339 0.5368 -0.5937, 0.6339 0.5414 -0.5865, 0.6339 0.5443 -0.5783, 0.6339 0.5455 -0.5667, 0.6339 0.5455 -0.5522, 0.6339 0.4687 -0.5522, 0.6339 0.4687 -0.5661, 0.6339 0.4697 -0.5765, 0.6339 0.4723 -0.5848, 0.6339 0.4762 -0.5915, 0.6339 0.4817 -0.597, 0.6339 0.4885 -0.6012, 0.6339 0.4977 -0.6041, 0.6339 0.5081 -0.605, 0.6339 0.5179 -0.6042, 0.6339 0.5256 -0.6019, 0.6378 0.5455 -0.5667, 0.6378 0.5455 -0.5522, 0.6378 0.5443 -0.5783, 0.6378 0.5414 -0.5865, 0.6378 0.5368 -0.5937, 0.6378 0.5317 -0.5984, 0.6378 0.5256 -0.6019, 0.6378 0.5179 -0.6042, 0.6378 0.5081 -0.605, 0.6378 0.4977 -0.6041, 0.6378 0.4885 -0.6012, 0.6378 0.4817 -0.597, 0.6378 0.4762 -0.5915, 0.6378 0.4723 -0.5848, 0.6378 0.4697 -0.5765, 0.6378 0.4687 -0.5661, 0.6378 0.4687 -0.5522, 0.6339 0.4687 -0.5198, 0.6339 0.4579 -0.5198, 0.6378 0.4687 -0.5198, 0.6378 0.4579 -0.5198, 0.6339 0.4579 -0.467, 0.6378 0.4579 -0.467, 0.6339 0.5563 -0.467, 0.6378 0.5563 -0.467, 0.6339 0.5563 -0.5174, 0.6378 0.5563 -0.5174, 0.6339 0.5455 -0.5174, 0.6378 0.5455 -0.5174, 0.6339 0.5455 -0.4802, 0.6378 0.5455 -0.4802, 0.6339 0.5131 -0.4802, 0.6378 0.5131 -0.4802, 0.6339 0.5131 -0.515, 0.6378 0.5131 -0.515, 0.6339 0.5023 -0.515, 0.6378 0.5023 -0.515, 0.6339 0.5023 -0.4802, 0.6378 0.5023 -0.4802, 0.6339 0.4687 -0.4802, 0.6378 0.4687 -0.4802, 0.6339 0.4738 -0.4477, 0.6339 0.463 -0.4477, 0.6378 0.4738 -0.4477, 0.6378 0.463 -0.4477, 0.6339 0.4587 -0.4373, 0.6339 0.4567 -0.4207, 0.6378 0.4567 -0.4207, 0.6378 0.4567 -0.4234, 0.6339 0.4567 -0.4234, 0.6378 0.4573 -0.4273, 0.6378 0.4587 -0.4373, 0.6339 0.5053 -0.3745, 0.6378 0.5053 -0.3745, 0.6378 0.4939 -0.3755, 0.6339 0.4939 -0.3755, 0.6378 0.4834 -0.3784, 0.6339 0.4834 -0.3784, 0.6378 0.4741 -0.3837, 0.6339 0.4741 -0.3837, 0.6378 0.4663 -0.3911, 0.6339 0.4663 -0.3911, 0.6378 0.4612 -0.399, 0.6339 0.4612 -0.399, 0.6378 0.458 -0.4085, 0.6339 0.458 -0.4085, 0.6378 0.4573 -0.4149, 0.6339 0.5575 -0.4246, 0.6378 0.5575 -0.4246, 0.6378 0.5567 -0.4147, 0.6339 0.5567 -0.4147, 0.6378 0.5535 -0.4037, 0.6339 0.5535 -0.4037, 0.6378 0.5481 -0.3944, 0.6339 0.5481 -0.3944, 0.6378 0.5396 -0.3855, 0.6339 0.5396 -0.3855, 0.6378 0.5304 -0.3797, 0.6339 0.5304 -0.3797, 0.6378 0.5192 -0.3759, 0.6339 0.5192 -0.3759, 0.6339 0.5536 -0.4477, 0.6378 0.5536 -0.4477, 0.6378 0.5567 -0.4364, 0.6339 0.5567 -0.4364, 0.6339 0.5404 -0.4477, 0.6378 0.5404 -0.4477, 0.6339 0.5467 -0.4247, 0.6378 0.5467 -0.4247, 0.6378 0.5452 -0.4367, 0.6339 0.5452 -0.4367, 0.6339 0.5061 -0.3877, 0.6378 0.5061 -0.3877, 0.6378 0.5137 -0.3882, 0.6339 0.5137 -0.3882, 0.6378 0.5243 -0.3908, 0.6339 0.5243 -0.3908, 0.6378 0.5319 -0.3949, 0.6339 0.5319 -0.3949, 0.6378 0.5384 -0.4008, 0.6339 0.5384 -0.4008, 0.6378 0.543 -0.4076, 0.6339 0.543 -0.4076, 0.6378 0.5456 -0.415, 0.6339 0.5456 -0.415, 0.6339 0.4675 -0.4225, 0.6378 0.4675 -0.4225, 0.6378 0.4685 -0.4133, 0.6339 0.4685 -0.4133, 0.6378 0.4712 -0.4061, 0.6339 0.4712 -0.4061, 0.6378 0.4752 -0.4001, 0.6339 0.4752 -0.4001, 0.6378 0.4801 -0.3955, 0.6339 0.4801 -0.3955, 0.6378 0.4869 -0.3914, 0.6339 0.4869 -0.3914, 0.6378 0.4954 -0.3887, 0.6339 0.4954 -0.3887, 0.6378 0.4728 -0.446, 0.6339 0.4728 -0.446, 0.6378 0.4689 -0.4356, 0.6339 0.4689 -0.4356, 0.6339 0.4687 -0.3661, 0.6339 0.4579 -0.3661, 0.6378 0.4687 -0.3661, 0.6378 0.4579 -0.3661, 0.6339 0.4579 -0.3157, 0.6378 0.4579 -0.3157, 0.6339 0.5563 -0.3157, 0.6378 0.5563 -0.3157, 0.6339 0.5563 -0.3289, 0.6378 0.5563 -0.3289, 0.6339 0.4687 -0.3289, 0.6378 0.4687 -0.3289
            ]
        }
        coordIndex [
            0,1,2,-1,2,1,3,-1,1,4,3,-1,3,4,5,-1,4,6,5,-1,5,6,7,-1,6,8,7,-1,7,8,9,-1,8,10,9,-1,9,10,11,-1,10,12,11,-1,11,12,13,-1,12,14,13,-1,13,14,15,-1,14,0,15,-1,15,0,2,-1,16,8,17,-1,17,8,6,-1,18,14,16,-1,16,14,12,-1,16,12,8,-1,8,12,10,-1,18,19,14,-1,14,19,20,-1,14,20,0,-1,0,20,21,-1,0,21,22,-1,22,23,0,-1,0,23,17,-1,0,17,1,-1,1,17,6,-1,1,6,4,-1,16,17,24,-1,24,17,25,-1,18,16,26,-1,26,16,24,-1,18,26,27,-1,18,27,19,-1,19,27,28,-1,19,28,20,-1,21,20,29,-1,29,20,28,-1,21,29,30,-1,21,30,22,-1,22,30,31,-1,22,31,23,-1,17,23,25,-1,25,23,31,-1,32,33,34,-1,34,33,35,-1,33,36,35,-1,35,36,37,-1,36,38,37,-1,37,38,39,-1,40,41,42,-1,40,42,43,-1,43,42,44,-1,43,44,45,-1,45,44,46,-1,45,46,47,-1,47,46,48,-1,47,48,49,-1,49,48,50,-1,49,50,51,-1,51,50,52,-1,51,52,53,-1,53,52,54,-1,53,54,55,-1,55,54,39,-1,55,39,38,-1,32,34,56,-1,32,56,57,-1,57,56,58,-1,57,58,59,-1,59,58,60,-1,59,60,61,-1,61,60,62,-1,61,62,63,-1,63,62,64,-1,63,64,65,-1,65,64,66,-1,65,66,67,-1,67,66,41,-1,67,41,40,-1,45,47,68,-1,68,47,49,-1,68,49,69,-1,69,49,51,-1,69,51,70,-1,70,51,53,-1,70,53,71,-1,71,53,55,-1,71,55,72,-1,72,55,38,-1,72,38,73,-1,73,38,36,-1,73,36,74,-1,74,36,33,-1,74,33,75,-1,75,33,32,-1,75,32,76,-1,76,32,57,-1,76,57,77,-1,77,57,59,-1,77,59,78,-1,78,59,61,-1,78,61,79,-1,79,61,63,-1,79,63,80,-1,80,63,65,-1,80,65,81,-1,81,65,67,-1,81,67,82,-1,82,67,40,-1,82,40,83,-1,83,40,43,-1,83,43,84,-1,84,43,45,-1,84,45,68,-1,72,73,85,-1,85,73,86,-1,72,85,87,-1,72,87,71,-1,71,87,88,-1,71,88,70,-1,70,88,89,-1,70,89,69,-1,69,89,90,-1,69,90,68,-1,68,90,91,-1,68,91,84,-1,84,91,92,-1,84,92,83,-1,83,92,93,-1,83,93,82,-1,82,93,94,-1,82,94,81,-1,81,94,95,-1,81,95,80,-1,80,95,96,-1,80,96,79,-1,79,96,97,-1,79,97,78,-1,78,97,98,-1,78,98,77,-1,77,98,99,-1,77,99,76,-1,76,99,100,-1,76,100,75,-1,74,75,101,-1,101,75,100,-1,73,74,86,-1,86,74,101,-1,102,103,104,-1,104,103,105,-1,103,106,105,-1,105,106,107,-1,106,108,107,-1,107,108,109,-1,108,110,109,-1,109,110,111,-1,110,112,111,-1,111,112,113,-1,112,114,113,-1,113,114,115,-1,114,116,115,-1,115,116,117,-1,116,118,117,-1,117,118,119,-1,118,120,119,-1,119,120,121,-1,120,122,121,-1,121,122,123,-1,122,124,123,-1,123,124,125,-1,124,102,125,-1,125,102,104,-1,106,103,102,-1,102,124,106,-1,106,124,122,-1,106,122,108,-1,112,110,114,-1,114,110,108,-1,114,108,116,-1,116,108,122,-1,116,122,118,-1,118,122,120,-1,126,127,128,-1,128,127,129,-1,129,127,130,-1,131,132,133,-1,131,133,134,-1,134,133,135,-1,134,135,130,-1,130,135,136,-1,130,136,129,-1,137,138,139,-1,137,139,140,-1,140,139,141,-1,140,141,142,-1,142,141,143,-1,142,143,144,-1,144,143,145,-1,144,145,146,-1,146,145,147,-1,146,147,148,-1,148,147,149,-1,148,149,150,-1,150,149,131,-1,131,149,151,-1,131,151,132,-1,152,153,154,-1,152,154,155,-1,155,154,156,-1,155,156,157,-1,157,156,158,-1,157,158,159,-1,159,158,160,-1,159,160,161,-1,161,160,162,-1,161,162,163,-1,163,162,164,-1,163,164,165,-1,165,164,138,-1,165,138,137,-1,166,167,168,-1,166,168,169,-1,169,168,153,-1,169,153,152,-1,166,170,167,-1,167,170,171,-1,172,173,174,-1,172,174,175,-1,175,174,171,-1,175,171,170,-1,176,177,178,-1,176,178,179,-1,179,178,180,-1,179,180,181,-1,181,180,182,-1,181,182,183,-1,183,182,184,-1,183,184,185,-1,185,184,186,-1,185,186,187,-1,187,186,188,-1,187,188,189,-1,189,188,173,-1,189,173,172,-1,190,191,192,-1,190,192,193,-1,193,192,194,-1,193,194,195,-1,195,194,196,-1,195,196,197,-1,197,196,198,-1,197,198,199,-1,199,198,200,-1,199,200,201,-1,201,200,202,-1,201,202,203,-1,203,202,177,-1,203,177,176,-1,126,128,204,-1,126,204,205,-1,205,204,206,-1,205,206,207,-1,207,206,191,-1,207,191,190,-1,193,131,190,-1,190,131,134,-1,190,134,207,-1,207,134,130,-1,207,130,205,-1,205,130,127,-1,205,127,126,-1,170,166,175,-1,175,166,169,-1,175,169,172,-1,172,169,152,-1,172,152,189,-1,189,152,155,-1,189,155,187,-1,187,155,157,-1,187,157,185,-1,185,157,159,-1,185,159,183,-1,183,159,161,-1,183,161,181,-1,181,161,163,-1,181,163,179,-1,179,163,165,-1,179,165,176,-1,176,165,137,-1,176,137,203,-1,203,137,140,-1,203,140,201,-1,201,140,142,-1,201,142,199,-1,199,142,144,-1,199,144,197,-1,197,144,146,-1,197,146,195,-1,195,146,148,-1,195,148,193,-1,193,148,150,-1,193,150,131,-1,208,209,210,-1,210,209,211,-1,209,212,211,-1,211,212,213,-1,212,214,213,-1,213,214,215,-1,214,216,215,-1,215,216,217,-1,216,218,217,-1,217,218,219,-1,218,208,219,-1,219,208,210,-1,216,214,218,-1,218,214,212,-1,218,212,208,-1,208,212,209,-1,
        ]
    }
}
Shape{
    appearance Appearance {
        material  Material 	{
            diffuseColor 0.9490196078431372 0.7607843137254902 0.1803921568627451
            specularColor 0.7607843137254902 0.6078431372549019 0.1450980392156863
            ambientIntensity 0.7509
            transparency 0.0
            shininess 0.5
        }
    }
    geometry IndexedFaceSet {
        ccw TRUE
        solid FALSE
        coord DEF co Coordinate {
            point [
                0.6378 0.4963 -0.6525, 0.6378 0.4963 -0.6854, 0.6378 0.5374 -0.6672, 0.6378 0.5374 -0.6706, 0.6378 0.5408 -0.6681, 0.6378 0.5408 -0.6697, 0.6378 0.5443 -0.6688, 0.6378 0.5443 -0.6691, 0.6378 0.5455 -0.5522, 0.6378 0.4687 -0.5522, 0.6378 0.5455 -0.5667, 0.6378 0.4687 -0.5661, 0.6378 0.4697 -0.5765, 0.6378 0.5081 -0.605, 0.6378 0.5179 -0.6042, 0.6378 0.5256 -0.6019, 0.6378 0.5443 -0.5783, 0.6378 0.4723 -0.5848, 0.6378 0.4762 -0.5915, 0.6378 0.4817 -0.597, 0.6378 0.4885 -0.6012, 0.6378 0.4977 -0.6041, 0.6378 0.5317 -0.5984, 0.6378 0.5368 -0.5937, 0.6378 0.5414 -0.5865
            ]
        }
        coordIndex [
            0,1,2,-1,2,1,3,-1,2,3,4,-1,4,3,5,-1,4,5,6,-1,6,5,7,-1,8,9,10,-1,10,9,11,-1,10,11,12,-1,13,14,10,-1,10,14,15,-1,10,15,16,-1,12,17,10,-1,10,17,18,-1,10,18,19,-1,19,20,10,-1,10,20,21,-1,10,21,13,-1,22,23,15,-1,15,23,24,-1,15,24,16,-1,
        ]
    }
}
Shape{
    appearance Appearance {
        material  Material 	{
            diffuseColor 0.0 0.0 0.0
            specularColor 0.0 0.0 0.0
            ambientIntensity 0.0
            transparency 0.0
            shininess 0.5
        }
    }
    geometry IndexedFaceSet {
        ccw TRUE
        solid FALSE
        coord DEF co Coordinate {
            point [
                0.6339 -0.4589 -0.6775, 0.6339 -0.5574 -0.716, 0.6378 -0.4589 -0.6775, 0.6378 -0.5574 -0.716, 0.6339 -0.5574 -0.7016, 0.6378 -0.5574 -0.7016, 0.6339 -0.5297 -0.6916, 0.6378 -0.5297 -0.6916, 0.6339 -0.5297 -0.6509, 0.6378 -0.5297 -0.6509, 0.6339 -0.5574 -0.6415, 0.6378 -0.5574 -0.6415, 0.6339 -0.5574 -0.6271, 0.6378 -0.5574 -0.6271, 0.6339 -0.4589 -0.6643, 0.6378 -0.4589 -0.6643, 0.6339 -0.5189 -0.6543, 0.6339 -0.4778 -0.6689, 0.6339 -0.4744 -0.6699, 0.6339 -0.4709 -0.6705, 0.6339 -0.4709 -0.6708, 0.6339 -0.4744 -0.6715, 0.6339 -0.4778 -0.6724, 0.6339 -0.5189 -0.6872, 0.6378 -0.5189 -0.6543, 0.6378 -0.5189 -0.6872, 0.6378 -0.4778 -0.6689, 0.6378 -0.4744 -0.6699, 0.6378 -0.4709 -0.6705, 0.6378 -0.4709 -0.6708, 0.6378 -0.4744 -0.6715, 0.6378 -0.4778 -0.6724, 0.6339 -0.5574 -0.5675, 0.6339 -0.5574 -0.5407, 0.6378 -0.5574 -0.5675, 0.6378 -0.5574 -0.5407, 0.6339 -0.4589 -0.5407, 0.6378 -0.4589 -0.5407, 0.6339 -0.4589 -0.5685, 0.6378 -0.4589 -0.5685, 0.6339 -0.5069 -0.6199, 0.6378 -0.5069 -0.6199, 0.6378 -0.4976 -0.6192, 0.6339 -0.4976 -0.6192, 0.6378 -0.4879 -0.6166, 0.6339 -0.4879 -0.6166, 0.6378 -0.4795 -0.612, 0.6339 -0.4795 -0.612, 0.6378 -0.4718 -0.605, 0.6339 -0.4718 -0.605, 0.6378 -0.4717 -0.6049, 0.6339 -0.4717 -0.6049, 0.6378 -0.4645 -0.5942, 0.6339 -0.4645 -0.5942, 0.6378 -0.4604 -0.5827, 0.6339 -0.4604 -0.5827, 0.6378 -0.5563 -0.5797, 0.6339 -0.5563 -0.5797, 0.6378 -0.5529 -0.591, 0.6339 -0.5529 -0.591, 0.6378 -0.5469 -0.6013, 0.6339 -0.5469 -0.6013, 0.6378 -0.5392 -0.6094, 0.6339 -0.5392 -0.6094, 0.6378 -0.5304 -0.615, 0.6339 -0.5304 -0.615, 0.6378 -0.5201 -0.6186, 0.6339 -0.5201 -0.6186, 0.6339 -0.4835 -0.6002, 0.6339 -0.4785 -0.5954, 0.6339 -0.4738 -0.5882, 0.6339 -0.471 -0.5801, 0.6339 -0.4697 -0.5684, 0.6339 -0.4697 -0.5539, 0.6339 -0.5465 -0.5539, 0.6339 -0.5465 -0.5679, 0.6339 -0.5456 -0.5783, 0.6339 -0.543 -0.5866, 0.6339 -0.539 -0.5933, 0.6339 -0.5336 -0.5988, 0.6339 -0.5268 -0.6029, 0.6339 -0.5175 -0.6058, 0.6339 -0.5072 -0.6067, 0.6339 -0.4974 -0.6059, 0.6339 -0.4896 -0.6036, 0.6378 -0.4697 -0.5684, 0.6378 -0.4697 -0.5539, 0.6378 -0.471 -0.5801, 0.6378 -0.4738 -0.5882, 0.6378 -0.4785 -0.5954, 0.6378 -0.4835 -0.6002, 0.6378 -0.4896 -0.6036, 0.6378 -0.4974 -0.6059, 0.6378 -0.5072 -0.6067, 0.6378 -0.5175 -0.6058, 0.6378 -0.5268 -0.6029, 0.6378 -0.5336 -0.5988, 0.6378 -0.539 -0.5933, 0.6378 -0.543 -0.5866, 0.6378 -0.5456 -0.5783, 0.6378 -0.5465 -0.5679, 0.6378 -0.5465 -0.5539, 0.6339 -0.5465 -0.5215, 0.6339 -0.5574 -0.5215, 0.6378 -0.5465 -0.5215, 0.6378 -0.5574 -0.5215, 0.6339 -0.5574 -0.4687, 0.6378 -0.5574 -0.4687, 0.6339 -0.4589 -0.4687, 0.6378 -0.4589 -0.4687, 0.6339 -0.4589 -0.5191, 0.6378 -0.4589 -0.5191, 0.6339 -0.4697 -0.5191, 0.6378 -0.4697 -0.5191, 0.6339 -0.4697 -0.4819, 0.6378 -0.4697 -0.4819, 0.6339 -0.5021 -0.4819, 0.6378 -0.5021 -0.4819, 0.6339 -0.5021 -0.5167, 0.6378 -0.5021 -0.5167, 0.6339 -0.5129 -0.5167, 0.6378 -0.5129 -0.5167, 0.6339 -0.5129 -0.4819, 0.6378 -0.5129 -0.4819, 0.6339 -0.5465 -0.4819, 0.6378 -0.5465 -0.4819, 0.6339 -0.5414 -0.4495, 0.6339 -0.5523 -0.4495, 0.6378 -0.5414 -0.4495, 0.6378 -0.5523 -0.4495, 0.6339 -0.5566 -0.439, 0.6339 -0.5586 -0.4224, 0.6378 -0.5586 -0.4224, 0.6378 -0.5585 -0.4251, 0.6339 -0.5585 -0.4251, 0.6378 -0.558 -0.4291, 0.6378 -0.5566 -0.439, 0.6339 -0.51 -0.3763, 0.6378 -0.51 -0.3763, 0.6378 -0.5214 -0.3772, 0.6339 -0.5214 -0.3772, 0.6378 -0.5318 -0.3802, 0.6339 -0.5318 -0.3802, 0.6378 -0.5412 -0.3854, 0.6339 -0.5412 -0.3854, 0.6378 -0.549 -0.3928, 0.6339 -0.549 -0.3928, 0.6378 -0.554 -0.4007, 0.6339 -0.554 -0.4007, 0.6378 -0.5573 -0.4103, 0.6339 -0.5573 -0.4103, 0.6378 -0.558 -0.4166, 0.6339 -0.4577 -0.4263, 0.6378 -0.4577 -0.4263, 0.6378 -0.4585 -0.4164, 0.6339 -0.4585 -0.4164, 0.6378 -0.4617 -0.4055, 0.6339 -0.4617 -0.4055, 0.6378 -0.4671 -0.3961, 0.6339 -0.4671 -0.3961, 0.6378 -0.4756 -0.3872, 0.6339 -0.4756 -0.3872, 0.6378 -0.4849 -0.3815, 0.6339 -0.4849 -0.3815, 0.6378 -0.496 -0.3777, 0.6339 -0.496 -0.3777, 0.6339 -0.4616 -0.4495, 0.6378 -0.4616 -0.4495, 0.6378 -0.4585 -0.4381, 0.6339 -0.4585 -0.4381, 0.6339 -0.4748 -0.4495, 0.6378 -0.4748 -0.4495, 0.6339 -0.4685 -0.4264, 0.6378 -0.4685 -0.4264, 0.6378 -0.4701 -0.4384, 0.6339 -0.4701 -0.4384, 0.6339 -0.5092 -0.3895, 0.6378 -0.5092 -0.3895, 0.6378 -0.5015 -0.3899, 0.6339 -0.5015 -0.3899, 0.6378 -0.491 -0.3926, 0.6339 -0.491 -0.3926, 0.6378 -0.4834 -0.3966, 0.6339 -0.4834 -0.3966, 0.6378 -0.4768 -0.4026, 0.6339 -0.4768 -0.4026, 0.6378 -0.4723 -0.4094, 0.6339 -0.4723 -0.4094, 0.6378 -0.4696 -0.4167, 0.6339 -0.4696 -0.4167, 0.6339 -0.5477 -0.4242, 0.6378 -0.5477 -0.4242, 0.6378 -0.5467 -0.415, 0.6339 -0.5467 -0.415, 0.6378 -0.5441 -0.4079, 0.6339 -0.5441 -0.4079, 0.6378 -0.54 -0.4018, 0.6339 -0.54 -0.4018, 0.6378 -0.5351 -0.3972, 0.6339 -0.5351 -0.3972, 0.6378 -0.5283 -0.3931, 0.6339 -0.5283 -0.3931, 0.6378 -0.5198 -0.3905, 0.6339 -0.5198 -0.3905, 0.6378 -0.5424 -0.4477, 0.6339 -0.5424 -0.4477, 0.6378 -0.5463 -0.4373, 0.6339 -0.5463 -0.4373, 0.6339 -0.5465 -0.3679, 0.6339 -0.5574 -0.3679, 0.6378 -0.5465 -0.3679, 0.6378 -0.5574 -0.3679, 0.6339 -0.5574 -0.3175, 0.6378 -0.5574 -0.3175, 0.6339 -0.4589 -0.3175, 0.6378 -0.4589 -0.3175, 0.6339 -0.4589 -0.3307, 0.6378 -0.4589 -0.3307, 0.6339 -0.5465 -0.3307, 0.6378 -0.5465 -0.3307
            ]
        }
        coordIndex [
            0,1,2,-1,2,1,3,-1,1,4,3,-1,3,4,5,-1,4,6,5,-1,5,6,7,-1,6,8,7,-1,7,8,9,-1,8,10,9,-1,9,10,11,-1,10,12,11,-1,11,12,13,-1,12,14,13,-1,13,14,15,-1,14,0,15,-1,15,0,2,-1,16,17,14,-1,12,10,8,-1,17,18,14,-1,14,18,19,-1,14,19,0,-1,0,19,20,-1,0,20,21,-1,21,22,0,-1,0,22,23,-1,0,23,1,-1,4,1,6,-1,6,1,23,-1,6,23,8,-1,8,23,16,-1,8,16,12,-1,12,16,14,-1,16,23,24,-1,24,23,25,-1,17,16,26,-1,26,16,24,-1,17,26,27,-1,17,27,18,-1,18,27,28,-1,18,28,19,-1,20,19,29,-1,29,19,28,-1,20,29,30,-1,20,30,21,-1,21,30,31,-1,21,31,22,-1,23,22,25,-1,25,22,31,-1,32,33,34,-1,34,33,35,-1,33,36,35,-1,35,36,37,-1,36,38,37,-1,37,38,39,-1,40,41,42,-1,40,42,43,-1,43,42,44,-1,43,44,45,-1,45,44,46,-1,45,46,47,-1,47,46,48,-1,47,48,49,-1,49,48,50,-1,49,50,51,-1,51,50,52,-1,51,52,53,-1,53,52,54,-1,53,54,55,-1,55,54,39,-1,55,39,38,-1,32,34,56,-1,32,56,57,-1,57,56,58,-1,57,58,59,-1,59,58,60,-1,59,60,61,-1,61,60,62,-1,61,62,63,-1,63,62,64,-1,63,64,65,-1,65,64,66,-1,65,66,67,-1,67,66,41,-1,67,41,40,-1,45,47,68,-1,68,47,49,-1,68,49,69,-1,69,49,51,-1,69,51,70,-1,70,51,53,-1,70,53,71,-1,71,53,55,-1,71,55,72,-1,72,55,38,-1,72,38,73,-1,73,38,36,-1,73,36,74,-1,74,36,33,-1,74,33,75,-1,75,33,32,-1,75,32,76,-1,76,32,57,-1,76,57,77,-1,77,57,59,-1,77,59,78,-1,78,59,61,-1,78,61,79,-1,79,61,63,-1,79,63,80,-1,80,63,65,-1,80,65,81,-1,81,65,67,-1,81,67,82,-1,82,67,40,-1,82,40,83,-1,83,40,43,-1,83,43,84,-1,84,43,45,-1,84,45,68,-1,72,73,85,-1,85,73,86,-1,72,85,87,-1,72,87,71,-1,71,87,88,-1,71,88,70,-1,70,88,89,-1,70,89,69,-1,69,89,90,-1,69,90,68,-1,68,90,91,-1,68,91,84,-1,84,91,92,-1,84,92,83,-1,83,92,93,-1,83,93,82,-1,82,93,94,-1,82,94,81,-1,81,94,95,-1,81,95,80,-1,80,95,96,-1,80,96,79,-1,79,96,97,-1,79,97,78,-1,78,97,98,-1,78,98,77,-1,77,98,99,-1,77,99,76,-1,76,99,100,-1,76,100,75,-1,74,75,101,-1,101,75,100,-1,73,74,86,-1,86,74,101,-1,102,103,104,-1,104,103,105,-1,103,106,105,-1,105,106,107,-1,106,108,107,-1,107,108,109,-1,108,110,109,-1,109,110,111,-1,110,112,111,-1,111,112,113,-1,112,114,113,-1,113,114,115,-1,114,116,115,-1,115,116,117,-1,116,118,117,-1,117,118,119,-1,118,120,119,-1,119,120,121,-1,120,122,121,-1,121,122,123,-1,122,124,123,-1,123,124,125,-1,124,102,125,-1,125,102,104,-1,106,103,102,-1,102,124,106,-1,106,124,122,-1,106,122,108,-1,112,110,114,-1,114,110,108,-1,114,108,116,-1,116,108,122,-1,116,122,118,-1,118,122,120,-1,126,127,128,-1,128,127,129,-1,129,127,130,-1,131,132,133,-1,131,133,134,-1,134,133,135,-1,134,135,130,-1,130,135,136,-1,130,136,129,-1,137,138,139,-1,137,139,140,-1,140,139,141,-1,140,141,142,-1,142,141,143,-1,142,143,144,-1,144,143,145,-1,144,145,146,-1,146,145,147,-1,146,147,148,-1,148,147,149,-1,148,149,150,-1,150,149,131,-1,131,149,151,-1,131,151,132,-1,152,153,154,-1,152,154,155,-1,155,154,156,-1,155,156,157,-1,157,156,158,-1,157,158,159,-1,159,158,160,-1,159,160,161,-1,161,160,162,-1,161,162,163,-1,163,162,164,-1,163,164,165,-1,165,164,138,-1,165,138,137,-1,166,167,168,-1,166,168,169,-1,169,168,153,-1,169,153,152,-1,166,170,167,-1,167,170,171,-1,172,173,174,-1,172,174,175,-1,175,174,171,-1,175,171,170,-1,176,177,178,-1,176,178,179,-1,179,178,180,-1,179,180,181,-1,181,180,182,-1,181,182,183,-1,183,182,184,-1,183,184,185,-1,185,184,186,-1,185,186,187,-1,187,186,188,-1,187,188,189,-1,189,188,173,-1,189,173,172,-1,190,191,192,-1,190,192,193,-1,193,192,194,-1,193,194,195,-1,195,194,196,-1,195,196,197,-1,197,196,198,-1,197,198,199,-1,199,198,200,-1,199,200,201,-1,201,200,202,-1,201,202,203,-1,203,202,177,-1,203,177,176,-1,126,128,204,-1,126,204,205,-1,205,204,206,-1,205,206,207,-1,207,206,191,-1,207,191,190,-1,193,131,190,-1,190,131,134,-1,190,134,207,-1,207,134,130,-1,207,130,205,-1,205,130,127,-1,205,127,126,-1,170,166,175,-1,175,166,169,-1,175,169,172,-1,172,169,152,-1,172,152,189,-1,189,152,155,-1,189,155,187,-1,187,155,157,-1,187,157,185,-1,185,157,159,-1,185,159,183,-1,183,159,161,-1,183,161,181,-1,181,161,163,-1,181,163,179,-1,179,163,165,-1,179,165,176,-1,176,165,137,-1,176,137,203,-1,203,137,140,-1,203,140,201,-1,201,140,142,-1,201,142,199,-1,199,142,144,-1,199,144,197,-1,197,144,146,-1,197,146,195,-1,195,146,148,-1,195,148,193,-1,193,148,150,-1,193,150,131,-1,208,209,210,-1,210,209,211,-1,209,212,211,-1,211,212,213,-1,212,214,213,-1,213,214,215,-1,214,216,215,-1,215,216,217,-1,216,218,217,-1,217,218,219,-1,218,208,219,-1,219,208,210,-1,216,214,218,-1,218,214,212,-1,218,212,208,-1,208,212,209,-1,
        ]
    }
}
Shape{
    appearance Appearance {
        material  Material 	{
            diffuseColor 0.9490196078431372 0.7607843137254902 0.1803921568627451
            specularColor 0.7607843137254902 0.6078431372549019 0.1450980392156863
            ambientIntensity 0.7509
            transparency 0.0
            shininess 0.5
        }
    }
    geometry IndexedFaceSet {
        ccw TRUE
        solid FALSE
        coord DEF co Coordinate {
            point [
                0.6378 -0.5189 -0.6543, 0.6378 -0.5189 -0.6872, 0.6378 -0.4778 -0.6689, 0.6378 -0.4778 -0.6724, 0.6378 -0.4744 -0.6699, 0.6378 -0.4744 -0.6715, 0.6378 -0.4709 -0.6705, 0.6378 -0.4709 -0.6708, 0.6378 -0.4697 -0.5539, 0.6378 -0.5465 -0.5539, 0.6378 -0.4697 -0.5684, 0.6378 -0.5465 -0.5679, 0.6378 -0.5456 -0.5783, 0.6378 -0.5072 -0.6067, 0.6378 -0.4974 -0.6059, 0.6378 -0.4896 -0.6036, 0.6378 -0.471 -0.5801, 0.6378 -0.543 -0.5866, 0.6378 -0.539 -0.5933, 0.6378 -0.5336 -0.5988, 0.6378 -0.5268 -0.6029, 0.6378 -0.5175 -0.6058, 0.6378 -0.4835 -0.6002, 0.6378 -0.4785 -0.5954, 0.6378 -0.4738 -0.5882, 1.6378 -0.4685 -0.4264, 1.6378 -0.4696 -0.4167, 1.6378 -0.5424 -0.4477, 1.6378 -0.4697 -0.5191, 1.6378 -0.4697 -0.4819, 1.6378 -0.5021 -0.4819, 1.6378 -0.5021 -0.5167, 1.6378 -0.5129 -0.5167, 1.6378 -0.558 -0.5311, 1.6378 -0.549 -0.3928, 1.6378 -0.5412 -0.3854, 1.6378 -0.5574 -0.3679, 1.6378 -0.558 -0.4166, 1.6378 -0.5574 -0.3175, 1.6378 -0.4701 -0.4384, 1.6378 -0.5414 -0.4495, 1.6378 -0.4748 -0.4495, 1.6378 -0.4589 -0.5191, 1.6378 -0.3622 -0.5311, 1.6378 -0.4589 -0.4687, 1.6378 -0.3622 0.1969, 1.6378 -0.4589 -0.3175, 1.6378 -0.4589 -0.3307, 1.6378 -0.4849 -0.3815, 1.6378 -0.4756 -0.3872, 1.6378 -0.4671 -0.3961, 1.6378 -0.4617 -0.4055, 1.6378 -0.5465 -0.3679, 1.6378 -0.5318 -0.3802, 1.6378 -0.5465 -0.3307, 1.6378 -0.4585 -0.4164, 1.6378 -0.4577 -0.4263, 1.6378 -0.4585 -0.4381, 1.6378 -0.4616 -0.4495, 1.6378 -0.5574 -0.4687, 1.6378 -0.5523 -0.4495, 1.6378 -0.5573 -0.4103, 1.6378 -0.554 -0.4007, 1.6378 -0.4723 -0.4094, 1.6378 -0.4768 -0.4026, 1.6378 -0.4834 -0.3966, 1.6378 -0.5092 -0.3895, 1.6378 -0.5198 -0.3905, 1.6378 -0.5283 -0.3931, 1.6378 -0.5467 -0.415, 1.6378 -0.5477 -0.4242, 1.6378 -0.5441 -0.4079, 1.6378 -0.54 -0.4018, 1.6378 -0.5351 -0.3972, 1.6378 -0.5463 -0.4373, 1.6378 -0.5214 -0.3772, 1.6378 -0.51 -0.3763, 1.6378 -0.496 -0.3777, 1.6378 -0.491 -0.3926, 1.6378 -0.5015 -0.3899, 1.6378 -0.5129 -0.4819, 1.6378 -0.5465 -0.4819, 1.6378 -0.5465 -0.5215, 1.6378 -0.5574 -0.5215, 1.6378 -0.558 -0.4291, 1.6378 -0.5585 -0.4251, 1.6378 -0.6378 -0.5311, 1.6378 -0.5586 -0.4224, 1.6378 -0.558 0.1969, 1.6378 -0.6378 0.1969, 1.6378 -0.4589 -0.6643, 1.6378 -0.4589 -0.6775, 1.6378 -0.5574 -0.7016, 1.6378 -0.5574 -0.716, 1.6378 -0.558 -1.0236, 1.6378 -0.3622 -1.0236, 1.6378 -0.5574 -0.5675, 1.6378 -0.5574 -0.5407, 1.6378 -0.4589 -0.5407, 1.6378 -0.4589 -0.5685, 1.6378 -0.4718 -0.605, 1.6378 -0.4795 -0.612, 1.6378 -0.4879 -0.6166, 1.6378 -0.5574 -0.6271, 1.6378 -0.5304 -0.615, 1.6378 -0.5392 -0.6094, 1.6378 -0.4604 -0.5827, 1.6378 -0.4645 -0.5942, 1.6378 -0.4717 -0.6049, 1.6378 -0.5469 -0.6013, 1.6378 -0.5529 -0.591, 1.6378 -0.5563 -0.5797, 1.6378 -0.5574 -0.6415, 1.6378 -0.5297 -0.6509, 1.6378 -0.5297 -0.6916, 1.6378 -0.4976 -0.6192, 1.6378 -0.5069 -0.6199, 1.6378 -0.5201 -0.6186, 1.6378 -0.5566 -0.439, 1.6378 -0.6378 -1.0236, 1.6378 0.5467 -0.4247, 1.6378 0.5456 -0.415, 1.6378 0.4728 -0.446, 1.6378 0.5563 -0.5174, 1.6378 0.6378 -0.5294, 1.6378 0.5563 -0.467, 1.6378 0.6378 0.1969, 1.6378 0.4663 -0.3911, 1.6378 0.4741 -0.3837, 1.6378 0.4579 -0.3661, 1.6378 0.4573 -0.4149, 1.6378 0.4579 -0.3157, 1.6378 0.5452 -0.4367, 1.6378 0.4738 -0.4477, 1.6378 0.5404 -0.4477, 1.6378 0.5023 -0.515, 1.6378 0.4573 -0.5294, 1.6378 0.5131 -0.515, 1.6378 0.5455 -0.5174, 1.6378 0.5131 -0.4802, 1.6378 0.5455 -0.4802, 1.6378 0.5563 -0.3157, 1.6378 0.5563 -0.3289, 1.6378 0.5304 -0.3797, 1.6378 0.5396 -0.3855, 1.6378 0.5481 -0.3944, 1.6378 0.5535 -0.4037, 1.6378 0.4687 -0.3661, 1.6378 0.4834 -0.3784, 1.6378 0.4687 -0.3289, 1.6378 0.5567 -0.4147, 1.6378 0.5575 -0.4246, 1.6378 0.5567 -0.4364, 1.6378 0.5536 -0.4477, 1.6378 0.4579 -0.467, 1.6378 0.463 -0.4477, 1.6378 0.458 -0.4085, 1.6378 0.4612 -0.399, 1.6378 0.543 -0.4076, 1.6378 0.5384 -0.4008, 1.6378 0.5319 -0.3949, 1.6378 0.5061 -0.3877, 1.6378 0.4954 -0.3887, 1.6378 0.4869 -0.3914, 1.6378 0.4685 -0.4133, 1.6378 0.4675 -0.4225, 1.6378 0.4712 -0.4061, 1.6378 0.4752 -0.4001, 1.6378 0.4801 -0.3955, 1.6378 0.4689 -0.4356, 1.6378 0.4939 -0.3755, 1.6378 0.5053 -0.3745, 1.6378 0.5192 -0.3759, 1.6378 0.5243 -0.3908, 1.6378 0.5137 -0.3882, 1.6378 0.5023 -0.4802, 1.6378 0.4687 -0.4802, 1.6378 0.4687 -0.5198, 1.6378 0.4579 -0.5198, 1.6378 0.4573 -0.4273, 1.6378 0.4567 -0.4234, 1.6378 0.3622 -0.5294, 1.6378 0.4567 -0.4207, 1.6378 0.4573 0.1969, 1.6378 0.3622 0.1969, 1.6378 0.5563 -0.6626, 1.6378 0.5563 -0.6758, 1.6378 0.4579 -0.5657, 1.6378 0.4579 -0.539, 1.6378 0.5563 -0.539, 1.6378 0.4579 -0.6998, 1.6378 0.4579 -0.7142, 1.6378 0.4573 -1.0236, 1.6378 0.6378 -1.0236, 1.6378 0.5563 -0.5667, 1.6378 0.5548 -0.581, 1.6378 0.5508 -0.5925, 1.6378 0.5436 -0.6032, 1.6378 0.4579 -0.6254, 1.6378 0.4849 -0.6133, 1.6378 0.4761 -0.6076, 1.6378 0.5435 -0.6033, 1.6378 0.5358 -0.6103, 1.6378 0.5273 -0.6148, 1.6378 0.4683 -0.5995, 1.6378 0.4623 -0.5893, 1.6378 0.459 -0.5779, 1.6378 0.4579 -0.6398, 1.6378 0.4855 -0.6492, 1.6378 0.4855 -0.6899, 1.6378 0.5176 -0.6175, 1.6378 0.5083 -0.6182, 1.6378 0.4952 -0.6168, 1.6378 0.4587 -0.4373, 1.6378 0.3622 -1.0236
            ]
        }
        coordIndex [
            0,1,2,-1,2,1,3,-1,2,3,4,-1,4,3,5,-1,4,5,6,-1,6,5,7,-1,8,9,10,-1,10,9,11,-1,10,11,12,-1,13,14,10,-1,10,14,15,-1,10,15,16,-1,12,17,10,-1,10,17,18,-1,10,18,19,-1,19,20,10,-1,10,20,21,-1,10,21,13,-1,22,23,15,-1,15,23,24,-1,15,24,16,-1,25,26,27,-1,28,29,30,-1,31,32,33,-1,34,35,36,-1,37,36,38,-1,25,27,39,-1,39,27,40,-1,39,40,41,-1,30,31,28,-1,28,31,33,-1,28,33,42,-1,42,33,43,-1,42,43,44,-1,44,43,45,-1,45,46,47,-1,48,49,47,-1,47,49,50,-1,47,50,51,-1,36,35,52,-1,52,35,53,-1,52,53,54,-1,51,55,47,-1,47,55,56,-1,47,56,45,-1,45,56,57,-1,45,57,44,-1,57,58,44,-1,44,58,41,-1,44,41,59,-1,59,41,40,-1,59,40,60,-1,37,61,36,-1,36,61,62,-1,36,62,34,-1,26,63,27,-1,27,63,64,-1,27,64,65,-1,66,67,27,-1,27,67,68,-1,69,70,71,-1,71,70,72,-1,68,73,27,-1,27,73,72,-1,27,72,74,-1,74,72,70,-1,53,75,54,-1,54,75,76,-1,54,76,47,-1,47,76,77,-1,47,77,48,-1,65,78,27,-1,27,78,79,-1,27,79,66,-1,80,81,32,-1,32,81,82,-1,32,82,33,-1,33,82,83,-1,33,83,59,-1,84,85,86,-1,86,85,87,-1,86,87,37,-1,46,45,38,-1,38,45,88,-1,38,88,37,-1,37,88,89,-1,37,89,86,-1,43,90,91,-1,92,33,93,-1,93,33,94,-1,93,94,91,-1,91,94,95,-1,91,95,43,-1,96,97,33,-1,33,97,98,-1,33,98,43,-1,43,98,99,-1,100,101,90,-1,90,101,102,-1,103,104,105,-1,99,106,43,-1,43,106,107,-1,43,107,90,-1,90,107,108,-1,90,108,100,-1,105,109,103,-1,103,109,110,-1,103,110,111,-1,111,96,103,-1,103,96,33,-1,103,33,112,-1,112,33,92,-1,112,92,113,-1,113,92,114,-1,102,115,90,-1,90,115,116,-1,90,116,103,-1,103,116,117,-1,103,117,104,-1,60,118,59,-1,59,118,84,-1,59,84,33,-1,33,84,86,-1,33,86,94,-1,94,86,119,-1,120,121,122,-1,123,124,125,-1,125,124,126,-1,127,128,129,-1,130,129,131,-1,120,122,132,-1,132,122,133,-1,132,133,134,-1,135,136,137,-1,137,136,138,-1,137,138,139,-1,139,138,140,-1,126,141,142,-1,143,144,142,-1,142,144,145,-1,142,145,146,-1,129,128,147,-1,147,128,148,-1,147,148,149,-1,146,150,142,-1,142,150,151,-1,142,151,126,-1,126,151,152,-1,126,152,125,-1,152,153,125,-1,125,153,134,-1,125,134,154,-1,154,134,133,-1,154,133,155,-1,130,156,129,-1,129,156,157,-1,129,157,127,-1,121,158,122,-1,122,158,159,-1,122,159,160,-1,161,162,122,-1,122,162,163,-1,164,165,166,-1,166,165,167,-1,163,168,122,-1,122,168,167,-1,122,167,169,-1,169,167,165,-1,148,170,149,-1,149,170,171,-1,149,171,142,-1,142,171,172,-1,142,172,143,-1,160,173,122,-1,122,173,174,-1,122,174,161,-1,175,176,135,-1,135,176,177,-1,135,177,136,-1,136,177,178,-1,136,178,154,-1,179,180,181,-1,181,180,182,-1,181,182,130,-1,141,126,131,-1,131,126,183,-1,131,183,130,-1,130,183,184,-1,130,184,181,-1,124,185,186,-1,187,188,136,-1,123,138,124,-1,124,138,136,-1,124,136,189,-1,189,136,188,-1,190,136,191,-1,191,136,192,-1,191,192,186,-1,186,192,193,-1,186,193,124,-1,189,194,124,-1,124,194,195,-1,124,195,185,-1,185,195,196,-1,185,196,197,-1,198,199,200,-1,197,201,185,-1,185,201,202,-1,185,202,203,-1,200,204,198,-1,198,204,205,-1,198,205,206,-1,206,187,198,-1,198,187,136,-1,198,136,207,-1,207,136,190,-1,207,190,208,-1,208,190,209,-1,203,210,185,-1,185,210,211,-1,185,211,198,-1,198,211,212,-1,198,212,199,-1,155,213,154,-1,154,213,179,-1,154,179,136,-1,136,179,181,-1,136,181,192,-1,192,181,214,-1,
        ]
    }
}
Shape{
    appearance Appearance {
        material  Material 	{
            diffuseColor 0.17647058823529413 0.17647058823529413 0.17647058823529413
            specularColor 0.050980392156862744 0.050980392156862744 0.050980392156862744
            ambientIntensity 0.251
            transparency 0.0
            shininess 0.5
        }
    }
    geometry IndexedFaceSet {
        ccw TRUE
        solid FALSE
        coord DEF co Coordinate {
            point [
                1.6378 -0.6378 0.1969, 2.0 -0.8031 0.1969, 1.3622 -0.6378 0.1969, 1.0 -0.8031 0.1969, 1.3622 -0.3622 0.1969, 1.6378 -0.558 0.1969, 1.6378 -0.3622 0.1969, 2.0 0.8031 0.1969, 1.6378 0.6378 0.1969, 1.0 0.8031 0.1969, 1.3622 0.6378 0.1969, 1.3622 0.3622 0.1969, 1.6378 0.3622 0.1969, 1.6378 0.4573 0.1969, 1.1181 -1.0 0.0079, 1.1181 -1.0 0.9843, 1.0 -0.8819 0.0079, 1.0 -0.8819 0.9843, 1.8819 -1.0 0.0079, 1.8819 -1.0 0.9843, 2.0 -0.8819 0.0079, 2.0 -0.8819 0.9843, 2.0 -0.8031 0.0079, 2.0 0.8031 0.0079, 2.0 0.8819 0.0079, 2.0 0.8819 0.9843, 1.8819 1.0 0.0079, 1.8819 1.0 0.9843, 1.1181 1.0 0.0079, 1.1181 1.0 0.9843, 1.0 0.8819 0.0079, 1.0 0.8819 0.9843, 1.0 0.8031 0.0079, 1.0 -0.8031 0.0079, 1.3622 0.3622 0.9843, 1.6378 0.3622 0.9843, 1.3622 -0.3622 0.9843, 1.6378 -0.3622 0.9843, 1.6378 0.6378 0.9843, 1.3622 0.6378 0.9843, 1.6378 -0.6378 0.9843, 1.3622 -0.6378 0.9843
            ]
        }
        coordIndex [
            0,1,2,-1,2,1,3,-1,2,3,4,-1,0,5,1,-1,1,5,6,-1,1,6,7,-1,7,8,9,-1,9,8,10,-1,9,10,11,-1,3,9,4,-1,4,9,11,-1,4,11,6,-1,6,11,12,-1,6,12,7,-1,7,12,13,-1,7,13,8,-1,14,15,16,-1,16,15,17,-1,18,19,14,-1,14,19,15,-1,20,21,18,-1,18,21,19,-1,20,22,1,-1,23,24,7,-1,7,24,25,-1,7,25,1,-1,1,25,21,-1,1,21,20,-1,26,27,24,-1,24,27,25,-1,28,29,26,-1,26,29,27,-1,30,31,28,-1,28,31,29,-1,30,32,9,-1,33,16,3,-1,3,16,17,-1,3,17,9,-1,9,17,31,-1,9,31,30,-1,15,19,21,-1,31,17,34,-1,31,34,29,-1,35,36,37,-1,25,27,38,-1,38,27,29,-1,38,29,39,-1,39,29,34,-1,38,35,25,-1,25,35,37,-1,25,37,21,-1,21,37,40,-1,21,40,15,-1,15,40,41,-1,15,41,17,-1,17,41,36,-1,17,36,34,-1,34,36,35,-1,1,22,3,-1,3,22,33,-1,14,16,33,-1,18,14,20,-1,20,14,33,-1,20,33,22,-1,32,23,9,-1,9,23,7,-1,23,32,30,-1,30,28,23,-1,23,28,26,-1,23,26,24,-1,
        ]
    }
}
Shape{
    appearance Appearance {
        material  Material 	{
            diffuseColor 0.9490196078431372 0.7607843137254902 0.1803921568627451
            specularColor 0.7607843137254902 0.6078431372549019 0.1450980392156863
            ambientIntensity 0.7509
            transparency 0.0
            shininess 0.5
        }
    }
    geometry IndexedFaceSet {
        ccw TRUE
        solid FALSE
        coord DEF co Coordinate {
            point [
                1.5984 0.4016 3.3465, 1.5984 0.5984 3.3465, 1.4016 0.4016 3.3465, 1.4016 0.5984 3.3465, 1.6378 0.6378 3.189, 1.6378 0.6378 0.9843, 1.3622 0.6378 3.189, 1.3622 0.6378 0.9843, 1.3622 0.3622 3.189, 1.3622 0.3622 0.9843, 1.6378 0.3622 3.189, 1.6378 0.3622 0.9843, 1.6378 0.3622 0.1969, 1.3622 0.3622 0.1969, 1.6378 0.3622 -0.5294, 1.3622 0.3622 -1.0236, 1.6378 0.3622 -1.0236, 1.3622 0.6378 -1.0236, 1.3622 0.6378 0.1969, 1.6378 0.6378 0.1969, 1.6378 0.6378 -0.5294, 1.6378 0.6378 -1.0236, 1.5984 0.5984 -1.1811, 1.5984 0.4016 -1.1811, 1.4016 0.5984 -1.1811, 1.4016 0.4016 -1.1811, 1.5984 -0.5984 3.3465, 1.5984 -0.4016 3.3465, 1.4016 -0.5984 3.3465, 1.4016 -0.4016 3.3465, 1.6378 -0.3622 3.189, 1.6378 -0.3622 0.9843, 1.3622 -0.3622 3.189, 1.3622 -0.3622 0.9843, 1.3622 -0.6378 3.189, 1.3622 -0.6378 0.9843, 1.6378 -0.6378 3.189, 1.6378 -0.6378 0.9843, 1.6378 -0.6378 0.1969, 1.3622 -0.6378 0.1969, 1.6378 -0.6378 -0.5311, 1.3622 -0.6378 -1.0236, 1.6378 -0.6378 -1.0236, 1.3622 -0.3622 -1.0236, 1.3622 -0.3622 0.1969, 1.6378 -0.3622 0.1969, 1.6378 -0.3622 -0.5311, 1.6378 -0.3622 -1.0236, 1.5984 -0.4016 -1.1811, 1.5984 -0.5984 -1.1811, 1.4016 -0.4016 -1.1811, 1.4016 -0.5984 -1.1811, 1.6378 -0.558 -1.0236, 1.6378 0.4573 -1.0236
            ]
        }
        coordIndex [
            0,1,2,-1,2,1,3,-1,4,5,6,-1,6,5,7,-1,6,7,8,-1,8,7,9,-1,8,9,10,-1,10,9,11,-1,10,11,4,-1,4,11,5,-1,12,13,14,-1,14,13,15,-1,14,15,16,-1,15,13,17,-1,17,13,18,-1,18,19,17,-1,17,19,20,-1,17,20,21,-1,22,23,24,-1,24,23,25,-1,26,27,28,-1,28,27,29,-1,30,31,32,-1,32,31,33,-1,32,33,34,-1,34,33,35,-1,34,35,36,-1,36,35,37,-1,36,37,30,-1,30,37,31,-1,38,39,40,-1,40,39,41,-1,40,41,42,-1,41,39,43,-1,43,39,44,-1,44,45,43,-1,43,45,46,-1,43,46,47,-1,48,49,50,-1,50,49,51,-1,32,29,30,-1,30,29,27,-1,34,28,32,-1,32,28,29,-1,26,36,27,-1,27,36,30,-1,36,26,34,-1,34,26,28,-1,6,3,4,-1,4,3,1,-1,8,2,6,-1,6,2,3,-1,0,10,1,-1,1,10,4,-1,10,0,8,-1,8,0,2,-1,49,42,51,-1,51,42,41,-1,42,49,52,-1,52,49,48,-1,52,48,47,-1,43,50,41,-1,41,50,51,-1,50,43,48,-1,48,43,47,-1,23,16,25,-1,25,16,15,-1,16,23,53,-1,53,23,22,-1,53,22,21,-1,17,24,15,-1,15,24,25,-1,24,17,22,-1,22,17,21,-1,
        ]
    }
}
Shape{
    appearance Appearance {
        material  Material 	{
            diffuseColor 0.0 0.0 0.0
            specularColor 0.0 0.0 0.0
            ambientIntensity 0.0
            transparency 0.0
            shininess 0.5
        }
    }
    geometry IndexedFaceSet {
        ccw TRUE
        solid FALSE
        coord DEF co Coordinate {
            point [
                1.6339 0.5563 -0.6758, 1.6339 0.4579 -0.7142, 1.6378 0.5563 -0.6758, 1.6378 0.4579 -0.7142, 1.6339 0.4579 -0.6998, 1.6378 0.4579 -0.6998, 1.6339 0.4855 -0.6899, 1.6378 0.4855 -0.6899, 1.6339 0.4855 -0.6492, 1.6378 0.4855 -0.6492, 1.6339 0.4579 -0.6398, 1.6378 0.4579 -0.6398, 1.6339 0.4579 -0.6254, 1.6378 0.4579 -0.6254, 1.6339 0.5563 -0.6626, 1.6378 0.5563 -0.6626, 1.6339 0.4963 -0.6525, 1.6339 0.4963 -0.6854, 1.6339 0.5374 -0.6672, 1.6339 0.5408 -0.6681, 1.6339 0.5443 -0.6688, 1.6339 0.5443 -0.6691, 1.6339 0.5408 -0.6697, 1.6339 0.5374 -0.6706, 1.6378 0.4963 -0.6525, 1.6378 0.4963 -0.6854, 1.6378 0.5374 -0.6672, 1.6378 0.5408 -0.6681, 1.6378 0.5443 -0.6688, 1.6378 0.5443 -0.6691, 1.6378 0.5408 -0.6697, 1.6378 0.5374 -0.6706, 1.6339 0.4579 -0.5657, 1.6339 0.4579 -0.539, 1.6378 0.4579 -0.5657, 1.6378 0.4579 -0.539, 1.6339 0.5563 -0.539, 1.6378 0.5563 -0.539, 1.6339 0.5563 -0.5667, 1.6378 0.5563 -0.5667, 1.6339 0.5083 -0.6182, 1.6378 0.5083 -0.6182, 1.6378 0.5176 -0.6175, 1.6339 0.5176 -0.6175, 1.6378 0.5273 -0.6148, 1.6339 0.5273 -0.6148, 1.6378 0.5358 -0.6103, 1.6339 0.5358 -0.6103, 1.6378 0.5435 -0.6033, 1.6339 0.5435 -0.6033, 1.6378 0.5436 -0.6032, 1.6339 0.5436 -0.6032, 1.6378 0.5508 -0.5925, 1.6339 0.5508 -0.5925, 1.6378 0.5548 -0.581, 1.6339 0.5548 -0.581, 1.6378 0.459 -0.5779, 1.6339 0.459 -0.5779, 1.6378 0.4623 -0.5893, 1.6339 0.4623 -0.5893, 1.6378 0.4683 -0.5995, 1.6339 0.4683 -0.5995, 1.6378 0.4761 -0.6076, 1.6339 0.4761 -0.6076, 1.6378 0.4849 -0.6133, 1.6339 0.4849 -0.6133, 1.6378 0.4952 -0.6168, 1.6339 0.4952 -0.6168, 1.6339 0.5317 -0.5984, 1.6339 0.5368 -0.5937, 1.6339 0.5414 -0.5865, 1.6339 0.5443 -0.5783, 1.6339 0.5455 -0.5667, 1.6339 0.5455 -0.5522, 1.6339 0.4687 -0.5522, 1.6339 0.4687 -0.5661, 1.6339 0.4697 -0.5765, 1.6339 0.4723 -0.5848, 1.6339 0.4762 -0.5915, 1.6339 0.4817 -0.597, 1.6339 0.4885 -0.6012, 1.6339 0.4977 -0.6041, 1.6339 0.5081 -0.605, 1.6339 0.5179 -0.6042, 1.6339 0.5256 -0.6019, 1.6378 0.5455 -0.5667, 1.6378 0.5455 -0.5522, 1.6378 0.5443 -0.5783, 1.6378 0.5414 -0.5865, 1.6378 0.5368 -0.5937, 1.6378 0.5317 -0.5984, 1.6378 0.5256 -0.6019, 1.6378 0.5179 -0.6042, 1.6378 0.5081 -0.605, 1.6378 0.4977 -0.6041, 1.6378 0.4885 -0.6012, 1.6378 0.4817 -0.597, 1.6378 0.4762 -0.5915, 1.6378 0.4723 -0.5848, 1.6378 0.4697 -0.5765, 1.6378 0.4687 -0.5661, 1.6378 0.4687 -0.5522, 1.6339 0.4687 -0.5198, 1.6339 0.4579 -0.5198, 1.6378 0.4687 -0.5198, 1.6378 0.4579 -0.5198, 1.6339 0.4579 -0.467, 1.6378 0.4579 -0.467, 1.6339 0.5563 -0.467, 1.6378 0.5563 -0.467, 1.6339 0.5563 -0.5174, 1.6378 0.5563 -0.5174, 1.6339 0.5455 -0.5174, 1.6378 0.5455 -0.5174, 1.6339 0.5455 -0.4802, 1.6378 0.5455 -0.4802, 1.6339 0.5131 -0.4802, 1.6378 0.5131 -0.4802, 1.6339 0.5131 -0.515, 1.6378 0.5131 -0.515, 1.6339 0.5023 -0.515, 1.6378 0.5023 -0.515, 1.6339 0.5023 -0.4802, 1.6378 0.5023 -0.4802, 1.6339 0.4687 -0.4802, 1.6378 0.4687 -0.4802, 1.6339 0.4738 -0.4477, 1.6339 0.463 -0.4477, 1.6378 0.4738 -0.4477, 1.6378 0.463 -0.4477, 1.6339 0.4587 -0.4373, 1.6339 0.4567 -0.4207, 1.6378 0.4567 -0.4207, 1.6378 0.4567 -0.4234, 1.6339 0.4567 -0.4234, 1.6378 0.4573 -0.4273, 1.6378 0.4587 -0.4373, 1.6339 0.5053 -0.3745, 1.6378 0.5053 -0.3745, 1.6378 0.4939 -0.3755, 1.6339 0.4939 -0.3755, 1.6378 0.4834 -0.3784, 1.6339 0.4834 -0.3784, 1.6378 0.4741 -0.3837, 1.6339 0.4741 -0.3837, 1.6378 0.4663 -0.3911, 1.6339 0.4663 -0.3911, 1.6378 0.4612 -0.399, 1.6339 0.4612 -0.399, 1.6378 0.458 -0.4085, 1.6339 0.458 -0.4085, 1.6378 0.4573 -0.4149, 1.6339 0.5575 -0.4246, 1.6378 0.5575 -0.4246, 1.6378 0.5567 -0.4147, 1.6339 0.5567 -0.4147, 1.6378 0.5535 -0.4037, 1.6339 0.5535 -0.4037, 1.6378 0.5481 -0.3944, 1.6339 0.5481 -0.3944, 1.6378 0.5396 -0.3855, 1.6339 0.5396 -0.3855, 1.6378 0.5304 -0.3797, 1.6339 0.5304 -0.3797, 1.6378 0.5192 -0.3759, 1.6339 0.5192 -0.3759, 1.6339 0.5536 -0.4477, 1.6378 0.5536 -0.4477, 1.6378 0.5567 -0.4364, 1.6339 0.5567 -0.4364, 1.6339 0.5404 -0.4477, 1.6378 0.5404 -0.4477, 1.6339 0.5467 -0.4247, 1.6378 0.5467 -0.4247, 1.6378 0.5452 -0.4367, 1.6339 0.5452 -0.4367, 1.6339 0.5061 -0.3877, 1.6378 0.5061 -0.3877, 1.6378 0.5137 -0.3882, 1.6339 0.5137 -0.3882, 1.6378 0.5243 -0.3908, 1.6339 0.5243 -0.3908, 1.6378 0.5319 -0.3949, 1.6339 0.5319 -0.3949, 1.6378 0.5384 -0.4008, 1.6339 0.5384 -0.4008, 1.6378 0.543 -0.4076, 1.6339 0.543 -0.4076, 1.6378 0.5456 -0.415, 1.6339 0.5456 -0.415, 1.6339 0.4675 -0.4225, 1.6378 0.4675 -0.4225, 1.6378 0.4685 -0.4133, 1.6339 0.4685 -0.4133, 1.6378 0.4712 -0.4061, 1.6339 0.4712 -0.4061, 1.6378 0.4752 -0.4001, 1.6339 0.4752 -0.4001, 1.6378 0.4801 -0.3955, 1.6339 0.4801 -0.3955, 1.6378 0.4869 -0.3914, 1.6339 0.4869 -0.3914, 1.6378 0.4954 -0.3887, 1.6339 0.4954 -0.3887, 1.6378 0.4728 -0.446, 1.6339 0.4728 -0.446, 1.6378 0.4689 -0.4356, 1.6339 0.4689 -0.4356, 1.6339 0.4687 -0.3661, 1.6339 0.4579 -0.3661, 1.6378 0.4687 -0.3661, 1.6378 0.4579 -0.3661, 1.6339 0.4579 -0.3157, 1.6378 0.4579 -0.3157, 1.6339 0.5563 -0.3157, 1.6378 0.5563 -0.3157, 1.6339 0.5563 -0.3289, 1.6378 0.5563 -0.3289, 1.6339 0.4687 -0.3289, 1.6378 0.4687 -0.3289
            ]
        }
        coordIndex [
            0,1,2,-1,2,1,3,-1,1,4,3,-1,3,4,5,-1,4,6,5,-1,5,6,7,-1,6,8,7,-1,7,8,9,-1,8,10,9,-1,9,10,11,-1,10,12,11,-1,11,12,13,-1,12,14,13,-1,13,14,15,-1,14,0,15,-1,15,0,2,-1,16,8,17,-1,17,8,6,-1,18,14,16,-1,16,14,12,-1,16,12,8,-1,8,12,10,-1,18,19,14,-1,14,19,20,-1,14,20,0,-1,0,20,21,-1,0,21,22,-1,22,23,0,-1,0,23,17,-1,0,17,1,-1,1,17,6,-1,1,6,4,-1,16,17,24,-1,24,17,25,-1,18,16,26,-1,26,16,24,-1,18,26,27,-1,18,27,19,-1,19,27,28,-1,19,28,20,-1,21,20,29,-1,29,20,28,-1,21,29,30,-1,21,30,22,-1,22,30,31,-1,22,31,23,-1,17,23,25,-1,25,23,31,-1,32,33,34,-1,34,33,35,-1,33,36,35,-1,35,36,37,-1,36,38,37,-1,37,38,39,-1,40,41,42,-1,40,42,43,-1,43,42,44,-1,43,44,45,-1,45,44,46,-1,45,46,47,-1,47,46,48,-1,47,48,49,-1,49,48,50,-1,49,50,51,-1,51,50,52,-1,51,52,53,-1,53,52,54,-1,53,54,55,-1,55,54,39,-1,55,39,38,-1,32,34,56,-1,32,56,57,-1,57,56,58,-1,57,58,59,-1,59,58,60,-1,59,60,61,-1,61,60,62,-1,61,62,63,-1,63,62,64,-1,63,64,65,-1,65,64,66,-1,65,66,67,-1,67,66,41,-1,67,41,40,-1,45,47,68,-1,68,47,49,-1,68,49,69,-1,69,49,51,-1,69,51,70,-1,70,51,53,-1,70,53,71,-1,71,53,55,-1,71,55,72,-1,72,55,38,-1,72,38,73,-1,73,38,36,-1,73,36,74,-1,74,36,33,-1,74,33,75,-1,75,33,32,-1,75,32,76,-1,76,32,57,-1,76,57,77,-1,77,57,59,-1,77,59,78,-1,78,59,61,-1,78,61,79,-1,79,61,63,-1,79,63,80,-1,80,63,65,-1,80,65,81,-1,81,65,67,-1,81,67,82,-1,82,67,40,-1,82,40,83,-1,83,40,43,-1,83,43,84,-1,84,43,45,-1,84,45,68,-1,72,73,85,-1,85,73,86,-1,72,85,87,-1,72,87,71,-1,71,87,88,-1,71,88,70,-1,70,88,89,-1,70,89,69,-1,69,89,90,-1,69,90,68,-1,68,90,91,-1,68,91,84,-1,84,91,92,-1,84,92,83,-1,83,92,93,-1,83,93,82,-1,82,93,94,-1,82,94,81,-1,81,94,95,-1,81,95,80,-1,80,95,96,-1,80,96,79,-1,79,96,97,-1,79,97,78,-1,78,97,98,-1,78,98,77,-1,77,98,99,-1,77,99,76,-1,76,99,100,-1,76,100,75,-1,74,75,101,-1,101,75,100,-1,73,74,86,-1,86,74,101,-1,102,103,104,-1,104,103,105,-1,103,106,105,-1,105,106,107,-1,106,108,107,-1,107,108,109,-1,108,110,109,-1,109,110,111,-1,110,112,111,-1,111,112,113,-1,112,114,113,-1,113,114,115,-1,114,116,115,-1,115,116,117,-1,116,118,117,-1,117,118,119,-1,118,120,119,-1,119,120,121,-1,120,122,121,-1,121,122,123,-1,122,124,123,-1,123,124,125,-1,124,102,125,-1,125,102,104,-1,106,103,102,-1,102,124,106,-1,106,124,122,-1,106,122,108,-1,112,110,114,-1,114,110,108,-1,114,108,116,-1,116,108,122,-1,116,122,118,-1,118,122,120,-1,126,127,128,-1,128,127,129,-1,129,127,130,-1,131,132,133,-1,131,133,134,-1,134,133,135,-1,134,135,130,-1,130,135,136,-1,130,136,129,-1,137,138,139,-1,137,139,140,-1,140,139,141,-1,140,141,142,-1,142,141,143,-1,142,143,144,-1,144,143,145,-1,144,145,146,-1,146,145,147,-1,146,147,148,-1,148,147,149,-1,148,149,150,-1,150,149,131,-1,131,149,151,-1,131,151,132,-1,152,153,154,-1,152,154,155,-1,155,154,156,-1,155,156,157,-1,157,156,158,-1,157,158,159,-1,159,158,160,-1,159,160,161,-1,161,160,162,-1,161,162,163,-1,163,162,164,-1,163,164,165,-1,165,164,138,-1,165,138,137,-1,166,167,168,-1,166,168,169,-1,169,168,153,-1,169,153,152,-1,166,170,167,-1,167,170,171,-1,172,173,174,-1,172,174,175,-1,175,174,171,-1,175,171,170,-1,176,177,178,-1,176,178,179,-1,179,178,180,-1,179,180,181,-1,181,180,182,-1,181,182,183,-1,183,182,184,-1,183,184,185,-1,185,184,186,-1,185,186,187,-1,187,186,188,-1,187,188,189,-1,189,188,173,-1,189,173,172,-1,190,191,192,-1,190,192,193,-1,193,192,194,-1,193,194,195,-1,195,194,196,-1,195,196,197,-1,197,196,198,-1,197,198,199,-1,199,198,200,-1,199,200,201,-1,201,200,202,-1,201,202,203,-1,203,202,177,-1,203,177,176,-1,126,128,204,-1,126,204,205,-1,205,204,206,-1,205,206,207,-1,207,206,191,-1,207,191,190,-1,193,131,190,-1,190,131,134,-1,190,134,207,-1,207,134,130,-1,207,130,205,-1,205,130,127,-1,205,127,126,-1,170,166,175,-1,175,166,169,-1,175,169,172,-1,172,169,152,-1,172,152,189,-1,189,152,155,-1,189,155,187,-1,187,155,157,-1,187,157,185,-1,185,157,159,-1,185,159,183,-1,183,159,161,-1,183,161,181,-1,181,161,163,-1,181,163,179,-1,179,163,165,-1,179,165,176,-1,176,165,137,-1,176,137,203,-1,203,137,140,-1,203,140,201,-1,201,140,142,-1,201,142,199,-1,199,142,144,-1,199,144,197,-1,197,144,146,-1,197,146,195,-1,195,146,148,-1,195,148,193,-1,193,148,150,-1,193,150,131,-1,208,209,210,-1,210,209,211,-1,209,212,211,-1,211,212,213,-1,212,214,213,-1,213,214,215,-1,214,216,215,-1,215,216,217,-1,216,218,217,-1,217,218,219,-1,218,208,219,-1,219,208,210,-1,216,214,218,-1,218,214,212,-1,218,212,208,-1,208,212,209,-1,
        ]
    }
}
Shape{
    appearance Appearance {
        material  Material 	{
            diffuseColor 0.9490196078431372 0.7607843137254902 0.1803921568627451
            specularColor 0.7607843137254902 0.6078431372549019 0.1450980392156863
            ambientIntensity 0.7509
            transparency 0.0
            shininess 0.5
        }
    }
    geometry IndexedFaceSet {
        ccw TRUE
        solid FALSE
        coord DEF co Coordinate {
            point [
                1.6378 0.4963 -0.6525, 1.6378 0.4963 -0.6854, 1.6378 0.5374 -0.6672, 1.6378 0.5374 -0.6706, 1.6378 0.5408 -0.6681, 1.6378 0.5408 -0.6697, 1.6378 0.5443 -0.6688, 1.6378 0.5443 -0.6691, 1.6378 0.5455 -0.5522, 1.6378 0.4687 -0.5522, 1.6378 0.5455 -0.5667, 1.6378 0.4687 -0.5661, 1.6378 0.4697 -0.5765, 1.6378 0.5081 -0.605, 1.6378 0.5179 -0.6042, 1.6378 0.5256 -0.6019, 1.6378 0.5443 -0.5783, 1.6378 0.4723 -0.5848, 1.6378 0.4762 -0.5915, 1.6378 0.4817 -0.597, 1.6378 0.4885 -0.6012, 1.6378 0.4977 -0.6041, 1.6378 0.5317 -0.5984, 1.6378 0.5368 -0.5937, 1.6378 0.5414 -0.5865
            ]
        }
        coordIndex [
            0,1,2,-1,2,1,3,-1,2,3,4,-1,4,3,5,-1,4,5,6,-1,6,5,7,-1,8,9,10,-1,10,9,11,-1,10,11,12,-1,13,14,10,-1,10,14,15,-1,10,15,16,-1,12,17,10,-1,10,17,18,-1,10,18,19,-1,19,20,10,-1,10,20,21,-1,10,21,13,-1,22,23,15,-1,15,23,24,-1,15,24,16,-1,
        ]
    }
}
Shape{
    appearance Appearance {
        material  Material 	{
            diffuseColor 0.0 0.0 0.0
            specularColor 0.0 0.0 0.0
            ambientIntensity 0.0
            transparency 0.0
            shininess 0.5
        }
    }
    geometry IndexedFaceSet {
        ccw TRUE
        solid FALSE
        coord DEF co Coordinate {
            point [
                1.6339 -0.4589 -0.6775, 1.6339 -0.5574 -0.716, 1.6378 -0.4589 -0.6775, 1.6378 -0.5574 -0.716, 1.6339 -0.5574 -0.7016, 1.6378 -0.5574 -0.7016, 1.6339 -0.5297 -0.6916, 1.6378 -0.5297 -0.6916, 1.6339 -0.5297 -0.6509, 1.6378 -0.5297 -0.6509, 1.6339 -0.5574 -0.6415, 1.6378 -0.5574 -0.6415, 1.6339 -0.5574 -0.6271, 1.6378 -0.5574 -0.6271, 1.6339 -0.4589 -0.6643, 1.6378 -0.4589 -0.6643, 1.6339 -0.5189 -0.6543, 1.6339 -0.4778 -0.6689, 1.6339 -0.4744 -0.6699, 1.6339 -0.4709 -0.6705, 1.6339 -0.4709 -0.6708, 1.6339 -0.4744 -0.6715, 1.6339 -0.4778 -0.6724, 1.6339 -0.5189 -0.6872, 1.6378 -0.5189 -0.6543, 1.6378 -0.5189 -0.6872, 1.6378 -0.4778 -0.6689, 1.6378 -0.4744 -0.6699, 1.6378 -0.4709 -0.6705, 1.6378 -0.4709 -0.6708, 1.6378 -0.4744 -0.6715, 1.6378 -0.4778 -0.6724, 1.6339 -0.5574 -0.5675, 1.6339 -0.5574 -0.5407, 1.6378 -0.5574 -0.5675, 1.6378 -0.5574 -0.5407, 1.6339 -0.4589 -0.5407, 1.6378 -0.4589 -0.5407, 1.6339 -0.4589 -0.5685, 1.6378 -0.4589 -0.5685, 1.6339 -0.5069 -0.6199, 1.6378 -0.5069 -0.6199, 1.6378 -0.4976 -0.6192, 1.6339 -0.4976 -0.6192, 1.6378 -0.4879 -0.6166, 1.6339 -0.4879 -0.6166, 1.6378 -0.4795 -0.612, 1.6339 -0.4795 -0.612, 1.6378 -0.4718 -0.605, 1.6339 -0.4718 -0.605, 1.6378 -0.4717 -0.6049, 1.6339 -0.4717 -0.6049, 1.6378 -0.4645 -0.5942, 1.6339 -0.4645 -0.5942, 1.6378 -0.4604 -0.5827, 1.6339 -0.4604 -0.5827, 1.6378 -0.5563 -0.5797, 1.6339 -0.5563 -0.5797, 1.6378 -0.5529 -0.591, 1.6339 -0.5529 -0.591, 1.6378 -0.5469 -0.6013, 1.6339 -0.5469 -0.6013, 1.6378 -0.5392 -0.6094, 1.6339 -0.5392 -0.6094, 1.6378 -0.5304 -0.615, 1.6339 -0.5304 -0.615, 1.6378 -0.5201 -0.6186, 1.6339 -0.5201 -0.6186, 1.6339 -0.4835 -0.6002, 1.6339 -0.4785 -0.5954, 1.6339 -0.4738 -0.5882, 1.6339 -0.471 -0.5801, 1.6339 -0.4697 -0.5684, 1.6339 -0.4697 -0.5539, 1.6339 -0.5465 -0.5539, 1.6339 -0.5465 -0.5679, 1.6339 -0.5456 -0.5783, 1.6339 -0.543 -0.5866, 1.6339 -0.539 -0.5933, 1.6339 -0.5336 -0.5988, 1.6339 -0.5268 -0.6029, 1.6339 -0.5175 -0.6058, 1.6339 -0.5072 -0.6067, 1.6339 -0.4974 -0.6059, 1.6339 -0.4896 -0.6036, 1.6378 -0.4697 -0.5684, 1.6378 -0.4697 -0.5539, 1.6378 -0.471 -0.5801, 1.6378 -0.4738 -0.5882, 1.6378 -0.4785 -0.5954, 1.6378 -0.4835 -0.6002, 1.6378 -0.4896 -0.6036, 1.6378 -0.4974 -0.6059, 1.6378 -0.5072 -0.6067, 1.6378 -0.5175 -0.6058, 1.6378 -0.5268 -0.6029, 1.6378 -0.5336 -0.5988, 1.6378 -0.539 -0.5933, 1.6378 -0.543 -0.5866, 1.6378 -0.5456 -0.5783, 1.6378 -0.5465 -0.5679, 1.6378 -0.5465 -0.5539, 1.6339 -0.5465 -0.5215, 1.6339 -0.5574 -0.5215, 1.6378 -0.5465 -0.5215, 1.6378 -0.5574 -0.5215, 1.6339 -0.5574 -0.4687, 1.6378 -0.5574 -0.4687, 1.6339 -0.4589 -0.4687, 1.6378 -0.4589 -0.4687, 1.6339 -0.4589 -0.5191, 1.6378 -0.4589 -0.5191, 1.6339 -0.4697 -0.5191, 1.6378 -0.4697 -0.5191, 1.6339 -0.4697 -0.4819, 1.6378 -0.4697 -0.4819, 1.6339 -0.5021 -0.4819, 1.6378 -0.5021 -0.4819, 1.6339 -0.5021 -0.5167, 1.6378 -0.5021 -0.5167, 1.6339 -0.5129 -0.5167, 1.6378 -0.5129 -0.5167, 1.6339 -0.5129 -0.4819, 1.6378 -0.5129 -0.4819, 1.6339 -0.5465 -0.4819, 1.6378 -0.5465 -0.4819, 1.6339 -0.5414 -0.4495, 1.6339 -0.5523 -0.4495, 1.6378 -0.5414 -0.4495, 1.6378 -0.5523 -0.4495, 1.6339 -0.5566 -0.439, 1.6339 -0.5586 -0.4224, 1.6378 -0.5586 -0.4224, 1.6378 -0.5585 -0.4251, 1.6339 -0.5585 -0.4251, 1.6378 -0.558 -0.4291, 1.6378 -0.5566 -0.439, 1.6339 -0.51 -0.3763, 1.6378 -0.51 -0.3763, 1.6378 -0.5214 -0.3772, 1.6339 -0.5214 -0.3772, 1.6378 -0.5318 -0.3802, 1.6339 -0.5318 -0.3802, 1.6378 -0.5412 -0.3854, 1.6339 -0.5412 -0.3854, 1.6378 -0.549 -0.3928, 1.6339 -0.549 -0.3928, 1.6378 -0.554 -0.4007, 1.6339 -0.554 -0.4007, 1.6378 -0.5573 -0.4103, 1.6339 -0.5573 -0.4103, 1.6378 -0.558 -0.4166, 1.6339 -0.4577 -0.4263, 1.6378 -0.4577 -0.4263, 1.6378 -0.4585 -0.4164, 1.6339 -0.4585 -0.4164, 1.6378 -0.4617 -0.4055, 1.6339 -0.4617 -0.4055, 1.6378 -0.4671 -0.3961, 1.6339 -0.4671 -0.3961, 1.6378 -0.4756 -0.3872, 1.6339 -0.4756 -0.3872, 1.6378 -0.4849 -0.3815, 1.6339 -0.4849 -0.3815, 1.6378 -0.496 -0.3777, 1.6339 -0.496 -0.3777, 1.6339 -0.4616 -0.4495, 1.6378 -0.4616 -0.4495, 1.6378 -0.4585 -0.4381, 1.6339 -0.4585 -0.4381, 1.6339 -0.4748 -0.4495, 1.6378 -0.4748 -0.4495, 1.6339 -0.4685 -0.4264, 1.6378 -0.4685 -0.4264, 1.6378 -0.4701 -0.4384, 1.6339 -0.4701 -0.4384, 1.6339 -0.5092 -0.3895, 1.6378 -0.5092 -0.3895, 1.6378 -0.5015 -0.3899, 1.6339 -0.5015 -0.3899, 1.6378 -0.491 -0.3926, 1.6339 -0.491 -0.3926, 1.6378 -0.4834 -0.3966, 1.6339 -0.4834 -0.3966, 1.6378 -0.4768 -0.4026, 1.6339 -0.4768 -0.4026, 1.6378 -0.4723 -0.4094, 1.6339 -0.4723 -0.4094, 1.6378 -0.4696 -0.4167, 1.6339 -0.4696 -0.4167, 1.6339 -0.5477 -0.4242, 1.6378 -0.5477 -0.4242, 1.6378 -0.5467 -0.415, 1.6339 -0.5467 -0.415, 1.6378 -0.5441 -0.4079, 1.6339 -0.5441 -0.4079, 1.6378 -0.54 -0.4018, 1.6339 -0.54 -0.4018, 1.6378 -0.5351 -0.3972, 1.6339 -0.5351 -0.3972, 1.6378 -0.5283 -0.3931, 1.6339 -0.5283 -0.3931, 1.6378 -0.5198 -0.3905, 1.6339 -0.5198 -0.3905, 1.6378 -0.5424 -0.4477, 1.6339 -0.5424 -0.4477, 1.6378 -0.5463 -0.4373, 1.6339 -0.5463 -0.4373, 1.6339 -0.5465 -0.3679, 1.6339 -0.5574 -0.3679, 1.6378 -0.5465 -0.3679, 1.6378 -0.5574 -0.3679, 1.6339 -0.5574 -0.3175, 1.6378 -0.5574 -0.3175, 1.6339 -0.4589 -0.3175, 1.6378 -0.4589 -0.3175, 1.6339 -0.4589 -0.3307, 1.6378 -0.4589 -0.3307, 1.6339 -0.5465 -0.3307, 1.6378 -0.5465 -0.3307
            ]
        }
        coordIndex [
            0,1,2,-1,2,1,3,-1,1,4,3,-1,3,4,5,-1,4,6,5,-1,5,6,7,-1,6,8,7,-1,7,8,9,-1,8,10,9,-1,9,10,11,-1,10,12,11,-1,11,12,13,-1,12,14,13,-1,13,14,15,-1,14,0,15,-1,15,0,2,-1,16,17,14,-1,12,10,8,-1,17,18,14,-1,14,18,19,-1,14,19,0,-1,0,19,20,-1,0,20,21,-1,21,22,0,-1,0,22,23,-1,0,23,1,-1,4,1,6,-1,6,1,23,-1,6,23,8,-1,8,23,16,-1,8,16,12,-1,12,16,14,-1,16,23,24,-1,24,23,25,-1,17,16,26,-1,26,16,24,-1,17,26,27,-1,17,27,18,-1,18,27,28,-1,18,28,19,-1,20,19,29,-1,29,19,28,-1,20,29,30,-1,20,30,21,-1,21,30,31,-1,21,31,22,-1,23,22,25,-1,25,22,31,-1,32,33,34,-1,34,33,35,-1,33,36,35,-1,35,36,37,-1,36,38,37,-1,37,38,39,-1,40,41,42,-1,40,42,43,-1,43,42,44,-1,43,44,45,-1,45,44,46,-1,45,46,47,-1,47,46,48,-1,47,48,49,-1,49,48,50,-1,49,50,51,-1,51,50,52,-1,51,52,53,-1,53,52,54,-1,53,54,55,-1,55,54,39,-1,55,39,38,-1,32,34,56,-1,32,56,57,-1,57,56,58,-1,57,58,59,-1,59,58,60,-1,59,60,61,-1,61,60,62,-1,61,62,63,-1,63,62,64,-1,63,64,65,-1,65,64,66,-1,65,66,67,-1,67,66,41,-1,67,41,40,-1,45,47,68,-1,68,47,49,-1,68,49,69,-1,69,49,51,-1,69,51,70,-1,70,51,53,-1,70,53,71,-1,71,53,55,-1,71,55,72,-1,72,55,38,-1,72,38,73,-1,73,38,36,-1,73,36,74,-1,74,36,33,-1,74,33,75,-1,75,33,32,-1,75,32,76,-1,76,32,57,-1,76,57,77,-1,77,57,59,-1,77,59,78,-1,78,59,61,-1,78,61,79,-1,79,61,63,-1,79,63,80,-1,80,63,65,-1,80,65,81,-1,81,65,67,-1,81,67,82,-1,82,67,40,-1,82,40,83,-1,83,40,43,-1,83,43,84,-1,84,43,45,-1,84,45,68,-1,72,73,85,-1,85,73,86,-1,72,85,87,-1,72,87,71,-1,71,87,88,-1,71,88,70,-1,70,88,89,-1,70,89,69,-1,69,89,90,-1,69,90,68,-1,68,90,91,-1,68,91,84,-1,84,91,92,-1,84,92,83,-1,83,92,93,-1,83,93,82,-1,82,93,94,-1,82,94,81,-1,81,94,95,-1,81,95,80,-1,80,95,96,-1,80,96,79,-1,79,96,97,-1,79,97,78,-1,78,97,98,-1,78,98,77,-1,77,98,99,-1,77,99,76,-1,76,99,100,-1,76,100,75,-1,74,75,101,-1,101,75,100,-1,73,74,86,-1,86,74,101,-1,102,103,104,-1,104,103,105,-1,103,106,105,-1,105,106,107,-1,106,108,107,-1,107,108,109,-1,108,110,109,-1,109,110,111,-1,110,112,111,-1,111,112,113,-1,112,114,113,-1,113,114,115,-1,114,116,115,-1,115,116,117,-1,116,118,117,-1,117,118,119,-1,118,120,119,-1,119,120,121,-1,120,122,121,-1,121,122,123,-1,122,124,123,-1,123,124,125,-1,124,102,125,-1,125,102,104,-1,106,103,102,-1,102,124,106,-1,106,124,122,-1,106,122,108,-1,112,110,114,-1,114,110,108,-1,114,108,116,-1,116,108,122,-1,116,122,118,-1,118,122,120,-1,126,127,128,-1,128,127,129,-1,129,127,130,-1,131,132,133,-1,131,133,134,-1,134,133,135,-1,134,135,130,-1,130,135,136,-1,130,136,129,-1,137,138,139,-1,137,139,140,-1,140,139,141,-1,140,141,142,-1,142,141,143,-1,142,143,144,-1,144,143,145,-1,144,145,146,-1,146,145,147,-1,146,147,148,-1,148,147,149,-1,148,149,150,-1,150,149,131,-1,131,149,151,-1,131,151,132,-1,152,153,154,-1,152,154,155,-1,155,154,156,-1,155,156,157,-1,157,156,158,-1,157,158,159,-1,159,158,160,-1,159,160,161,-1,161,160,162,-1,161,162,163,-1,163,162,164,-1,163,164,165,-1,165,164,138,-1,165,138,137,-1,166,167,168,-1,166,168,169,-1,169,168,153,-1,169,153,152,-1,166,170,167,-1,167,170,171,-1,172,173,174,-1,172,174,175,-1,175,174,171,-1,175,171,170,-1,176,177,178,-1,176,178,179,-1,179,178,180,-1,179,180,181,-1,181,180,182,-1,181,182,183,-1,183,182,184,-1,183,184,185,-1,185,184,186,-1,185,186,187,-1,187,186,188,-1,187,188,189,-1,189,188,173,-1,189,173,172,-1,190,191,192,-1,190,192,193,-1,193,192,194,-1,193,194,195,-1,195,194,196,-1,195,196,197,-1,197,196,198,-1,197,198,199,-1,199,198,200,-1,199,200,201,-1,201,200,202,-1,201,202,203,-1,203,202,177,-1,203,177,176,-1,126,128,204,-1,126,204,205,-1,205,204,206,-1,205,206,207,-1,207,206,191,-1,207,191,190,-1,193,131,190,-1,190,131,134,-1,190,134,207,-1,207,134,130,-1,207,130,205,-1,205,130,127,-1,205,127,126,-1,170,166,175,-1,175,166,169,-1,175,169,172,-1,172,169,152,-1,172,152,189,-1,189,152,155,-1,189,155,187,-1,187,155,157,-1,187,157,185,-1,185,157,159,-1,185,159,183,-1,183,159,161,-1,183,161,181,-1,181,161,163,-1,181,163,179,-1,179,163,165,-1,179,165,176,-1,176,165,137,-1,176,137,203,-1,203,137,140,-1,203,140,201,-1,201,140,142,-1,201,142,199,-1,199,142,144,-1,199,144,197,-1,197,144,146,-1,197,146,195,-1,195,146,148,-1,195,148,193,-1,193,148,150,-1,193,150,131,-1,208,209,210,-1,210,209,211,-1,209,212,211,-1,211,212,213,-1,212,214,213,-1,213,214,215,-1,214,216,215,-1,215,216,217,-1,216,218,217,-1,217,218,219,-1,218,208,219,-1,219,208,210,-1,216,214,218,-1,218,214,212,-1,218,212,208,-1,208,212,209,-1,
        ]
    }
}
Shape{
    appearance Appearance {
        material  Material 	{
            diffuseColor 0.9490196078431372 0.7607843137254902 0.1803921568627451
            specularColor 0.7607843137254902 0.6078431372549019 0.1450980392156863
            ambientIntensity 0.7509
            transparency 0.0
            shininess 0.5
        }
    }
    geometry IndexedFaceSet {
        ccw TRUE
        solid FALSE
        coord DEF co Coordinate {
            point [
                1.6378 -0.5189 -0.6543, 1.6378 -0.5189 -0.6872, 1.6378 -0.4778 -0.6689, 1.6378 -0.4778 -0.6724, 1.6378 -0.4744 -0.6699, 1.6378 -0.4744 -0.6715, 1.6378 -0.4709 -0.6705, 1.6378 -0.4709 -0.6708, 1.6378 -0.4697 -0.5539, 1.6378 -0.5465 -0.5539, 1.6378 -0.4697 -0.5684, 1.6378 -0.5465 -0.5679, 1.6378 -0.5456 -0.5783, 1.6378 -0.5072 -0.6067, 1.6378 -0.4974 -0.6059, 1.6378 -0.4896 -0.6036, 1.6378 -0.471 -0.5801, 1.6378 -0.543 -0.5866, 1.6378 -0.539 -0.5933, 1.6378 -0.5336 -0.5988, 1.6378 -0.5268 -0.6029, 1.6378 -0.5175 -0.6058, 1.6378 -0.4835 -0.6002, 1.6378 -0.4785 -0.5954, 1.6378 -0.4738 -0.5882, 2.6378 -0.4685 -0.4264, 2.6378 -0.4696 -0.4167, 2.6378 -0.5424 -0.4477, 2.6378 -0.4697 -0.5191, 2.6378 -0.4697 -0.4819, 2.6378 -0.5021 -0.4819, 2.6378 -0.5021 -0.5167, 2.6378 -0.5129 -0.5167, 2.6378 -0.558 -0.5311, 2.6378 -0.549 -0.3928, 2.6378 -0.5412 -0.3854, 2.6378 -0.5574 -0.3679, 2.6378 -0.558 -0.4166, 2.6378 -0.5574 -0.3175, 2.6378 -0.4701 -0.4384, 2.6378 -0.5414 -0.4495, 2.6378 -0.4748 -0.4495, 2.6378 -0.4589 -0.5191, 2.6378 -0.3622 -0.5311, 2.6378 -0.4589 -0.4687, 2.6378 -0.3622 0.1969, 2.6378 -0.4589 -0.3175, 2.6378 -0.4589 -0.3307, 2.6378 -0.4849 -0.3815, 2.6378 -0.4756 -0.3872, 2.6378 -0.4671 -0.3961, 2.6378 -0.4617 -0.4055, 2.6378 -0.5465 -0.3679, 2.6378 -0.5318 -0.3802, 2.6378 -0.5465 -0.3307, 2.6378 -0.4585 -0.4164, 2.6378 -0.4577 -0.4263, 2.6378 -0.4585 -0.4381, 2.6378 -0.4616 -0.4495, 2.6378 -0.5574 -0.4687, 2.6378 -0.5523 -0.4495, 2.6378 -0.5573 -0.4103, 2.6378 -0.554 -0.4007, 2.6378 -0.4723 -0.4094, 2.6378 -0.4768 -0.4026, 2.6378 -0.4834 -0.3966, 2.6378 -0.5092 -0.3895, 2.6378 -0.5198 -0.3905, 2.6378 -0.5283 -0.3931, 2.6378 -0.5467 -0.415, 2.6378 -0.5477 -0.4242, 2.6378 -0.5441 -0.4079, 2.6378 -0.54 -0.4018, 2.6378 -0.5351 -0.3972, 2.6378 -0.5463 -0.4373, 2.6378 -0.5214 -0.3772, 2.6378 -0.51 -0.3763, 2.6378 -0.496 -0.3777, 2.6378 -0.491 -0.3926, 2.6378 -0.5015 -0.3899, 2.6378 -0.5129 -0.4819, 2.6378 -0.5465 -0.4819, 2.6378 -0.5465 -0.5215, 2.6378 -0.5574 -0.5215, 2.6378 -0.558 -0.4291, 2.6378 -0.5585 -0.4251, 2.6378 -0.6378 -0.5311, 2.6378 -0.5586 -0.4224, 2.6378 -0.558 0.1969, 2.6378 -0.6378 0.1969, 2.6378 -0.4589 -0.6643, 2.6378 -0.4589 -0.6775, 2.6378 -0.5574 -0.7016, 2.6378 -0.5574 -0.716, 2.6378 -0.558 -1.0236, 2.6378 -0.3622 -1.0236, 2.6378 -0.5574 -0.5675, 2.6378 -0.5574 -0.5407, 2.6378 -0.4589 -0.5407, 2.6378 -0.4589 -0.5685, 2.6378 -0.4718 -0.605, 2.6378 -0.4795 -0.612, 2.6378 -0.4879 -0.6166, 2.6378 -0.5574 -0.6271, 2.6378 -0.5304 -0.615, 2.6378 -0.5392 -0.6094, 2.6378 -0.4604 -0.5827, 2.6378 -0.4645 -0.5942, 2.6378 -0.4717 -0.6049, 2.6378 -0.5469 -0.6013, 2.6378 -0.5529 -0.591, 2.6378 -0.5563 -0.5797, 2.6378 -0.5574 -0.6415, 2.6378 -0.5297 -0.6509, 2.6378 -0.5297 -0.6916, 2.6378 -0.4976 -0.6192, 2.6378 -0.5069 -0.6199, 2.6378 -0.5201 -0.6186, 2.6378 -0.5566 -0.439, 2.6378 -0.6378 -1.0236, 2.6378 0.5467 -0.4247, 2.6378 0.5456 -0.415, 2.6378 0.4728 -0.446, 2.6378 0.5563 -0.5174, 2.6378 0.6378 -0.5294, 2.6378 0.5563 -0.467, 2.6378 0.6378 0.1969, 2.6378 0.4663 -0.3911, 2.6378 0.4741 -0.3837, 2.6378 0.4579 -0.3661, 2.6378 0.4573 -0.4149, 2.6378 0.4579 -0.3157, 2.6378 0.5452 -0.4367, 2.6378 0.4738 -0.4477, 2.6378 0.5404 -0.4477, 2.6378 0.5023 -0.515, 2.6378 0.4573 -0.5294, 2.6378 0.5131 -0.515, 2.6378 0.5455 -0.5174, 2.6378 0.5131 -0.4802, 2.6378 0.5455 -0.4802, 2.6378 0.5563 -0.3157, 2.6378 0.5563 -0.3289, 2.6378 0.5304 -0.3797, 2.6378 0.5396 -0.3855, 2.6378 0.5481 -0.3944, 2.6378 0.5535 -0.4037, 2.6378 0.4687 -0.3661, 2.6378 0.4834 -0.3784, 2.6378 0.4687 -0.3289, 2.6378 0.5567 -0.4147, 2.6378 0.5575 -0.4246, 2.6378 0.5567 -0.4364, 2.6378 0.5536 -0.4477, 2.6378 0.4579 -0.467, 2.6378 0.463 -0.4477, 2.6378 0.458 -0.4085, 2.6378 0.4612 -0.399, 2.6378 0.543 -0.4076, 2.6378 0.5384 -0.4008, 2.6378 0.5319 -0.3949, 2.6378 0.5061 -0.3877, 2.6378 0.4954 -0.3887, 2.6378 0.4869 -0.3914, 2.6378 0.4685 -0.4133, 2.6378 0.4675 -0.4225, 2.6378 0.4712 -0.4061, 2.6378 0.4752 -0.4001, 2.6378 0.4801 -0.3955, 2.6378 0.4689 -0.4356, 2.6378 0.4939 -0.3755, 2.6378 0.5053 -0.3745, 2.6378 0.5192 -0.3759, 2.6378 0.5243 -0.3908, 2.6378 0.5137 -0.3882, 2.6378 0.5023 -0.4802, 2.6378 0.4687 -0.4802, 2.6378 0.4687 -0.5198, 2.6378 0.4579 -0.5198, 2.6378 0.4573 -0.4273, 2.6378 0.4567 -0.4234, 2.6378 0.3622 -0.5294, 2.6378 0.4567 -0.4207, 2.6378 0.4573 0.1969, 2.6378 0.3622 0.1969, 2.6378 0.5563 -0.6626, 2.6378 0.5563 -0.6758, 2.6378 0.4579 -0.5657, 2.6378 0.4579 -0.539, 2.6378 0.5563 -0.539, 2.6378 0.4579 -0.6998, 2.6378 0.4579 -0.7142, 2.6378 0.4573 -1.0236, 2.6378 0.6378 -1.0236, 2.6378 0.5563 -0.5667, 2.6378 0.5548 -0.581, 2.6378 0.5508 -0.5925, 2.6378 0.5436 -0.6032, 2.6378 0.4579 -0.6254, 2.6378 0.4849 -0.6133, 2.6378 0.4761 -0.6076, 2.6378 0.5435 -0.6033, 2.6378 0.5358 -0.6103, 2.6378 0.5273 -0.6148, 2.6378 0.4683 -0.5995, 2.6378 0.4623 -0.5893, 2.6378 0.459 -0.5779, 2.6378 0.4579 -0.6398, 2.6378 0.4855 -0.6492, 2.6378 0.4855 -0.6899, 2.6378 0.5176 -0.6175, 2.6378 0.5083 -0.6182, 2.6378 0.4952 -0.6168, 2.6378 0.4587 -0.4373, 2.6378 0.3622 -1.0236
            ]
        }
        coordIndex [
            0,1,2,-1,2,1,3,-1,2,3,4,-1,4,3,5,-1,4,5,6,-1,6,5,7,-1,8,9,10,-1,10,9,11,-1,10,11,12,-1,13,14,10,-1,10,14,15,-1,10,15,16,-1,12,17,10,-1,10,17,18,-1,10,18,19,-1,19,20,10,-1,10,20,21,-1,10,21,13,-1,22,23,15,-1,15,23,24,-1,15,24,16,-1,25,26,27,-1,28,29,30,-1,31,32,33,-1,34,35,36,-1,37,36,38,-1,25,27,39,-1,39,27,40,-1,39,40,41,-1,30,31,28,-1,28,31,33,-1,28,33,42,-1,42,33,43,-1,42,43,44,-1,44,43,45,-1,45,46,47,-1,48,49,47,-1,47,49,50,-1,47,50,51,-1,36,35,52,-1,52,35,53,-1,52,53,54,-1,51,55,47,-1,47,55,56,-1,47,56,45,-1,45,56,57,-1,45,57,44,-1,57,58,44,-1,44,58,41,-1,44,41,59,-1,59,41,40,-1,59,40,60,-1,37,61,36,-1,36,61,62,-1,36,62,34,-1,26,63,27,-1,27,63,64,-1,27,64,65,-1,66,67,27,-1,27,67,68,-1,69,70,71,-1,71,70,72,-1,68,73,27,-1,27,73,72,-1,27,72,74,-1,74,72,70,-1,53,75,54,-1,54,75,76,-1,54,76,47,-1,47,76,77,-1,47,77,48,-1,65,78,27,-1,27,78,79,-1,27,79,66,-1,80,81,32,-1,32,81,82,-1,32,82,33,-1,33,82,83,-1,33,83,59,-1,84,85,86,-1,86,85,87,-1,86,87,37,-1,46,45,38,-1,38,45,88,-1,38,88,37,-1,37,88,89,-1,37,89,86,-1,43,90,91,-1,92,33,93,-1,93,33,94,-1,93,94,91,-1,91,94,95,-1,91,95,43,-1,96,97,33,-1,33,97,98,-1,33,98,43,-1,43,98,99,-1,100,101,90,-1,90,101,102,-1,103,104,105,-1,99,106,43,-1,43,106,107,-1,43,107,90,-1,90,107,108,-1,90,108,100,-1,105,109,103,-1,103,109,110,-1,103,110,111,-1,111,96,103,-1,103,96,33,-1,103,33,112,-1,112,33,92,-1,112,92,113,-1,113,92,114,-1,102,115,90,-1,90,115,116,-1,90,116,103,-1,103,116,117,-1,103,117,104,-1,60,118,59,-1,59,118,84,-1,59,84,33,-1,33,84,86,-1,33,86,94,-1,94,86,119,-1,120,121,122,-1,123,124,125,-1,125,124,126,-1,127,128,129,-1,130,129,131,-1,120,122,132,-1,132,122,133,-1,132,133,134,-1,135,136,137,-1,137,136,138,-1,137,138,139,-1,139,138,140,-1,126,141,142,-1,143,144,142,-1,142,144,145,-1,142,145,146,-1,129,128,147,-1,147,128,148,-1,147,148,149,-1,146,150,142,-1,142,150,151,-1,142,151,126,-1,126,151,152,-1,126,152,125,-1,152,153,125,-1,125,153,134,-1,125,134,154,-1,154,134,133,-1,154,133,155,-1,130,156,129,-1,129,156,157,-1,129,157,127,-1,121,158,122,-1,122,158,159,-1,122,159,160,-1,161,162,122,-1,122,162,163,-1,164,165,166,-1,166,165,167,-1,163,168,122,-1,122,168,167,-1,122,167,169,-1,169,167,165,-1,148,170,149,-1,149,170,171,-1,149,171,142,-1,142,171,172,-1,142,172,143,-1,160,173,122,-1,122,173,174,-1,122,174,161,-1,175,176,135,-1,135,176,177,-1,135,177,136,-1,136,177,178,-1,136,178,154,-1,179,180,181,-1,181,180,182,-1,181,182,130,-1,141,126,131,-1,131,126,183,-1,131,183,130,-1,130,183,184,-1,130,184,181,-1,124,185,186,-1,187,188,136,-1,123,138,124,-1,124,138,136,-1,124,136,189,-1,189,136,188,-1,190,136,191,-1,191,136,192,-1,191,192,186,-1,186,192,193,-1,186,193,124,-1,189,194,124,-1,124,194,195,-1,124,195,185,-1,185,195,196,-1,185,196,197,-1,198,199,200,-1,197,201,185,-1,185,201,202,-1,185,202,203,-1,200,204,198,-1,198,204,205,-1,198,205,206,-1,206,187,198,-1,198,187,136,-1,198,136,207,-1,207,136,190,-1,207,190,208,-1,208,190,209,-1,203,210,185,-1,185,210,211,-1,185,211,198,-1,198,211,212,-1,198,212,199,-1,155,213,154,-1,154,213,179,-1,154,179,136,-1,136,179,181,-1,136,181,192,-1,192,181,214,-1,
        ]
    }
}
Shape{
    appearance Appearance {
        material  Material 	{
            diffuseColor 0.17647058823529413 0.17647058823529413 0.17647058823529413
            specularColor 0.050980392156862744 0.050980392156862744 0.050980392156862744
            ambientIntensity 0.251
            transparency 0.0
            shininess 0.5
        }
    }
    geometry IndexedFaceSet {
        ccw TRUE
        solid FALSE
        coord DEF co Coordinate {
            point [
                2.6378 -0.6378 0.1969, 3.0 -0.8031 0.1969, 2.3622 -0.6378 0.1969, 2.0 -0.8031 0.1969, 2.3622 -0.3622 0.1969, 2.6378 -0.558 0.1969, 2.6378 -0.3622 0.1969, 3.0 0.8031 0.1969, 2.6378 0.6378 0.1969, 2.0 0.8031 0.1969, 2.3622 0.6378 0.1969, 2.3622 0.3622 0.1969, 2.6378 0.3622 0.1969, 2.6378 0.4573 0.1969, 2.1181 -1.0 0.0079, 2.1181 -1.0 0.9843, 2.0 -0.8819 0.0079, 2.0 -0.8819 0.9843, 2.8819 -1.0 0.0079, 2.8819 -1.0 0.9843, 3.0 -0.8819 0.0079, 3.0 -0.8819 0.9843, 3.0 -0.8031 0.0079, 3.0 0.8031 0.0079, 3.0 0.8819 0.0079, 3.0 0.8819 0.9843, 2.8819 1.0 0.0079, 2.8819 1.0 0.9843, 2.1181 1.0 0.0079, 2.1181 1.0 0.9843, 2.0 0.8819 0.0079, 2.0 0.8819 0.9843, 2.0 0.8031 0.0079, 2.0 -0.8031 0.0079, 2.3622 0.3622 0.9843, 2.6378 0.3622 0.9843, 2.3622 -0.3622 0.9843, 2.6378 -0.3622 0.9843, 2.6378 0.6378 0.9843, 2.3622 0.6378 0.9843, 2.6378 -0.6378 0.9843, 2.3622 -0.6378 0.9843
            ]
        }
        coordIndex [
            0,1,2,-1,2,1,3,-1,2,3,4,-1,0,5,1,-1,1,5,6,-1,1,6,7,-1,7,8,9,-1,9,8,10,-1,9,10,11,-1,3,9,4,-1,4,9,11,-1,4,11,6,-1,6,11,12,-1,6,12,7,-1,7,12,13,-1,7,13,8,-1,14,15,16,-1,16,15,17,-1,18,19,14,-1,14,19,15,-1,20,21,18,-1,18,21,19,-1,20,22,1,-1,23,24,7,-1,7,24,25,-1,7,25,1,-1,1,25,21,-1,1,21,20,-1,26,27,24,-1,24,27,25,-1,28,29,26,-1,26,29,27,-1,30,31,28,-1,28,31,29,-1,30,32,9,-1,33,16,3,-1,3,16,17,-1,3,17,9,-1,9,17,31,-1,9,31,30,-1,15,19,21,-1,31,17,34,-1,31,34,29,-1,35,36,37,-1,25,27,38,-1,38,27,29,-1,38,29,39,-1,39,29,34,-1,38,35,25,-1,25,35,37,-1,25,37,21,-1,21,37,40,-1,21,40,15,-1,15,40,41,-1,15,41,17,-1,17,41,36,-1,17,36,34,-1,34,36,35,-1,1,22,3,-1,3,22,33,-1,14,16,33,-1,18,14,20,-1,20,14,33,-1,20,33,22,-1,32,23,9,-1,9,23,7,-1,23,32,30,-1,30,28,23,-1,23,28,26,-1,23,26,24,-1,
        ]
    }
}
Shape{
    appearance Appearance {
        material  Material 	{
            diffuseColor 0.9490196078431372 0.7607843137254902 0.1803921568627451
            specularColor 0.7607843137254902 0.6078431372549019 0.1450980392156863
            ambientIntensity 0.7509
            transparency 0.0
            shininess 0.5
        }
    }
    geometry IndexedFaceSet {
        ccw TRUE
        solid FALSE
        coord DEF co Coordinate {
            point [
                2.5984 0.4016 3.3465, 2.5984 0.5984 3.3465, 2.4016 0.4016 3.3465, 2.4016 0.5984 3.3465, 2.6378 0.6378 3.189, 2.6378 0.6378 0.9843, 2.3622 0.6378 3.189, 2.3622 0.6378 0.9843, 2.3622 0.3622 3.189, 2.3622 0.3622 0.9843, 2.6378 0.3622 3.189, 2.6378 0.3622 0.9843, 2.6378 0.3622 0.1969, 2.3622 0.3622 0.1969, 2.6378 0.3622 -0.5294, 2.3622 0.3622 -1.0236, 2.6378 0.3622 -1.0236, 2.3622 0.6378 -1.0236, 2.3622 0.6378 0.1969, 2.6378 0.6378 0.1969, 2.6378 0.6378 -0.5294, 2.6378 0.6378 -1.0236, 2.5984 0.5984 -1.1811, 2.5984 0.4016 -1.1811, 2.4016 0.5984 -1.1811, 2.4016 0.4016 -1.1811, 2.5984 -0.5984 3.3465, 2.5984 -0.4016 3.3465, 2.4016 -0.5984 3.3465, 2.4016 -0.4016 3.3465, 2.6378 -0.3622 3.189, 2.6378 -0.3622 0.9843, 2.3622 -0.3622 3.189, 2.3622 -0.3622 0.9843, 2.3622 -0.6378 3.189, 2.3622 -0.6378 0.9843, 2.6378 -0.6378 3.189, 2.6378 -0.6378 0.9843, 2.6378 -0.6378 0.1969, 2.3622 -0.6378 0.1969, 2.6378 -0.6378 -0.5311, 2.3622 -0.6378 -1.0236, 2.6378 -0.6378 -1.0236, 2.3622 -0.3622 -1.0236, 2.3622 -0.3622 0.1969, 2.6378 -0.3622 0.1969, 2.6378 -0.3622 -0.5311, 2.6378 -0.3622 -1.0236, 2.5984 -0.4016 -1.1811, 2.5984 -0.5984 -1.1811, 2.4016 -0.4016 -1.1811, 2.4016 -0.5984 -1.1811, 2.6378 -0.558 -1.0236, 2.6378 0.4573 -1.0236
            ]
        }
        coordIndex [
            0,1,2,-1,2,1,3,-1,4,5,6,-1,6,5,7,-1,6,7,8,-1,8,7,9,-1,8,9,10,-1,10,9,11,-1,10,11,4,-1,4,11,5,-1,12,13,14,-1,14,13,15,-1,14,15,16,-1,15,13,17,-1,17,13,18,-1,18,19,17,-1,17,19,20,-1,17,20,21,-1,22,23,24,-1,24,23,25,-1,26,27,28,-1,28,27,29,-1,30,31,32,-1,32,31,33,-1,32,33,34,-1,34,33,35,-1,34,35,36,-1,36,35,37,-1,36,37,30,-1,30,37,31,-1,38,39,40,-1,40,39,41,-1,40,41,42,-1,41,39,43,-1,43,39,44,-1,44,45,43,-1,43,45,46,-1,43,46,47,-1,48,49,50,-1,50,49,51,-1,32,29,30,-1,30,29,27,-1,34,28,32,-1,32,28,29,-1,26,36,27,-1,27,36,30,-1,36,26,34,-1,34,26,28,-1,6,3,4,-1,4,3,1,-1,8,2,6,-1,6,2,3,-1,0,10,1,-1,1,10,4,-1,10,0,8,-1,8,0,2,-1,49,42,51,-1,51,42,41,-1,42,49,52,-1,52,49,48,-1,52,48,47,-1,43,50,41,-1,41,50,51,-1,50,43,48,-1,48,43,47,-1,23,16,25,-1,25,16,15,-1,16,23,53,-1,53,23,22,-1,53,22,21,-1,17,24,15,-1,15,24,25,-1,24,17,22,-1,22,17,21,-1,
        ]
    }
}
Shape{
    appearance Appearance {
        material  Material 	{
            diffuseColor 0.0 0.0 0.0
            specularColor 0.0 0.0 0.0
            ambientIntensity 0.0
            transparency 0.0
            shininess 0.5
        }
    }
    geometry IndexedFaceSet {
        ccw TRUE
        solid FALSE
        coord DEF co Coordinate {
            point [
                2.6339 0.5563 -0.6758, 2.6339 0.4579 -0.7142, 2.6378 0.5563 -0.6758, 2.6378 0.4579 -0.7142, 2.6339 0.4579 -0.6998, 2.6378 0.4579 -0.6998, 2.6339 0.4855 -0.6899, 2.6378 0.4855 -0.6899, 2.6339 0.4855 -0.6492, 2.6378 0.4855 -0.6492, 2.6339 0.4579 -0.6398, 2.6378 0.4579 -0.6398, 2.6339 0.4579 -0.6254, 2.6378 0.4579 -0.6254, 2.6339 0.5563 -0.6626, 2.6378 0.5563 -0.6626, 2.6339 0.4963 -0.6525, 2.6339 0.4963 -0.6854, 2.6339 0.5374 -0.6672, 2.6339 0.5408 -0.6681, 2.6339 0.5443 -0.6688, 2.6339 0.5443 -0.6691, 2.6339 0.5408 -0.6697, 2.6339 0.5374 -0.6706, 2.6378 0.4963 -0.6525, 2.6378 0.4963 -0.6854, 2.6378 0.5374 -0.6672, 2.6378 0.5408 -0.6681, 2.6378 0.5443 -0.6688, 2.6378 0.5443 -0.6691, 2.6378 0.5408 -0.6697, 2.6378 0.5374 -0.6706, 2.6339 0.4579 -0.5657, 2.6339 0.4579 -0.539, 2.6378 0.4579 -0.5657, 2.6378 0.4579 -0.539, 2.6339 0.5563 -0.539, 2.6378 0.5563 -0.539, 2.6339 0.5563 -0.5667, 2.6378 0.5563 -0.5667, 2.6339 0.5083 -0.6182, 2.6378 0.5083 -0.6182, 2.6378 0.5176 -0.6175, 2.6339 0.5176 -0.6175, 2.6378 0.5273 -0.6148, 2.6339 0.5273 -0.6148, 2.6378 0.5358 -0.6103, 2.6339 0.5358 -0.6103, 2.6378 0.5435 -0.6033, 2.6339 0.5435 -0.6033, 2.6378 0.5436 -0.6032, 2.6339 0.5436 -0.6032, 2.6378 0.5508 -0.5925, 2.6339 0.5508 -0.5925, 2.6378 0.5548 -0.581, 2.6339 0.5548 -0.581, 2.6378 0.459 -0.5779, 2.6339 0.459 -0.5779, 2.6378 0.4623 -0.5893, 2.6339 0.4623 -0.5893, 2.6378 0.4683 -0.5995, 2.6339 0.4683 -0.5995, 2.6378 0.4761 -0.6076, 2.6339 0.4761 -0.6076, 2.6378 0.4849 -0.6133, 2.6339 0.4849 -0.6133, 2.6378 0.4952 -0.6168, 2.6339 0.4952 -0.6168, 2.6339 0.5317 -0.5984, 2.6339 0.5368 -0.5937, 2.6339 0.5414 -0.5865, 2.6339 0.5443 -0.5783, 2.6339 0.5455 -0.5667, 2.6339 0.5455 -0.5522, 2.6339 0.4687 -0.5522, 2.6339 0.4687 -0.5661, 2.6339 0.4697 -0.5765, 2.6339 0.4723 -0.5848, 2.6339 0.4762 -0.5915, 2.6339 0.4817 -0.597, 2.6339 0.4885 -0.6012, 2.6339 0.4977 -0.6041, 2.6339 0.5081 -0.605, 2.6339 0.5179 -0.6042, 2.6339 0.5256 -0.6019, 2.6378 0.5455 -0.5667, 2.6378 0.5455 -0.5522, 2.6378 0.5443 -0.5783, 2.6378 0.5414 -0.5865, 2.6378 0.5368 -0.5937, 2.6378 0.5317 -0.5984, 2.6378 0.5256 -0.6019, 2.6378 0.5179 -0.6042, 2.6378 0.5081 -0.605, 2.6378 0.4977 -0.6041, 2.6378 0.4885 -0.6012, 2.6378 0.4817 -0.597, 2.6378 0.4762 -0.5915, 2.6378 0.4723 -0.5848, 2.6378 0.4697 -0.5765, 2.6378 0.4687 -0.5661, 2.6378 0.4687 -0.5522, 2.6339 0.4687 -0.5198, 2.6339 0.4579 -0.5198, 2.6378 0.4687 -0.5198, 2.6378 0.4579 -0.5198, 2.6339 0.4579 -0.467, 2.6378 0.4579 -0.467, 2.6339 0.5563 -0.467, 2.6378 0.5563 -0.467, 2.6339 0.5563 -0.5174, 2.6378 0.5563 -0.5174, 2.6339 0.5455 -0.5174, 2.6378 0.5455 -0.5174, 2.6339 0.5455 -0.4802, 2.6378 0.5455 -0.4802, 2.6339 0.5131 -0.4802, 2.6378 0.5131 -0.4802, 2.6339 0.5131 -0.515, 2.6378 0.5131 -0.515, 2.6339 0.5023 -0.515, 2.6378 0.5023 -0.515, 2.6339 0.5023 -0.4802, 2.6378 0.5023 -0.4802, 2.6339 0.4687 -0.4802, 2.6378 0.4687 -0.4802, 2.6339 0.4738 -0.4477, 2.6339 0.463 -0.4477, 2.6378 0.4738 -0.4477, 2.6378 0.463 -0.4477, 2.6339 0.4587 -0.4373, 2.6339 0.4567 -0.4207, 2.6378 0.4567 -0.4207, 2.6378 0.4567 -0.4234, 2.6339 0.4567 -0.4234, 2.6378 0.4573 -0.4273, 2.6378 0.4587 -0.4373, 2.6339 0.5053 -0.3745, 2.6378 0.5053 -0.3745, 2.6378 0.4939 -0.3755, 2.6339 0.4939 -0.3755, 2.6378 0.4834 -0.3784, 2.6339 0.4834 -0.3784, 2.6378 0.4741 -0.3837, 2.6339 0.4741 -0.3837, 2.6378 0.4663 -0.3911, 2.6339 0.4663 -0.3911, 2.6378 0.4612 -0.399, 2.6339 0.4612 -0.399, 2.6378 0.458 -0.4085, 2.6339 0.458 -0.4085, 2.6378 0.4573 -0.4149, 2.6339 0.5575 -0.4246, 2.6378 0.5575 -0.4246, 2.6378 0.5567 -0.4147, 2.6339 0.5567 -0.4147, 2.6378 0.5535 -0.4037, 2.6339 0.5535 -0.4037, 2.6378 0.5481 -0.3944, 2.6339 0.5481 -0.3944, 2.6378 0.5396 -0.3855, 2.6339 0.5396 -0.3855, 2.6378 0.5304 -0.3797, 2.6339 0.5304 -0.3797, 2.6378 0.5192 -0.3759, 2.6339 0.5192 -0.3759, 2.6339 0.5536 -0.4477, 2.6378 0.5536 -0.4477, 2.6378 0.5567 -0.4364, 2.6339 0.5567 -0.4364, 2.6339 0.5404 -0.4477, 2.6378 0.5404 -0.4477, 2.6339 0.5467 -0.4247, 2.6378 0.5467 -0.4247, 2.6378 0.5452 -0.4367, 2.6339 0.5452 -0.4367, 2.6339 0.5061 -0.3877, 2.6378 0.5061 -0.3877, 2.6378 0.5137 -0.3882, 2.6339 0.5137 -0.3882, 2.6378 0.5243 -0.3908, 2.6339 0.5243 -0.3908, 2.6378 0.5319 -0.3949, 2.6339 0.5319 -0.3949, 2.6378 0.5384 -0.4008, 2.6339 0.5384 -0.4008, 2.6378 0.543 -0.4076, 2.6339 0.543 -0.4076, 2.6378 0.5456 -0.415, 2.6339 0.5456 -0.415, 2.6339 0.4675 -0.4225, 2.6378 0.4675 -0.4225, 2.6378 0.4685 -0.4133, 2.6339 0.4685 -0.4133, 2.6378 0.4712 -0.4061, 2.6339 0.4712 -0.4061, 2.6378 0.4752 -0.4001, 2.6339 0.4752 -0.4001, 2.6378 0.4801 -0.3955, 2.6339 0.4801 -0.3955, 2.6378 0.4869 -0.3914, 2.6339 0.4869 -0.3914, 2.6378 0.4954 -0.3887, 2.6339 0.4954 -0.3887, 2.6378 0.4728 -0.446, 2.6339 0.4728 -0.446, 2.6378 0.4689 -0.4356, 2.6339 0.4689 -0.4356, 2.6339 0.4687 -0.3661, 2.6339 0.4579 -0.3661, 2.6378 0.4687 -0.3661, 2.6378 0.4579 -0.3661, 2.6339 0.4579 -0.3157, 2.6378 0.4579 -0.3157, 2.6339 0.5563 -0.3157, 2.6378 0.5563 -0.3157, 2.6339 0.5563 -0.3289, 2.6378 0.5563 -0.3289, 2.6339 0.4687 -0.3289, 2.6378 0.4687 -0.3289
            ]
        }
        coordIndex [
            0,1,2,-1,2,1,3,-1,1,4,3,-1,3,4,5,-1,4,6,5,-1,5,6,7,-1,6,8,7,-1,7,8,9,-1,8,10,9,-1,9,10,11,-1,10,12,11,-1,11,12,13,-1,12,14,13,-1,13,14,15,-1,14,0,15,-1,15,0,2,-1,16,8,17,-1,17,8,6,-1,18,14,16,-1,16,14,12,-1,16,12,8,-1,8,12,10,-1,18,19,14,-1,14,19,20,-1,14,20,0,-1,0,20,21,-1,0,21,22,-1,22,23,0,-1,0,23,17,-1,0,17,1,-1,1,17,6,-1,1,6,4,-1,16,17,24,-1,24,17,25,-1,18,16,26,-1,26,16,24,-1,18,26,27,-1,18,27,19,-1,19,27,28,-1,19,28,20,-1,21,20,29,-1,29,20,28,-1,21,29,30,-1,21,30,22,-1,22,30,31,-1,22,31,23,-1,17,23,25,-1,25,23,31,-1,32,33,34,-1,34,33,35,-1,33,36,35,-1,35,36,37,-1,36,38,37,-1,37,38,39,-1,40,41,42,-1,40,42,43,-1,43,42,44,-1,43,44,45,-1,45,44,46,-1,45,46,47,-1,47,46,48,-1,47,48,49,-1,49,48,50,-1,49,50,51,-1,51,50,52,-1,51,52,53,-1,53,52,54,-1,53,54,55,-1,55,54,39,-1,55,39,38,-1,32,34,56,-1,32,56,57,-1,57,56,58,-1,57,58,59,-1,59,58,60,-1,59,60,61,-1,61,60,62,-1,61,62,63,-1,63,62,64,-1,63,64,65,-1,65,64,66,-1,65,66,67,-1,67,66,41,-1,67,41,40,-1,45,47,68,-1,68,47,49,-1,68,49,69,-1,69,49,51,-1,69,51,70,-1,70,51,53,-1,70,53,71,-1,71,53,55,-1,71,55,72,-1,72,55,38,-1,72,38,73,-1,73,38,36,-1,73,36,74,-1,74,36,33,-1,74,33,75,-1,75,33,32,-1,75,32,76,-1,76,32,57,-1,76,57,77,-1,77,57,59,-1,77,59,78,-1,78,59,61,-1,78,61,79,-1,79,61,63,-1,79,63,80,-1,80,63,65,-1,80,65,81,-1,81,65,67,-1,81,67,82,-1,82,67,40,-1,82,40,83,-1,83,40,43,-1,83,43,84,-1,84,43,45,-1,84,45,68,-1,72,73,85,-1,85,73,86,-1,72,85,87,-1,72,87,71,-1,71,87,88,-1,71,88,70,-1,70,88,89,-1,70,89,69,-1,69,89,90,-1,69,90,68,-1,68,90,91,-1,68,91,84,-1,84,91,92,-1,84,92,83,-1,83,92,93,-1,83,93,82,-1,82,93,94,-1,82,94,81,-1,81,94,95,-1,81,95,80,-1,80,95,96,-1,80,96,79,-1,79,96,97,-1,79,97,78,-1,78,97,98,-1,78,98,77,-1,77,98,99,-1,77,99,76,-1,76,99,100,-1,76,100,75,-1,74,75,101,-1,101,75,100,-1,73,74,86,-1,86,74,101,-1,102,103,104,-1,104,103,105,-1,103,106,105,-1,105,106,107,-1,106,108,107,-1,107,108,109,-1,108,110,109,-1,109,110,111,-1,110,112,111,-1,111,112,113,-1,112,114,113,-1,113,114,115,-1,114,116,115,-1,115,116,117,-1,116,118,117,-1,117,118,119,-1,118,120,119,-1,119,120,121,-1,120,122,121,-1,121,122,123,-1,122,124,123,-1,123,124,125,-1,124,102,125,-1,125,102,104,-1,106,103,102,-1,102,124,106,-1,106,124,122,-1,106,122,108,-1,112,110,114,-1,114,110,108,-1,114,108,116,-1,116,108,122,-1,116,122,118,-1,118,122,120,-1,126,127,128,-1,128,127,129,-1,129,127,130,-1,131,132,133,-1,131,133,134,-1,134,133,135,-1,134,135,130,-1,130,135,136,-1,130,136,129,-1,137,138,139,-1,137,139,140,-1,140,139,141,-1,140,141,142,-1,142,141,143,-1,142,143,144,-1,144,143,145,-1,144,145,146,-1,146,145,147,-1,146,147,148,-1,148,147,149,-1,148,149,150,-1,150,149,131,-1,131,149,151,-1,131,151,132,-1,152,153,154,-1,152,154,155,-1,155,154,156,-1,155,156,157,-1,157,156,158,-1,157,158,159,-1,159,158,160,-1,159,160,161,-1,161,160,162,-1,161,162,163,-1,163,162,164,-1,163,164,165,-1,165,164,138,-1,165,138,137,-1,166,167,168,-1,166,168,169,-1,169,168,153,-1,169,153,152,-1,166,170,167,-1,167,170,171,-1,172,173,174,-1,172,174,175,-1,175,174,171,-1,175,171,170,-1,176,177,178,-1,176,178,179,-1,179,178,180,-1,179,180,181,-1,181,180,182,-1,181,182,183,-1,183,182,184,-1,183,184,185,-1,185,184,186,-1,185,186,187,-1,187,186,188,-1,187,188,189,-1,189,188,173,-1,189,173,172,-1,190,191,192,-1,190,192,193,-1,193,192,194,-1,193,194,195,-1,195,194,196,-1,195,196,197,-1,197,196,198,-1,197,198,199,-1,199,198,200,-1,199,200,201,-1,201,200,202,-1,201,202,203,-1,203,202,177,-1,203,177,176,-1,126,128,204,-1,126,204,205,-1,205,204,206,-1,205,206,207,-1,207,206,191,-1,207,191,190,-1,193,131,190,-1,190,131,134,-1,190,134,207,-1,207,134,130,-1,207,130,205,-1,205,130,127,-1,205,127,126,-1,170,166,175,-1,175,166,169,-1,175,169,172,-1,172,169,152,-1,172,152,189,-1,189,152,155,-1,189,155,187,-1,187,155,157,-1,187,157,185,-1,185,157,159,-1,185,159,183,-1,183,159,161,-1,183,161,181,-1,181,161,163,-1,181,163,179,-1,179,163,165,-1,179,165,176,-1,176,165,137,-1,176,137,203,-1,203,137,140,-1,203,140,201,-1,201,140,142,-1,201,142,199,-1,199,142,144,-1,199,144,197,-1,197,144,146,-1,197,146,195,-1,195,146,148,-1,195,148,193,-1,193,148,150,-1,193,150,131,-1,208,209,210,-1,210,209,211,-1,209,212,211,-1,211,212,213,-1,212,214,213,-1,213,214,215,-1,214,216,215,-1,215,216,217,-1,216,218,217,-1,217,218,219,-1,218,208,219,-1,219,208,210,-1,216,214,218,-1,218,214,212,-1,218,212,208,-1,208,212,209,-1,
        ]
    }
}
Shape{
    appearance Appearance {
        material  Material 	{
            diffuseColor 0.9490196078431372 0.7607843137254902 0.1803921568627451
            specularColor 0.7607843137254902 0.6078431372549019 0.1450980392156863
            ambientIntensity 0.7509
            transparency 0.0
            shininess 0.5
        }
    }
    geometry IndexedFaceSet {
        ccw TRUE
        solid FALSE
        coord DEF co Coordinate {
            point [
                2.6378 0.4963 -0.6525, 2.6378 0.4963 -0.6854, 2.6378 0.5374 -0.6672, 2.6378 0.5374 -0.6706, 2.6378 0.5408 -0.6681, 2.6378 0.5408 -0.6697, 2.6378 0.5443 -0.6688, 2.6378 0.5443 -0.6691, 2.6378 0.5455 -0.5522, 2.6378 0.4687 -0.5522, 2.6378 0.5455 -0.5667, 2.6378 0.4687 -0.5661, 2.6378 0.4697 -0.5765, 2.6378 0.5081 -0.605, 2.6378 0.5179 -0.6042, 2.6378 0.5256 -0.6019, 2.6378 0.5443 -0.5783, 2.6378 0.4723 -0.5848, 2.6378 0.4762 -0.5915, 2.6378 0.4817 -0.597, 2.6378 0.4885 -0.6012, 2.6378 0.4977 -0.6041, 2.6378 0.5317 -0.5984, 2.6378 0.5368 -0.5937, 2.6378 0.5414 -0.5865
            ]
        }
        coordIndex [
            0,1,2,-1,2,1,3,-1,2,3,4,-1,4,3,5,-1,4,5,6,-1,6,5,7,-1,8,9,10,-1,10,9,11,-1,10,11,12,-1,13,14,10,-1,10,14,15,-1,10,15,16,-1,12,17,10,-1,10,17,18,-1,10,18,19,-1,19,20,10,-1,10,20,21,-1,10,21,13,-1,22,23,15,-1,15,23,24,-1,15,24,16,-1,
        ]
    }
}
Shape{
    appearance Appearance {
        material  Material 	{
            diffuseColor 0.0 0.0 0.0
            specularColor 0.0 0.0 0.0
            ambientIntensity 0.0
            transparency 0.0
            shininess 0.5
        }
    }
    geometry IndexedFaceSet {
        ccw TRUE
        solid FALSE
        coord DEF co Coordinate {
            point [
                2.6339 -0.4589 -0.6775, 2.6339 -0.5574 -0.716, 2.6378 -0.4589 -0.6775, 2.6378 -0.5574 -0.716, 2.6339 -0.5574 -0.7016, 2.6378 -0.5574 -0.7016, 2.6339 -0.5297 -0.6916, 2.6378 -0.5297 -0.6916, 2.6339 -0.5297 -0.6509, 2.6378 -0.5297 -0.6509, 2.6339 -0.5574 -0.6415, 2.6378 -0.5574 -0.6415, 2.6339 -0.5574 -0.6271, 2.6378 -0.5574 -0.6271, 2.6339 -0.4589 -0.6643, 2.6378 -0.4589 -0.6643, 2.6339 -0.5189 -0.6543, 2.6339 -0.4778 -0.6689, 2.6339 -0.4744 -0.6699, 2.6339 -0.4709 -0.6705, 2.6339 -0.4709 -0.6708, 2.6339 -0.4744 -0.6715, 2.6339 -0.4778 -0.6724, 2.6339 -0.5189 -0.6872, 2.6378 -0.5189 -0.6543, 2.6378 -0.5189 -0.6872, 2.6378 -0.4778 -0.6689, 2.6378 -0.4744 -0.6699, 2.6378 -0.4709 -0.6705, 2.6378 -0.4709 -0.6708, 2.6378 -0.4744 -0.6715, 2.6378 -0.4778 -0.6724, 2.6339 -0.5574 -0.5675, 2.6339 -0.5574 -0.5407, 2.6378 -0.5574 -0.5675, 2.6378 -0.5574 -0.5407, 2.6339 -0.4589 -0.5407, 2.6378 -0.4589 -0.5407, 2.6339 -0.4589 -0.5685, 2.6378 -0.4589 -0.5685, 2.6339 -0.5069 -0.6199, 2.6378 -0.5069 -0.6199, 2.6378 -0.4976 -0.6192, 2.6339 -0.4976 -0.6192, 2.6378 -0.4879 -0.6166, 2.6339 -0.4879 -0.6166, 2.6378 -0.4795 -0.612, 2.6339 -0.4795 -0.612, 2.6378 -0.4718 -0.605, 2.6339 -0.4718 -0.605, 2.6378 -0.4717 -0.6049, 2.6339 -0.4717 -0.6049, 2.6378 -0.4645 -0.5942, 2.6339 -0.4645 -0.5942, 2.6378 -0.4604 -0.5827, 2.6339 -0.4604 -0.5827, 2.6378 -0.5563 -0.5797, 2.6339 -0.5563 -0.5797, 2.6378 -0.5529 -0.591, 2.6339 -0.5529 -0.591, 2.6378 -0.5469 -0.6013, 2.6339 -0.5469 -0.6013, 2.6378 -0.5392 -0.6094, 2.6339 -0.5392 -0.6094, 2.6378 -0.5304 -0.615, 2.6339 -0.5304 -0.615, 2.6378 -0.5201 -0.6186, 2.6339 -0.5201 -0.6186, 2.6339 -0.4835 -0.6002, 2.6339 -0.4785 -0.5954, 2.6339 -0.4738 -0.5882, 2.6339 -0.471 -0.5801, 2.6339 -0.4697 -0.5684, 2.6339 -0.4697 -0.5539, 2.6339 -0.5465 -0.5539, 2.6339 -0.5465 -0.5679, 2.6339 -0.5456 -0.5783, 2.6339 -0.543 -0.5866, 2.6339 -0.539 -0.5933, 2.6339 -0.5336 -0.5988, 2.6339 -0.5268 -0.6029, 2.6339 -0.5175 -0.6058, 2.6339 -0.5072 -0.6067, 2.6339 -0.4974 -0.6059, 2.6339 -0.4896 -0.6036, 2.6378 -0.4697 -0.5684, 2.6378 -0.4697 -0.5539, 2.6378 -0.471 -0.5801, 2.6378 -0.4738 -0.5882, 2.6378 -0.4785 -0.5954, 2.6378 -0.4835 -0.6002, 2.6378 -0.4896 -0.6036, 2.6378 -0.4974 -0.6059, 2.6378 -0.5072 -0.6067, 2.6378 -0.5175 -0.6058, 2.6378 -0.5268 -0.6029, 2.6378 -0.5336 -0.5988, 2.6378 -0.539 -0.5933, 2.6378 -0.543 -0.5866, 2.6378 -0.5456 -0.5783, 2.6378 -0.5465 -0.5679, 2.6378 -0.5465 -0.5539, 2.6339 -0.5465 -0.5215, 2.6339 -0.5574 -0.5215, 2.6378 -0.5465 -0.5215, 2.6378 -0.5574 -0.5215, 2.6339 -0.5574 -0.4687, 2.6378 -0.5574 -0.4687, 2.6339 -0.4589 -0.4687, 2.6378 -0.4589 -0.4687, 2.6339 -0.4589 -0.5191, 2.6378 -0.4589 -0.5191, 2.6339 -0.4697 -0.5191, 2.6378 -0.4697 -0.5191, 2.6339 -0.4697 -0.4819, 2.6378 -0.4697 -0.4819, 2.6339 -0.5021 -0.4819, 2.6378 -0.5021 -0.4819, 2.6339 -0.5021 -0.5167, 2.6378 -0.5021 -0.5167, 2.6339 -0.5129 -0.5167, 2.6378 -0.5129 -0.5167, 2.6339 -0.5129 -0.4819, 2.6378 -0.5129 -0.4819, 2.6339 -0.5465 -0.4819, 2.6378 -0.5465 -0.4819, 2.6339 -0.5414 -0.4495, 2.6339 -0.5523 -0.4495, 2.6378 -0.5414 -0.4495, 2.6378 -0.5523 -0.4495, 2.6339 -0.5566 -0.439, 2.6339 -0.5586 -0.4224, 2.6378 -0.5586 -0.4224, 2.6378 -0.5585 -0.4251, 2.6339 -0.5585 -0.4251, 2.6378 -0.558 -0.4291, 2.6378 -0.5566 -0.439, 2.6339 -0.51 -0.3763, 2.6378 -0.51 -0.3763, 2.6378 -0.5214 -0.3772, 2.6339 -0.5214 -0.3772, 2.6378 -0.5318 -0.3802, 2.6339 -0.5318 -0.3802, 2.6378 -0.5412 -0.3854, 2.6339 -0.5412 -0.3854, 2.6378 -0.549 -0.3928, 2.6339 -0.549 -0.3928, 2.6378 -0.554 -0.4007, 2.6339 -0.554 -0.4007, 2.6378 -0.5573 -0.4103, 2.6339 -0.5573 -0.4103, 2.6378 -0.558 -0.4166, 2.6339 -0.4577 -0.4263, 2.6378 -0.4577 -0.4263, 2.6378 -0.4585 -0.4164, 2.6339 -0.4585 -0.4164, 2.6378 -0.4617 -0.4055, 2.6339 -0.4617 -0.4055, 2.6378 -0.4671 -0.3961, 2.6339 -0.4671 -0.3961, 2.6378 -0.4756 -0.3872, 2.6339 -0.4756 -0.3872, 2.6378 -0.4849 -0.3815, 2.6339 -0.4849 -0.3815, 2.6378 -0.496 -0.3777, 2.6339 -0.496 -0.3777, 2.6339 -0.4616 -0.4495, 2.6378 -0.4616 -0.4495, 2.6378 -0.4585 -0.4381, 2.6339 -0.4585 -0.4381, 2.6339 -0.4748 -0.4495, 2.6378 -0.4748 -0.4495, 2.6339 -0.4685 -0.4264, 2.6378 -0.4685 -0.4264, 2.6378 -0.4701 -0.4384, 2.6339 -0.4701 -0.4384, 2.6339 -0.5092 -0.3895, 2.6378 -0.5092 -0.3895, 2.6378 -0.5015 -0.3899, 2.6339 -0.5015 -0.3899, 2.6378 -0.491 -0.3926, 2.6339 -0.491 -0.3926, 2.6378 -0.4834 -0.3966, 2.6339 -0.4834 -0.3966, 2.6378 -0.4768 -0.4026, 2.6339 -0.4768 -0.4026, 2.6378 -0.4723 -0.4094, 2.6339 -0.4723 -0.4094, 2.6378 -0.4696 -0.4167, 2.6339 -0.4696 -0.4167, 2.6339 -0.5477 -0.4242, 2.6378 -0.5477 -0.4242, 2.6378 -0.5467 -0.415, 2.6339 -0.5467 -0.415, 2.6378 -0.5441 -0.4079, 2.6339 -0.5441 -0.4079, 2.6378 -0.54 -0.4018, 2.6339 -0.54 -0.4018, 2.6378 -0.5351 -0.3972, 2.6339 -0.5351 -0.3972, 2.6378 -0.5283 -0.3931, 2.6339 -0.5283 -0.3931, 2.6378 -0.5198 -0.3905, 2.6339 -0.5198 -0.3905, 2.6378 -0.5424 -0.4477, 2.6339 -0.5424 -0.4477, 2.6378 -0.5463 -0.4373, 2.6339 -0.5463 -0.4373, 2.6339 -0.5465 -0.3679, 2.6339 -0.5574 -0.3679, 2.6378 -0.5465 -0.3679, 2.6378 -0.5574 -0.3679, 2.6339 -0.5574 -0.3175, 2.6378 -0.5574 -0.3175, 2.6339 -0.4589 -0.3175, 2.6378 -0.4589 -0.3175, 2.6339 -0.4589 -0.3307, 2.6378 -0.4589 -0.3307, 2.6339 -0.5465 -0.3307, 2.6378 -0.5465 -0.3307
            ]
        }
        coordIndex [
            0,1,2,-1,2,1,3,-1,1,4,3,-1,3,4,5,-1,4,6,5,-1,5,6,7,-1,6,8,7,-1,7,8,9,-1,8,10,9,-1,9,10,11,-1,10,12,11,-1,11,12,13,-1,12,14,13,-1,13,14,15,-1,14,0,15,-1,15,0,2,-1,16,17,14,-1,12,10,8,-1,17,18,14,-1,14,18,19,-1,14,19,0,-1,0,19,20,-1,0,20,21,-1,21,22,0,-1,0,22,23,-1,0,23,1,-1,4,1,6,-1,6,1,23,-1,6,23,8,-1,8,23,16,-1,8,16,12,-1,12,16,14,-1,16,23,24,-1,24,23,25,-1,17,16,26,-1,26,16,24,-1,17,26,27,-1,17,27,18,-1,18,27,28,-1,18,28,19,-1,20,19,29,-1,29,19,28,-1,20,29,30,-1,20,30,21,-1,21,30,31,-1,21,31,22,-1,23,22,25,-1,25,22,31,-1,32,33,34,-1,34,33,35,-1,33,36,35,-1,35,36,37,-1,36,38,37,-1,37,38,39,-1,40,41,42,-1,40,42,43,-1,43,42,44,-1,43,44,45,-1,45,44,46,-1,45,46,47,-1,47,46,48,-1,47,48,49,-1,49,48,50,-1,49,50,51,-1,51,50,52,-1,51,52,53,-1,53,52,54,-1,53,54,55,-1,55,54,39,-1,55,39,38,-1,32,34,56,-1,32,56,57,-1,57,56,58,-1,57,58,59,-1,59,58,60,-1,59,60,61,-1,61,60,62,-1,61,62,63,-1,63,62,64,-1,63,64,65,-1,65,64,66,-1,65,66,67,-1,67,66,41,-1,67,41,40,-1,45,47,68,-1,68,47,49,-1,68,49,69,-1,69,49,51,-1,69,51,70,-1,70,51,53,-1,70,53,71,-1,71,53,55,-1,71,55,72,-1,72,55,38,-1,72,38,73,-1,73,38,36,-1,73,36,74,-1,74,36,33,-1,74,33,75,-1,75,33,32,-1,75,32,76,-1,76,32,57,-1,76,57,77,-1,77,57,59,-1,77,59,78,-1,78,59,61,-1,78,61,79,-1,79,61,63,-1,79,63,80,-1,80,63,65,-1,80,65,81,-1,81,65,67,-1,81,67,82,-1,82,67,40,-1,82,40,83,-1,83,40,43,-1,83,43,84,-1,84,43,45,-1,84,45,68,-1,72,73,85,-1,85,73,86,-1,72,85,87,-1,72,87,71,-1,71,87,88,-1,71,88,70,-1,70,88,89,-1,70,89,69,-1,69,89,90,-1,69,90,68,-1,68,90,91,-1,68,91,84,-1,84,91,92,-1,84,92,83,-1,83,92,93,-1,83,93,82,-1,82,93,94,-1,82,94,81,-1,81,94,95,-1,81,95,80,-1,80,95,96,-1,80,96,79,-1,79,96,97,-1,79,97,78,-1,78,97,98,-1,78,98,77,-1,77,98,99,-1,77,99,76,-1,76,99,100,-1,76,100,75,-1,74,75,101,-1,101,75,100,-1,73,74,86,-1,86,74,101,-1,102,103,104,-1,104,103,105,-1,103,106,105,-1,105,106,107,-1,106,108,107,-1,107,108,109,-1,108,110,109,-1,109,110,111,-1,110,112,111,-1,111,112,113,-1,112,114,113,-1,113,114,115,-1,114,116,115,-1,115,116,117,-1,116,118,117,-1,117,118,119,-1,118,120,119,-1,119,120,121,-1,120,122,121,-1,121,122,123,-1,122,124,123,-1,123,124,125,-1,124,102,125,-1,125,102,104,-1,106,103,102,-1,102,124,106,-1,106,124,122,-1,106,122,108,-1,112,110,114,-1,114,110,108,-1,114,108,116,-1,116,108,122,-1,116,122,118,-1,118,122,120,-1,126,127,128,-1,128,127,129,-1,129,127,130,-1,131,132,133,-1,131,133,134,-1,134,133,135,-1,134,135,130,-1,130,135,136,-1,130,136,129,-1,137,138,139,-1,137,139,140,-1,140,139,141,-1,140,141,142,-1,142,141,143,-1,142,143,144,-1,144,143,145,-1,144,145,146,-1,146,145,147,-1,146,147,148,-1,148,147,149,-1,148,149,150,-1,150,149,131,-1,131,149,151,-1,131,151,132,-1,152,153,154,-1,152,154,155,-1,155,154,156,-1,155,156,157,-1,157,156,158,-1,157,158,159,-1,159,158,160,-1,159,160,161,-1,161,160,162,-1,161,162,163,-1,163,162,164,-1,163,164,165,-1,165,164,138,-1,165,138,137,-1,166,167,168,-1,166,168,169,-1,169,168,153,-1,169,153,152,-1,166,170,167,-1,167,170,171,-1,172,173,174,-1,172,174,175,-1,175,174,171,-1,175,171,170,-1,176,177,178,-1,176,178,179,-1,179,178,180,-1,179,180,181,-1,181,180,182,-1,181,182,183,-1,183,182,184,-1,183,184,185,-1,185,184,186,-1,185,186,187,-1,187,186,188,-1,187,188,189,-1,189,188,173,-1,189,173,172,-1,190,191,192,-1,190,192,193,-1,193,192,194,-1,193,194,195,-1,195,194,196,-1,195,196,197,-1,197,196,198,-1,197,198,199,-1,199,198,200,-1,199,200,201,-1,201,200,202,-1,201,202,203,-1,203,202,177,-1,203,177,176,-1,126,128,204,-1,126,204,205,-1,205,204,206,-1,205,206,207,-1,207,206,191,-1,207,191,190,-1,193,131,190,-1,190,131,134,-1,190,134,207,-1,207,134,130,-1,207,130,205,-1,205,130,127,-1,205,127,126,-1,170,166,175,-1,175,166,169,-1,175,169,172,-1,172,169,152,-1,172,152,189,-1,189,152,155,-1,189,155,187,-1,187,155,157,-1,187,157,185,-1,185,157,159,-1,185,159,183,-1,183,159,161,-1,183,161,181,-1,181,161,163,-1,181,163,179,-1,179,163,165,-1,179,165,176,-1,176,165,137,-1,176,137,203,-1,203,137,140,-1,203,140,201,-1,201,140,142,-1,201,142,199,-1,199,142,144,-1,199,144,197,-1,197,144,146,-1,197,146,195,-1,195,146,148,-1,195,148,193,-1,193,148,150,-1,193,150,131,-1,208,209,210,-1,210,209,211,-1,209,212,211,-1,211,212,213,-1,212,214,213,-1,213,214,215,-1,214,216,215,-1,215,216,217,-1,216,218,217,-1,217,218,219,-1,218,208,219,-1,219,208,210,-1,216,214,218,-1,218,214,212,-1,218,212,208,-1,208,212,209,-1,
        ]
    }
}
Shape{
    appearance Appearance {
        material  Material 	{
            diffuseColor 0.9490196078431372 0.7607843137254902 0.1803921568627451
            specularColor 0.7607843137254902 0.6078431372549019 0.1450980392156863
            ambientIntensity 0.7509
            transparency 0.0
            shininess 0.5
        }
    }
    geometry IndexedFaceSet {
        ccw TRUE
        solid FALSE
        coord DEF co Coordinate {
            point [
                2.6378 -0.5189 -0.6543, 2.6378 -0.5189 -0.6872, 2.6378 -0.4778 -0.6689, 2.6378 -0.4778 -0.6724, 2.6378 -0.4744 -0.6699, 2.6378 -0.4744 -0.6715, 2.6378 -0.4709 -0.6705, 2.6378 -0.4709 -0.6708, 2.6378 -0.4697 -0.5539, 2.6378 -0.5465 -0.5539, 2.6378 -0.4697 -0.5684, 2.6378 -0.5465 -0.5679, 2.6378 -0.5456 -0.5783, 2.6378 -0.5072 -0.6067, 2.6378 -0.4974 -0.6059, 2.6378 -0.4896 -0.6036, 2.6378 -0.471 -0.5801, 2.6378 -0.543 -0.5866, 2.6378 -0.539 -0.5933, 2.6378 -0.5336 -0.5988, 2.6378 -0.5268 -0.6029, 2.6378 -0.5175 -0.6058, 2.6378 -0.4835 -0.6002, 2.6378 -0.4785 -0.5954, 2.6378 -0.4738 -0.5882, 3.6378 -0.4685 -0.4264, 3.6378 -0.4696 -0.4167, 3.6378 -0.5424 -0.4477, 3.6378 -0.4697 -0.5191, 3.6378 -0.4697 -0.4819, 3.6378 -0.5021 -0.4819, 3.6378 -0.5021 -0.5167, 3.6378 -0.5129 -0.5167, 3.6378 -0.558 -0.5311, 3.6378 -0.549 -0.3928, 3.6378 -0.5412 -0.3854, 3.6378 -0.5574 -0.3679, 3.6378 -0.558 -0.4166, 3.6378 -0.5574 -0.3175, 3.6378 -0.4701 -0.4384, 3.6378 -0.5414 -0.4495, 3.6378 -0.4748 -0.4495, 3.6378 -0.4589 -0.5191, 3.6378 -0.3622 -0.5311, 3.6378 -0.4589 -0.4687, 3.6378 -0.3622 0.1969, 3.6378 -0.4589 -0.3175, 3.6378 -0.4589 -0.3307, 3.6378 -0.4849 -0.3815, 3.6378 -0.4756 -0.3872, 3.6378 -0.4671 -0.3961, 3.6378 -0.4617 -0.4055, 3.6378 -0.5465 -0.3679, 3.6378 -0.5318 -0.3802, 3.6378 -0.5465 -0.3307, 3.6378 -0.4585 -0.4164, 3.6378 -0.4577 -0.4263, 3.6378 -0.4585 -0.4381, 3.6378 -0.4616 -0.4495, 3.6378 -0.5574 -0.4687, 3.6378 -0.5523 -0.4495, 3.6378 -0.5573 -0.4103, 3.6378 -0.554 -0.4007, 3.6378 -0.4723 -0.4094, 3.6378 -0.4768 -0.4026, 3.6378 -0.4834 -0.3966, 3.6378 -0.5092 -0.3895, 3.6378 -0.5198 -0.3905, 3.6378 -0.5283 -0.3931, 3.6378 -0.5467 -0.415, 3.6378 -0.5477 -0.4242, 3.6378 -0.5441 -0.4079, 3.6378 -0.54 -0.4018, 3.6378 -0.5351 -0.3972, 3.6378 -0.5463 -0.4373, 3.6378 -0.5214 -0.3772, 3.6378 -0.51 -0.3763, 3.6378 -0.496 -0.3777, 3.6378 -0.491 -0.3926, 3.6378 -0.5015 -0.3899, 3.6378 -0.5129 -0.4819, 3.6378 -0.5465 -0.4819, 3.6378 -0.5465 -0.5215, 3.6378 -0.5574 -0.5215, 3.6378 -0.558 -0.4291, 3.6378 -0.5585 -0.4251, 3.6378 -0.6378 -0.5311, 3.6378 -0.5586 -0.4224, 3.6378 -0.558 0.1969, 3.6378 -0.6378 0.1969, 3.6378 -0.4589 -0.6643, 3.6378 -0.4589 -0.6775, 3.6378 -0.5574 -0.7016, 3.6378 -0.5574 -0.716, 3.6378 -0.558 -1.0236, 3.6378 -0.3622 -1.0236, 3.6378 -0.5574 -0.5675, 3.6378 -0.5574 -0.5407, 3.6378 -0.4589 -0.5407, 3.6378 -0.4589 -0.5685, 3.6378 -0.4718 -0.605, 3.6378 -0.4795 -0.612, 3.6378 -0.4879 -0.6166, 3.6378 -0.5574 -0.6271, 3.6378 -0.5304 -0.615, 3.6378 -0.5392 -0.6094, 3.6378 -0.4604 -0.5827, 3.6378 -0.4645 -0.5942, 3.6378 -0.4717 -0.6049, 3.6378 -0.5469 -0.6013, 3.6378 -0.5529 -0.591, 3.6378 -0.5563 -0.5797, 3.6378 -0.5574 -0.6415, 3.6378 -0.5297 -0.6509, 3.6378 -0.5297 -0.6916, 3.6378 -0.4976 -0.6192, 3.6378 -0.5069 -0.6199, 3.6378 -0.5201 -0.6186, 3.6378 -0.5566 -0.439, 3.6378 -0.6378 -1.0236, 3.6378 0.5467 -0.4247, 3.6378 0.5456 -0.415, 3.6378 0.4728 -0.446, 3.6378 0.5563 -0.5174, 3.6378 0.6378 -0.5294, 3.6378 0.5563 -0.467, 3.6378 0.6378 0.1969, 3.6378 0.4663 -0.3911, 3.6378 0.4741 -0.3837, 3.6378 0.4579 -0.3661, 3.6378 0.4573 -0.4149, 3.6378 0.4579 -0.3157, 3.6378 0.5452 -0.4367, 3.6378 0.4738 -0.4477, 3.6378 0.5404 -0.4477, 3.6378 0.5023 -0.515, 3.6378 0.4573 -0.5294, 3.6378 0.5131 -0.515, 3.6378 0.5455 -0.5174, 3.6378 0.5131 -0.4802, 3.6378 0.5455 -0.4802, 3.6378 0.5563 -0.3157, 3.6378 0.5563 -0.3289, 3.6378 0.5304 -0.3797, 3.6378 0.5396 -0.3855, 3.6378 0.5481 -0.3944, 3.6378 0.5535 -0.4037, 3.6378 0.4687 -0.3661, 3.6378 0.4834 -0.3784, 3.6378 0.4687 -0.3289, 3.6378 0.5567 -0.4147, 3.6378 0.5575 -0.4246, 3.6378 0.5567 -0.4364, 3.6378 0.5536 -0.4477, 3.6378 0.4579 -0.467, 3.6378 0.463 -0.4477, 3.6378 0.458 -0.4085, 3.6378 0.4612 -0.399, 3.6378 0.543 -0.4076, 3.6378 0.5384 -0.4008, 3.6378 0.5319 -0.3949, 3.6378 0.5061 -0.3877, 3.6378 0.4954 -0.3887, 3.6378 0.4869 -0.3914, 3.6378 0.4685 -0.4133, 3.6378 0.4675 -0.4225, 3.6378 0.4712 -0.4061, 3.6378 0.4752 -0.4001, 3.6378 0.4801 -0.3955, 3.6378 0.4689 -0.4356, 3.6378 0.4939 -0.3755, 3.6378 0.5053 -0.3745, 3.6378 0.5192 -0.3759, 3.6378 0.5243 -0.3908, 3.6378 0.5137 -0.3882, 3.6378 0.5023 -0.4802, 3.6378 0.4687 -0.4802, 3.6378 0.4687 -0.5198, 3.6378 0.4579 -0.5198, 3.6378 0.4573 -0.4273, 3.6378 0.4567 -0.4234, 3.6378 0.3622 -0.5294, 3.6378 0.4567 -0.4207, 3.6378 0.4573 0.1969, 3.6378 0.3622 0.1969, 3.6378 0.5563 -0.6626, 3.6378 0.5563 -0.6758, 3.6378 0.4579 -0.5657, 3.6378 0.4579 -0.539, 3.6378 0.5563 -0.539, 3.6378 0.4579 -0.6998, 3.6378 0.4579 -0.7142, 3.6378 0.4573 -1.0236, 3.6378 0.6378 -1.0236, 3.6378 0.5563 -0.5667, 3.6378 0.5548 -0.581, 3.6378 0.5508 -0.5925, 3.6378 0.5436 -0.6032, 3.6378 0.4579 -0.6254, 3.6378 0.4849 -0.6133, 3.6378 0.4761 -0.6076, 3.6378 0.5435 -0.6033, 3.6378 0.5358 -0.6103, 3.6378 0.5273 -0.6148, 3.6378 0.4683 -0.5995, 3.6378 0.4623 -0.5893, 3.6378 0.459 -0.5779, 3.6378 0.4579 -0.6398, 3.6378 0.4855 -0.6492, 3.6378 0.4855 -0.6899, 3.6378 0.5176 -0.6175, 3.6378 0.5083 -0.6182, 3.6378 0.4952 -0.6168, 3.6378 0.4587 -0.4373, 3.6378 0.3622 -1.0236
            ]
        }
        coordIndex [
            0,1,2,-1,2,1,3,-1,2,3,4,-1,4,3,5,-1,4,5,6,-1,6,5,7,-1,8,9,10,-1,10,9,11,-1,10,11,12,-1,13,14,10,-1,10,14,15,-1,10,15,16,-1,12,17,10,-1,10,17,18,-1,10,18,19,-1,19,20,10,-1,10,20,21,-1,10,21,13,-1,22,23,15,-1,15,23,24,-1,15,24,16,-1,25,26,27,-1,28,29,30,-1,31,32,33,-1,34,35,36,-1,37,36,38,-1,25,27,39,-1,39,27,40,-1,39,40,41,-1,30,31,28,-1,28,31,33,-1,28,33,42,-1,42,33,43,-1,42,43,44,-1,44,43,45,-1,45,46,47,-1,48,49,47,-1,47,49,50,-1,47,50,51,-1,36,35,52,-1,52,35,53,-1,52,53,54,-1,51,55,47,-1,47,55,56,-1,47,56,45,-1,45,56,57,-1,45,57,44,-1,57,58,44,-1,44,58,41,-1,44,41,59,-1,59,41,40,-1,59,40,60,-1,37,61,36,-1,36,61,62,-1,36,62,34,-1,26,63,27,-1,27,63,64,-1,27,64,65,-1,66,67,27,-1,27,67,68,-1,69,70,71,-1,71,70,72,-1,68,73,27,-1,27,73,72,-1,27,72,74,-1,74,72,70,-1,53,75,54,-1,54,75,76,-1,54,76,47,-1,47,76,77,-1,47,77,48,-1,65,78,27,-1,27,78,79,-1,27,79,66,-1,80,81,32,-1,32,81,82,-1,32,82,33,-1,33,82,83,-1,33,83,59,-1,84,85,86,-1,86,85,87,-1,86,87,37,-1,46,45,38,-1,38,45,88,-1,38,88,37,-1,37,88,89,-1,37,89,86,-1,43,90,91,-1,92,33,93,-1,93,33,94,-1,93,94,91,-1,91,94,95,-1,91,95,43,-1,96,97,33,-1,33,97,98,-1,33,98,43,-1,43,98,99,-1,100,101,90,-1,90,101,102,-1,103,104,105,-1,99,106,43,-1,43,106,107,-1,43,107,90,-1,90,107,108,-1,90,108,100,-1,105,109,103,-1,103,109,110,-1,103,110,111,-1,111,96,103,-1,103,96,33,-1,103,33,112,-1,112,33,92,-1,112,92,113,-1,113,92,114,-1,102,115,90,-1,90,115,116,-1,90,116,103,-1,103,116,117,-1,103,117,104,-1,60,118,59,-1,59,118,84,-1,59,84,33,-1,33,84,86,-1,33,86,94,-1,94,86,119,-1,120,121,122,-1,123,124,125,-1,125,124,126,-1,127,128,129,-1,130,129,131,-1,120,122,132,-1,132,122,133,-1,132,133,134,-1,135,136,137,-1,137,136,138,-1,137,138,139,-1,139,138,140,-1,126,141,142,-1,143,144,142,-1,142,144,145,-1,142,145,146,-1,129,128,147,-1,147,128,148,-1,147,148,149,-1,146,150,142,-1,142,150,151,-1,142,151,126,-1,126,151,152,-1,126,152,125,-1,152,153,125,-1,125,153,134,-1,125,134,154,-1,154,134,133,-1,154,133,155,-1,130,156,129,-1,129,156,157,-1,129,157,127,-1,121,158,122,-1,122,158,159,-1,122,159,160,-1,161,162,122,-1,122,162,163,-1,164,165,166,-1,166,165,167,-1,163,168,122,-1,122,168,167,-1,122,167,169,-1,169,167,165,-1,148,170,149,-1,149,170,171,-1,149,171,142,-1,142,171,172,-1,142,172,143,-1,160,173,122,-1,122,173,174,-1,122,174,161,-1,175,176,135,-1,135,176,177,-1,135,177,136,-1,136,177,178,-1,136,178,154,-1,179,180,181,-1,181,180,182,-1,181,182,130,-1,141,126,131,-1,131,126,183,-1,131,183,130,-1,130,183,184,-1,130,184,181,-1,124,185,186,-1,187,188,136,-1,123,138,124,-1,124,138,136,-1,124,136,189,-1,189,136,188,-1,190,136,191,-1,191,136,192,-1,191,192,186,-1,186,192,193,-1,186,193,124,-1,189,194,124,-1,124,194,195,-1,124,195,185,-1,185,195,196,-1,185,196,197,-1,198,199,200,-1,197,201,185,-1,185,201,202,-1,185,202,203,-1,200,204,198,-1,198,204,205,-1,198,205,206,-1,206,187,198,-1,198,187,136,-1,198,136,207,-1,207,136,190,-1,207,190,208,-1,208,190,209,-1,203,210,185,-1,185,210,211,-1,185,211,198,-1,198,211,212,-1,198,212,199,-1,155,213,154,-1,154,213,179,-1,154,179,136,-1,136,179,181,-1,136,181,192,-1,192,181,214,-1,
        ]
    }
}
Shape{
    appearance Appearance {
        material  Material 	{
            diffuseColor 0.17647058823529413 0.17647058823529413 0.17647058823529413
            specularColor 0.050980392156862744 0.050980392156862744 0.050980392156862744
            ambientIntensity 0.251
            transparency 0.0
            shininess 0.5
        }
    }
    geometry IndexedFaceSet {
        ccw TRUE
        solid FALSE
        coord DEF co Coordinate {
            point [
                3.6378 -0.6378 0.1969, 4.0 -0.8031 0.1969, 3.3622 -0.6378 0.1969, 3.0 -0.8031 0.1969, 3.3622 -0.3622 0.1969, 3.6378 -0.558 0.1969, 3.6378 -0.3622 0.1969, 4.0 0.8031 0.1969, 3.6378 0.6378 0.1969, 3.0 0.8031 0.1969, 3.3622 0.6378 0.1969, 3.3622 0.3622 0.1969, 3.6378 0.3622 0.1969, 3.6378 0.4573 0.1969, 3.1181 -1.0 0.0079, 3.1181 -1.0 0.9843, 3.0 -0.8819 0.0079, 3.0 -0.8819 0.9843, 3.8819 -1.0 0.0079, 3.8819 -1.0 0.9843, 4.0 -0.8819 0.0079, 4.0 -0.8819 0.9843, 4.0 -0.8031 0.0079, 4.0 0.8031 0.0079, 4.0 0.8819 0.0079, 4.0 0.8819 0.9843, 3.8819 1.0 0.0079, 3.8819 1.0 0.9843, 3.1181 1.0 0.0079, 3.1181 1.0 0.9843, 3.0 0.8819 0.0079, 3.0 0.8819 0.9843, 3.0 0.8031 0.0079, 3.0 -0.8031 0.0079, 3.3622 0.3622 0.9843, 3.6378 0.3622 0.9843, 3.3622 -0.3622 0.9843, 3.6378 -0.3622 0.9843, 3.6378 0.6378 0.9843, 3.3622 0.6378 0.9843, 3.6378 -0.6378 0.9843, 3.3622 -0.6378 0.9843
            ]
        }
        coordIndex [
            0,1,2,-1,2,1,3,-1,2,3,4,-1,0,5,1,-1,1,5,6,-1,1,6,7,-1,7,8,9,-1,9,8,10,-1,9,10,11,-1,3,9,4,-1,4,9,11,-1,4,11,6,-1,6,11,12,-1,6,12,7,-1,7,12,13,-1,7,13,8,-1,14,15,16,-1,16,15,17,-1,18,19,14,-1,14,19,15,-1,20,21,18,-1,18,21,19,-1,20,22,1,-1,23,24,7,-1,7,24,25,-1,7,25,1,-1,1,25,21,-1,1,21,20,-1,26,27,24,-1,24,27,25,-1,28,29,26,-1,26,29,27,-1,30,31,28,-1,28,31,29,-1,30,32,9,-1,33,16,3,-1,3,16,17,-1,3,17,9,-1,9,17,31,-1,9,31,30,-1,15,19,21,-1,31,17,34,-1,31,34,29,-1,35,36,37,-1,25,27,38,-1,38,27,29,-1,38,29,39,-1,39,29,34,-1,38,35,25,-1,25,35,37,-1,25,37,21,-1,21,37,40,-1,21,40,15,-1,15,40,41,-1,15,41,17,-1,17,41,36,-1,17,36,34,-1,34,36,35,-1,1,22,3,-1,3,22,33,-1,14,16,33,-1,18,14,20,-1,20,14,33,-1,20,33,22,-1,32,23,9,-1,9,23,7,-1,23,32,30,-1,30,28,23,-1,23,28,26,-1,23,26,24,-1,
        ]
    }
}
Shape{
    appearance Appearance {
        material  Material 	{
            diffuseColor 0.9490196078431372 0.7607843137254902 0.1803921568627451
            specularColor 0.7607843137254902 0.6078431372549019 0.1450980392156863
            ambientIntensity 0.7509
            transparency 0.0
            shininess 0.5
        }
    }
    geometry IndexedFaceSet {
        ccw TRUE
        solid FALSE
        coord DEF co Coordinate {
            point [
                3.5984 0.4016 3.3465, 3.5984 0.5984 3.3465, 3.4016 0.4016 3.3465, 3.4016 0.5984 3.3465, 3.6378 0.6378 3.189, 3.6378 0.6378 0.9843, 3.3622 0.6378 3.189, 3.3622 0.6378 0.9843, 3.3622 0.3622 3.189, 3.3622 0.3622 0.9843, 3.6378 0.3622 3.189, 3.6378 0.3622 0.9843, 3.6378 0.3622 0.1969, 3.3622 0.3622 0.1969, 3.6378 0.3622 -0.5294, 3.3622 0.3622 -1.0236, 3.6378 0.3622 -1.0236, 3.3622 0.6378 -1.0236, 3.3622 0.6378 0.1969, 3.6378 0.6378 0.1969, 3.6378 0.6378 -0.5294, 3.6378 0.6378 -1.0236, 3.5984 0.5984 -1.1811, 3.5984 0.4016 -1.1811, 3.4016 0.5984 -1.1811, 3.4016 0.4016 -1.1811, 3.5984 -0.5984 3.3465, 3.5984 -0.4016 3.3465, 3.4016 -0.5984 3.3465, 3.4016 -0.4016 3.3465, 3.6378 -0.3622 3.189, 3.6378 -0.3622 0.9843, 3.3622 -0.3622 3.189, 3.3622 -0.3622 0.9843, 3.3622 -0.6378 3.189, 3.3622 -0.6378 0.9843, 3.6378 -0.6378 3.189, 3.6378 -0.6378 0.9843, 3.6378 -0.6378 0.1969, 3.3622 -0.6378 0.1969, 3.6378 -0.6378 -0.5311, 3.3622 -0.6378 -1.0236, 3.6378 -0.6378 -1.0236, 3.3622 -0.3622 -1.0236, 3.3622 -0.3622 0.1969, 3.6378 -0.3622 0.1969, 3.6378 -0.3622 -0.5311, 3.6378 -0.3622 -1.0236, 3.5984 -0.4016 -1.1811, 3.5984 -0.5984 -1.1811, 3.4016 -0.4016 -1.1811, 3.4016 -0.5984 -1.1811, 3.6378 -0.558 -1.0236, 3.6378 0.4573 -1.0236
            ]
        }
        coordIndex [
            0,1,2,-1,2,1,3,-1,4,5,6,-1,6,5,7,-1,6,7,8,-1,8,7,9,-1,8,9,10,-1,10,9,11,-1,10,11,4,-1,4,11,5,-1,12,13,14,-1,14,13,15,-1,14,15,16,-1,15,13,17,-1,17,13,18,-1,18,19,17,-1,17,19,20,-1,17,20,21,-1,22,23,24,-1,24,23,25,-1,26,27,28,-1,28,27,29,-1,30,31,32,-1,32,31,33,-1,32,33,34,-1,34,33,35,-1,34,35,36,-1,36,35,37,-1,36,37,30,-1,30,37,31,-1,38,39,40,-1,40,39,41,-1,40,41,42,-1,41,39,43,-1,43,39,44,-1,44,45,43,-1,43,45,46,-1,43,46,47,-1,48,49,50,-1,50,49,51,-1,32,29,30,-1,30,29,27,-1,34,28,32,-1,32,28,29,-1,26,36,27,-1,27,36,30,-1,36,26,34,-1,34,26,28,-1,6,3,4,-1,4,3,1,-1,8,2,6,-1,6,2,3,-1,0,10,1,-1,1,10,4,-1,10,0,8,-1,8,0,2,-1,49,42,51,-1,51,42,41,-1,42,49,52,-1,52,49,48,-1,52,48,47,-1,43,50,41,-1,41,50,51,-1,50,43,48,-1,48,43,47,-1,23,16,25,-1,25,16,15,-1,16,23,53,-1,53,23,22,-1,53,22,21,-1,17,24,15,-1,15,24,25,-1,24,17,22,-1,22,17,21,-1,
        ]
    }
}
Shape{
    appearance Appearance {
        material  Material 	{
            diffuseColor 0.0 0.0 0.0
            specularColor 0.0 0.0 0.0
            ambientIntensity 0.0
            transparency 0.0
            shininess 0.5
        }
    }
    geometry IndexedFaceSet {
        ccw TRUE
        solid FALSE
        coord DEF co Coordinate {
            point [
                3.6339 0.5563 -0.6758, 3.6339 0.4579 -0.7142, 3.6378 0.5563 -0.6758, 3.6378 0.4579 -0.7142, 3.6339 0.4579 -0.6998, 3.6378 0.4579 -0.6998, 3.6339 0.4855 -0.6899, 3.6378 0.4855 -0.6899, 3.6339 0.4855 -0.6492, 3.6378 0.4855 -0.6492, 3.6339 0.4579 -0.6398, 3.6378 0.4579 -0.6398, 3.6339 0.4579 -0.6254, 3.6378 0.4579 -0.6254, 3.6339 0.5563 -0.6626, 3.6378 0.5563 -0.6626, 3.6339 0.4963 -0.6525, 3.6339 0.4963 -0.6854, 3.6339 0.5374 -0.6672, 3.6339 0.5408 -0.6681, 3.6339 0.5443 -0.6688, 3.6339 0.5443 -0.6691, 3.6339 0.5408 -0.6697, 3.6339 0.5374 -0.6706, 3.6378 0.4963 -0.6525, 3.6378 0.4963 -0.6854, 3.6378 0.5374 -0.6672, 3.6378 0.5408 -0.6681, 3.6378 0.5443 -0.6688, 3.6378 0.5443 -0.6691, 3.6378 0.5408 -0.6697, 3.6378 0.5374 -0.6706, 3.6339 0.4579 -0.5657, 3.6339 0.4579 -0.539, 3.6378 0.4579 -0.5657, 3.6378 0.4579 -0.539, 3.6339 0.5563 -0.539, 3.6378 0.5563 -0.539, 3.6339 0.5563 -0.5667, 3.6378 0.5563 -0.5667, 3.6339 0.5083 -0.6182, 3.6378 0.5083 -0.6182, 3.6378 0.5176 -0.6175, 3.6339 0.5176 -0.6175, 3.6378 0.5273 -0.6148, 3.6339 0.5273 -0.6148, 3.6378 0.5358 -0.6103, 3.6339 0.5358 -0.6103, 3.6378 0.5435 -0.6033, 3.6339 0.5435 -0.6033, 3.6378 0.5436 -0.6032, 3.6339 0.5436 -0.6032, 3.6378 0.5508 -0.5925, 3.6339 0.5508 -0.5925, 3.6378 0.5548 -0.581, 3.6339 0.5548 -0.581, 3.6378 0.459 -0.5779, 3.6339 0.459 -0.5779, 3.6378 0.4623 -0.5893, 3.6339 0.4623 -0.5893, 3.6378 0.4683 -0.5995, 3.6339 0.4683 -0.5995, 3.6378 0.4761 -0.6076, 3.6339 0.4761 -0.6076, 3.6378 0.4849 -0.6133, 3.6339 0.4849 -0.6133, 3.6378 0.4952 -0.6168, 3.6339 0.4952 -0.6168, 3.6339 0.5317 -0.5984, 3.6339 0.5368 -0.5937, 3.6339 0.5414 -0.5865, 3.6339 0.5443 -0.5783, 3.6339 0.5455 -0.5667, 3.6339 0.5455 -0.5522, 3.6339 0.4687 -0.5522, 3.6339 0.4687 -0.5661, 3.6339 0.4697 -0.5765, 3.6339 0.4723 -0.5848, 3.6339 0.4762 -0.5915, 3.6339 0.4817 -0.597, 3.6339 0.4885 -0.6012, 3.6339 0.4977 -0.6041, 3.6339 0.5081 -0.605, 3.6339 0.5179 -0.6042, 3.6339 0.5256 -0.6019, 3.6378 0.5455 -0.5667, 3.6378 0.5455 -0.5522, 3.6378 0.5443 -0.5783, 3.6378 0.5414 -0.5865, 3.6378 0.5368 -0.5937, 3.6378 0.5317 -0.5984, 3.6378 0.5256 -0.6019, 3.6378 0.5179 -0.6042, 3.6378 0.5081 -0.605, 3.6378 0.4977 -0.6041, 3.6378 0.4885 -0.6012, 3.6378 0.4817 -0.597, 3.6378 0.4762 -0.5915, 3.6378 0.4723 -0.5848, 3.6378 0.4697 -0.5765, 3.6378 0.4687 -0.5661, 3.6378 0.4687 -0.5522, 3.6339 0.4687 -0.5198, 3.6339 0.4579 -0.5198, 3.6378 0.4687 -0.5198, 3.6378 0.4579 -0.5198, 3.6339 0.4579 -0.467, 3.6378 0.4579 -0.467, 3.6339 0.5563 -0.467, 3.6378 0.5563 -0.467, 3.6339 0.5563 -0.5174, 3.6378 0.5563 -0.5174, 3.6339 0.5455 -0.5174, 3.6378 0.5455 -0.5174, 3.6339 0.5455 -0.4802, 3.6378 0.5455 -0.4802, 3.6339 0.5131 -0.4802, 3.6378 0.5131 -0.4802, 3.6339 0.5131 -0.515, 3.6378 0.5131 -0.515, 3.6339 0.5023 -0.515, 3.6378 0.5023 -0.515, 3.6339 0.5023 -0.4802, 3.6378 0.5023 -0.4802, 3.6339 0.4687 -0.4802, 3.6378 0.4687 -0.4802, 3.6339 0.4738 -0.4477, 3.6339 0.463 -0.4477, 3.6378 0.4738 -0.4477, 3.6378 0.463 -0.4477, 3.6339 0.4587 -0.4373, 3.6339 0.4567 -0.4207, 3.6378 0.4567 -0.4207, 3.6378 0.4567 -0.4234, 3.6339 0.4567 -0.4234, 3.6378 0.4573 -0.4273, 3.6378 0.4587 -0.4373, 3.6339 0.5053 -0.3745, 3.6378 0.5053 -0.3745, 3.6378 0.4939 -0.3755, 3.6339 0.4939 -0.3755, 3.6378 0.4834 -0.3784, 3.6339 0.4834 -0.3784, 3.6378 0.4741 -0.3837, 3.6339 0.4741 -0.3837, 3.6378 0.4663 -0.3911, 3.6339 0.4663 -0.3911, 3.6378 0.4612 -0.399, 3.6339 0.4612 -0.399, 3.6378 0.458 -0.4085, 3.6339 0.458 -0.4085, 3.6378 0.4573 -0.4149, 3.6339 0.5575 -0.4246, 3.6378 0.5575 -0.4246, 3.6378 0.5567 -0.4147, 3.6339 0.5567 -0.4147, 3.6378 0.5535 -0.4037, 3.6339 0.5535 -0.4037, 3.6378 0.5481 -0.3944, 3.6339 0.5481 -0.3944, 3.6378 0.5396 -0.3855, 3.6339 0.5396 -0.3855, 3.6378 0.5304 -0.3797, 3.6339 0.5304 -0.3797, 3.6378 0.5192 -0.3759, 3.6339 0.5192 -0.3759, 3.6339 0.5536 -0.4477, 3.6378 0.5536 -0.4477, 3.6378 0.5567 -0.4364, 3.6339 0.5567 -0.4364, 3.6339 0.5404 -0.4477, 3.6378 0.5404 -0.4477, 3.6339 0.5467 -0.4247, 3.6378 0.5467 -0.4247, 3.6378 0.5452 -0.4367, 3.6339 0.5452 -0.4367, 3.6339 0.5061 -0.3877, 3.6378 0.5061 -0.3877, 3.6378 0.5137 -0.3882, 3.6339 0.5137 -0.3882, 3.6378 0.5243 -0.3908, 3.6339 0.5243 -0.3908, 3.6378 0.5319 -0.3949, 3.6339 0.5319 -0.3949, 3.6378 0.5384 -0.4008, 3.6339 0.5384 -0.4008, 3.6378 0.543 -0.4076, 3.6339 0.543 -0.4076, 3.6378 0.5456 -0.415, 3.6339 0.5456 -0.415, 3.6339 0.4675 -0.4225, 3.6378 0.4675 -0.4225, 3.6378 0.4685 -0.4133, 3.6339 0.4685 -0.4133, 3.6378 0.4712 -0.4061, 3.6339 0.4712 -0.4061, 3.6378 0.4752 -0.4001, 3.6339 0.4752 -0.4001, 3.6378 0.4801 -0.3955, 3.6339 0.4801 -0.3955, 3.6378 0.4869 -0.3914, 3.6339 0.4869 -0.3914, 3.6378 0.4954 -0.3887, 3.6339 0.4954 -0.3887, 3.6378 0.4728 -0.446, 3.6339 0.4728 -0.446, 3.6378 0.4689 -0.4356, 3.6339 0.4689 -0.4356, 3.6339 0.4687 -0.3661, 3.6339 0.4579 -0.3661, 3.6378 0.4687 -0.3661, 3.6378 0.4579 -0.3661, 3.6339 0.4579 -0.3157, 3.6378 0.4579 -0.3157, 3.6339 0.5563 -0.3157, 3.6378 0.5563 -0.3157, 3.6339 0.5563 -0.3289, 3.6378 0.5563 -0.3289, 3.6339 0.4687 -0.3289, 3.6378 0.4687 -0.3289
            ]
        }
        coordIndex [
            0,1,2,-1,2,1,3,-1,1,4,3,-1,3,4,5,-1,4,6,5,-1,5,6,7,-1,6,8,7,-1,7,8,9,-1,8,10,9,-1,9,10,11,-1,10,12,11,-1,11,12,13,-1,12,14,13,-1,13,14,15,-1,14,0,15,-1,15,0,2,-1,16,8,17,-1,17,8,6,-1,18,14,16,-1,16,14,12,-1,16,12,8,-1,8,12,10,-1,18,19,14,-1,14,19,20,-1,14,20,0,-1,0,20,21,-1,0,21,22,-1,22,23,0,-1,0,23,17,-1,0,17,1,-1,1,17,6,-1,1,6,4,-1,16,17,24,-1,24,17,25,-1,18,16,26,-1,26,16,24,-1,18,26,27,-1,18,27,19,-1,19,27,28,-1,19,28,20,-1,21,20,29,-1,29,20,28,-1,21,29,30,-1,21,30,22,-1,22,30,31,-1,22,31,23,-1,17,23,25,-1,25,23,31,-1,32,33,34,-1,34,33,35,-1,33,36,35,-1,35,36,37,-1,36,38,37,-1,37,38,39,-1,40,41,42,-1,40,42,43,-1,43,42,44,-1,43,44,45,-1,45,44,46,-1,45,46,47,-1,47,46,48,-1,47,48,49,-1,49,48,50,-1,49,50,51,-1,51,50,52,-1,51,52,53,-1,53,52,54,-1,53,54,55,-1,55,54,39,-1,55,39,38,-1,32,34,56,-1,32,56,57,-1,57,56,58,-1,57,58,59,-1,59,58,60,-1,59,60,61,-1,61,60,62,-1,61,62,63,-1,63,62,64,-1,63,64,65,-1,65,64,66,-1,65,66,67,-1,67,66,41,-1,67,41,40,-1,45,47,68,-1,68,47,49,-1,68,49,69,-1,69,49,51,-1,69,51,70,-1,70,51,53,-1,70,53,71,-1,71,53,55,-1,71,55,72,-1,72,55,38,-1,72,38,73,-1,73,38,36,-1,73,36,74,-1,74,36,33,-1,74,33,75,-1,75,33,32,-1,75,32,76,-1,76,32,57,-1,76,57,77,-1,77,57,59,-1,77,59,78,-1,78,59,61,-1,78,61,79,-1,79,61,63,-1,79,63,80,-1,80,63,65,-1,80,65,81,-1,81,65,67,-1,81,67,82,-1,82,67,40,-1,82,40,83,-1,83,40,43,-1,83,43,84,-1,84,43,45,-1,84,45,68,-1,72,73,85,-1,85,73,86,-1,72,85,87,-1,72,87,71,-1,71,87,88,-1,71,88,70,-1,70,88,89,-1,70,89,69,-1,69,89,90,-1,69,90,68,-1,68,90,91,-1,68,91,84,-1,84,91,92,-1,84,92,83,-1,83,92,93,-1,83,93,82,-1,82,93,94,-1,82,94,81,-1,81,94,95,-1,81,95,80,-1,80,95,96,-1,80,96,79,-1,79,96,97,-1,79,97,78,-1,78,97,98,-1,78,98,77,-1,77,98,99,-1,77,99,76,-1,76,99,100,-1,76,100,75,-1,74,75,101,-1,101,75,100,-1,73,74,86,-1,86,74,101,-1,102,103,104,-1,104,103,105,-1,103,106,105,-1,105,106,107,-1,106,108,107,-1,107,108,109,-1,108,110,109,-1,109,110,111,-1,110,112,111,-1,111,112,113,-1,112,114,113,-1,113,114,115,-1,114,116,115,-1,115,116,117,-1,116,118,117,-1,117,118,119,-1,118,120,119,-1,119,120,121,-1,120,122,121,-1,121,122,123,-1,122,124,123,-1,123,124,125,-1,124,102,125,-1,125,102,104,-1,106,103,102,-1,102,124,106,-1,106,124,122,-1,106,122,108,-1,112,110,114,-1,114,110,108,-1,114,108,116,-1,116,108,122,-1,116,122,118,-1,118,122,120,-1,126,127,128,-1,128,127,129,-1,129,127,130,-1,131,132,133,-1,131,133,134,-1,134,133,135,-1,134,135,130,-1,130,135,136,-1,130,136,129,-1,137,138,139,-1,137,139,140,-1,140,139,141,-1,140,141,142,-1,142,141,143,-1,142,143,144,-1,144,143,145,-1,144,145,146,-1,146,145,147,-1,146,147,148,-1,148,147,149,-1,148,149,150,-1,150,149,131,-1,131,149,151,-1,131,151,132,-1,152,153,154,-1,152,154,155,-1,155,154,156,-1,155,156,157,-1,157,156,158,-1,157,158,159,-1,159,158,160,-1,159,160,161,-1,161,160,162,-1,161,162,163,-1,163,162,164,-1,163,164,165,-1,165,164,138,-1,165,138,137,-1,166,167,168,-1,166,168,169,-1,169,168,153,-1,169,153,152,-1,166,170,167,-1,167,170,171,-1,172,173,174,-1,172,174,175,-1,175,174,171,-1,175,171,170,-1,176,177,178,-1,176,178,179,-1,179,178,180,-1,179,180,181,-1,181,180,182,-1,181,182,183,-1,183,182,184,-1,183,184,185,-1,185,184,186,-1,185,186,187,-1,187,186,188,-1,187,188,189,-1,189,188,173,-1,189,173,172,-1,190,191,192,-1,190,192,193,-1,193,192,194,-1,193,194,195,-1,195,194,196,-1,195,196,197,-1,197,196,198,-1,197,198,199,-1,199,198,200,-1,199,200,201,-1,201,200,202,-1,201,202,203,-1,203,202,177,-1,203,177,176,-1,126,128,204,-1,126,204,205,-1,205,204,206,-1,205,206,207,-1,207,206,191,-1,207,191,190,-1,193,131,190,-1,190,131,134,-1,190,134,207,-1,207,134,130,-1,207,130,205,-1,205,130,127,-1,205,127,126,-1,170,166,175,-1,175,166,169,-1,175,169,172,-1,172,169,152,-1,172,152,189,-1,189,152,155,-1,189,155,187,-1,187,155,157,-1,187,157,185,-1,185,157,159,-1,185,159,183,-1,183,159,161,-1,183,161,181,-1,181,161,163,-1,181,163,179,-1,179,163,165,-1,179,165,176,-1,176,165,137,-1,176,137,203,-1,203,137,140,-1,203,140,201,-1,201,140,142,-1,201,142,199,-1,199,142,144,-1,199,144,197,-1,197,144,146,-1,197,146,195,-1,195,146,148,-1,195,148,193,-1,193,148,150,-1,193,150,131,-1,208,209,210,-1,210,209,211,-1,209,212,211,-1,211,212,213,-1,212,214,213,-1,213,214,215,-1,214,216,215,-1,215,216,217,-1,216,218,217,-1,217,218,219,-1,218,208,219,-1,219,208,210,-1,216,214,218,-1,218,214,212,-1,218,212,208,-1,208,212,209,-1,
        ]
    }
}
Shape{
    appearance Appearance {
        material  Material 	{
            diffuseColor 0.9490196078431372 0.7607843137254902 0.1803921568627451
            specularColor 0.7607843137254902 0.6078431372549019 0.1450980392156863
            ambientIntensity 0.7509
            transparency 0.0
            shininess 0.5
        }
    }
    geometry IndexedFaceSet {
        ccw TRUE
        solid FALSE
        coord DEF co Coordinate {
            point [
                3.6378 0.4963 -0.6525, 3.6378 0.4963 -0.6854, 3.6378 0.5374 -0.6672, 3.6378 0.5374 -0.6706, 3.6378 0.5408 -0.6681, 3.6378 0.5408 -0.6697, 3.6378 0.5443 -0.6688, 3.6378 0.5443 -0.6691, 3.6378 0.5455 -0.5522, 3.6378 0.4687 -0.5522, 3.6378 0.5455 -0.5667, 3.6378 0.4687 -0.5661, 3.6378 0.4697 -0.5765, 3.6378 0.5081 -0.605, 3.6378 0.5179 -0.6042, 3.6378 0.5256 -0.6019, 3.6378 0.5443 -0.5783, 3.6378 0.4723 -0.5848, 3.6378 0.4762 -0.5915, 3.6378 0.4817 -0.597, 3.6378 0.4885 -0.6012, 3.6378 0.4977 -0.6041, 3.6378 0.5317 -0.5984, 3.6378 0.5368 -0.5937, 3.6378 0.5414 -0.5865
            ]
        }
        coordIndex [
            0,1,2,-1,2,1,3,-1,2,3,4,-1,4,3,5,-1,4,5,6,-1,6,5,7,-1,8,9,10,-1,10,9,11,-1,10,11,12,-1,13,14,10,-1,10,14,15,-1,10,15,16,-1,12,17,10,-1,10,17,18,-1,10,18,19,-1,19,20,10,-1,10,20,21,-1,10,21,13,-1,22,23,15,-1,15,23,24,-1,15,24,16,-1,
        ]
    }
}
Shape{
    appearance Appearance {
        material  Material 	{
            diffuseColor 0.0 0.0 0.0
            specularColor 0.0 0.0 0.0
            ambientIntensity 0.0
            transparency 0.0
            shininess 0.5
        }
    }
    geometry IndexedFaceSet {
        ccw TRUE
        solid FALSE
        coord DEF co Coordinate {
            point [
                3.6339 -0.4589 -0.6775, 3.6339 -0.5574 -0.716, 3.6378 -0.4589 -0.6775, 3.6378 -0.5574 -0.716, 3.6339 -0.5574 -0.7016, 3.6378 -0.5574 -0.7016, 3.6339 -0.5297 -0.6916, 3.6378 -0.5297 -0.6916, 3.6339 -0.5297 -0.6509, 3.6378 -0.5297 -0.6509, 3.6339 -0.5574 -0.6415, 3.6378 -0.5574 -0.6415, 3.6339 -0.5574 -0.6271, 3.6378 -0.5574 -0.6271, 3.6339 -0.4589 -0.6643, 3.6378 -0.4589 -0.6643, 3.6339 -0.5189 -0.6543, 3.6339 -0.4778 -0.6689, 3.6339 -0.4744 -0.6699, 3.6339 -0.4709 -0.6705, 3.6339 -0.4709 -0.6708, 3.6339 -0.4744 -0.6715, 3.6339 -0.4778 -0.6724, 3.6339 -0.5189 -0.6872, 3.6378 -0.5189 -0.6543, 3.6378 -0.5189 -0.6872, 3.6378 -0.4778 -0.6689, 3.6378 -0.4744 -0.6699, 3.6378 -0.4709 -0.6705, 3.6378 -0.4709 -0.6708, 3.6378 -0.4744 -0.6715, 3.6378 -0.4778 -0.6724, 3.6339 -0.5574 -0.5675, 3.6339 -0.5574 -0.5407, 3.6378 -0.5574 -0.5675, 3.6378 -0.5574 -0.5407, 3.6339 -0.4589 -0.5407, 3.6378 -0.4589 -0.5407, 3.6339 -0.4589 -0.5685, 3.6378 -0.4589 -0.5685, 3.6339 -0.5069 -0.6199, 3.6378 -0.5069 -0.6199, 3.6378 -0.4976 -0.6192, 3.6339 -0.4976 -0.6192, 3.6378 -0.4879 -0.6166, 3.6339 -0.4879 -0.6166, 3.6378 -0.4795 -0.612, 3.6339 -0.4795 -0.612, 3.6378 -0.4718 -0.605, 3.6339 -0.4718 -0.605, 3.6378 -0.4717 -0.6049, 3.6339 -0.4717 -0.6049, 3.6378 -0.4645 -0.5942, 3.6339 -0.4645 -0.5942, 3.6378 -0.4604 -0.5827, 3.6339 -0.4604 -0.5827, 3.6378 -0.5563 -0.5797, 3.6339 -0.5563 -0.5797, 3.6378 -0.5529 -0.591, 3.6339 -0.5529 -0.591, 3.6378 -0.5469 -0.6013, 3.6339 -0.5469 -0.6013, 3.6378 -0.5392 -0.6094, 3.6339 -0.5392 -0.6094, 3.6378 -0.5304 -0.615, 3.6339 -0.5304 -0.615, 3.6378 -0.5201 -0.6186, 3.6339 -0.5201 -0.6186, 3.6339 -0.4835 -0.6002, 3.6339 -0.4785 -0.5954, 3.6339 -0.4738 -0.5882, 3.6339 -0.471 -0.5801, 3.6339 -0.4697 -0.5684, 3.6339 -0.4697 -0.5539, 3.6339 -0.5465 -0.5539, 3.6339 -0.5465 -0.5679, 3.6339 -0.5456 -0.5783, 3.6339 -0.543 -0.5866, 3.6339 -0.539 -0.5933, 3.6339 -0.5336 -0.5988, 3.6339 -0.5268 -0.6029, 3.6339 -0.5175 -0.6058, 3.6339 -0.5072 -0.6067, 3.6339 -0.4974 -0.6059, 3.6339 -0.4896 -0.6036, 3.6378 -0.4697 -0.5684, 3.6378 -0.4697 -0.5539, 3.6378 -0.471 -0.5801, 3.6378 -0.4738 -0.5882, 3.6378 -0.4785 -0.5954, 3.6378 -0.4835 -0.6002, 3.6378 -0.4896 -0.6036, 3.6378 -0.4974 -0.6059, 3.6378 -0.5072 -0.6067, 3.6378 -0.5175 -0.6058, 3.6378 -0.5268 -0.6029, 3.6378 -0.5336 -0.5988, 3.6378 -0.539 -0.5933, 3.6378 -0.543 -0.5866, 3.6378 -0.5456 -0.5783, 3.6378 -0.5465 -0.5679, 3.6378 -0.5465 -0.5539, 3.6339 -0.5465 -0.5215, 3.6339 -0.5574 -0.5215, 3.6378 -0.5465 -0.5215, 3.6378 -0.5574 -0.5215, 3.6339 -0.5574 -0.4687, 3.6378 -0.5574 -0.4687, 3.6339 -0.4589 -0.4687, 3.6378 -0.4589 -0.4687, 3.6339 -0.4589 -0.5191, 3.6378 -0.4589 -0.5191, 3.6339 -0.4697 -0.5191, 3.6378 -0.4697 -0.5191, 3.6339 -0.4697 -0.4819, 3.6378 -0.4697 -0.4819, 3.6339 -0.5021 -0.4819, 3.6378 -0.5021 -0.4819, 3.6339 -0.5021 -0.5167, 3.6378 -0.5021 -0.5167, 3.6339 -0.5129 -0.5167, 3.6378 -0.5129 -0.5167, 3.6339 -0.5129 -0.4819, 3.6378 -0.5129 -0.4819, 3.6339 -0.5465 -0.4819, 3.6378 -0.5465 -0.4819, 3.6339 -0.5414 -0.4495, 3.6339 -0.5523 -0.4495, 3.6378 -0.5414 -0.4495, 3.6378 -0.5523 -0.4495, 3.6339 -0.5566 -0.439, 3.6339 -0.5586 -0.4224, 3.6378 -0.5586 -0.4224, 3.6378 -0.5585 -0.4251, 3.6339 -0.5585 -0.4251, 3.6378 -0.558 -0.4291, 3.6378 -0.5566 -0.439, 3.6339 -0.51 -0.3763, 3.6378 -0.51 -0.3763, 3.6378 -0.5214 -0.3772, 3.6339 -0.5214 -0.3772, 3.6378 -0.5318 -0.3802, 3.6339 -0.5318 -0.3802, 3.6378 -0.5412 -0.3854, 3.6339 -0.5412 -0.3854, 3.6378 -0.549 -0.3928, 3.6339 -0.549 -0.3928, 3.6378 -0.554 -0.4007, 3.6339 -0.554 -0.4007, 3.6378 -0.5573 -0.4103, 3.6339 -0.5573 -0.4103, 3.6378 -0.558 -0.4166, 3.6339 -0.4577 -0.4263, 3.6378 -0.4577 -0.4263, 3.6378 -0.4585 -0.4164, 3.6339 -0.4585 -0.4164, 3.6378 -0.4617 -0.4055, 3.6339 -0.4617 -0.4055, 3.6378 -0.4671 -0.3961, 3.6339 -0.4671 -0.3961, 3.6378 -0.4756 -0.3872, 3.6339 -0.4756 -0.3872, 3.6378 -0.4849 -0.3815, 3.6339 -0.4849 -0.3815, 3.6378 -0.496 -0.3777, 3.6339 -0.496 -0.3777, 3.6339 -0.4616 -0.4495, 3.6378 -0.4616 -0.4495, 3.6378 -0.4585 -0.4381, 3.6339 -0.4585 -0.4381, 3.6339 -0.4748 -0.4495, 3.6378 -0.4748 -0.4495, 3.6339 -0.4685 -0.4264, 3.6378 -0.4685 -0.4264, 3.6378 -0.4701 -0.4384, 3.6339 -0.4701 -0.4384, 3.6339 -0.5092 -0.3895, 3.6378 -0.5092 -0.3895, 3.6378 -0.5015 -0.3899, 3.6339 -0.5015 -0.3899, 3.6378 -0.491 -0.3926, 3.6339 -0.491 -0.3926, 3.6378 -0.4834 -0.3966, 3.6339 -0.4834 -0.3966, 3.6378 -0.4768 -0.4026, 3.6339 -0.4768 -0.4026, 3.6378 -0.4723 -0.4094, 3.6339 -0.4723 -0.4094, 3.6378 -0.4696 -0.4167, 3.6339 -0.4696 -0.4167, 3.6339 -0.5477 -0.4242, 3.6378 -0.5477 -0.4242, 3.6378 -0.5467 -0.415, 3.6339 -0.5467 -0.415, 3.6378 -0.5441 -0.4079, 3.6339 -0.5441 -0.4079, 3.6378 -0.54 -0.4018, 3.6339 -0.54 -0.4018, 3.6378 -0.5351 -0.3972, 3.6339 -0.5351 -0.3972, 3.6378 -0.5283 -0.3931, 3.6339 -0.5283 -0.3931, 3.6378 -0.5198 -0.3905, 3.6339 -0.5198 -0.3905, 3.6378 -0.5424 -0.4477, 3.6339 -0.5424 -0.4477, 3.6378 -0.5463 -0.4373, 3.6339 -0.5463 -0.4373, 3.6339 -0.5465 -0.3679, 3.6339 -0.5574 -0.3679, 3.6378 -0.5465 -0.3679, 3.6378 -0.5574 -0.3679, 3.6339 -0.5574 -0.3175, 3.6378 -0.5574 -0.3175, 3.6339 -0.4589 -0.3175, 3.6378 -0.4589 -0.3175, 3.6339 -0.4589 -0.3307, 3.6378 -0.4589 -0.3307, 3.6339 -0.5465 -0.3307, 3.6378 -0.5465 -0.3307
            ]
        }
        coordIndex [
            0,1,2,-1,2,1,3,-1,1,4,3,-1,3,4,5,-1,4,6,5,-1,5,6,7,-1,6,8,7,-1,7,8,9,-1,8,10,9,-1,9,10,11,-1,10,12,11,-1,11,12,13,-1,12,14,13,-1,13,14,15,-1,14,0,15,-1,15,0,2,-1,16,17,14,-1,12,10,8,-1,17,18,14,-1,14,18,19,-1,14,19,0,-1,0,19,20,-1,0,20,21,-1,21,22,0,-1,0,22,23,-1,0,23,1,-1,4,1,6,-1,6,1,23,-1,6,23,8,-1,8,23,16,-1,8,16,12,-1,12,16,14,-1,16,23,24,-1,24,23,25,-1,17,16,26,-1,26,16,24,-1,17,26,27,-1,17,27,18,-1,18,27,28,-1,18,28,19,-1,20,19,29,-1,29,19,28,-1,20,29,30,-1,20,30,21,-1,21,30,31,-1,21,31,22,-1,23,22,25,-1,25,22,31,-1,32,33,34,-1,34,33,35,-1,33,36,35,-1,35,36,37,-1,36,38,37,-1,37,38,39,-1,40,41,42,-1,40,42,43,-1,43,42,44,-1,43,44,45,-1,45,44,46,-1,45,46,47,-1,47,46,48,-1,47,48,49,-1,49,48,50,-1,49,50,51,-1,51,50,52,-1,51,52,53,-1,53,52,54,-1,53,54,55,-1,55,54,39,-1,55,39,38,-1,32,34,56,-1,32,56,57,-1,57,56,58,-1,57,58,59,-1,59,58,60,-1,59,60,61,-1,61,60,62,-1,61,62,63,-1,63,62,64,-1,63,64,65,-1,65,64,66,-1,65,66,67,-1,67,66,41,-1,67,41,40,-1,45,47,68,-1,68,47,49,-1,68,49,69,-1,69,49,51,-1,69,51,70,-1,70,51,53,-1,70,53,71,-1,71,53,55,-1,71,55,72,-1,72,55,38,-1,72,38,73,-1,73,38,36,-1,73,36,74,-1,74,36,33,-1,74,33,75,-1,75,33,32,-1,75,32,76,-1,76,32,57,-1,76,57,77,-1,77,57,59,-1,77,59,78,-1,78,59,61,-1,78,61,79,-1,79,61,63,-1,79,63,80,-1,80,63,65,-1,80,65,81,-1,81,65,67,-1,81,67,82,-1,82,67,40,-1,82,40,83,-1,83,40,43,-1,83,43,84,-1,84,43,45,-1,84,45,68,-1,72,73,85,-1,85,73,86,-1,72,85,87,-1,72,87,71,-1,71,87,88,-1,71,88,70,-1,70,88,89,-1,70,89,69,-1,69,89,90,-1,69,90,68,-1,68,90,91,-1,68,91,84,-1,84,91,92,-1,84,92,83,-1,83,92,93,-1,83,93,82,-1,82,93,94,-1,82,94,81,-1,81,94,95,-1,81,95,80,-1,80,95,96,-1,80,96,79,-1,79,96,97,-1,79,97,78,-1,78,97,98,-1,78,98,77,-1,77,98,99,-1,77,99,76,-1,76,99,100,-1,76,100,75,-1,74,75,101,-1,101,75,100,-1,73,74,86,-1,86,74,101,-1,102,103,104,-1,104,103,105,-1,103,106,105,-1,105,106,107,-1,106,108,107,-1,107,108,109,-1,108,110,109,-1,109,110,111,-1,110,112,111,-1,111,112,113,-1,112,114,113,-1,113,114,115,-1,114,116,115,-1,115,116,117,-1,116,118,117,-1,117,118,119,-1,118,120,119,-1,119,120,121,-1,120,122,121,-1,121,122,123,-1,122,124,123,-1,123,124,125,-1,124,102,125,-1,125,102,104,-1,106,103,102,-1,102,124,106,-1,106,124,122,-1,106,122,108,-1,112,110,114,-1,114,110,108,-1,114,108,116,-1,116,108,122,-1,116,122,118,-1,118,122,120,-1,126,127,128,-1,128,127,129,-1,129,127,130,-1,131,132,133,-1,131,133,134,-1,134,133,135,-1,134,135,130,-1,130,135,136,-1,130,136,129,-1,137,138,139,-1,137,139,140,-1,140,139,141,-1,140,141,142,-1,142,141,143,-1,142,143,144,-1,144,143,145,-1,144,145,146,-1,146,145,147,-1,146,147,148,-1,148,147,149,-1,148,149,150,-1,150,149,131,-1,131,149,151,-1,131,151,132,-1,152,153,154,-1,152,154,155,-1,155,154,156,-1,155,156,157,-1,157,156,158,-1,157,158,159,-1,159,158,160,-1,159,160,161,-1,161,160,162,-1,161,162,163,-1,163,162,164,-1,163,164,165,-1,165,164,138,-1,165,138,137,-1,166,167,168,-1,166,168,169,-1,169,168,153,-1,169,153,152,-1,166,170,167,-1,167,170,171,-1,172,173,174,-1,172,174,175,-1,175,174,171,-1,175,171,170,-1,176,177,178,-1,176,178,179,-1,179,178,180,-1,179,180,181,-1,181,180,182,-1,181,182,183,-1,183,182,184,-1,183,184,185,-1,185,184,186,-1,185,186,187,-1,187,186,188,-1,187,188,189,-1,189,188,173,-1,189,173,172,-1,190,191,192,-1,190,192,193,-1,193,192,194,-1,193,194,195,-1,195,194,196,-1,195,196,197,-1,197,196,198,-1,197,198,199,-1,199,198,200,-1,199,200,201,-1,201,200,202,-1,201,202,203,-1,203,202,177,-1,203,177,176,-1,126,128,204,-1,126,204,205,-1,205,204,206,-1,205,206,207,-1,207,206,191,-1,207,191,190,-1,193,131,190,-1,190,131,134,-1,190,134,207,-1,207,134,130,-1,207,130,205,-1,205,130,127,-1,205,127,126,-1,170,166,175,-1,175,166,169,-1,175,169,172,-1,172,169,152,-1,172,152,189,-1,189,152,155,-1,189,155,187,-1,187,155,157,-1,187,157,185,-1,185,157,159,-1,185,159,183,-1,183,159,161,-1,183,161,181,-1,181,161,163,-1,181,163,179,-1,179,163,165,-1,179,165,176,-1,176,165,137,-1,176,137,203,-1,203,137,140,-1,203,140,201,-1,201,140,142,-1,201,142,199,-1,199,142,144,-1,199,144,197,-1,197,144,146,-1,197,146,195,-1,195,146,148,-1,195,148,193,-1,193,148,150,-1,193,150,131,-1,208,209,210,-1,210,209,211,-1,209,212,211,-1,211,212,213,-1,212,214,213,-1,213,214,215,-1,214,216,215,-1,215,216,217,-1,216,218,217,-1,217,218,219,-1,218,208,219,-1,219,208,210,-1,216,214,218,-1,218,214,212,-1,218,212,208,-1,208,212,209,-1,
        ]
    }
}
Shape{
    appearance Appearance {
        material  Material 	{
            diffuseColor 0.9490196078431372 0.7607843137254902 0.1803921568627451
            specularColor 0.7607843137254902 0.6078431372549019 0.1450980392156863
            ambientIntensity 0.7509
            transparency 0.0
            shininess 0.5
        }
    }
    geometry IndexedFaceSet {
        ccw TRUE
        solid FALSE
        coord DEF co Coordinate {
            point [
                3.6378 -0.5189 -0.6543, 3.6378 -0.5189 -0.6872, 3.6378 -0.4778 -0.6689, 3.6378 -0.4778 -0.6724, 3.6378 -0.4744 -0.6699, 3.6378 -0.4744 -0.6715, 3.6378 -0.4709 -0.6705, 3.6378 -0.4709 -0.6708, 3.6378 -0.4697 -0.5539, 3.6378 -0.5465 -0.5539, 3.6378 -0.4697 -0.5684, 3.6378 -0.5465 -0.5679, 3.6378 -0.5456 -0.5783, 3.6378 -0.5072 -0.6067, 3.6378 -0.4974 -0.6059, 3.6378 -0.4896 -0.6036, 3.6378 -0.471 -0.5801, 3.6378 -0.543 -0.5866, 3.6378 -0.539 -0.5933, 3.6378 -0.5336 -0.5988, 3.6378 -0.5268 -0.6029, 3.6378 -0.5175 -0.6058, 3.6378 -0.4835 -0.6002, 3.6378 -0.4785 -0.5954, 3.6378 -0.4738 -0.5882, 4.6378 -0.4685 -0.4264, 4.6378 -0.4696 -0.4167, 4.6378 -0.5424 -0.4477, 4.6378 -0.4697 -0.5191, 4.6378 -0.4697 -0.4819, 4.6378 -0.5021 -0.4819, 4.6378 -0.5021 -0.5167, 4.6378 -0.5129 -0.5167, 4.6378 -0.558 -0.5311, 4.6378 -0.549 -0.3928, 4.6378 -0.5412 -0.3854, 4.6378 -0.5574 -0.3679, 4.6378 -0.558 -0.4166, 4.6378 -0.5574 -0.3175, 4.6378 -0.4701 -0.4384, 4.6378 -0.5414 -0.4495, 4.6378 -0.4748 -0.4495, 4.6378 -0.4589 -0.5191, 4.6378 -0.3622 -0.5311, 4.6378 -0.4589 -0.4687, 4.6378 -0.3622 0.1969, 4.6378 -0.4589 -0.3175, 4.6378 -0.4589 -0.3307, 4.6378 -0.4849 -0.3815, 4.6378 -0.4756 -0.3872, 4.6378 -0.4671 -0.3961, 4.6378 -0.4617 -0.4055, 4.6378 -0.5465 -0.3679, 4.6378 -0.5318 -0.3802, 4.6378 -0.5465 -0.3307, 4.6378 -0.4585 -0.4164, 4.6378 -0.4577 -0.4263, 4.6378 -0.4585 -0.4381, 4.6378 -0.4616 -0.4495, 4.6378 -0.5574 -0.4687, 4.6378 -0.5523 -0.4495, 4.6378 -0.5573 -0.4103, 4.6378 -0.554 -0.4007, 4.6378 -0.4723 -0.4094, 4.6378 -0.4768 -0.4026, 4.6378 -0.4834 -0.3966, 4.6378 -0.5092 -0.3895, 4.6378 -0.5198 -0.3905, 4.6378 -0.5283 -0.3931, 4.6378 -0.5467 -0.415, 4.6378 -0.5477 -0.4242, 4.6378 -0.5441 -0.4079, 4.6378 -0.54 -0.4018, 4.6378 -0.5351 -0.3972, 4.6378 -0.5463 -0.4373, 4.6378 -0.5214 -0.3772, 4.6378 -0.51 -0.3763, 4.6378 -0.496 -0.3777, 4.6378 -0.491 -0.3926, 4.6378 -0.5015 -0.3899, 4.6378 -0.5129 -0.4819, 4.6378 -0.5465 -0.4819, 4.6378 -0.5465 -0.5215, 4.6378 -0.5574 -0.5215, 4.6378 -0.558 -0.4291, 4.6378 -0.5585 -0.4251, 4.6378 -0.6378 -0.5311, 4.6378 -0.5586 -0.4224, 4.6378 -0.558 0.1969, 4.6378 -0.6378 0.1969, 4.6378 -0.4589 -0.6643, 4.6378 -0.4589 -0.6775, 4.6378 -0.5574 -0.7016, 4.6378 -0.5574 -0.716, 4.6378 -0.558 -1.0236, 4.6378 -0.3622 -1.0236, 4.6378 -0.5574 -0.5675, 4.6378 -0.5574 -0.5407, 4.6378 -0.4589 -0.5407, 4.6378 -0.4589 -0.5685, 4.6378 -0.4718 -0.605, 4.6378 -0.4795 -0.612, 4.6378 -0.4879 -0.6166, 4.6378 -0.5574 -0.6271, 4.6378 -0.5304 -0.615, 4.6378 -0.5392 -0.6094, 4.6378 -0.4604 -0.5827, 4.6378 -0.4645 -0.5942, 4.6378 -0.4717 -0.6049, 4.6378 -0.5469 -0.6013, 4.6378 -0.5529 -0.591, 4.6378 -0.5563 -0.5797, 4.6378 -0.5574 -0.6415, 4.6378 -0.5297 -0.6509, 4.6378 -0.5297 -0.6916, 4.6378 -0.4976 -0.6192, 4.6378 -0.5069 -0.6199, 4.6378 -0.5201 -0.6186, 4.6378 -0.5566 -0.439, 4.6378 -0.6378 -1.0236, 4.6378 0.5467 -0.4247, 4.6378 0.5456 -0.415, 4.6378 0.4728 -0.446, 4.6378 0.5563 -0.5174, 4.6378 0.6378 -0.5294, 4.6378 0.5563 -0.467, 4.6378 0.6378 0.1969, 4.6378 0.4663 -0.3911, 4.6378 0.4741 -0.3837, 4.6378 0.4579 -0.3661, 4.6378 0.4573 -0.4149, 4.6378 0.4579 -0.3157, 4.6378 0.5452 -0.4367, 4.6378 0.4738 -0.4477, 4.6378 0.5404 -0.4477, 4.6378 0.5023 -0.515, 4.6378 0.4573 -0.5294, 4.6378 0.5131 -0.515, 4.6378 0.5455 -0.5174, 4.6378 0.5131 -0.4802, 4.6378 0.5455 -0.4802, 4.6378 0.5563 -0.3157, 4.6378 0.5563 -0.3289, 4.6378 0.5304 -0.3797, 4.6378 0.5396 -0.3855, 4.6378 0.5481 -0.3944, 4.6378 0.5535 -0.4037, 4.6378 0.4687 -0.3661, 4.6378 0.4834 -0.3784, 4.6378 0.4687 -0.3289, 4.6378 0.5567 -0.4147, 4.6378 0.5575 -0.4246, 4.6378 0.5567 -0.4364, 4.6378 0.5536 -0.4477, 4.6378 0.4579 -0.467, 4.6378 0.463 -0.4477, 4.6378 0.458 -0.4085, 4.6378 0.4612 -0.399, 4.6378 0.543 -0.4076, 4.6378 0.5384 -0.4008, 4.6378 0.5319 -0.3949, 4.6378 0.5061 -0.3877, 4.6378 0.4954 -0.3887, 4.6378 0.4869 -0.3914, 4.6378 0.4685 -0.4133, 4.6378 0.4675 -0.4225, 4.6378 0.4712 -0.4061, 4.6378 0.4752 -0.4001, 4.6378 0.4801 -0.3955, 4.6378 0.4689 -0.4356, 4.6378 0.4939 -0.3755, 4.6378 0.5053 -0.3745, 4.6378 0.5192 -0.3759, 4.6378 0.5243 -0.3908, 4.6378 0.5137 -0.3882, 4.6378 0.5023 -0.4802, 4.6378 0.4687 -0.4802, 4.6378 0.4687 -0.5198, 4.6378 0.4579 -0.5198, 4.6378 0.4573 -0.4273, 4.6378 0.4567 -0.4234, 4.6378 0.3622 -0.5294, 4.6378 0.4567 -0.4207, 4.6378 0.4573 0.1969, 4.6378 0.3622 0.1969, 4.6378 0.5563 -0.6626, 4.6378 0.5563 -0.6758, 4.6378 0.4579 -0.5657, 4.6378 0.4579 -0.539, 4.6378 0.5563 -0.539, 4.6378 0.4579 -0.6998, 4.6378 0.4579 -0.7142, 4.6378 0.4573 -1.0236, 4.6378 0.6378 -1.0236, 4.6378 0.5563 -0.5667, 4.6378 0.5548 -0.581, 4.6378 0.5508 -0.5925, 4.6378 0.5436 -0.6032, 4.6378 0.4579 -0.6254, 4.6378 0.4849 -0.6133, 4.6378 0.4761 -0.6076, 4.6378 0.5435 -0.6033, 4.6378 0.5358 -0.6103, 4.6378 0.5273 -0.6148, 4.6378 0.4683 -0.5995, 4.6378 0.4623 -0.5893, 4.6378 0.459 -0.5779, 4.6378 0.4579 -0.6398, 4.6378 0.4855 -0.6492, 4.6378 0.4855 -0.6899, 4.6378 0.5176 -0.6175, 4.6378 0.5083 -0.6182, 4.6378 0.4952 -0.6168, 4.6378 0.4587 -0.4373, 4.6378 0.3622 -1.0236
            ]
        }
        coordIndex [
            0,1,2,-1,2,1,3,-1,2,3,4,-1,4,3,5,-1,4,5,6,-1,6,5,7,-1,8,9,10,-1,10,9,11,-1,10,11,12,-1,13,14,10,-1,10,14,15,-1,10,15,16,-1,12,17,10,-1,10,17,18,-1,10,18,19,-1,19,20,10,-1,10,20,21,-1,10,21,13,-1,22,23,15,-1,15,23,24,-1,15,24,16,-1,25,26,27,-1,28,29,30,-1,31,32,33,-1,34,35,36,-1,37,36,38,-1,25,27,39,-1,39,27,40,-1,39,40,41,-1,30,31,28,-1,28,31,33,-1,28,33,42,-1,42,33,43,-1,42,43,44,-1,44,43,45,-1,45,46,47,-1,48,49,47,-1,47,49,50,-1,47,50,51,-1,36,35,52,-1,52,35,53,-1,52,53,54,-1,51,55,47,-1,47,55,56,-1,47,56,45,-1,45,56,57,-1,45,57,44,-1,57,58,44,-1,44,58,41,-1,44,41,59,-1,59,41,40,-1,59,40,60,-1,37,61,36,-1,36,61,62,-1,36,62,34,-1,26,63,27,-1,27,63,64,-1,27,64,65,-1,66,67,27,-1,27,67,68,-1,69,70,71,-1,71,70,72,-1,68,73,27,-1,27,73,72,-1,27,72,74,-1,74,72,70,-1,53,75,54,-1,54,75,76,-1,54,76,47,-1,47,76,77,-1,47,77,48,-1,65,78,27,-1,27,78,79,-1,27,79,66,-1,80,81,32,-1,32,81,82,-1,32,82,33,-1,33,82,83,-1,33,83,59,-1,84,85,86,-1,86,85,87,-1,86,87,37,-1,46,45,38,-1,38,45,88,-1,38,88,37,-1,37,88,89,-1,37,89,86,-1,43,90,91,-1,92,33,93,-1,93,33,94,-1,93,94,91,-1,91,94,95,-1,91,95,43,-1,96,97,33,-1,33,97,98,-1,33,98,43,-1,43,98,99,-1,100,101,90,-1,90,101,102,-1,103,104,105,-1,99,106,43,-1,43,106,107,-1,43,107,90,-1,90,107,108,-1,90,108,100,-1,105,109,103,-1,103,109,110,-1,103,110,111,-1,111,96,103,-1,103,96,33,-1,103,33,112,-1,112,33,92,-1,112,92,113,-1,113,92,114,-1,102,115,90,-1,90,115,116,-1,90,116,103,-1,103,116,117,-1,103,117,104,-1,60,118,59,-1,59,118,84,-1,59,84,33,-1,33,84,86,-1,33,86,94,-1,94,86,119,-1,120,121,122,-1,123,124,125,-1,125,124,126,-1,127,128,129,-1,130,129,131,-1,120,122,132,-1,132,122,133,-1,132,133,134,-1,135,136,137,-1,137,136,138,-1,137,138,139,-1,139,138,140,-1,126,141,142,-1,143,144,142,-1,142,144,145,-1,142,145,146,-1,129,128,147,-1,147,128,148,-1,147,148,149,-1,146,150,142,-1,142,150,151,-1,142,151,126,-1,126,151,152,-1,126,152,125,-1,152,153,125,-1,125,153,134,-1,125,134,154,-1,154,134,133,-1,154,133,155,-1,130,156,129,-1,129,156,157,-1,129,157,127,-1,121,158,122,-1,122,158,159,-1,122,159,160,-1,161,162,122,-1,122,162,163,-1,164,165,166,-1,166,165,167,-1,163,168,122,-1,122,168,167,-1,122,167,169,-1,169,167,165,-1,148,170,149,-1,149,170,171,-1,149,171,142,-1,142,171,172,-1,142,172,143,-1,160,173,122,-1,122,173,174,-1,122,174,161,-1,175,176,135,-1,135,176,177,-1,135,177,136,-1,136,177,178,-1,136,178,154,-1,179,180,181,-1,181,180,182,-1,181,182,130,-1,141,126,131,-1,131,126,183,-1,131,183,130,-1,130,183,184,-1,130,184,181,-1,124,185,186,-1,187,188,136,-1,123,138,124,-1,124,138,136,-1,124,136,189,-1,189,136,188,-1,190,136,191,-1,191,136,192,-1,191,192,186,-1,186,192,193,-1,186,193,124,-1,189,194,124,-1,124,194,195,-1,124,195,185,-1,185,195,196,-1,185,196,197,-1,198,199,200,-1,197,201,185,-1,185,201,202,-1,185,202,203,-1,200,204,198,-1,198,204,205,-1,198,205,206,-1,206,187,198,-1,198,187,136,-1,198,136,207,-1,207,136,190,-1,207,190,208,-1,208,190,209,-1,203,210,185,-1,185,210,211,-1,185,211,198,-1,198,211,212,-1,198,212,199,-1,155,213,154,-1,154,213,179,-1,154,179,136,-1,136,179,181,-1,136,181,192,-1,192,181,214,-1,
        ]
    }
}
Shape{
    appearance Appearance {
        material  Material 	{
            diffuseColor 0.17647058823529413 0.17647058823529413 0.17647058823529413
            specularColor 0.050980392156862744 0.050980392156862744 0.050980392156862744
            ambientIntensity 0.251
            transparency 0.0
            shininess 0.5
        }
    }
    geometry IndexedFaceSet {
        ccw TRUE
        solid FALSE
        coord DEF co Coordinate {
            point [
                4.6378 -0.6378 0.1969, 5.0 -0.8031 0.1969, 4.3622 -0.6378 0.1969, 4.0 -0.8031 0.1969, 4.3622 -0.3622 0.1969, 4.6378 -0.558 0.1969, 4.6378 -0.3622 0.1969, 5.0 0.8031 0.1969, 4.6378 0.6378 0.1969, 4.0 0.8031 0.1969, 4.3622 0.6378 0.1969, 4.3622 0.3622 0.1969, 4.6378 0.3622 0.1969, 4.6378 0.4573 0.1969, 4.1181 -1.0 0.0079, 4.1181 -1.0 0.9843, 4.0 -0.8819 0.0079, 4.0 -0.8819 0.9843, 4.8819 -1.0 0.0079, 4.8819 -1.0 0.9843, 5.0 -0.8819 0.0079, 5.0 -0.8819 0.9843, 5.0 -0.8031 0.0079, 5.0 0.8031 0.0079, 5.0 0.8819 0.0079, 5.0 0.8819 0.9843, 4.8819 1.0 0.0079, 4.8819 1.0 0.9843, 4.1181 1.0 0.0079, 4.1181 1.0 0.9843, 4.0 0.8819 0.0079, 4.0 0.8819 0.9843, 4.0 0.8031 0.0079, 4.0 -0.8031 0.0079, 4.3622 0.6378 0.9843, 4.3622 0.3622 0.9843, 4.6378 0.3622 0.9843, 4.3622 -0.3622 0.9843, 4.6378 -0.3622 0.9843, 4.6378 0.6378 0.9843, 4.6378 -0.6378 0.9843, 4.3622 -0.6378 0.9843
            ]
        }
        coordIndex [
            0,1,2,-1,2,1,3,-1,2,3,4,-1,0,5,1,-1,1,5,6,-1,1,6,7,-1,7,8,9,-1,9,8,10,-1,9,10,11,-1,3,9,4,-1,4,9,11,-1,4,11,6,-1,6,11,12,-1,6,12,7,-1,7,12,13,-1,7,13,8,-1,14,15,16,-1,16,15,17,-1,18,19,14,-1,14,19,15,-1,20,21,18,-1,18,21,19,-1,20,22,1,-1,23,24,7,-1,7,24,25,-1,7,25,1,-1,1,25,21,-1,1,21,20,-1,26,27,24,-1,24,27,25,-1,28,29,26,-1,26,29,27,-1,30,31,28,-1,28,31,29,-1,30,32,9,-1,33,16,3,-1,3,16,17,-1,3,17,9,-1,9,17,31,-1,9,31,30,-1,15,19,21,-1,34,31,35,-1,35,31,17,-1,36,37,38,-1,39,25,34,-1,34,25,27,-1,34,27,31,-1,31,27,29,-1,39,36,25,-1,25,36,38,-1,25,38,21,-1,21,38,40,-1,21,40,15,-1,15,40,41,-1,15,41,17,-1,17,41,37,-1,17,37,35,-1,35,37,36,-1,1,22,3,-1,3,22,33,-1,22,20,18,-1,22,18,33,-1,33,18,14,-1,33,14,16,-1,32,23,9,-1,9,23,7,-1,23,32,30,-1,30,28,23,-1,23,28,26,-1,23,26,24,-1,
        ]
    }
}
Shape{
    appearance Appearance {
        material  Material 	{
            diffuseColor 0.9490196078431372 0.7607843137254902 0.1803921568627451
            specularColor 0.7607843137254902 0.6078431372549019 0.1450980392156863
            ambientIntensity 0.7509
            transparency 0.0
            shininess 0.5
        }
    }
    geometry IndexedFaceSet {
        ccw TRUE
        solid FALSE
        coord DEF co Coordinate {
            point [
                4.5984 0.4016 3.3465, 4.5984 0.5984 3.3465, 4.4016 0.4016 3.3465, 4.4016 0.5984 3.3465, 4.6378 0.6378 3.189, 4.6378 0.6378 0.9843, 4.3622 0.6378 3.189, 4.3622 0.6378 0.9843, 4.3622 0.3622 3.189, 4.3622 0.3622 0.9843, 4.6378 0.3622 3.189, 4.6378 0.3622 0.9843, 4.6378 0.3622 0.1969, 4.3622 0.3622 0.1969, 4.6378 0.3622 -0.5294, 4.3622 0.3622 -1.0236, 4.6378 0.3622 -1.0236, 4.3622 0.6378 -1.0236, 4.3622 0.6378 0.1969, 4.6378 0.6378 0.1969, 4.6378 0.6378 -0.5294, 4.6378 0.6378 -1.0236, 4.5984 0.5984 -1.1811, 4.5984 0.4016 -1.1811, 4.4016 0.5984 -1.1811, 4.4016 0.4016 -1.1811, 4.5984 -0.5984 3.3465, 4.5984 -0.4016 3.3465, 4.4016 -0.5984 3.3465, 4.4016 -0.4016 3.3465, 4.6378 -0.3622 3.189, 4.6378 -0.3622 0.9843, 4.3622 -0.3622 3.189, 4.3622 -0.3622 0.9843, 4.3622 -0.6378 3.189, 4.3622 -0.6378 0.9843, 4.6378 -0.6378 3.189, 4.6378 -0.6378 0.9843, 4.6378 -0.6378 0.1969, 4.3622 -0.6378 0.1969, 4.6378 -0.6378 -0.5311, 4.3622 -0.6378 -1.0236, 4.6378 -0.6378 -1.0236, 4.3622 -0.3622 -1.0236, 4.3622 -0.3622 0.1969, 4.6378 -0.3622 0.1969, 4.6378 -0.3622 -0.5311, 4.6378 -0.3622 -1.0236, 4.5984 -0.4016 -1.1811, 4.5984 -0.5984 -1.1811, 4.4016 -0.4016 -1.1811, 4.4016 -0.5984 -1.1811, 4.6378 -0.558 -1.0236, 4.6378 0.4573 -1.0236
            ]
        }
        coordIndex [
            0,1,2,-1,2,1,3,-1,4,5,6,-1,6,5,7,-1,6,7,8,-1,8,7,9,-1,8,9,10,-1,10,9,11,-1,10,11,4,-1,4,11,5,-1,12,13,14,-1,14,13,15,-1,14,15,16,-1,15,13,17,-1,17,13,18,-1,18,19,17,-1,17,19,20,-1,17,20,21,-1,22,23,24,-1,24,23,25,-1,26,27,28,-1,28,27,29,-1,30,31,32,-1,32,31,33,-1,32,33,34,-1,34,33,35,-1,34,35,36,-1,36,35,37,-1,36,37,30,-1,30,37,31,-1,38,39,40,-1,40,39,41,-1,40,41,42,-1,41,39,43,-1,43,39,44,-1,44,45,43,-1,43,45,46,-1,43,46,47,-1,48,49,50,-1,50,49,51,-1,32,29,30,-1,30,29,27,-1,34,28,32,-1,32,28,29,-1,26,36,27,-1,27,36,30,-1,36,26,34,-1,34,26,28,-1,6,3,4,-1,4,3,1,-1,8,2,6,-1,6,2,3,-1,0,10,1,-1,1,10,4,-1,10,0,8,-1,8,0,2,-1,49,42,51,-1,51,42,41,-1,42,49,52,-1,52,49,48,-1,52,48,47,-1,43,50,41,-1,41,50,51,-1,50,43,48,-1,48,43,47,-1,23,16,25,-1,25,16,15,-1,16,23,53,-1,53,23,22,-1,53,22,21,-1,17,24,15,-1,15,24,25,-1,24,17,22,-1,22,17,21,-1,
        ]
    }
}
Shape{
    appearance Appearance {
        material  Material 	{
            diffuseColor 0.0 0.0 0.0
            specularColor 0.0 0.0 0.0
            ambientIntensity 0.0
            transparency 0.0
            shininess 0.5
        }
    }
    geometry IndexedFaceSet {
        ccw TRUE
        solid FALSE
        coord DEF co Coordinate {
            point [
                4.6339 0.5563 -0.6758, 4.6339 0.4579 -0.7142, 4.6378 0.5563 -0.6758, 4.6378 0.4579 -0.7142, 4.6339 0.4579 -0.6998, 4.6378 0.4579 -0.6998, 4.6339 0.4855 -0.6899, 4.6378 0.4855 -0.6899, 4.6339 0.4855 -0.6492, 4.6378 0.4855 -0.6492, 4.6339 0.4579 -0.6398, 4.6378 0.4579 -0.6398, 4.6339 0.4579 -0.6254, 4.6378 0.4579 -0.6254, 4.6339 0.5563 -0.6626, 4.6378 0.5563 -0.6626, 4.6339 0.4963 -0.6525, 4.6339 0.4963 -0.6854, 4.6339 0.5374 -0.6672, 4.6339 0.5408 -0.6681, 4.6339 0.5443 -0.6688, 4.6339 0.5443 -0.6691, 4.6339 0.5408 -0.6697, 4.6339 0.5374 -0.6706, 4.6378 0.4963 -0.6525, 4.6378 0.4963 -0.6854, 4.6378 0.5374 -0.6672, 4.6378 0.5408 -0.6681, 4.6378 0.5443 -0.6688, 4.6378 0.5443 -0.6691, 4.6378 0.5408 -0.6697, 4.6378 0.5374 -0.6706, 4.6339 0.4579 -0.5657, 4.6339 0.4579 -0.539, 4.6378 0.4579 -0.5657, 4.6378 0.4579 -0.539, 4.6339 0.5563 -0.539, 4.6378 0.5563 -0.539, 4.6339 0.5563 -0.5667, 4.6378 0.5563 -0.5667, 4.6339 0.5083 -0.6182, 4.6378 0.5083 -0.6182, 4.6378 0.5176 -0.6175, 4.6339 0.5176 -0.6175, 4.6378 0.5273 -0.6148, 4.6339 0.5273 -0.6148, 4.6378 0.5358 -0.6103, 4.6339 0.5358 -0.6103, 4.6378 0.5435 -0.6033, 4.6339 0.5435 -0.6033, 4.6378 0.5436 -0.6032, 4.6339 0.5436 -0.6032, 4.6378 0.5508 -0.5925, 4.6339 0.5508 -0.5925, 4.6378 0.5548 -0.581, 4.6339 0.5548 -0.581, 4.6378 0.459 -0.5779, 4.6339 0.459 -0.5779, 4.6378 0.4623 -0.5893, 4.6339 0.4623 -0.5893, 4.6378 0.4683 -0.5995, 4.6339 0.4683 -0.5995, 4.6378 0.4761 -0.6076, 4.6339 0.4761 -0.6076, 4.6378 0.4849 -0.6133, 4.6339 0.4849 -0.6133, 4.6378 0.4952 -0.6168, 4.6339 0.4952 -0.6168, 4.6339 0.5317 -0.5984, 4.6339 0.5368 -0.5937, 4.6339 0.5414 -0.5865, 4.6339 0.5443 -0.5783, 4.6339 0.5455 -0.5667, 4.6339 0.5455 -0.5522, 4.6339 0.4687 -0.5522, 4.6339 0.4687 -0.5661, 4.6339 0.4697 -0.5765, 4.6339 0.4723 -0.5848, 4.6339 0.4762 -0.5915, 4.6339 0.4817 -0.597, 4.6339 0.4885 -0.6012, 4.6339 0.4977 -0.6041, 4.6339 0.5081 -0.605, 4.6339 0.5179 -0.6042, 4.6339 0.5256 -0.6019, 4.6378 0.5455 -0.5667, 4.6378 0.5455 -0.5522, 4.6378 0.5443 -0.5783, 4.6378 0.5414 -0.5865, 4.6378 0.5368 -0.5937, 4.6378 0.5317 -0.5984, 4.6378 0.5256 -0.6019, 4.6378 0.5179 -0.6042, 4.6378 0.5081 -0.605, 4.6378 0.4977 -0.6041, 4.6378 0.4885 -0.6012, 4.6378 0.4817 -0.597, 4.6378 0.4762 -0.5915, 4.6378 0.4723 -0.5848, 4.6378 0.4697 -0.5765, 4.6378 0.4687 -0.5661, 4.6378 0.4687 -0.5522, 4.6339 0.4687 -0.5198, 4.6339 0.4579 -0.5198, 4.6378 0.4687 -0.5198, 4.6378 0.4579 -0.5198, 4.6339 0.4579 -0.467, 4.6378 0.4579 -0.467, 4.6339 0.5563 -0.467, 4.6378 0.5563 -0.467, 4.6339 0.5563 -0.5174, 4.6378 0.5563 -0.5174, 4.6339 0.5455 -0.5174, 4.6378 0.5455 -0.5174, 4.6339 0.5455 -0.4802, 4.6378 0.5455 -0.4802, 4.6339 0.5131 -0.4802, 4.6378 0.5131 -0.4802, 4.6339 0.5131 -0.515, 4.6378 0.5131 -0.515, 4.6339 0.5023 -0.515, 4.6378 0.5023 -0.515, 4.6339 0.5023 -0.4802, 4.6378 0.5023 -0.4802, 4.6339 0.4687 -0.4802, 4.6378 0.4687 -0.4802, 4.6339 0.4738 -0.4477, 4.6339 0.463 -0.4477, 4.6378 0.4738 -0.4477, 4.6378 0.463 -0.4477, 4.6339 0.4587 -0.4373, 4.6339 0.4567 -0.4207, 4.6378 0.4567 -0.4207, 4.6378 0.4567 -0.4234, 4.6339 0.4567 -0.4234, 4.6378 0.4573 -0.4273, 4.6378 0.4587 -0.4373, 4.6339 0.5053 -0.3745, 4.6378 0.5053 -0.3745, 4.6378 0.4939 -0.3755, 4.6339 0.4939 -0.3755, 4.6378 0.4834 -0.3784, 4.6339 0.4834 -0.3784, 4.6378 0.4741 -0.3837, 4.6339 0.4741 -0.3837, 4.6378 0.4663 -0.3911, 4.6339 0.4663 -0.3911, 4.6378 0.4612 -0.399, 4.6339 0.4612 -0.399, 4.6378 0.458 -0.4085, 4.6339 0.458 -0.4085, 4.6378 0.4573 -0.4149, 4.6339 0.5575 -0.4246, 4.6378 0.5575 -0.4246, 4.6378 0.5567 -0.4147, 4.6339 0.5567 -0.4147, 4.6378 0.5535 -0.4037, 4.6339 0.5535 -0.4037, 4.6378 0.5481 -0.3944, 4.6339 0.5481 -0.3944, 4.6378 0.5396 -0.3855, 4.6339 0.5396 -0.3855, 4.6378 0.5304 -0.3797, 4.6339 0.5304 -0.3797, 4.6378 0.5192 -0.3759, 4.6339 0.5192 -0.3759, 4.6339 0.5536 -0.4477, 4.6378 0.5536 -0.4477, 4.6378 0.5567 -0.4364, 4.6339 0.5567 -0.4364, 4.6339 0.5404 -0.4477, 4.6378 0.5404 -0.4477, 4.6339 0.5467 -0.4247, 4.6378 0.5467 -0.4247, 4.6378 0.5452 -0.4367, 4.6339 0.5452 -0.4367, 4.6339 0.5061 -0.3877, 4.6378 0.5061 -0.3877, 4.6378 0.5137 -0.3882, 4.6339 0.5137 -0.3882, 4.6378 0.5243 -0.3908, 4.6339 0.5243 -0.3908, 4.6378 0.5319 -0.3949, 4.6339 0.5319 -0.3949, 4.6378 0.5384 -0.4008, 4.6339 0.5384 -0.4008, 4.6378 0.543 -0.4076, 4.6339 0.543 -0.4076, 4.6378 0.5456 -0.415, 4.6339 0.5456 -0.415, 4.6339 0.4675 -0.4225, 4.6378 0.4675 -0.4225, 4.6378 0.4685 -0.4133, 4.6339 0.4685 -0.4133, 4.6378 0.4712 -0.4061, 4.6339 0.4712 -0.4061, 4.6378 0.4752 -0.4001, 4.6339 0.4752 -0.4001, 4.6378 0.4801 -0.3955, 4.6339 0.4801 -0.3955, 4.6378 0.4869 -0.3914, 4.6339 0.4869 -0.3914, 4.6378 0.4954 -0.3887, 4.6339 0.4954 -0.3887, 4.6378 0.4728 -0.446, 4.6339 0.4728 -0.446, 4.6378 0.4689 -0.4356, 4.6339 0.4689 -0.4356, 4.6339 0.4687 -0.3661, 4.6339 0.4579 -0.3661, 4.6378 0.4687 -0.3661, 4.6378 0.4579 -0.3661, 4.6339 0.4579 -0.3157, 4.6378 0.4579 -0.3157, 4.6339 0.5563 -0.3157, 4.6378 0.5563 -0.3157, 4.6339 0.5563 -0.3289, 4.6378 0.5563 -0.3289, 4.6339 0.4687 -0.3289, 4.6378 0.4687 -0.3289
            ]
        }
        coordIndex [
            0,1,2,-1,2,1,3,-1,1,4,3,-1,3,4,5,-1,4,6,5,-1,5,6,7,-1,6,8,7,-1,7,8,9,-1,8,10,9,-1,9,10,11,-1,10,12,11,-1,11,12,13,-1,12,14,13,-1,13,14,15,-1,14,0,15,-1,15,0,2,-1,16,8,17,-1,17,8,6,-1,18,14,16,-1,16,14,12,-1,16,12,8,-1,8,12,10,-1,18,19,14,-1,14,19,20,-1,14,20,0,-1,0,20,21,-1,0,21,22,-1,22,23,0,-1,0,23,17,-1,0,17,1,-1,1,17,6,-1,1,6,4,-1,16,17,24,-1,24,17,25,-1,18,16,26,-1,26,16,24,-1,18,26,27,-1,18,27,19,-1,19,27,28,-1,19,28,20,-1,21,20,29,-1,29,20,28,-1,21,29,30,-1,21,30,22,-1,22,30,31,-1,22,31,23,-1,17,23,25,-1,25,23,31,-1,32,33,34,-1,34,33,35,-1,33,36,35,-1,35,36,37,-1,36,38,37,-1,37,38,39,-1,40,41,42,-1,40,42,43,-1,43,42,44,-1,43,44,45,-1,45,44,46,-1,45,46,47,-1,47,46,48,-1,47,48,49,-1,49,48,50,-1,49,50,51,-1,51,50,52,-1,51,52,53,-1,53,52,54,-1,53,54,55,-1,55,54,39,-1,55,39,38,-1,32,34,56,-1,32,56,57,-1,57,56,58,-1,57,58,59,-1,59,58,60,-1,59,60,61,-1,61,60,62,-1,61,62,63,-1,63,62,64,-1,63,64,65,-1,65,64,66,-1,65,66,67,-1,67,66,41,-1,67,41,40,-1,45,47,68,-1,68,47,49,-1,68,49,69,-1,69,49,51,-1,69,51,70,-1,70,51,53,-1,70,53,71,-1,71,53,55,-1,71,55,72,-1,72,55,38,-1,72,38,73,-1,73,38,36,-1,73,36,74,-1,74,36,33,-1,74,33,75,-1,75,33,32,-1,75,32,76,-1,76,32,57,-1,76,57,77,-1,77,57,59,-1,77,59,78,-1,78,59,61,-1,78,61,79,-1,79,61,63,-1,79,63,80,-1,80,63,65,-1,80,65,81,-1,81,65,67,-1,81,67,82,-1,82,67,40,-1,82,40,83,-1,83,40,43,-1,83,43,84,-1,84,43,45,-1,84,45,68,-1,72,73,85,-1,85,73,86,-1,72,85,87,-1,72,87,71,-1,71,87,88,-1,71,88,70,-1,70,88,89,-1,70,89,69,-1,69,89,90,-1,69,90,68,-1,68,90,91,-1,68,91,84,-1,84,91,92,-1,84,92,83,-1,83,92,93,-1,83,93,82,-1,82,93,94,-1,82,94,81,-1,81,94,95,-1,81,95,80,-1,80,95,96,-1,80,96,79,-1,79,96,97,-1,79,97,78,-1,78,97,98,-1,78,98,77,-1,77,98,99,-1,77,99,76,-1,76,99,100,-1,76,100,75,-1,74,75,101,-1,101,75,100,-1,73,74,86,-1,86,74,101,-1,102,103,104,-1,104,103,105,-1,103,106,105,-1,105,106,107,-1,106,108,107,-1,107,108,109,-1,108,110,109,-1,109,110,111,-1,110,112,111,-1,111,112,113,-1,112,114,113,-1,113,114,115,-1,114,116,115,-1,115,116,117,-1,116,118,117,-1,117,118,119,-1,118,120,119,-1,119,120,121,-1,120,122,121,-1,121,122,123,-1,122,124,123,-1,123,124,125,-1,124,102,125,-1,125,102,104,-1,106,103,102,-1,102,124,106,-1,106,124,122,-1,106,122,108,-1,112,110,114,-1,114,110,108,-1,114,108,116,-1,116,108,122,-1,116,122,118,-1,118,122,120,-1,126,127,128,-1,128,127,129,-1,129,127,130,-1,131,132,133,-1,131,133,134,-1,134,133,135,-1,134,135,130,-1,130,135,136,-1,130,136,129,-1,137,138,139,-1,137,139,140,-1,140,139,141,-1,140,141,142,-1,142,141,143,-1,142,143,144,-1,144,143,145,-1,144,145,146,-1,146,145,147,-1,146,147,148,-1,148,147,149,-1,148,149,150,-1,150,149,131,-1,131,149,151,-1,131,151,132,-1,152,153,154,-1,152,154,155,-1,155,154,156,-1,155,156,157,-1,157,156,158,-1,157,158,159,-1,159,158,160,-1,159,160,161,-1,161,160,162,-1,161,162,163,-1,163,162,164,-1,163,164,165,-1,165,164,138,-1,165,138,137,-1,166,167,168,-1,166,168,169,-1,169,168,153,-1,169,153,152,-1,166,170,167,-1,167,170,171,-1,172,173,174,-1,172,174,175,-1,175,174,171,-1,175,171,170,-1,176,177,178,-1,176,178,179,-1,179,178,180,-1,179,180,181,-1,181,180,182,-1,181,182,183,-1,183,182,184,-1,183,184,185,-1,185,184,186,-1,185,186,187,-1,187,186,188,-1,187,188,189,-1,189,188,173,-1,189,173,172,-1,190,191,192,-1,190,192,193,-1,193,192,194,-1,193,194,195,-1,195,194,196,-1,195,196,197,-1,197,196,198,-1,197,198,199,-1,199,198,200,-1,199,200,201,-1,201,200,202,-1,201,202,203,-1,203,202,177,-1,203,177,176,-1,126,128,204,-1,126,204,205,-1,205,204,206,-1,205,206,207,-1,207,206,191,-1,207,191,190,-1,193,131,190,-1,190,131,134,-1,190,134,207,-1,207,134,130,-1,207,130,205,-1,205,130,127,-1,205,127,126,-1,170,166,175,-1,175,166,169,-1,175,169,172,-1,172,169,152,-1,172,152,189,-1,189,152,155,-1,189,155,187,-1,187,155,157,-1,187,157,185,-1,185,157,159,-1,185,159,183,-1,183,159,161,-1,183,161,181,-1,181,161,163,-1,181,163,179,-1,179,163,165,-1,179,165,176,-1,176,165,137,-1,176,137,203,-1,203,137,140,-1,203,140,201,-1,201,140,142,-1,201,142,199,-1,199,142,144,-1,199,144,197,-1,197,144,146,-1,197,146,195,-1,195,146,148,-1,195,148,193,-1,193,148,150,-1,193,150,131,-1,208,209,210,-1,210,209,211,-1,209,212,211,-1,211,212,213,-1,212,214,213,-1,213,214,215,-1,214,216,215,-1,215,216,217,-1,216,218,217,-1,217,218,219,-1,218,208,219,-1,219,208,210,-1,216,214,218,-1,218,214,212,-1,218,212,208,-1,208,212,209,-1,
        ]
    }
}
Shape{
    appearance Appearance {
        material  Material 	{
            diffuseColor 0.9490196078431372 0.7607843137254902 0.1803921568627451
            specularColor 0.7607843137254902 0.6078431372549019 0.1450980392156863
            ambientIntensity 0.7509
            transparency 0.0
            shininess 0.5
        }
    }
    geometry IndexedFaceSet {
        ccw TRUE
        solid FALSE
        coord DEF co Coordinate {
            point [
                4.6378 0.4963 -0.6525, 4.6378 0.4963 -0.6854, 4.6378 0.5374 -0.6672, 4.6378 0.5374 -0.6706, 4.6378 0.5408 -0.6681, 4.6378 0.5408 -0.6697, 4.6378 0.5443 -0.6688, 4.6378 0.5443 -0.6691, 4.6378 0.5455 -0.5522, 4.6378 0.4687 -0.5522, 4.6378 0.5455 -0.5667, 4.6378 0.4687 -0.5661, 4.6378 0.4697 -0.5765, 4.6378 0.5081 -0.605, 4.6378 0.5179 -0.6042, 4.6378 0.5256 -0.6019, 4.6378 0.5443 -0.5783, 4.6378 0.4723 -0.5848, 4.6378 0.4762 -0.5915, 4.6378 0.4817 -0.597, 4.6378 0.4885 -0.6012, 4.6378 0.4977 -0.6041, 4.6378 0.5317 -0.5984, 4.6378 0.5368 -0.5937, 4.6378 0.5414 -0.5865
            ]
        }
        coordIndex [
            0,1,2,-1,2,1,3,-1,2,3,4,-1,4,3,5,-1,4,5,6,-1,6,5,7,-1,8,9,10,-1,10,9,11,-1,10,11,12,-1,13,14,10,-1,10,14,15,-1,10,15,16,-1,12,17,10,-1,10,17,18,-1,10,18,19,-1,19,20,10,-1,10,20,21,-1,10,21,13,-1,22,23,15,-1,15,23,24,-1,15,24,16,-1,
        ]
    }
}
Shape{
    appearance Appearance {
        material  Material 	{
            diffuseColor 0.0 0.0 0.0
            specularColor 0.0 0.0 0.0
            ambientIntensity 0.0
            transparency 0.0
            shininess 0.5
        }
    }
    geometry IndexedFaceSet {
        ccw TRUE
        solid FALSE
        coord DEF co Coordinate {
            point [
                4.6339 -0.4589 -0.6775, 4.6339 -0.5574 -0.716, 4.6378 -0.4589 -0.6775, 4.6378 -0.5574 -0.716, 4.6339 -0.5574 -0.7016, 4.6378 -0.5574 -0.7016, 4.6339 -0.5297 -0.6916, 4.6378 -0.5297 -0.6916, 4.6339 -0.5297 -0.6509, 4.6378 -0.5297 -0.6509, 4.6339 -0.5574 -0.6415, 4.6378 -0.5574 -0.6415, 4.6339 -0.5574 -0.6271, 4.6378 -0.5574 -0.6271, 4.6339 -0.4589 -0.6643, 4.6378 -0.4589 -0.6643, 4.6339 -0.5189 -0.6543, 4.6339 -0.4778 -0.6689, 4.6339 -0.4744 -0.6699, 4.6339 -0.4709 -0.6705, 4.6339 -0.4709 -0.6708, 4.6339 -0.4744 -0.6715, 4.6339 -0.4778 -0.6724, 4.6339 -0.5189 -0.6872, 4.6378 -0.5189 -0.6543, 4.6378 -0.5189 -0.6872, 4.6378 -0.4778 -0.6689, 4.6378 -0.4744 -0.6699, 4.6378 -0.4709 -0.6705, 4.6378 -0.4709 -0.6708, 4.6378 -0.4744 -0.6715, 4.6378 -0.4778 -0.6724, 4.6339 -0.5574 -0.5675, 4.6339 -0.5574 -0.5407, 4.6378 -0.5574 -0.5675, 4.6378 -0.5574 -0.5407, 4.6339 -0.4589 -0.5407, 4.6378 -0.4589 -0.5407, 4.6339 -0.4589 -0.5685, 4.6378 -0.4589 -0.5685, 4.6339 -0.5069 -0.6199, 4.6378 -0.5069 -0.6199, 4.6378 -0.4976 -0.6192, 4.6339 -0.4976 -0.6192, 4.6378 -0.4879 -0.6166, 4.6339 -0.4879 -0.6166, 4.6378 -0.4795 -0.612, 4.6339 -0.4795 -0.612, 4.6378 -0.4718 -0.605, 4.6339 -0.4718 -0.605, 4.6378 -0.4717 -0.6049, 4.6339 -0.4717 -0.6049, 4.6378 -0.4645 -0.5942, 4.6339 -0.4645 -0.5942, 4.6378 -0.4604 -0.5827, 4.6339 -0.4604 -0.5827, 4.6378 -0.5563 -0.5797, 4.6339 -0.5563 -0.5797, 4.6378 -0.5529 -0.591, 4.6339 -0.5529 -0.591, 4.6378 -0.5469 -0.6013, 4.6339 -0.5469 -0.6013, 4.6378 -0.5392 -0.6094, 4.6339 -0.5392 -0.6094, 4.6378 -0.5304 -0.615, 4.6339 -0.5304 -0.615, 4.6378 -0.5201 -0.6186, 4.6339 -0.5201 -0.6186, 4.6339 -0.4835 -0.6002, 4.6339 -0.4785 -0.5954, 4.6339 -0.4738 -0.5882, 4.6339 -0.471 -0.5801, 4.6339 -0.4697 -0.5684, 4.6339 -0.4697 -0.5539, 4.6339 -0.5465 -0.5539, 4.6339 -0.5465 -0.5679, 4.6339 -0.5456 -0.5783, 4.6339 -0.543 -0.5866, 4.6339 -0.539 -0.5933, 4.6339 -0.5336 -0.5988, 4.6339 -0.5268 -0.6029, 4.6339 -0.5175 -0.6058, 4.6339 -0.5072 -0.6067, 4.6339 -0.4974 -0.6059, 4.6339 -0.4896 -0.6036, 4.6378 -0.4697 -0.5684, 4.6378 -0.4697 -0.5539, 4.6378 -0.471 -0.5801, 4.6378 -0.4738 -0.5882, 4.6378 -0.4785 -0.5954, 4.6378 -0.4835 -0.6002, 4.6378 -0.4896 -0.6036, 4.6378 -0.4974 -0.6059, 4.6378 -0.5072 -0.6067, 4.6378 -0.5175 -0.6058, 4.6378 -0.5268 -0.6029, 4.6378 -0.5336 -0.5988, 4.6378 -0.539 -0.5933, 4.6378 -0.543 -0.5866, 4.6378 -0.5456 -0.5783, 4.6378 -0.5465 -0.5679, 4.6378 -0.5465 -0.5539, 4.6339 -0.5465 -0.5215, 4.6339 -0.5574 -0.5215, 4.6378 -0.5465 -0.5215, 4.6378 -0.5574 -0.5215, 4.6339 -0.5574 -0.4687, 4.6378 -0.5574 -0.4687, 4.6339 -0.4589 -0.4687, 4.6378 -0.4589 -0.4687, 4.6339 -0.4589 -0.5191, 4.6378 -0.4589 -0.5191, 4.6339 -0.4697 -0.5191, 4.6378 -0.4697 -0.5191, 4.6339 -0.4697 -0.4819, 4.6378 -0.4697 -0.4819, 4.6339 -0.5021 -0.4819, 4.6378 -0.5021 -0.4819, 4.6339 -0.5021 -0.5167, 4.6378 -0.5021 -0.5167, 4.6339 -0.5129 -0.5167, 4.6378 -0.5129 -0.5167, 4.6339 -0.5129 -0.4819, 4.6378 -0.5129 -0.4819, 4.6339 -0.5465 -0.4819, 4.6378 -0.5465 -0.4819, 4.6339 -0.5414 -0.4495, 4.6339 -0.5523 -0.4495, 4.6378 -0.5414 -0.4495, 4.6378 -0.5523 -0.4495, 4.6339 -0.5566 -0.439, 4.6339 -0.5586 -0.4224, 4.6378 -0.5586 -0.4224, 4.6378 -0.5585 -0.4251, 4.6339 -0.5585 -0.4251, 4.6378 -0.558 -0.4291, 4.6378 -0.5566 -0.439, 4.6339 -0.51 -0.3763, 4.6378 -0.51 -0.3763, 4.6378 -0.5214 -0.3772, 4.6339 -0.5214 -0.3772, 4.6378 -0.5318 -0.3802, 4.6339 -0.5318 -0.3802, 4.6378 -0.5412 -0.3854, 4.6339 -0.5412 -0.3854, 4.6378 -0.549 -0.3928, 4.6339 -0.549 -0.3928, 4.6378 -0.554 -0.4007, 4.6339 -0.554 -0.4007, 4.6378 -0.5573 -0.4103, 4.6339 -0.5573 -0.4103, 4.6378 -0.558 -0.4166, 4.6339 -0.4577 -0.4263, 4.6378 -0.4577 -0.4263, 4.6378 -0.4585 -0.4164, 4.6339 -0.4585 -0.4164, 4.6378 -0.4617 -0.4055, 4.6339 -0.4617 -0.4055, 4.6378 -0.4671 -0.3961, 4.6339 -0.4671 -0.3961, 4.6378 -0.4756 -0.3872, 4.6339 -0.4756 -0.3872, 4.6378 -0.4849 -0.3815, 4.6339 -0.4849 -0.3815, 4.6378 -0.496 -0.3777, 4.6339 -0.496 -0.3777, 4.6339 -0.4616 -0.4495, 4.6378 -0.4616 -0.4495, 4.6378 -0.4585 -0.4381, 4.6339 -0.4585 -0.4381, 4.6339 -0.4748 -0.4495, 4.6378 -0.4748 -0.4495, 4.6339 -0.4685 -0.4264, 4.6378 -0.4685 -0.4264, 4.6378 -0.4701 -0.4384, 4.6339 -0.4701 -0.4384, 4.6339 -0.5092 -0.3895, 4.6378 -0.5092 -0.3895, 4.6378 -0.5015 -0.3899, 4.6339 -0.5015 -0.3899, 4.6378 -0.491 -0.3926, 4.6339 -0.491 -0.3926, 4.6378 -0.4834 -0.3966, 4.6339 -0.4834 -0.3966, 4.6378 -0.4768 -0.4026, 4.6339 -0.4768 -0.4026, 4.6378 -0.4723 -0.4094, 4.6339 -0.4723 -0.4094, 4.6378 -0.4696 -0.4167, 4.6339 -0.4696 -0.4167, 4.6339 -0.5477 -0.4242, 4.6378 -0.5477 -0.4242, 4.6378 -0.5467 -0.415, 4.6339 -0.5467 -0.415, 4.6378 -0.5441 -0.4079, 4.6339 -0.5441 -0.4079, 4.6378 -0.54 -0.4018, 4.6339 -0.54 -0.4018, 4.6378 -0.5351 -0.3972, 4.6339 -0.5351 -0.3972, 4.6378 -0.5283 -0.3931, 4.6339 -0.5283 -0.3931, 4.6378 -0.5198 -0.3905, 4.6339 -0.5198 -0.3905, 4.6378 -0.5424 -0.4477, 4.6339 -0.5424 -0.4477, 4.6378 -0.5463 -0.4373, 4.6339 -0.5463 -0.4373, 4.6339 -0.5465 -0.3679, 4.6339 -0.5574 -0.3679, 4.6378 -0.5465 -0.3679, 4.6378 -0.5574 -0.3679, 4.6339 -0.5574 -0.3175, 4.6378 -0.5574 -0.3175, 4.6339 -0.4589 -0.3175, 4.6378 -0.4589 -0.3175, 4.6339 -0.4589 -0.3307, 4.6378 -0.4589 -0.3307, 4.6339 -0.5465 -0.3307, 4.6378 -0.5465 -0.3307
            ]
        }
        coordIndex [
            0,1,2,-1,2,1,3,-1,1,4,3,-1,3,4,5,-1,4,6,5,-1,5,6,7,-1,6,8,7,-1,7,8,9,-1,8,10,9,-1,9,10,11,-1,10,12,11,-1,11,12,13,-1,12,14,13,-1,13,14,15,-1,14,0,15,-1,15,0,2,-1,16,17,14,-1,12,10,8,-1,17,18,14,-1,14,18,19,-1,14,19,0,-1,0,19,20,-1,0,20,21,-1,21,22,0,-1,0,22,23,-1,0,23,1,-1,4,1,6,-1,6,1,23,-1,6,23,8,-1,8,23,16,-1,8,16,12,-1,12,16,14,-1,16,23,24,-1,24,23,25,-1,17,16,26,-1,26,16,24,-1,17,26,27,-1,17,27,18,-1,18,27,28,-1,18,28,19,-1,20,19,29,-1,29,19,28,-1,20,29,30,-1,20,30,21,-1,21,30,31,-1,21,31,22,-1,23,22,25,-1,25,22,31,-1,32,33,34,-1,34,33,35,-1,33,36,35,-1,35,36,37,-1,36,38,37,-1,37,38,39,-1,40,41,42,-1,40,42,43,-1,43,42,44,-1,43,44,45,-1,45,44,46,-1,45,46,47,-1,47,46,48,-1,47,48,49,-1,49,48,50,-1,49,50,51,-1,51,50,52,-1,51,52,53,-1,53,52,54,-1,53,54,55,-1,55,54,39,-1,55,39,38,-1,32,34,56,-1,32,56,57,-1,57,56,58,-1,57,58,59,-1,59,58,60,-1,59,60,61,-1,61,60,62,-1,61,62,63,-1,63,62,64,-1,63,64,65,-1,65,64,66,-1,65,66,67,-1,67,66,41,-1,67,41,40,-1,45,47,68,-1,68,47,49,-1,68,49,69,-1,69,49,51,-1,69,51,70,-1,70,51,53,-1,70,53,71,-1,71,53,55,-1,71,55,72,-1,72,55,38,-1,72,38,73,-1,73,38,36,-1,73,36,74,-1,74,36,33,-1,74,33,75,-1,75,33,32,-1,75,32,76,-1,76,32,57,-1,76,57,77,-1,77,57,59,-1,77,59,78,-1,78,59,61,-1,78,61,79,-1,79,61,63,-1,79,63,80,-1,80,63,65,-1,80,65,81,-1,81,65,67,-1,81,67,82,-1,82,67,40,-1,82,40,83,-1,83,40,43,-1,83,43,84,-1,84,43,45,-1,84,45,68,-1,72,73,85,-1,85,73,86,-1,72,85,87,-1,72,87,71,-1,71,87,88,-1,71,88,70,-1,70,88,89,-1,70,89,69,-1,69,89,90,-1,69,90,68,-1,68,90,91,-1,68,91,84,-1,84,91,92,-1,84,92,83,-1,83,92,93,-1,83,93,82,-1,82,93,94,-1,82,94,81,-1,81,94,95,-1,81,95,80,-1,80,95,96,-1,80,96,79,-1,79,96,97,-1,79,97,78,-1,78,97,98,-1,78,98,77,-1,77,98,99,-1,77,99,76,-1,76,99,100,-1,76,100,75,-1,74,75,101,-1,101,75,100,-1,73,74,86,-1,86,74,101,-1,102,103,104,-1,104,103,105,-1,103,106,105,-1,105,106,107,-1,106,108,107,-1,107,108,109,-1,108,110,109,-1,109,110,111,-1,110,112,111,-1,111,112,113,-1,112,114,113,-1,113,114,115,-1,114,116,115,-1,115,116,117,-1,116,118,117,-1,117,118,119,-1,118,120,119,-1,119,120,121,-1,120,122,121,-1,121,122,123,-1,122,124,123,-1,123,124,125,-1,124,102,125,-1,125,102,104,-1,106,103,102,-1,102,124,106,-1,106,124,122,-1,106,122,108,-1,112,110,114,-1,114,110,108,-1,114,108,116,-1,116,108,122,-1,116,122,118,-1,118,122,120,-1,126,127,128,-1,128,127,129,-1,129,127,130,-1,131,132,133,-1,131,133,134,-1,134,133,135,-1,134,135,130,-1,130,135,136,-1,130,136,129,-1,137,138,139,-1,137,139,140,-1,140,139,141,-1,140,141,142,-1,142,141,143,-1,142,143,144,-1,144,143,145,-1,144,145,146,-1,146,145,147,-1,146,147,148,-1,148,147,149,-1,148,149,150,-1,150,149,131,-1,131,149,151,-1,131,151,132,-1,152,153,154,-1,152,154,155,-1,155,154,156,-1,155,156,157,-1,157,156,158,-1,157,158,159,-1,159,158,160,-1,159,160,161,-1,161,160,162,-1,161,162,163,-1,163,162,164,-1,163,164,165,-1,165,164,138,-1,165,138,137,-1,166,167,168,-1,166,168,169,-1,169,168,153,-1,169,153,152,-1,166,170,167,-1,167,170,171,-1,172,173,174,-1,172,174,175,-1,175,174,171,-1,175,171,170,-1,176,177,178,-1,176,178,179,-1,179,178,180,-1,179,180,181,-1,181,180,182,-1,181,182,183,-1,183,182,184,-1,183,184,185,-1,185,184,186,-1,185,186,187,-1,187,186,188,-1,187,188,189,-1,189,188,173,-1,189,173,172,-1,190,191,192,-1,190,192,193,-1,193,192,194,-1,193,194,195,-1,195,194,196,-1,195,196,197,-1,197,196,198,-1,197,198,199,-1,199,198,200,-1,199,200,201,-1,201,200,202,-1,201,202,203,-1,203,202,177,-1,203,177,176,-1,126,128,204,-1,126,204,205,-1,205,204,206,-1,205,206,207,-1,207,206,191,-1,207,191,190,-1,193,131,190,-1,190,131,134,-1,190,134,207,-1,207,134,130,-1,207,130,205,-1,205,130,127,-1,205,127,126,-1,170,166,175,-1,175,166,169,-1,175,169,172,-1,172,169,152,-1,172,152,189,-1,189,152,155,-1,189,155,187,-1,187,155,157,-1,187,157,185,-1,185,157,159,-1,185,159,183,-1,183,159,161,-1,183,161,181,-1,181,161,163,-1,181,163,179,-1,179,163,165,-1,179,165,176,-1,176,165,137,-1,176,137,203,-1,203,137,140,-1,203,140,201,-1,201,140,142,-1,201,142,199,-1,199,142,144,-1,199,144,197,-1,197,144,146,-1,197,146,195,-1,195,146,148,-1,195,148,193,-1,193,148,150,-1,193,150,131,-1,208,209,210,-1,210,209,211,-1,209,212,211,-1,211,212,213,-1,212,214,213,-1,213,214,215,-1,214,216,215,-1,215,216,217,-1,216,218,217,-1,217,218,219,-1,218,208,219,-1,219,208,210,-1,216,214,218,-1,218,214,212,-1,218,212,208,-1,208,212,209,-1,
        ]
    }
}
Shape{
    appearance Appearance {
        material  Material 	{
            diffuseColor 0.9490196078431372 0.7607843137254902 0.1803921568627451
            specularColor 0.7607843137254902 0.6078431372549019 0.1450980392156863
            ambientIntensity 0.7509
            transparency 0.0
            shininess 0.5
        }
    }
    geometry IndexedFaceSet {
        ccw TRUE
        solid FALSE
        coord DEF co Coordinate {
            point [
                4.6378 -0.5189 -0.6543, 4.6378 -0.5189 -0.6872, 4.6378 -0.4778 -0.6689, 4.6378 -0.4778 -0.6724, 4.6378 -0.4744 -0.6699, 4.6378 -0.4744 -0.6715, 4.6378 -0.4709 -0.6705, 4.6378 -0.4709 -0.6708, 4.6378 -0.4697 -0.5539, 4.6378 -0.5465 -0.5539, 4.6378 -0.4697 -0.5684, 4.6378 -0.5465 -0.5679, 4.6378 -0.5456 -0.5783, 4.6378 -0.5072 -0.6067, 4.6378 -0.4974 -0.6059, 4.6378 -0.4896 -0.6036, 4.6378 -0.471 -0.5801, 4.6378 -0.543 -0.5866, 4.6378 -0.539 -0.5933, 4.6378 -0.5336 -0.5988, 4.6378 -0.5268 -0.6029, 4.6378 -0.5175 -0.6058, 4.6378 -0.4835 -0.6002, 4.6378 -0.4785 -0.5954, 4.6378 -0.4738 -0.5882, 5.6378 -0.4685 -0.4264, 5.6378 -0.4696 -0.4167, 5.6378 -0.5424 -0.4477, 5.6378 -0.4697 -0.5191, 5.6378 -0.4697 -0.4819, 5.6378 -0.5021 -0.4819, 5.6378 -0.5021 -0.5167, 5.6378 -0.5129 -0.5167, 5.6378 -0.558 -0.5311, 5.6378 -0.549 -0.3928, 5.6378 -0.5412 -0.3854, 5.6378 -0.5574 -0.3679, 5.6378 -0.558 -0.4166, 5.6378 -0.5574 -0.3175, 5.6378 -0.4701 -0.4384, 5.6378 -0.5414 -0.4495, 5.6378 -0.4748 -0.4495, 5.6378 -0.4589 -0.5191, 5.6378 -0.3622 -0.5311, 5.6378 -0.4589 -0.4687, 5.6378 -0.3622 0.1969, 5.6378 -0.4589 -0.3175, 5.6378 -0.4589 -0.3307, 5.6378 -0.4849 -0.3815, 5.6378 -0.4756 -0.3872, 5.6378 -0.4671 -0.3961, 5.6378 -0.4617 -0.4055, 5.6378 -0.5465 -0.3679, 5.6378 -0.5318 -0.3802, 5.6378 -0.5465 -0.3307, 5.6378 -0.4585 -0.4164, 5.6378 -0.4577 -0.4263, 5.6378 -0.4585 -0.4381, 5.6378 -0.4616 -0.4495, 5.6378 -0.5574 -0.4687, 5.6378 -0.5523 -0.4495, 5.6378 -0.5573 -0.4103, 5.6378 -0.554 -0.4007, 5.6378 -0.4723 -0.4094, 5.6378 -0.4768 -0.4026, 5.6378 -0.4834 -0.3966, 5.6378 -0.5092 -0.3895, 5.6378 -0.5198 -0.3905, 5.6378 -0.5283 -0.3931, 5.6378 -0.5467 -0.415, 5.6378 -0.5477 -0.4242, 5.6378 -0.5441 -0.4079, 5.6378 -0.54 -0.4018, 5.6378 -0.5351 -0.3972, 5.6378 -0.5463 -0.4373, 5.6378 -0.5214 -0.3772, 5.6378 -0.51 -0.3763, 5.6378 -0.496 -0.3777, 5.6378 -0.491 -0.3926, 5.6378 -0.5015 -0.3899, 5.6378 -0.5129 -0.4819, 5.6378 -0.5465 -0.4819, 5.6378 -0.5465 -0.5215, 5.6378 -0.5574 -0.5215, 5.6378 -0.558 -0.4291, 5.6378 -0.5585 -0.4251, 5.6378 -0.6378 -0.5311, 5.6378 -0.5586 -0.4224, 5.6378 -0.558 0.1969, 5.6378 -0.6378 0.1969, 5.6378 -0.4589 -0.6643, 5.6378 -0.4589 -0.6775, 5.6378 -0.5574 -0.7016, 5.6378 -0.5574 -0.716, 5.6378 -0.558 -1.0236, 5.6378 -0.3622 -1.0236, 5.6378 -0.5574 -0.5675, 5.6378 -0.5574 -0.5407, 5.6378 -0.4589 -0.5407, 5.6378 -0.4589 -0.5685, 5.6378 -0.4718 -0.605, 5.6378 -0.4795 -0.612, 5.6378 -0.4879 -0.6166, 5.6378 -0.5574 -0.6271, 5.6378 -0.5304 -0.615, 5.6378 -0.5392 -0.6094, 5.6378 -0.4604 -0.5827, 5.6378 -0.4645 -0.5942, 5.6378 -0.4717 -0.6049, 5.6378 -0.5469 -0.6013, 5.6378 -0.5529 -0.591, 5.6378 -0.5563 -0.5797, 5.6378 -0.5574 -0.6415, 5.6378 -0.5297 -0.6509, 5.6378 -0.5297 -0.6916, 5.6378 -0.4976 -0.6192, 5.6378 -0.5069 -0.6199, 5.6378 -0.5201 -0.6186, 5.6378 -0.5566 -0.439, 5.6378 -0.6378 -1.0236, 5.6378 0.5467 -0.4247, 5.6378 0.5456 -0.415, 5.6378 0.4728 -0.446, 5.6378 0.5563 -0.5174, 5.6378 0.6378 -0.5294, 5.6378 0.5563 -0.467, 5.6378 0.6378 0.1969, 5.6378 0.4663 -0.3911, 5.6378 0.4741 -0.3837, 5.6378 0.4579 -0.3661, 5.6378 0.4573 -0.4149, 5.6378 0.4579 -0.3157, 5.6378 0.5452 -0.4367, 5.6378 0.4738 -0.4477, 5.6378 0.5404 -0.4477, 5.6378 0.5023 -0.515, 5.6378 0.4573 -0.5294, 5.6378 0.5131 -0.515, 5.6378 0.5455 -0.5174, 5.6378 0.5131 -0.4802, 5.6378 0.5455 -0.4802, 5.6378 0.5563 -0.3157, 5.6378 0.5563 -0.3289, 5.6378 0.5304 -0.3797, 5.6378 0.5396 -0.3855, 5.6378 0.5481 -0.3944, 5.6378 0.5535 -0.4037, 5.6378 0.4687 -0.3661, 5.6378 0.4834 -0.3784, 5.6378 0.4687 -0.3289, 5.6378 0.5567 -0.4147, 5.6378 0.5575 -0.4246, 5.6378 0.5567 -0.4364, 5.6378 0.5536 -0.4477, 5.6378 0.4579 -0.467, 5.6378 0.463 -0.4477, 5.6378 0.458 -0.4085, 5.6378 0.4612 -0.399, 5.6378 0.543 -0.4076, 5.6378 0.5384 -0.4008, 5.6378 0.5319 -0.3949, 5.6378 0.5061 -0.3877, 5.6378 0.4954 -0.3887, 5.6378 0.4869 -0.3914, 5.6378 0.4685 -0.4133, 5.6378 0.4675 -0.4225, 5.6378 0.4712 -0.4061, 5.6378 0.4752 -0.4001, 5.6378 0.4801 -0.3955, 5.6378 0.4689 -0.4356, 5.6378 0.4939 -0.3755, 5.6378 0.5053 -0.3745, 5.6378 0.5192 -0.3759, 5.6378 0.5243 -0.3908, 5.6378 0.5137 -0.3882, 5.6378 0.5023 -0.4802, 5.6378 0.4687 -0.4802, 5.6378 0.4687 -0.5198, 5.6378 0.4579 -0.5198, 5.6378 0.4573 -0.4273, 5.6378 0.4567 -0.4234, 5.6378 0.3622 -0.5294, 5.6378 0.4567 -0.4207, 5.6378 0.4573 0.1969, 5.6378 0.3622 0.1969, 5.6378 0.5563 -0.6626, 5.6378 0.5563 -0.6758, 5.6378 0.4579 -0.5657, 5.6378 0.4579 -0.539, 5.6378 0.5563 -0.539, 5.6378 0.4579 -0.6998, 5.6378 0.4579 -0.7142, 5.6378 0.4573 -1.0236, 5.6378 0.6378 -1.0236, 5.6378 0.5563 -0.5667, 5.6378 0.5548 -0.581, 5.6378 0.5508 -0.5925, 5.6378 0.5436 -0.6032, 5.6378 0.4579 -0.6254, 5.6378 0.4849 -0.6133, 5.6378 0.4761 -0.6076, 5.6378 0.5435 -0.6033, 5.6378 0.5358 -0.6103, 5.6378 0.5273 -0.6148, 5.6378 0.4683 -0.5995, 5.6378 0.4623 -0.5893, 5.6378 0.459 -0.5779, 5.6378 0.4579 -0.6398, 5.6378 0.4855 -0.6492, 5.6378 0.4855 -0.6899, 5.6378 0.5176 -0.6175, 5.6378 0.5083 -0.6182, 5.6378 0.4952 -0.6168, 5.6378 0.4587 -0.4373, 5.6378 0.3622 -1.0236
            ]
        }
        coordIndex [
            0,1,2,-1,2,1,3,-1,2,3,4,-1,4,3,5,-1,4,5,6,-1,6,5,7,-1,8,9,10,-1,10,9,11,-1,10,11,12,-1,13,14,10,-1,10,14,15,-1,10,15,16,-1,12,17,10,-1,10,17,18,-1,10,18,19,-1,19,20,10,-1,10,20,21,-1,10,21,13,-1,22,23,15,-1,15,23,24,-1,15,24,16,-1,25,26,27,-1,28,29,30,-1,31,32,33,-1,34,35,36,-1,37,36,38,-1,25,27,39,-1,39,27,40,-1,39,40,41,-1,30,31,28,-1,28,31,33,-1,28,33,42,-1,42,33,43,-1,42,43,44,-1,44,43,45,-1,45,46,47,-1,48,49,47,-1,47,49,50,-1,47,50,51,-1,36,35,52,-1,52,35,53,-1,52,53,54,-1,51,55,47,-1,47,55,56,-1,47,56,45,-1,45,56,57,-1,45,57,44,-1,57,58,44,-1,44,58,41,-1,44,41,59,-1,59,41,40,-1,59,40,60,-1,37,61,36,-1,36,61,62,-1,36,62,34,-1,26,63,27,-1,27,63,64,-1,27,64,65,-1,66,67,27,-1,27,67,68,-1,69,70,71,-1,71,70,72,-1,68,73,27,-1,27,73,72,-1,27,72,74,-1,74,72,70,-1,53,75,54,-1,54,75,76,-1,54,76,47,-1,47,76,77,-1,47,77,48,-1,65,78,27,-1,27,78,79,-1,27,79,66,-1,80,81,32,-1,32,81,82,-1,32,82,33,-1,33,82,83,-1,33,83,59,-1,84,85,86,-1,86,85,87,-1,86,87,37,-1,46,45,38,-1,38,45,88,-1,38,88,37,-1,37,88,89,-1,37,89,86,-1,43,90,91,-1,92,33,93,-1,93,33,94,-1,93,94,91,-1,91,94,95,-1,91,95,43,-1,96,97,33,-1,33,97,98,-1,33,98,43,-1,43,98,99,-1,100,101,90,-1,90,101,102,-1,103,104,105,-1,99,106,43,-1,43,106,107,-1,43,107,90,-1,90,107,108,-1,90,108,100,-1,105,109,103,-1,103,109,110,-1,103,110,111,-1,111,96,103,-1,103,96,33,-1,103,33,112,-1,112,33,92,-1,112,92,113,-1,113,92,114,-1,102,115,90,-1,90,115,116,-1,90,116,103,-1,103,116,117,-1,103,117,104,-1,60,118,59,-1,59,118,84,-1,59,84,33,-1,33,84,86,-1,33,86,94,-1,94,86,119,-1,120,121,122,-1,123,124,125,-1,125,124,126,-1,127,128,129,-1,130,129,131,-1,120,122,132,-1,132,122,133,-1,132,133,134,-1,135,136,137,-1,137,136,138,-1,137,138,139,-1,139,138,140,-1,126,141,142,-1,143,144,142,-1,142,144,145,-1,142,145,146,-1,129,128,147,-1,147,128,148,-1,147,148,149,-1,146,150,142,-1,142,150,151,-1,142,151,126,-1,126,151,152,-1,126,152,125,-1,152,153,125,-1,125,153,134,-1,125,134,154,-1,154,134,133,-1,154,133,155,-1,130,156,129,-1,129,156,157,-1,129,157,127,-1,121,158,122,-1,122,158,159,-1,122,159,160,-1,161,162,122,-1,122,162,163,-1,164,165,166,-1,166,165,167,-1,163,168,122,-1,122,168,167,-1,122,167,169,-1,169,167,165,-1,148,170,149,-1,149,170,171,-1,149,171,142,-1,142,171,172,-1,142,172,143,-1,160,173,122,-1,122,173,174,-1,122,174,161,-1,175,176,135,-1,135,176,177,-1,135,177,136,-1,136,177,178,-1,136,178,154,-1,179,180,181,-1,181,180,182,-1,181,182,130,-1,141,126,131,-1,131,126,183,-1,131,183,130,-1,130,183,184,-1,130,184,181,-1,124,185,186,-1,187,188,136,-1,123,138,124,-1,124,138,136,-1,124,136,189,-1,189,136,188,-1,190,136,191,-1,191,136,192,-1,191,192,186,-1,186,192,193,-1,186,193,124,-1,189,194,124,-1,124,194,195,-1,124,195,185,-1,185,195,196,-1,185,196,197,-1,198,199,200,-1,197,201,185,-1,185,201,202,-1,185,202,203,-1,200,204,198,-1,198,204,205,-1,198,205,206,-1,206,187,198,-1,198,187,136,-1,198,136,207,-1,207,136,190,-1,207,190,208,-1,208,190,209,-1,203,210,185,-1,185,210,211,-1,185,211,198,-1,198,211,212,-1,198,212,199,-1,155,213,154,-1,154,213,179,-1,154,179,136,-1,136,179,181,-1,136,181,192,-1,192,181,214,-1,
        ]
    }
}
Shape{
    appearance Appearance {
        material  Material 	{
            diffuseColor 0.17647058823529413 0.17647058823529413 0.17647058823529413
            specularColor 0.050980392156862744 0.050980392156862744 0.050980392156862744
            ambientIntensity 0.251
            transparency 0.0
            shininess 0.5
        }
    }
    geometry IndexedFaceSet {
        ccw TRUE
        solid FALSE
        coord DEF co Coordinate {
            point [
                5.6378 -0.6378 0.1969, 6.0 -0.8031 0.1969, 5.3622 -0.6378 0.1969, 5.0 -0.8031 0.1969, 5.3622 -0.3622 0.1969, 5.6378 -0.558 0.1969, 5.6378 -0.3622 0.1969, 6.0 0.8031 0.1969, 5.6378 0.6378 0.1969, 5.0 0.8031 0.1969, 5.3622 0.6378 0.1969, 5.3622 0.3622 0.1969, 5.6378 0.3622 0.1969, 5.6378 0.4573 0.1969, 5.1181 -1.0 0.0079, 5.1181 -1.0 0.9843, 5.0 -0.8819 0.0079, 5.0 -0.8819 0.9843, 5.8819 -1.0 0.0079, 5.8819 -1.0 0.9843, 6.0 -0.8819 0.0079, 6.0 -0.8819 0.9843, 6.0 -0.8031 0.0079, 6.0 0.8031 0.0079, 6.0 0.8819 0.0079, 6.0 0.8819 0.9843, 5.8819 1.0 0.0079, 5.8819 1.0 0.9843, 5.1181 1.0 0.0079, 5.1181 1.0 0.9843, 5.0 0.8819 0.0079, 5.0 0.8819 0.9843, 5.0 0.8031 0.0079, 5.0 -0.8031 0.0079, 5.3622 0.6378 0.9843, 5.3622 0.3622 0.9843, 5.6378 0.3622 0.9843, 5.3622 -0.3622 0.9843, 5.6378 -0.3622 0.9843, 5.6378 0.6378 0.9843, 5.6378 -0.6378 0.9843, 5.3622 -0.6378 0.9843
            ]
        }
        coordIndex [
            0,1,2,-1,2,1,3,-1,2,3,4,-1,0,5,1,-1,1,5,6,-1,1,6,7,-1,7,8,9,-1,9,8,10,-1,9,10,11,-1,3,9,4,-1,4,9,11,-1,4,11,6,-1,6,11,12,-1,6,12,7,-1,7,12,13,-1,7,13,8,-1,14,15,16,-1,16,15,17,-1,18,19,14,-1,14,19,15,-1,20,21,18,-1,18,21,19,-1,20,22,1,-1,23,24,7,-1,7,24,25,-1,7,25,1,-1,1,25,21,-1,1,21,20,-1,26,27,24,-1,24,27,25,-1,28,29,26,-1,26,29,27,-1,30,31,28,-1,28,31,29,-1,30,32,9,-1,33,16,3,-1,3,16,17,-1,3,17,9,-1,9,17,31,-1,9,31,30,-1,15,19,21,-1,34,31,35,-1,35,31,17,-1,36,37,38,-1,39,25,34,-1,34,25,27,-1,34,27,31,-1,31,27,29,-1,39,36,25,-1,25,36,38,-1,25,38,21,-1,21,38,40,-1,21,40,15,-1,15,40,41,-1,15,41,17,-1,17,41,37,-1,17,37,35,-1,35,37,36,-1,1,22,3,-1,3,22,33,-1,22,20,18,-1,22,18,33,-1,33,18,14,-1,33,14,16,-1,32,23,9,-1,9,23,7,-1,32,30,28,-1,32,28,23,-1,23,28,26,-1,23,26,24,-1,
        ]
    }
}
Shape{
    appearance Appearance {
        material  Material 	{
            diffuseColor 0.9490196078431372 0.7607843137254902 0.1803921568627451
            specularColor 0.7607843137254902 0.6078431372549019 0.1450980392156863
            ambientIntensity 0.7509
            transparency 0.0
            shininess 0.5
        }
    }
    geometry IndexedFaceSet {
        ccw TRUE
        solid FALSE
        coord DEF co Coordinate {
            point [
                5.5984 0.4016 3.3465, 5.5984 0.5984 3.3465, 5.4016 0.4016 3.3465, 5.4016 0.5984 3.3465, 5.6378 0.6378 3.189, 5.6378 0.6378 0.9843, 5.3622 0.6378 3.189, 5.3622 0.6378 0.9843, 5.3622 0.3622 3.189, 5.3622 0.3622 0.9843, 5.6378 0.3622 3.189, 5.6378 0.3622 0.9843, 5.6378 0.3622 0.1969, 5.3622 0.3622 0.1969, 5.6378 0.3622 -0.5294, 5.3622 0.3622 -1.0236, 5.6378 0.3622 -1.0236, 5.3622 0.6378 -1.0236, 5.3622 0.6378 0.1969, 5.6378 0.6378 0.1969, 5.6378 0.6378 -0.5294, 5.6378 0.6378 -1.0236, 5.5984 0.5984 -1.1811, 5.5984 0.4016 -1.1811, 5.4016 0.5984 -1.1811, 5.4016 0.4016 -1.1811, 5.5984 -0.5984 3.3465, 5.5984 -0.4016 3.3465, 5.4016 -0.5984 3.3465, 5.4016 -0.4016 3.3465, 5.6378 -0.3622 3.189, 5.6378 -0.3622 0.9843, 5.3622 -0.3622 3.189, 5.3622 -0.3622 0.9843, 5.3622 -0.6378 3.189, 5.3622 -0.6378 0.9843, 5.6378 -0.6378 3.189, 5.6378 -0.6378 0.9843, 5.6378 -0.6378 0.1969, 5.3622 -0.6378 0.1969, 5.6378 -0.6378 -0.5311, 5.3622 -0.6378 -1.0236, 5.6378 -0.6378 -1.0236, 5.3622 -0.3622 -1.0236, 5.3622 -0.3622 0.1969, 5.6378 -0.3622 0.1969, 5.6378 -0.3622 -0.5311, 5.6378 -0.3622 -1.0236, 5.5984 -0.4016 -1.1811, 5.5984 -0.5984 -1.1811, 5.4016 -0.4016 -1.1811, 5.4016 -0.5984 -1.1811, 5.6378 -0.558 -1.0236, 5.6378 0.4573 -1.0236
            ]
        }
        coordIndex [
            0,1,2,-1,2,1,3,-1,4,5,6,-1,6,5,7,-1,6,7,8,-1,8,7,9,-1,8,9,10,-1,10,9,11,-1,10,11,4,-1,4,11,5,-1,12,13,14,-1,14,13,15,-1,14,15,16,-1,15,13,17,-1,17,13,18,-1,18,19,17,-1,17,19,20,-1,17,20,21,-1,22,23,24,-1,24,23,25,-1,26,27,28,-1,28,27,29,-1,30,31,32,-1,32,31,33,-1,32,33,34,-1,34,33,35,-1,34,35,36,-1,36,35,37,-1,36,37,30,-1,30,37,31,-1,38,39,40,-1,40,39,41,-1,40,41,42,-1,41,39,43,-1,43,39,44,-1,44,45,43,-1,43,45,46,-1,43,46,47,-1,48,49,50,-1,50,49,51,-1,32,29,30,-1,30,29,27,-1,34,28,32,-1,32,28,29,-1,26,36,27,-1,27,36,30,-1,36,26,34,-1,34,26,28,-1,6,3,4,-1,4,3,1,-1,8,2,6,-1,6,2,3,-1,0,10,1,-1,1,10,4,-1,10,0,8,-1,8,0,2,-1,49,42,51,-1,51,42,41,-1,42,49,52,-1,52,49,48,-1,52,48,47,-1,43,50,41,-1,41,50,51,-1,50,43,48,-1,48,43,47,-1,23,16,25,-1,25,16,15,-1,16,23,53,-1,53,23,22,-1,53,22,21,-1,17,24,15,-1,15,24,25,-1,24,17,22,-1,22,17,21,-1,
        ]
    }
}
Shape{
    appearance Appearance {
        material  Material 	{
            diffuseColor 0.0 0.0 0.0
            specularColor 0.0 0.0 0.0
            ambientIntensity 0.0
            transparency 0.0
            shininess 0.5
        }
    }
    geometry IndexedFaceSet {
        ccw TRUE
        solid FALSE
        coord DEF co Coordinate {
            point [
                5.6339 0.5563 -0.6758, 5.6339 0.4579 -0.7142, 5.6378 0.5563 -0.6758, 5.6378 0.4579 -0.7142, 5.6339 0.4579 -0.6998, 5.6378 0.4579 -0.6998, 5.6339 0.4855 -0.6899, 5.6378 0.4855 -0.6899, 5.6339 0.4855 -0.6492, 5.6378 0.4855 -0.6492, 5.6339 0.4579 -0.6398, 5.6378 0.4579 -0.6398, 5.6339 0.4579 -0.6254, 5.6378 0.4579 -0.6254, 5.6339 0.5563 -0.6626, 5.6378 0.5563 -0.6626, 5.6339 0.4963 -0.6525, 5.6339 0.4963 -0.6854, 5.6339 0.5374 -0.6672, 5.6339 0.5408 -0.6681, 5.6339 0.5443 -0.6688, 5.6339 0.5443 -0.6691, 5.6339 0.5408 -0.6697, 5.6339 0.5374 -0.6706, 5.6378 0.4963 -0.6525, 5.6378 0.4963 -0.6854, 5.6378 0.5374 -0.6672, 5.6378 0.5408 -0.6681, 5.6378 0.5443 -0.6688, 5.6378 0.5443 -0.6691, 5.6378 0.5408 -0.6697, 5.6378 0.5374 -0.6706, 5.6339 0.4579 -0.5657, 5.6339 0.4579 -0.539, 5.6378 0.4579 -0.5657, 5.6378 0.4579 -0.539, 5.6339 0.5563 -0.539, 5.6378 0.5563 -0.539, 5.6339 0.5563 -0.5667, 5.6378 0.5563 -0.5667, 5.6339 0.5083 -0.6182, 5.6378 0.5083 -0.6182, 5.6378 0.5176 -0.6175, 5.6339 0.5176 -0.6175, 5.6378 0.5273 -0.6148, 5.6339 0.5273 -0.6148, 5.6378 0.5358 -0.6103, 5.6339 0.5358 -0.6103, 5.6378 0.5435 -0.6033, 5.6339 0.5435 -0.6033, 5.6378 0.5436 -0.6032, 5.6339 0.5436 -0.6032, 5.6378 0.5508 -0.5925, 5.6339 0.5508 -0.5925, 5.6378 0.5548 -0.581, 5.6339 0.5548 -0.581, 5.6378 0.459 -0.5779, 5.6339 0.459 -0.5779, 5.6378 0.4623 -0.5893, 5.6339 0.4623 -0.5893, 5.6378 0.4683 -0.5995, 5.6339 0.4683 -0.5995, 5.6378 0.4761 -0.6076, 5.6339 0.4761 -0.6076, 5.6378 0.4849 -0.6133, 5.6339 0.4849 -0.6133, 5.6378 0.4952 -0.6168, 5.6339 0.4952 -0.6168, 5.6339 0.5317 -0.5984, 5.6339 0.5368 -0.5937, 5.6339 0.5414 -0.5865, 5.6339 0.5443 -0.5783, 5.6339 0.5455 -0.5667, 5.6339 0.5455 -0.5522, 5.6339 0.4687 -0.5522, 5.6339 0.4687 -0.5661, 5.6339 0.4697 -0.5765, 5.6339 0.4723 -0.5848, 5.6339 0.4762 -0.5915, 5.6339 0.4817 -0.597, 5.6339 0.4885 -0.6012, 5.6339 0.4977 -0.6041, 5.6339 0.5081 -0.605, 5.6339 0.5179 -0.6042, 5.6339 0.5256 -0.6019, 5.6378 0.5455 -0.5667, 5.6378 0.5455 -0.5522, 5.6378 0.5443 -0.5783, 5.6378 0.5414 -0.5865, 5.6378 0.5368 -0.5937, 5.6378 0.5317 -0.5984, 5.6378 0.5256 -0.6019, 5.6378 0.5179 -0.6042, 5.6378 0.5081 -0.605, 5.6378 0.4977 -0.6041, 5.6378 0.4885 -0.6012, 5.6378 0.4817 -0.597, 5.6378 0.4762 -0.5915, 5.6378 0.4723 -0.5848, 5.6378 0.4697 -0.5765, 5.6378 0.4687 -0.5661, 5.6378 0.4687 -0.5522, 5.6339 0.4687 -0.5198, 5.6339 0.4579 -0.5198, 5.6378 0.4687 -0.5198, 5.6378 0.4579 -0.5198, 5.6339 0.4579 -0.467, 5.6378 0.4579 -0.467, 5.6339 0.5563 -0.467, 5.6378 0.5563 -0.467, 5.6339 0.5563 -0.5174, 5.6378 0.5563 -0.5174, 5.6339 0.5455 -0.5174, 5.6378 0.5455 -0.5174, 5.6339 0.5455 -0.4802, 5.6378 0.5455 -0.4802, 5.6339 0.5131 -0.4802, 5.6378 0.5131 -0.4802, 5.6339 0.5131 -0.515, 5.6378 0.5131 -0.515, 5.6339 0.5023 -0.515, 5.6378 0.5023 -0.515, 5.6339 0.5023 -0.4802, 5.6378 0.5023 -0.4802, 5.6339 0.4687 -0.4802, 5.6378 0.4687 -0.4802, 5.6339 0.4738 -0.4477, 5.6339 0.463 -0.4477, 5.6378 0.4738 -0.4477, 5.6378 0.463 -0.4477, 5.6339 0.4587 -0.4373, 5.6339 0.4567 -0.4207, 5.6378 0.4567 -0.4207, 5.6378 0.4567 -0.4234, 5.6339 0.4567 -0.4234, 5.6378 0.4573 -0.4273, 5.6378 0.4587 -0.4373, 5.6339 0.5053 -0.3745, 5.6378 0.5053 -0.3745, 5.6378 0.4939 -0.3755, 5.6339 0.4939 -0.3755, 5.6378 0.4834 -0.3784, 5.6339 0.4834 -0.3784, 5.6378 0.4741 -0.3837, 5.6339 0.4741 -0.3837, 5.6378 0.4663 -0.3911, 5.6339 0.4663 -0.3911, 5.6378 0.4612 -0.399, 5.6339 0.4612 -0.399, 5.6378 0.458 -0.4085, 5.6339 0.458 -0.4085, 5.6378 0.4573 -0.4149, 5.6339 0.5575 -0.4246, 5.6378 0.5575 -0.4246, 5.6378 0.5567 -0.4147, 5.6339 0.5567 -0.4147, 5.6378 0.5535 -0.4037, 5.6339 0.5535 -0.4037, 5.6378 0.5481 -0.3944, 5.6339 0.5481 -0.3944, 5.6378 0.5396 -0.3855, 5.6339 0.5396 -0.3855, 5.6378 0.5304 -0.3797, 5.6339 0.5304 -0.3797, 5.6378 0.5192 -0.3759, 5.6339 0.5192 -0.3759, 5.6339 0.5536 -0.4477, 5.6378 0.5536 -0.4477, 5.6378 0.5567 -0.4364, 5.6339 0.5567 -0.4364, 5.6339 0.5404 -0.4477, 5.6378 0.5404 -0.4477, 5.6339 0.5467 -0.4247, 5.6378 0.5467 -0.4247, 5.6378 0.5452 -0.4367, 5.6339 0.5452 -0.4367, 5.6339 0.5061 -0.3877, 5.6378 0.5061 -0.3877, 5.6378 0.5137 -0.3882, 5.6339 0.5137 -0.3882, 5.6378 0.5243 -0.3908, 5.6339 0.5243 -0.3908, 5.6378 0.5319 -0.3949, 5.6339 0.5319 -0.3949, 5.6378 0.5384 -0.4008, 5.6339 0.5384 -0.4008, 5.6378 0.543 -0.4076, 5.6339 0.543 -0.4076, 5.6378 0.5456 -0.415, 5.6339 0.5456 -0.415, 5.6339 0.4675 -0.4225, 5.6378 0.4675 -0.4225, 5.6378 0.4685 -0.4133, 5.6339 0.4685 -0.4133, 5.6378 0.4712 -0.4061, 5.6339 0.4712 -0.4061, 5.6378 0.4752 -0.4001, 5.6339 0.4752 -0.4001, 5.6378 0.4801 -0.3955, 5.6339 0.4801 -0.3955, 5.6378 0.4869 -0.3914, 5.6339 0.4869 -0.3914, 5.6378 0.4954 -0.3887, 5.6339 0.4954 -0.3887, 5.6378 0.4728 -0.446, 5.6339 0.4728 -0.446, 5.6378 0.4689 -0.4356, 5.6339 0.4689 -0.4356, 5.6339 0.4687 -0.3661, 5.6339 0.4579 -0.3661, 5.6378 0.4687 -0.3661, 5.6378 0.4579 -0.3661, 5.6339 0.4579 -0.3157, 5.6378 0.4579 -0.3157, 5.6339 0.5563 -0.3157, 5.6378 0.5563 -0.3157, 5.6339 0.5563 -0.3289, 5.6378 0.5563 -0.3289, 5.6339 0.4687 -0.3289, 5.6378 0.4687 -0.3289
            ]
        }
        coordIndex [
            0,1,2,-1,2,1,3,-1,1,4,3,-1,3,4,5,-1,4,6,5,-1,5,6,7,-1,6,8,7,-1,7,8,9,-1,8,10,9,-1,9,10,11,-1,10,12,11,-1,11,12,13,-1,12,14,13,-1,13,14,15,-1,14,0,15,-1,15,0,2,-1,16,8,17,-1,17,8,6,-1,18,14,16,-1,16,14,12,-1,16,12,8,-1,8,12,10,-1,18,19,14,-1,14,19,20,-1,14,20,0,-1,0,20,21,-1,0,21,22,-1,22,23,0,-1,0,23,17,-1,0,17,1,-1,1,17,6,-1,1,6,4,-1,16,17,24,-1,24,17,25,-1,18,16,26,-1,26,16,24,-1,18,26,27,-1,18,27,19,-1,19,27,28,-1,19,28,20,-1,21,20,29,-1,29,20,28,-1,21,29,30,-1,21,30,22,-1,22,30,31,-1,22,31,23,-1,17,23,25,-1,25,23,31,-1,32,33,34,-1,34,33,35,-1,33,36,35,-1,35,36,37,-1,36,38,37,-1,37,38,39,-1,40,41,42,-1,40,42,43,-1,43,42,44,-1,43,44,45,-1,45,44,46,-1,45,46,47,-1,47,46,48,-1,47,48,49,-1,49,48,50,-1,49,50,51,-1,51,50,52,-1,51,52,53,-1,53,52,54,-1,53,54,55,-1,55,54,39,-1,55,39,38,-1,32,34,56,-1,32,56,57,-1,57,56,58,-1,57,58,59,-1,59,58,60,-1,59,60,61,-1,61,60,62,-1,61,62,63,-1,63,62,64,-1,63,64,65,-1,65,64,66,-1,65,66,67,-1,67,66,41,-1,67,41,40,-1,45,47,68,-1,68,47,49,-1,68,49,69,-1,69,49,51,-1,69,51,70,-1,70,51,53,-1,70,53,71,-1,71,53,55,-1,71,55,72,-1,72,55,38,-1,72,38,73,-1,73,38,36,-1,73,36,74,-1,74,36,33,-1,74,33,75,-1,75,33,32,-1,75,32,76,-1,76,32,57,-1,76,57,77,-1,77,57,59,-1,77,59,78,-1,78,59,61,-1,78,61,79,-1,79,61,63,-1,79,63,80,-1,80,63,65,-1,80,65,81,-1,81,65,67,-1,81,67,82,-1,82,67,40,-1,82,40,83,-1,83,40,43,-1,83,43,84,-1,84,43,45,-1,84,45,68,-1,72,73,85,-1,85,73,86,-1,72,85,87,-1,72,87,71,-1,71,87,88,-1,71,88,70,-1,70,88,89,-1,70,89,69,-1,69,89,90,-1,69,90,68,-1,68,90,91,-1,68,91,84,-1,84,91,92,-1,84,92,83,-1,83,92,93,-1,83,93,82,-1,82,93,94,-1,82,94,81,-1,81,94,95,-1,81,95,80,-1,80,95,96,-1,80,96,79,-1,79,96,97,-1,79,97,78,-1,78,97,98,-1,78,98,77,-1,77,98,99,-1,77,99,76,-1,76,99,100,-1,76,100,75,-1,74,75,101,-1,101,75,100,-1,73,74,86,-1,86,74,101,-1,102,103,104,-1,104,103,105,-1,103,106,105,-1,105,106,107,-1,106,108,107,-1,107,108,109,-1,108,110,109,-1,109,110,111,-1,110,112,111,-1,111,112,113,-1,112,114,113,-1,113,114,115,-1,114,116,115,-1,115,116,117,-1,116,118,117,-1,117,118,119,-1,118,120,119,-1,119,120,121,-1,120,122,121,-1,121,122,123,-1,122,124,123,-1,123,124,125,-1,124,102,125,-1,125,102,104,-1,106,103,102,-1,102,124,106,-1,106,124,122,-1,106,122,108,-1,112,110,114,-1,114,110,108,-1,114,108,116,-1,116,108,122,-1,116,122,118,-1,118,122,120,-1,126,127,128,-1,128,127,129,-1,129,127,130,-1,131,132,133,-1,131,133,134,-1,134,133,135,-1,134,135,130,-1,130,135,136,-1,130,136,129,-1,137,138,139,-1,137,139,140,-1,140,139,141,-1,140,141,142,-1,142,141,143,-1,142,143,144,-1,144,143,145,-1,144,145,146,-1,146,145,147,-1,146,147,148,-1,148,147,149,-1,148,149,150,-1,150,149,131,-1,131,149,151,-1,131,151,132,-1,152,153,154,-1,152,154,155,-1,155,154,156,-1,155,156,157,-1,157,156,158,-1,157,158,159,-1,159,158,160,-1,159,160,161,-1,161,160,162,-1,161,162,163,-1,163,162,164,-1,163,164,165,-1,165,164,138,-1,165,138,137,-1,166,167,168,-1,166,168,169,-1,169,168,153,-1,169,153,152,-1,166,170,167,-1,167,170,171,-1,172,173,174,-1,172,174,175,-1,175,174,171,-1,175,171,170,-1,176,177,178,-1,176,178,179,-1,179,178,180,-1,179,180,181,-1,181,180,182,-1,181,182,183,-1,183,182,184,-1,183,184,185,-1,185,184,186,-1,185,186,187,-1,187,186,188,-1,187,188,189,-1,189,188,173,-1,189,173,172,-1,190,191,192,-1,190,192,193,-1,193,192,194,-1,193,194,195,-1,195,194,196,-1,195,196,197,-1,197,196,198,-1,197,198,199,-1,199,198,200,-1,199,200,201,-1,201,200,202,-1,201,202,203,-1,203,202,177,-1,203,177,176,-1,126,128,204,-1,126,204,205,-1,205,204,206,-1,205,206,207,-1,207,206,191,-1,207,191,190,-1,193,131,190,-1,190,131,134,-1,190,134,207,-1,207,134,130,-1,207,130,205,-1,205,130,127,-1,205,127,126,-1,170,166,175,-1,175,166,169,-1,175,169,172,-1,172,169,152,-1,172,152,189,-1,189,152,155,-1,189,155,187,-1,187,155,157,-1,187,157,185,-1,185,157,159,-1,185,159,183,-1,183,159,161,-1,183,161,181,-1,181,161,163,-1,181,163,179,-1,179,163,165,-1,179,165,176,-1,176,165,137,-1,176,137,203,-1,203,137,140,-1,203,140,201,-1,201,140,142,-1,201,142,199,-1,199,142,144,-1,199,144,197,-1,197,144,146,-1,197,146,195,-1,195,146,148,-1,195,148,193,-1,193,148,150,-1,193,150,131,-1,208,209,210,-1,210,209,211,-1,209,212,211,-1,211,212,213,-1,212,214,213,-1,213,214,215,-1,214,216,215,-1,215,216,217,-1,216,218,217,-1,217,218,219,-1,218,208,219,-1,219,208,210,-1,216,214,218,-1,218,214,212,-1,218,212,208,-1,208,212,209,-1,
        ]
    }
}
Shape{
    appearance Appearance {
        material  Material 	{
            diffuseColor 0.9490196078431372 0.7607843137254902 0.1803921568627451
            specularColor 0.7607843137254902 0.6078431372549019 0.1450980392156863
            ambientIntensity 0.7509
            transparency 0.0
            shininess 0.5
        }
    }
    geometry IndexedFaceSet {
        ccw TRUE
        solid FALSE
        coord DEF co Coordinate {
            point [
                5.6378 0.4963 -0.6525, 5.6378 0.4963 -0.6854, 5.6378 0.5374 -0.6672, 5.6378 0.5374 -0.6706, 5.6378 0.5408 -0.6681, 5.6378 0.5408 -0.6697, 5.6378 0.5443 -0.6688, 5.6378 0.5443 -0.6691, 5.6378 0.5455 -0.5522, 5.6378 0.4687 -0.5522, 5.6378 0.5455 -0.5667, 5.6378 0.4687 -0.5661, 5.6378 0.4697 -0.5765, 5.6378 0.5081 -0.605, 5.6378 0.5179 -0.6042, 5.6378 0.5256 -0.6019, 5.6378 0.5443 -0.5783, 5.6378 0.4723 -0.5848, 5.6378 0.4762 -0.5915, 5.6378 0.4817 -0.597, 5.6378 0.4885 -0.6012, 5.6378 0.4977 -0.6041, 5.6378 0.5317 -0.5984, 5.6378 0.5368 -0.5937, 5.6378 0.5414 -0.5865
            ]
        }
        coordIndex [
            0,1,2,-1,2,1,3,-1,2,3,4,-1,4,3,5,-1,4,5,6,-1,6,5,7,-1,8,9,10,-1,10,9,11,-1,10,11,12,-1,13,14,10,-1,10,14,15,-1,10,15,16,-1,12,17,10,-1,10,17,18,-1,10,18,19,-1,19,20,10,-1,10,20,21,-1,10,21,13,-1,22,23,15,-1,15,23,24,-1,15,24,16,-1,
        ]
    }
}
Shape{
    appearance Appearance {
        material  Material 	{
            diffuseColor 0.0 0.0 0.0
            specularColor 0.0 0.0 0.0
            ambientIntensity 0.0
            transparency 0.0
            shininess 0.5
        }
    }
    geometry IndexedFaceSet {
        ccw TRUE
        solid FALSE
        coord DEF co Coordinate {
            point [
                5.6339 -0.4589 -0.6775, 5.6339 -0.5574 -0.716, 5.6378 -0.4589 -0.6775, 5.6378 -0.5574 -0.716, 5.6339 -0.5574 -0.7016, 5.6378 -0.5574 -0.7016, 5.6339 -0.5297 -0.6916, 5.6378 -0.5297 -0.6916, 5.6339 -0.5297 -0.6509, 5.6378 -0.5297 -0.6509, 5.6339 -0.5574 -0.6415, 5.6378 -0.5574 -0.6415, 5.6339 -0.5574 -0.6271, 5.6378 -0.5574 -0.6271, 5.6339 -0.4589 -0.6643, 5.6378 -0.4589 -0.6643, 5.6339 -0.5189 -0.6543, 5.6339 -0.4778 -0.6689, 5.6339 -0.4744 -0.6699, 5.6339 -0.4709 -0.6705, 5.6339 -0.4709 -0.6708, 5.6339 -0.4744 -0.6715, 5.6339 -0.4778 -0.6724, 5.6339 -0.5189 -0.6872, 5.6378 -0.5189 -0.6543, 5.6378 -0.5189 -0.6872, 5.6378 -0.4778 -0.6689, 5.6378 -0.4744 -0.6699, 5.6378 -0.4709 -0.6705, 5.6378 -0.4709 -0.6708, 5.6378 -0.4744 -0.6715, 5.6378 -0.4778 -0.6724, 5.6339 -0.5574 -0.5675, 5.6339 -0.5574 -0.5407, 5.6378 -0.5574 -0.5675, 5.6378 -0.5574 -0.5407, 5.6339 -0.4589 -0.5407, 5.6378 -0.4589 -0.5407, 5.6339 -0.4589 -0.5685, 5.6378 -0.4589 -0.5685, 5.6339 -0.5069 -0.6199, 5.6378 -0.5069 -0.6199, 5.6378 -0.4976 -0.6192, 5.6339 -0.4976 -0.6192, 5.6378 -0.4879 -0.6166, 5.6339 -0.4879 -0.6166, 5.6378 -0.4795 -0.612, 5.6339 -0.4795 -0.612, 5.6378 -0.4718 -0.605, 5.6339 -0.4718 -0.605, 5.6378 -0.4717 -0.6049, 5.6339 -0.4717 -0.6049, 5.6378 -0.4645 -0.5942, 5.6339 -0.4645 -0.5942, 5.6378 -0.4604 -0.5827, 5.6339 -0.4604 -0.5827, 5.6378 -0.5563 -0.5797, 5.6339 -0.5563 -0.5797, 5.6378 -0.5529 -0.591, 5.6339 -0.5529 -0.591, 5.6378 -0.5469 -0.6013, 5.6339 -0.5469 -0.6013, 5.6378 -0.5392 -0.6094, 5.6339 -0.5392 -0.6094, 5.6378 -0.5304 -0.615, 5.6339 -0.5304 -0.615, 5.6378 -0.5201 -0.6186, 5.6339 -0.5201 -0.6186, 5.6339 -0.4835 -0.6002, 5.6339 -0.4785 -0.5954, 5.6339 -0.4738 -0.5882, 5.6339 -0.471 -0.5801, 5.6339 -0.4697 -0.5684, 5.6339 -0.4697 -0.5539, 5.6339 -0.5465 -0.5539, 5.6339 -0.5465 -0.5679, 5.6339 -0.5456 -0.5783, 5.6339 -0.543 -0.5866, 5.6339 -0.539 -0.5933, 5.6339 -0.5336 -0.5988, 5.6339 -0.5268 -0.6029, 5.6339 -0.5175 -0.6058, 5.6339 -0.5072 -0.6067, 5.6339 -0.4974 -0.6059, 5.6339 -0.4896 -0.6036, 5.6378 -0.4697 -0.5684, 5.6378 -0.4697 -0.5539, 5.6378 -0.471 -0.5801, 5.6378 -0.4738 -0.5882, 5.6378 -0.4785 -0.5954, 5.6378 -0.4835 -0.6002, 5.6378 -0.4896 -0.6036, 5.6378 -0.4974 -0.6059, 5.6378 -0.5072 -0.6067, 5.6378 -0.5175 -0.6058, 5.6378 -0.5268 -0.6029, 5.6378 -0.5336 -0.5988, 5.6378 -0.539 -0.5933, 5.6378 -0.543 -0.5866, 5.6378 -0.5456 -0.5783, 5.6378 -0.5465 -0.5679, 5.6378 -0.5465 -0.5539, 5.6339 -0.5465 -0.5215, 5.6339 -0.5574 -0.5215, 5.6378 -0.5465 -0.5215, 5.6378 -0.5574 -0.5215, 5.6339 -0.5574 -0.4687, 5.6378 -0.5574 -0.4687, 5.6339 -0.4589 -0.4687, 5.6378 -0.4589 -0.4687, 5.6339 -0.4589 -0.5191, 5.6378 -0.4589 -0.5191, 5.6339 -0.4697 -0.5191, 5.6378 -0.4697 -0.5191, 5.6339 -0.4697 -0.4819, 5.6378 -0.4697 -0.4819, 5.6339 -0.5021 -0.4819, 5.6378 -0.5021 -0.4819, 5.6339 -0.5021 -0.5167, 5.6378 -0.5021 -0.5167, 5.6339 -0.5129 -0.5167, 5.6378 -0.5129 -0.5167, 5.6339 -0.5129 -0.4819, 5.6378 -0.5129 -0.4819, 5.6339 -0.5465 -0.4819, 5.6378 -0.5465 -0.4819, 5.6339 -0.5414 -0.4495, 5.6339 -0.5523 -0.4495, 5.6378 -0.5414 -0.4495, 5.6378 -0.5523 -0.4495, 5.6339 -0.5566 -0.439, 5.6339 -0.5586 -0.4224, 5.6378 -0.5586 -0.4224, 5.6378 -0.5585 -0.4251, 5.6339 -0.5585 -0.4251, 5.6378 -0.558 -0.4291, 5.6378 -0.5566 -0.439, 5.6339 -0.51 -0.3763, 5.6378 -0.51 -0.3763, 5.6378 -0.5214 -0.3772, 5.6339 -0.5214 -0.3772, 5.6378 -0.5318 -0.3802, 5.6339 -0.5318 -0.3802, 5.6378 -0.5412 -0.3854, 5.6339 -0.5412 -0.3854, 5.6378 -0.549 -0.3928, 5.6339 -0.549 -0.3928, 5.6378 -0.554 -0.4007, 5.6339 -0.554 -0.4007, 5.6378 -0.5573 -0.4103, 5.6339 -0.5573 -0.4103, 5.6378 -0.558 -0.4166, 5.6339 -0.4577 -0.4263, 5.6378 -0.4577 -0.4263, 5.6378 -0.4585 -0.4164, 5.6339 -0.4585 -0.4164, 5.6378 -0.4617 -0.4055, 5.6339 -0.4617 -0.4055, 5.6378 -0.4671 -0.3961, 5.6339 -0.4671 -0.3961, 5.6378 -0.4756 -0.3872, 5.6339 -0.4756 -0.3872, 5.6378 -0.4849 -0.3815, 5.6339 -0.4849 -0.3815, 5.6378 -0.496 -0.3777, 5.6339 -0.496 -0.3777, 5.6339 -0.4616 -0.4495, 5.6378 -0.4616 -0.4495, 5.6378 -0.4585 -0.4381, 5.6339 -0.4585 -0.4381, 5.6339 -0.4748 -0.4495, 5.6378 -0.4748 -0.4495, 5.6339 -0.4685 -0.4264, 5.6378 -0.4685 -0.4264, 5.6378 -0.4701 -0.4384, 5.6339 -0.4701 -0.4384, 5.6339 -0.5092 -0.3895, 5.6378 -0.5092 -0.3895, 5.6378 -0.5015 -0.3899, 5.6339 -0.5015 -0.3899, 5.6378 -0.491 -0.3926, 5.6339 -0.491 -0.3926, 5.6378 -0.4834 -0.3966, 5.6339 -0.4834 -0.3966, 5.6378 -0.4768 -0.4026, 5.6339 -0.4768 -0.4026, 5.6378 -0.4723 -0.4094, 5.6339 -0.4723 -0.4094, 5.6378 -0.4696 -0.4167, 5.6339 -0.4696 -0.4167, 5.6339 -0.5477 -0.4242, 5.6378 -0.5477 -0.4242, 5.6378 -0.5467 -0.415, 5.6339 -0.5467 -0.415, 5.6378 -0.5441 -0.4079, 5.6339 -0.5441 -0.4079, 5.6378 -0.54 -0.4018, 5.6339 -0.54 -0.4018, 5.6378 -0.5351 -0.3972, 5.6339 -0.5351 -0.3972, 5.6378 -0.5283 -0.3931, 5.6339 -0.5283 -0.3931, 5.6378 -0.5198 -0.3905, 5.6339 -0.5198 -0.3905, 5.6378 -0.5424 -0.4477, 5.6339 -0.5424 -0.4477, 5.6378 -0.5463 -0.4373, 5.6339 -0.5463 -0.4373, 5.6339 -0.5465 -0.3679, 5.6339 -0.5574 -0.3679, 5.6378 -0.5465 -0.3679, 5.6378 -0.5574 -0.3679, 5.6339 -0.5574 -0.3175, 5.6378 -0.5574 -0.3175, 5.6339 -0.4589 -0.3175, 5.6378 -0.4589 -0.3175, 5.6339 -0.4589 -0.3307, 5.6378 -0.4589 -0.3307, 5.6339 -0.5465 -0.3307, 5.6378 -0.5465 -0.3307
            ]
        }
        coordIndex [
            0,1,2,-1,2,1,3,-1,1,4,3,-1,3,4,5,-1,4,6,5,-1,5,6,7,-1,6,8,7,-1,7,8,9,-1,8,10,9,-1,9,10,11,-1,10,12,11,-1,11,12,13,-1,12,14,13,-1,13,14,15,-1,14,0,15,-1,15,0,2,-1,16,17,14,-1,12,10,8,-1,17,18,14,-1,14,18,19,-1,14,19,0,-1,0,19,20,-1,0,20,21,-1,21,22,0,-1,0,22,23,-1,0,23,1,-1,4,1,6,-1,6,1,23,-1,6,23,8,-1,8,23,16,-1,8,16,12,-1,12,16,14,-1,16,23,24,-1,24,23,25,-1,17,16,26,-1,26,16,24,-1,17,26,27,-1,17,27,18,-1,18,27,28,-1,18,28,19,-1,20,19,29,-1,29,19,28,-1,20,29,30,-1,20,30,21,-1,21,30,31,-1,21,31,22,-1,23,22,25,-1,25,22,31,-1,32,33,34,-1,34,33,35,-1,33,36,35,-1,35,36,37,-1,36,38,37,-1,37,38,39,-1,40,41,42,-1,40,42,43,-1,43,42,44,-1,43,44,45,-1,45,44,46,-1,45,46,47,-1,47,46,48,-1,47,48,49,-1,49,48,50,-1,49,50,51,-1,51,50,52,-1,51,52,53,-1,53,52,54,-1,53,54,55,-1,55,54,39,-1,55,39,38,-1,32,34,56,-1,32,56,57,-1,57,56,58,-1,57,58,59,-1,59,58,60,-1,59,60,61,-1,61,60,62,-1,61,62,63,-1,63,62,64,-1,63,64,65,-1,65,64,66,-1,65,66,67,-1,67,66,41,-1,67,41,40,-1,45,47,68,-1,68,47,49,-1,68,49,69,-1,69,49,51,-1,69,51,70,-1,70,51,53,-1,70,53,71,-1,71,53,55,-1,71,55,72,-1,72,55,38,-1,72,38,73,-1,73,38,36,-1,73,36,74,-1,74,36,33,-1,74,33,75,-1,75,33,32,-1,75,32,76,-1,76,32,57,-1,76,57,77,-1,77,57,59,-1,77,59,78,-1,78,59,61,-1,78,61,79,-1,79,61,63,-1,79,63,80,-1,80,63,65,-1,80,65,81,-1,81,65,67,-1,81,67,82,-1,82,67,40,-1,82,40,83,-1,83,40,43,-1,83,43,84,-1,84,43,45,-1,84,45,68,-1,72,73,85,-1,85,73,86,-1,72,85,87,-1,72,87,71,-1,71,87,88,-1,71,88,70,-1,70,88,89,-1,70,89,69,-1,69,89,90,-1,69,90,68,-1,68,90,91,-1,68,91,84,-1,84,91,92,-1,84,92,83,-1,83,92,93,-1,83,93,82,-1,82,93,94,-1,82,94,81,-1,81,94,95,-1,81,95,80,-1,80,95,96,-1,80,96,79,-1,79,96,97,-1,79,97,78,-1,78,97,98,-1,78,98,77,-1,77,98,99,-1,77,99,76,-1,76,99,100,-1,76,100,75,-1,74,75,101,-1,101,75,100,-1,73,74,86,-1,86,74,101,-1,102,103,104,-1,104,103,105,-1,103,106,105,-1,105,106,107,-1,106,108,107,-1,107,108,109,-1,108,110,109,-1,109,110,111,-1,110,112,111,-1,111,112,113,-1,112,114,113,-1,113,114,115,-1,114,116,115,-1,115,116,117,-1,116,118,117,-1,117,118,119,-1,118,120,119,-1,119,120,121,-1,120,122,121,-1,121,122,123,-1,122,124,123,-1,123,124,125,-1,124,102,125,-1,125,102,104,-1,106,103,102,-1,102,124,106,-1,106,124,122,-1,106,122,108,-1,112,110,114,-1,114,110,108,-1,114,108,116,-1,116,108,122,-1,116,122,118,-1,118,122,120,-1,126,127,128,-1,128,127,129,-1,129,127,130,-1,131,132,133,-1,131,133,134,-1,134,133,135,-1,134,135,130,-1,130,135,136,-1,130,136,129,-1,137,138,139,-1,137,139,140,-1,140,139,141,-1,140,141,142,-1,142,141,143,-1,142,143,144,-1,144,143,145,-1,144,145,146,-1,146,145,147,-1,146,147,148,-1,148,147,149,-1,148,149,150,-1,150,149,131,-1,131,149,151,-1,131,151,132,-1,152,153,154,-1,152,154,155,-1,155,154,156,-1,155,156,157,-1,157,156,158,-1,157,158,159,-1,159,158,160,-1,159,160,161,-1,161,160,162,-1,161,162,163,-1,163,162,164,-1,163,164,165,-1,165,164,138,-1,165,138,137,-1,166,167,168,-1,166,168,169,-1,169,168,153,-1,169,153,152,-1,166,170,167,-1,167,170,171,-1,172,173,174,-1,172,174,175,-1,175,174,171,-1,175,171,170,-1,176,177,178,-1,176,178,179,-1,179,178,180,-1,179,180,181,-1,181,180,182,-1,181,182,183,-1,183,182,184,-1,183,184,185,-1,185,184,186,-1,185,186,187,-1,187,186,188,-1,187,188,189,-1,189,188,173,-1,189,173,172,-1,190,191,192,-1,190,192,193,-1,193,192,194,-1,193,194,195,-1,195,194,196,-1,195,196,197,-1,197,196,198,-1,197,198,199,-1,199,198,200,-1,199,200,201,-1,201,200,202,-1,201,202,203,-1,203,202,177,-1,203,177,176,-1,126,128,204,-1,126,204,205,-1,205,204,206,-1,205,206,207,-1,207,206,191,-1,207,191,190,-1,193,131,190,-1,190,131,134,-1,190,134,207,-1,207,134,130,-1,207,130,205,-1,205,130,127,-1,205,127,126,-1,170,166,175,-1,175,166,169,-1,175,169,172,-1,172,169,152,-1,172,152,189,-1,189,152,155,-1,189,155,187,-1,187,155,157,-1,187,157,185,-1,185,157,159,-1,185,159,183,-1,183,159,161,-1,183,161,181,-1,181,161,163,-1,181,163,179,-1,179,163,165,-1,179,165,176,-1,176,165,137,-1,176,137,203,-1,203,137,140,-1,203,140,201,-1,201,140,142,-1,201,142,199,-1,199,142,144,-1,199,144,197,-1,197,144,146,-1,197,146,195,-1,195,146,148,-1,195,148,193,-1,193,148,150,-1,193,150,131,-1,208,209,210,-1,210,209,211,-1,209,212,211,-1,211,212,213,-1,212,214,213,-1,213,214,215,-1,214,216,215,-1,215,216,217,-1,216,218,217,-1,217,218,219,-1,218,208,219,-1,219,208,210,-1,216,214,218,-1,218,214,212,-1,218,212,208,-1,208,212,209,-1,
        ]
    }
}
Shape{
    appearance Appearance {
        material  Material 	{
            diffuseColor 0.9490196078431372 0.7607843137254902 0.1803921568627451
            specularColor 0.7607843137254902 0.6078431372549019 0.1450980392156863
            ambientIntensity 0.7509
            transparency 0.0
            shininess 0.5
        }
    }
    geometry IndexedFaceSet {
        ccw TRUE
        solid FALSE
        coord DEF co Coordinate {
            point [
                5.6378 -0.5189 -0.6543, 5.6378 -0.5189 -0.6872, 5.6378 -0.4778 -0.6689, 5.6378 -0.4778 -0.6724, 5.6378 -0.4744 -0.6699, 5.6378 -0.4744 -0.6715, 5.6378 -0.4709 -0.6705, 5.6378 -0.4709 -0.6708, 5.6378 -0.4697 -0.5539, 5.6378 -0.5465 -0.5539, 5.6378 -0.4697 -0.5684, 5.6378 -0.5465 -0.5679, 5.6378 -0.5456 -0.5783, 5.6378 -0.5072 -0.6067, 5.6378 -0.4974 -0.6059, 5.6378 -0.4896 -0.6036, 5.6378 -0.471 -0.5801, 5.6378 -0.543 -0.5866, 5.6378 -0.539 -0.5933, 5.6378 -0.5336 -0.5988, 5.6378 -0.5268 -0.6029, 5.6378 -0.5175 -0.6058, 5.6378 -0.4835 -0.6002, 5.6378 -0.4785 -0.5954, 5.6378 -0.4738 -0.5882, 6.6378 -0.4685 -0.4264, 6.6378 -0.4696 -0.4167, 6.6378 -0.5424 -0.4477, 6.6378 -0.4697 -0.5191, 6.6378 -0.4697 -0.4819, 6.6378 -0.5021 -0.4819, 6.6378 -0.5021 -0.5167, 6.6378 -0.5129 -0.5167, 6.6378 -0.558 -0.5311, 6.6378 -0.549 -0.3928, 6.6378 -0.5412 -0.3854, 6.6378 -0.5574 -0.3679, 6.6378 -0.558 -0.4166, 6.6378 -0.5574 -0.3175, 6.6378 -0.4701 -0.4384, 6.6378 -0.5414 -0.4495, 6.6378 -0.4748 -0.4495, 6.6378 -0.4589 -0.5191, 6.6378 -0.3622 -0.5311, 6.6378 -0.4589 -0.4687, 6.6378 -0.3622 0.1969, 6.6378 -0.4589 -0.3175, 6.6378 -0.4589 -0.3307, 6.6378 -0.4849 -0.3815, 6.6378 -0.4756 -0.3872, 6.6378 -0.4671 -0.3961, 6.6378 -0.4617 -0.4055, 6.6378 -0.5465 -0.3679, 6.6378 -0.5318 -0.3802, 6.6378 -0.5465 -0.3307, 6.6378 -0.4585 -0.4164, 6.6378 -0.4577 -0.4263, 6.6378 -0.4585 -0.4381, 6.6378 -0.4616 -0.4495, 6.6378 -0.5574 -0.4687, 6.6378 -0.5523 -0.4495, 6.6378 -0.5573 -0.4103, 6.6378 -0.554 -0.4007, 6.6378 -0.4723 -0.4094, 6.6378 -0.4768 -0.4026, 6.6378 -0.4834 -0.3966, 6.6378 -0.5092 -0.3895, 6.6378 -0.5198 -0.3905, 6.6378 -0.5283 -0.3931, 6.6378 -0.5467 -0.415, 6.6378 -0.5477 -0.4242, 6.6378 -0.5441 -0.4079, 6.6378 -0.54 -0.4018, 6.6378 -0.5351 -0.3972, 6.6378 -0.5463 -0.4373, 6.6378 -0.5214 -0.3772, 6.6378 -0.51 -0.3763, 6.6378 -0.496 -0.3777, 6.6378 -0.491 -0.3926, 6.6378 -0.5015 -0.3899, 6.6378 -0.5129 -0.4819, 6.6378 -0.5465 -0.4819, 6.6378 -0.5465 -0.5215, 6.6378 -0.5574 -0.5215, 6.6378 -0.558 -0.4291, 6.6378 -0.5585 -0.4251, 6.6378 -0.6378 -0.5311, 6.6378 -0.5586 -0.4224, 6.6378 -0.558 0.1969, 6.6378 -0.6378 0.1969, 6.6378 -0.4589 -0.6643, 6.6378 -0.4589 -0.6775, 6.6378 -0.5574 -0.7016, 6.6378 -0.5574 -0.716, 6.6378 -0.558 -1.0236, 6.6378 -0.3622 -1.0236, 6.6378 -0.5574 -0.5675, 6.6378 -0.5574 -0.5407, 6.6378 -0.4589 -0.5407, 6.6378 -0.4589 -0.5685, 6.6378 -0.4718 -0.605, 6.6378 -0.4795 -0.612, 6.6378 -0.4879 -0.6166, 6.6378 -0.5574 -0.6271, 6.6378 -0.5304 -0.615, 6.6378 -0.5392 -0.6094, 6.6378 -0.4604 -0.5827, 6.6378 -0.4645 -0.5942, 6.6378 -0.4717 -0.6049, 6.6378 -0.5469 -0.6013, 6.6378 -0.5529 -0.591, 6.6378 -0.5563 -0.5797, 6.6378 -0.5574 -0.6415, 6.6378 -0.5297 -0.6509, 6.6378 -0.5297 -0.6916, 6.6378 -0.4976 -0.6192, 6.6378 -0.5069 -0.6199, 6.6378 -0.5201 -0.6186, 6.6378 -0.5566 -0.439, 6.6378 -0.6378 -1.0236, 6.6378 0.5467 -0.4247, 6.6378 0.5456 -0.415, 6.6378 0.4728 -0.446, 6.6378 0.5563 -0.5174, 6.6378 0.6378 -0.5294, 6.6378 0.5563 -0.467, 6.6378 0.6378 0.1969, 6.6378 0.4663 -0.3911, 6.6378 0.4741 -0.3837, 6.6378 0.4579 -0.3661, 6.6378 0.4573 -0.4149, 6.6378 0.4579 -0.3157, 6.6378 0.5452 -0.4367, 6.6378 0.4738 -0.4477, 6.6378 0.5404 -0.4477, 6.6378 0.5023 -0.515, 6.6378 0.4573 -0.5294, 6.6378 0.5131 -0.515, 6.6378 0.5455 -0.5174, 6.6378 0.5131 -0.4802, 6.6378 0.5455 -0.4802, 6.6378 0.5563 -0.3157, 6.6378 0.5563 -0.3289, 6.6378 0.5304 -0.3797, 6.6378 0.5396 -0.3855, 6.6378 0.5481 -0.3944, 6.6378 0.5535 -0.4037, 6.6378 0.4687 -0.3661, 6.6378 0.4834 -0.3784, 6.6378 0.4687 -0.3289, 6.6378 0.5567 -0.4147, 6.6378 0.5575 -0.4246, 6.6378 0.5567 -0.4364, 6.6378 0.5536 -0.4477, 6.6378 0.4579 -0.467, 6.6378 0.463 -0.4477, 6.6378 0.458 -0.4085, 6.6378 0.4612 -0.399, 6.6378 0.543 -0.4076, 6.6378 0.5384 -0.4008, 6.6378 0.5319 -0.3949, 6.6378 0.5061 -0.3877, 6.6378 0.4954 -0.3887, 6.6378 0.4869 -0.3914, 6.6378 0.4685 -0.4133, 6.6378 0.4675 -0.4225, 6.6378 0.4712 -0.4061, 6.6378 0.4752 -0.4001, 6.6378 0.4801 -0.3955, 6.6378 0.4689 -0.4356, 6.6378 0.4939 -0.3755, 6.6378 0.5053 -0.3745, 6.6378 0.5192 -0.3759, 6.6378 0.5243 -0.3908, 6.6378 0.5137 -0.3882, 6.6378 0.5023 -0.4802, 6.6378 0.4687 -0.4802, 6.6378 0.4687 -0.5198, 6.6378 0.4579 -0.5198, 6.6378 0.4573 -0.4273, 6.6378 0.4567 -0.4234, 6.6378 0.3622 -0.5294, 6.6378 0.4567 -0.4207, 6.6378 0.4573 0.1969, 6.6378 0.3622 0.1969, 6.6378 0.5563 -0.6626, 6.6378 0.5563 -0.6758, 6.6378 0.4579 -0.5657, 6.6378 0.4579 -0.539, 6.6378 0.5563 -0.539, 6.6378 0.4579 -0.6998, 6.6378 0.4579 -0.7142, 6.6378 0.4573 -1.0236, 6.6378 0.6378 -1.0236, 6.6378 0.5563 -0.5667, 6.6378 0.5548 -0.581, 6.6378 0.5508 -0.5925, 6.6378 0.5436 -0.6032, 6.6378 0.4579 -0.6254, 6.6378 0.4849 -0.6133, 6.6378 0.4761 -0.6076, 6.6378 0.5435 -0.6033, 6.6378 0.5358 -0.6103, 6.6378 0.5273 -0.6148, 6.6378 0.4683 -0.5995, 6.6378 0.4623 -0.5893, 6.6378 0.459 -0.5779, 6.6378 0.4579 -0.6398, 6.6378 0.4855 -0.6492, 6.6378 0.4855 -0.6899, 6.6378 0.5176 -0.6175, 6.6378 0.5083 -0.6182, 6.6378 0.4952 -0.6168, 6.6378 0.4587 -0.4373, 6.6378 0.3622 -1.0236
            ]
        }
        coordIndex [
            0,1,2,-1,2,1,3,-1,2,3,4,-1,4,3,5,-1,4,5,6,-1,6,5,7,-1,8,9,10,-1,10,9,11,-1,10,11,12,-1,13,14,10,-1,10,14,15,-1,10,15,16,-1,12,17,10,-1,10,17,18,-1,10,18,19,-1,19,20,10,-1,10,20,21,-1,10,21,13,-1,22,23,15,-1,15,23,24,-1,15,24,16,-1,25,26,27,-1,28,29,30,-1,31,32,33,-1,34,35,36,-1,37,36,38,-1,25,27,39,-1,39,27,40,-1,39,40,41,-1,30,31,28,-1,28,31,33,-1,28,33,42,-1,42,33,43,-1,42,43,44,-1,44,43,45,-1,45,46,47,-1,48,49,47,-1,47,49,50,-1,47,50,51,-1,36,35,52,-1,52,35,53,-1,52,53,54,-1,51,55,47,-1,47,55,56,-1,47,56,45,-1,45,56,57,-1,45,57,44,-1,57,58,44,-1,44,58,41,-1,44,41,59,-1,59,41,40,-1,59,40,60,-1,37,61,36,-1,36,61,62,-1,36,62,34,-1,26,63,27,-1,27,63,64,-1,27,64,65,-1,66,67,27,-1,27,67,68,-1,69,70,71,-1,71,70,72,-1,68,73,27,-1,27,73,72,-1,27,72,74,-1,74,72,70,-1,53,75,54,-1,54,75,76,-1,54,76,47,-1,47,76,77,-1,47,77,48,-1,65,78,27,-1,27,78,79,-1,27,79,66,-1,80,81,32,-1,32,81,82,-1,32,82,33,-1,33,82,83,-1,33,83,59,-1,84,85,86,-1,86,85,87,-1,86,87,37,-1,46,45,38,-1,38,45,88,-1,38,88,37,-1,37,88,89,-1,37,89,86,-1,43,90,91,-1,92,33,93,-1,93,33,94,-1,93,94,91,-1,91,94,95,-1,91,95,43,-1,96,97,33,-1,33,97,98,-1,33,98,43,-1,43,98,99,-1,100,101,90,-1,90,101,102,-1,103,104,105,-1,99,106,43,-1,43,106,107,-1,43,107,90,-1,90,107,108,-1,90,108,100,-1,105,109,103,-1,103,109,110,-1,103,110,111,-1,111,96,103,-1,103,96,33,-1,103,33,112,-1,112,33,92,-1,112,92,113,-1,113,92,114,-1,102,115,90,-1,90,115,116,-1,90,116,103,-1,103,116,117,-1,103,117,104,-1,60,118,59,-1,59,118,84,-1,59,84,33,-1,33,84,86,-1,33,86,94,-1,94,86,119,-1,120,121,122,-1,123,124,125,-1,125,124,126,-1,127,128,129,-1,130,129,131,-1,120,122,132,-1,132,122,133,-1,132,133,134,-1,135,136,137,-1,137,136,138,-1,137,138,139,-1,139,138,140,-1,126,141,142,-1,143,144,142,-1,142,144,145,-1,142,145,146,-1,129,128,147,-1,147,128,148,-1,147,148,149,-1,146,150,142,-1,142,150,151,-1,142,151,126,-1,126,151,152,-1,126,152,125,-1,152,153,125,-1,125,153,134,-1,125,134,154,-1,154,134,133,-1,154,133,155,-1,130,156,129,-1,129,156,157,-1,129,157,127,-1,121,158,122,-1,122,158,159,-1,122,159,160,-1,161,162,122,-1,122,162,163,-1,164,165,166,-1,166,165,167,-1,163,168,122,-1,122,168,167,-1,122,167,169,-1,169,167,165,-1,148,170,149,-1,149,170,171,-1,149,171,142,-1,142,171,172,-1,142,172,143,-1,160,173,122,-1,122,173,174,-1,122,174,161,-1,175,176,135,-1,135,176,177,-1,135,177,136,-1,136,177,178,-1,136,178,154,-1,179,180,181,-1,181,180,182,-1,181,182,130,-1,141,126,131,-1,131,126,183,-1,131,183,130,-1,130,183,184,-1,130,184,181,-1,124,185,186,-1,187,188,136,-1,123,138,124,-1,124,138,136,-1,124,136,189,-1,189,136,188,-1,190,136,191,-1,191,136,192,-1,191,192,186,-1,186,192,193,-1,186,193,124,-1,189,194,124,-1,124,194,195,-1,124,195,185,-1,185,195,196,-1,185,196,197,-1,198,199,200,-1,197,201,185,-1,185,201,202,-1,185,202,203,-1,200,204,198,-1,198,204,205,-1,198,205,206,-1,206,187,198,-1,198,187,136,-1,198,136,207,-1,207,136,190,-1,207,190,208,-1,208,190,209,-1,203,210,185,-1,185,210,211,-1,185,211,198,-1,198,211,212,-1,198,212,199,-1,155,213,154,-1,154,213,179,-1,154,179,136,-1,136,179,181,-1,136,181,192,-1,192,181,214,-1,
        ]
    }
}
Shape{
    appearance Appearance {
        material  Material 	{
            diffuseColor 0.17647058823529413 0.17647058823529413 0.17647058823529413
            specularColor 0.050980392156862744 0.050980392156862744 0.050980392156862744
            ambientIntensity 0.251
            transparency 0.0
            shininess 0.5
        }
    }
    geometry IndexedFaceSet {
        ccw TRUE
        solid FALSE
        coord DEF co Coordinate {
            point [
                6.6378 -0.6378 0.1969, 7.0 -0.8031 0.1969, 6.3622 -0.6378 0.1969, 6.0 -0.8031 0.1969, 6.3622 -0.3622 0.1969, 6.6378 -0.558 0.1969, 6.6378 -0.3622 0.1969, 7.0 0.8031 0.1969, 6.6378 0.6378 0.1969, 6.0 0.8031 0.1969, 6.3622 0.6378 0.1969, 6.3622 0.3622 0.1969, 6.6378 0.3622 0.1969, 6.6378 0.4573 0.1969, 6.1181 -1.0 0.0079, 6.1181 -1.0 0.9843, 6.0 -0.8819 0.0079, 6.0 -0.8819 0.9843, 6.8819 -1.0 0.0079, 6.8819 -1.0 0.9843, 7.0 -0.8819 0.0079, 7.0 -0.8819 0.9843, 7.0 -0.8031 0.0079, 7.0 0.8031 0.0079, 7.0 0.8819 0.0079, 7.0 0.8819 0.9843, 6.8819 1.0 0.0079, 6.8819 1.0 0.9843, 6.1181 1.0 0.0079, 6.1181 1.0 0.9843, 6.0 0.8819 0.0079, 6.0 0.8819 0.9843, 6.0 0.8031 0.0079, 6.0 -0.8031 0.0079, 6.3622 0.6378 0.9843, 6.3622 0.3622 0.9843, 6.6378 0.3622 0.9843, 6.3622 -0.3622 0.9843, 6.6378 -0.3622 0.9843, 6.6378 0.6378 0.9843, 6.6378 -0.6378 0.9843, 6.3622 -0.6378 0.9843
            ]
        }
        coordIndex [
            0,1,2,-1,2,1,3,-1,2,3,4,-1,0,5,1,-1,1,5,6,-1,1,6,7,-1,7,8,9,-1,9,8,10,-1,9,10,11,-1,3,9,4,-1,4,9,11,-1,4,11,6,-1,6,11,12,-1,6,12,7,-1,7,12,13,-1,7,13,8,-1,14,15,16,-1,16,15,17,-1,18,19,14,-1,14,19,15,-1,20,21,18,-1,18,21,19,-1,20,22,1,-1,23,24,7,-1,7,24,25,-1,7,25,1,-1,1,25,21,-1,1,21,20,-1,26,27,24,-1,24,27,25,-1,28,29,26,-1,26,29,27,-1,30,31,28,-1,28,31,29,-1,30,32,9,-1,33,16,3,-1,3,16,17,-1,3,17,9,-1,9,17,31,-1,9,31,30,-1,15,19,21,-1,34,31,35,-1,35,31,17,-1,36,37,38,-1,39,25,34,-1,34,25,27,-1,34,27,31,-1,31,27,29,-1,39,36,25,-1,25,36,38,-1,25,38,21,-1,21,38,40,-1,21,40,15,-1,15,40,41,-1,15,41,17,-1,17,41,37,-1,17,37,35,-1,35,37,36,-1,1,22,3,-1,3,22,33,-1,22,20,18,-1,22,18,33,-1,33,18,14,-1,33,14,16,-1,32,23,9,-1,9,23,7,-1,32,30,28,-1,32,28,23,-1,23,28,26,-1,23,26,24,-1,
        ]
    }
}
Shape{
    appearance Appearance {
        material  Material 	{
            diffuseColor 0.9490196078431372 0.7607843137254902 0.1803921568627451
            specularColor 0.7607843137254902 0.6078431372549019 0.1450980392156863
            ambientIntensity 0.7509
            transparency 0.0
            shininess 0.5
        }
    }
    geometry IndexedFaceSet {
        ccw TRUE
        solid FALSE
        coord DEF co Coordinate {
            point [
                6.5984 0.4016 3.3465, 6.5984 0.5984 3.3465, 6.4016 0.4016 3.3465, 6.4016 0.5984 3.3465, 6.6378 0.6378 3.189, 6.6378 0.6378 0.9843, 6.3622 0.6378 3.189, 6.3622 0.6378 0.9843, 6.3622 0.3622 3.189, 6.3622 0.3622 0.9843, 6.6378 0.3622 3.189, 6.6378 0.3622 0.9843, 6.6378 0.3622 0.1969, 6.3622 0.3622 0.1969, 6.6378 0.3622 -0.5294, 6.3622 0.3622 -1.0236, 6.6378 0.3622 -1.0236, 6.3622 0.6378 -1.0236, 6.3622 0.6378 0.1969, 6.6378 0.6378 0.1969, 6.6378 0.6378 -0.5294, 6.6378 0.6378 -1.0236, 6.5984 0.5984 -1.1811, 6.5984 0.4016 -1.1811, 6.4016 0.5984 -1.1811, 6.4016 0.4016 -1.1811, 6.5984 -0.5984 3.3465, 6.5984 -0.4016 3.3465, 6.4016 -0.5984 3.3465, 6.4016 -0.4016 3.3465, 6.6378 -0.3622 3.189, 6.6378 -0.3622 0.9843, 6.3622 -0.3622 3.189, 6.3622 -0.3622 0.9843, 6.3622 -0.6378 3.189, 6.3622 -0.6378 0.9843, 6.6378 -0.6378 3.189, 6.6378 -0.6378 0.9843, 6.6378 -0.6378 0.1969, 6.3622 -0.6378 0.1969, 6.6378 -0.6378 -0.5311, 6.3622 -0.6378 -1.0236, 6.6378 -0.6378 -1.0236, 6.3622 -0.3622 -1.0236, 6.3622 -0.3622 0.1969, 6.6378 -0.3622 0.1969, 6.6378 -0.3622 -0.5311, 6.6378 -0.3622 -1.0236, 6.5984 -0.4016 -1.1811, 6.5984 -0.5984 -1.1811, 6.4016 -0.4016 -1.1811, 6.4016 -0.5984 -1.1811, 6.6378 -0.558 -1.0236, 6.6378 0.4573 -1.0236
            ]
        }
        coordIndex [
            0,1,2,-1,2,1,3,-1,4,5,6,-1,6,5,7,-1,6,7,8,-1,8,7,9,-1,8,9,10,-1,10,9,11,-1,10,11,4,-1,4,11,5,-1,12,13,14,-1,14,13,15,-1,14,15,16,-1,15,13,17,-1,17,13,18,-1,18,19,17,-1,17,19,20,-1,17,20,21,-1,22,23,24,-1,24,23,25,-1,26,27,28,-1,28,27,29,-1,30,31,32,-1,32,31,33,-1,32,33,34,-1,34,33,35,-1,34,35,36,-1,36,35,37,-1,36,37,30,-1,30,37,31,-1,38,39,40,-1,40,39,41,-1,40,41,42,-1,41,39,43,-1,43,39,44,-1,44,45,43,-1,43,45,46,-1,43,46,47,-1,48,49,50,-1,50,49,51,-1,32,29,30,-1,30,29,27,-1,34,28,32,-1,32,28,29,-1,26,36,27,-1,27,36,30,-1,36,26,34,-1,34,26,28,-1,6,3,4,-1,4,3,1,-1,8,2,6,-1,6,2,3,-1,0,10,1,-1,1,10,4,-1,10,0,8,-1,8,0,2,-1,49,42,51,-1,51,42,41,-1,42,49,52,-1,52,49,48,-1,52,48,47,-1,43,50,41,-1,41,50,51,-1,50,43,48,-1,48,43,47,-1,23,16,25,-1,25,16,15,-1,16,23,53,-1,53,23,22,-1,53,22,21,-1,17,24,15,-1,15,24,25,-1,24,17,22,-1,22,17,21,-1,
        ]
    }
}
Shape{
    appearance Appearance {
        material  Material 	{
            diffuseColor 0.0 0.0 0.0
            specularColor 0.0 0.0 0.0
            ambientIntensity 0.0
            transparency 0.0
            shininess 0.5
        }
    }
    geometry IndexedFaceSet {
        ccw TRUE
        solid FALSE
        coord DEF co Coordinate {
            point [
                6.6339 0.5563 -0.6758, 6.6339 0.4579 -0.7142, 6.6378 0.5563 -0.6758, 6.6378 0.4579 -0.7142, 6.6339 0.4579 -0.6998, 6.6378 0.4579 -0.6998, 6.6339 0.4855 -0.6899, 6.6378 0.4855 -0.6899, 6.6339 0.4855 -0.6492, 6.6378 0.4855 -0.6492, 6.6339 0.4579 -0.6398, 6.6378 0.4579 -0.6398, 6.6339 0.4579 -0.6254, 6.6378 0.4579 -0.6254, 6.6339 0.5563 -0.6626, 6.6378 0.5563 -0.6626, 6.6339 0.4963 -0.6525, 6.6339 0.4963 -0.6854, 6.6339 0.5374 -0.6672, 6.6339 0.5408 -0.6681, 6.6339 0.5443 -0.6688, 6.6339 0.5443 -0.6691, 6.6339 0.5408 -0.6697, 6.6339 0.5374 -0.6706, 6.6378 0.4963 -0.6525, 6.6378 0.4963 -0.6854, 6.6378 0.5374 -0.6672, 6.6378 0.5408 -0.6681, 6.6378 0.5443 -0.6688, 6.6378 0.5443 -0.6691, 6.6378 0.5408 -0.6697, 6.6378 0.5374 -0.6706, 6.6339 0.4579 -0.5657, 6.6339 0.4579 -0.539, 6.6378 0.4579 -0.5657, 6.6378 0.4579 -0.539, 6.6339 0.5563 -0.539, 6.6378 0.5563 -0.539, 6.6339 0.5563 -0.5667, 6.6378 0.5563 -0.5667, 6.6339 0.5083 -0.6182, 6.6378 0.5083 -0.6182, 6.6378 0.5176 -0.6175, 6.6339 0.5176 -0.6175, 6.6378 0.5273 -0.6148, 6.6339 0.5273 -0.6148, 6.6378 0.5358 -0.6103, 6.6339 0.5358 -0.6103, 6.6378 0.5435 -0.6033, 6.6339 0.5435 -0.6033, 6.6378 0.5436 -0.6032, 6.6339 0.5436 -0.6032, 6.6378 0.5508 -0.5925, 6.6339 0.5508 -0.5925, 6.6378 0.5548 -0.581, 6.6339 0.5548 -0.581, 6.6378 0.459 -0.5779, 6.6339 0.459 -0.5779, 6.6378 0.4623 -0.5893, 6.6339 0.4623 -0.5893, 6.6378 0.4683 -0.5995, 6.6339 0.4683 -0.5995, 6.6378 0.4761 -0.6076, 6.6339 0.4761 -0.6076, 6.6378 0.4849 -0.6133, 6.6339 0.4849 -0.6133, 6.6378 0.4952 -0.6168, 6.6339 0.4952 -0.6168, 6.6339 0.5317 -0.5984, 6.6339 0.5368 -0.5937, 6.6339 0.5414 -0.5865, 6.6339 0.5443 -0.5783, 6.6339 0.5455 -0.5667, 6.6339 0.5455 -0.5522, 6.6339 0.4687 -0.5522, 6.6339 0.4687 -0.5661, 6.6339 0.4697 -0.5765, 6.6339 0.4723 -0.5848, 6.6339 0.4762 -0.5915, 6.6339 0.4817 -0.597, 6.6339 0.4885 -0.6012, 6.6339 0.4977 -0.6041, 6.6339 0.5081 -0.605, 6.6339 0.5179 -0.6042, 6.6339 0.5256 -0.6019, 6.6378 0.5455 -0.5667, 6.6378 0.5455 -0.5522, 6.6378 0.5443 -0.5783, 6.6378 0.5414 -0.5865, 6.6378 0.5368 -0.5937, 6.6378 0.5317 -0.5984, 6.6378 0.5256 -0.6019, 6.6378 0.5179 -0.6042, 6.6378 0.5081 -0.605, 6.6378 0.4977 -0.6041, 6.6378 0.4885 -0.6012, 6.6378 0.4817 -0.597, 6.6378 0.4762 -0.5915, 6.6378 0.4723 -0.5848, 6.6378 0.4697 -0.5765, 6.6378 0.4687 -0.5661, 6.6378 0.4687 -0.5522, 6.6339 0.4687 -0.5198, 6.6339 0.4579 -0.5198, 6.6378 0.4687 -0.5198, 6.6378 0.4579 -0.5198, 6.6339 0.4579 -0.467, 6.6378 0.4579 -0.467, 6.6339 0.5563 -0.467, 6.6378 0.5563 -0.467, 6.6339 0.5563 -0.5174, 6.6378 0.5563 -0.5174, 6.6339 0.5455 -0.5174, 6.6378 0.5455 -0.5174, 6.6339 0.5455 -0.4802, 6.6378 0.5455 -0.4802, 6.6339 0.5131 -0.4802, 6.6378 0.5131 -0.4802, 6.6339 0.5131 -0.515, 6.6378 0.5131 -0.515, 6.6339 0.5023 -0.515, 6.6378 0.5023 -0.515, 6.6339 0.5023 -0.4802, 6.6378 0.5023 -0.4802, 6.6339 0.4687 -0.4802, 6.6378 0.4687 -0.4802, 6.6339 0.4738 -0.4477, 6.6339 0.463 -0.4477, 6.6378 0.4738 -0.4477, 6.6378 0.463 -0.4477, 6.6339 0.4587 -0.4373, 6.6339 0.4567 -0.4207, 6.6378 0.4567 -0.4207, 6.6378 0.4567 -0.4234, 6.6339 0.4567 -0.4234, 6.6378 0.4573 -0.4273, 6.6378 0.4587 -0.4373, 6.6339 0.5053 -0.3745, 6.6378 0.5053 -0.3745, 6.6378 0.4939 -0.3755, 6.6339 0.4939 -0.3755, 6.6378 0.4834 -0.3784, 6.6339 0.4834 -0.3784, 6.6378 0.4741 -0.3837, 6.6339 0.4741 -0.3837, 6.6378 0.4663 -0.3911, 6.6339 0.4663 -0.3911, 6.6378 0.4612 -0.399, 6.6339 0.4612 -0.399, 6.6378 0.458 -0.4085, 6.6339 0.458 -0.4085, 6.6378 0.4573 -0.4149, 6.6339 0.5575 -0.4246, 6.6378 0.5575 -0.4246, 6.6378 0.5567 -0.4147, 6.6339 0.5567 -0.4147, 6.6378 0.5535 -0.4037, 6.6339 0.5535 -0.4037, 6.6378 0.5481 -0.3944, 6.6339 0.5481 -0.3944, 6.6378 0.5396 -0.3855, 6.6339 0.5396 -0.3855, 6.6378 0.5304 -0.3797, 6.6339 0.5304 -0.3797, 6.6378 0.5192 -0.3759, 6.6339 0.5192 -0.3759, 6.6339 0.5536 -0.4477, 6.6378 0.5536 -0.4477, 6.6378 0.5567 -0.4364, 6.6339 0.5567 -0.4364, 6.6339 0.5404 -0.4477, 6.6378 0.5404 -0.4477, 6.6339 0.5467 -0.4247, 6.6378 0.5467 -0.4247, 6.6378 0.5452 -0.4367, 6.6339 0.5452 -0.4367, 6.6339 0.5061 -0.3877, 6.6378 0.5061 -0.3877, 6.6378 0.5137 -0.3882, 6.6339 0.5137 -0.3882, 6.6378 0.5243 -0.3908, 6.6339 0.5243 -0.3908, 6.6378 0.5319 -0.3949, 6.6339 0.5319 -0.3949, 6.6378 0.5384 -0.4008, 6.6339 0.5384 -0.4008, 6.6378 0.543 -0.4076, 6.6339 0.543 -0.4076, 6.6378 0.5456 -0.415, 6.6339 0.5456 -0.415, 6.6339 0.4675 -0.4225, 6.6378 0.4675 -0.4225, 6.6378 0.4685 -0.4133, 6.6339 0.4685 -0.4133, 6.6378 0.4712 -0.4061, 6.6339 0.4712 -0.4061, 6.6378 0.4752 -0.4001, 6.6339 0.4752 -0.4001, 6.6378 0.4801 -0.3955, 6.6339 0.4801 -0.3955, 6.6378 0.4869 -0.3914, 6.6339 0.4869 -0.3914, 6.6378 0.4954 -0.3887, 6.6339 0.4954 -0.3887, 6.6378 0.4728 -0.446, 6.6339 0.4728 -0.446, 6.6378 0.4689 -0.4356, 6.6339 0.4689 -0.4356, 6.6339 0.4687 -0.3661, 6.6339 0.4579 -0.3661, 6.6378 0.4687 -0.3661, 6.6378 0.4579 -0.3661, 6.6339 0.4579 -0.3157, 6.6378 0.4579 -0.3157, 6.6339 0.5563 -0.3157, 6.6378 0.5563 -0.3157, 6.6339 0.5563 -0.3289, 6.6378 0.5563 -0.3289, 6.6339 0.4687 -0.3289, 6.6378 0.4687 -0.3289
            ]
        }
        coordIndex [
            0,1,2,-1,2,1,3,-1,1,4,3,-1,3,4,5,-1,4,6,5,-1,5,6,7,-1,6,8,7,-1,7,8,9,-1,8,10,9,-1,9,10,11,-1,10,12,11,-1,11,12,13,-1,12,14,13,-1,13,14,15,-1,14,0,15,-1,15,0,2,-1,16,8,17,-1,17,8,6,-1,18,14,16,-1,16,14,12,-1,16,12,8,-1,8,12,10,-1,18,19,14,-1,14,19,20,-1,14,20,0,-1,0,20,21,-1,0,21,22,-1,22,23,0,-1,0,23,17,-1,0,17,1,-1,1,17,6,-1,1,6,4,-1,16,17,24,-1,24,17,25,-1,18,16,26,-1,26,16,24,-1,18,26,27,-1,18,27,19,-1,19,27,28,-1,19,28,20,-1,21,20,29,-1,29,20,28,-1,21,29,30,-1,21,30,22,-1,22,30,31,-1,22,31,23,-1,17,23,25,-1,25,23,31,-1,32,33,34,-1,34,33,35,-1,33,36,35,-1,35,36,37,-1,36,38,37,-1,37,38,39,-1,40,41,42,-1,40,42,43,-1,43,42,44,-1,43,44,45,-1,45,44,46,-1,45,46,47,-1,47,46,48,-1,47,48,49,-1,49,48,50,-1,49,50,51,-1,51,50,52,-1,51,52,53,-1,53,52,54,-1,53,54,55,-1,55,54,39,-1,55,39,38,-1,32,34,56,-1,32,56,57,-1,57,56,58,-1,57,58,59,-1,59,58,60,-1,59,60,61,-1,61,60,62,-1,61,62,63,-1,63,62,64,-1,63,64,65,-1,65,64,66,-1,65,66,67,-1,67,66,41,-1,67,41,40,-1,45,47,68,-1,68,47,49,-1,68,49,69,-1,69,49,51,-1,69,51,70,-1,70,51,53,-1,70,53,71,-1,71,53,55,-1,71,55,72,-1,72,55,38,-1,72,38,73,-1,73,38,36,-1,73,36,74,-1,74,36,33,-1,74,33,75,-1,75,33,32,-1,75,32,76,-1,76,32,57,-1,76,57,77,-1,77,57,59,-1,77,59,78,-1,78,59,61,-1,78,61,79,-1,79,61,63,-1,79,63,80,-1,80,63,65,-1,80,65,81,-1,81,65,67,-1,81,67,82,-1,82,67,40,-1,82,40,83,-1,83,40,43,-1,83,43,84,-1,84,43,45,-1,84,45,68,-1,72,73,85,-1,85,73,86,-1,72,85,87,-1,72,87,71,-1,71,87,88,-1,71,88,70,-1,70,88,89,-1,70,89,69,-1,69,89,90,-1,69,90,68,-1,68,90,91,-1,68,91,84,-1,84,91,92,-1,84,92,83,-1,83,92,93,-1,83,93,82,-1,82,93,94,-1,82,94,81,-1,81,94,95,-1,81,95,80,-1,80,95,96,-1,80,96,79,-1,79,96,97,-1,79,97,78,-1,78,97,98,-1,78,98,77,-1,77,98,99,-1,77,99,76,-1,76,99,100,-1,76,100,75,-1,74,75,101,-1,101,75,100,-1,73,74,86,-1,86,74,101,-1,102,103,104,-1,104,103,105,-1,103,106,105,-1,105,106,107,-1,106,108,107,-1,107,108,109,-1,108,110,109,-1,109,110,111,-1,110,112,111,-1,111,112,113,-1,112,114,113,-1,113,114,115,-1,114,116,115,-1,115,116,117,-1,116,118,117,-1,117,118,119,-1,118,120,119,-1,119,120,121,-1,120,122,121,-1,121,122,123,-1,122,124,123,-1,123,124,125,-1,124,102,125,-1,125,102,104,-1,106,103,102,-1,102,124,106,-1,106,124,122,-1,106,122,108,-1,112,110,114,-1,114,110,108,-1,114,108,116,-1,116,108,122,-1,116,122,118,-1,118,122,120,-1,126,127,128,-1,128,127,129,-1,129,127,130,-1,131,132,133,-1,131,133,134,-1,134,133,135,-1,134,135,130,-1,130,135,136,-1,130,136,129,-1,137,138,139,-1,137,139,140,-1,140,139,141,-1,140,141,142,-1,142,141,143,-1,142,143,144,-1,144,143,145,-1,144,145,146,-1,146,145,147,-1,146,147,148,-1,148,147,149,-1,148,149,150,-1,150,149,131,-1,131,149,151,-1,131,151,132,-1,152,153,154,-1,152,154,155,-1,155,154,156,-1,155,156,157,-1,157,156,158,-1,157,158,159,-1,159,158,160,-1,159,160,161,-1,161,160,162,-1,161,162,163,-1,163,162,164,-1,163,164,165,-1,165,164,138,-1,165,138,137,-1,166,167,168,-1,166,168,169,-1,169,168,153,-1,169,153,152,-1,166,170,167,-1,167,170,171,-1,172,173,174,-1,172,174,175,-1,175,174,171,-1,175,171,170,-1,176,177,178,-1,176,178,179,-1,179,178,180,-1,179,180,181,-1,181,180,182,-1,181,182,183,-1,183,182,184,-1,183,184,185,-1,185,184,186,-1,185,186,187,-1,187,186,188,-1,187,188,189,-1,189,188,173,-1,189,173,172,-1,190,191,192,-1,190,192,193,-1,193,192,194,-1,193,194,195,-1,195,194,196,-1,195,196,197,-1,197,196,198,-1,197,198,199,-1,199,198,200,-1,199,200,201,-1,201,200,202,-1,201,202,203,-1,203,202,177,-1,203,177,176,-1,126,128,204,-1,126,204,205,-1,205,204,206,-1,205,206,207,-1,207,206,191,-1,207,191,190,-1,193,131,190,-1,190,131,134,-1,190,134,207,-1,207,134,130,-1,207,130,205,-1,205,130,127,-1,205,127,126,-1,170,166,175,-1,175,166,169,-1,175,169,172,-1,172,169,152,-1,172,152,189,-1,189,152,155,-1,189,155,187,-1,187,155,157,-1,187,157,185,-1,185,157,159,-1,185,159,183,-1,183,159,161,-1,183,161,181,-1,181,161,163,-1,181,163,179,-1,179,163,165,-1,179,165,176,-1,176,165,137,-1,176,137,203,-1,203,137,140,-1,203,140,201,-1,201,140,142,-1,201,142,199,-1,199,142,144,-1,199,144,197,-1,197,144,146,-1,197,146,195,-1,195,146,148,-1,195,148,193,-1,193,148,150,-1,193,150,131,-1,208,209,210,-1,210,209,211,-1,209,212,211,-1,211,212,213,-1,212,214,213,-1,213,214,215,-1,214,216,215,-1,215,216,217,-1,216,218,217,-1,217,218,219,-1,218,208,219,-1,219,208,210,-1,216,214,218,-1,218,214,212,-1,218,212,208,-1,208,212,209,-1,
        ]
    }
}
Shape{
    appearance Appearance {
        material  Material 	{
            diffuseColor 0.9490196078431372 0.7607843137254902 0.1803921568627451
            specularColor 0.7607843137254902 0.6078431372549019 0.1450980392156863
            ambientIntensity 0.7509
            transparency 0.0
            shininess 0.5
        }
    }
    geometry IndexedFaceSet {
        ccw TRUE
        solid FALSE
        coord DEF co Coordinate {
            point [
                6.6378 0.4963 -0.6525, 6.6378 0.4963 -0.6854, 6.6378 0.5374 -0.6672, 6.6378 0.5374 -0.6706, 6.6378 0.5408 -0.6681, 6.6378 0.5408 -0.6697, 6.6378 0.5443 -0.6688, 6.6378 0.5443 -0.6691, 6.6378 0.5455 -0.5522, 6.6378 0.4687 -0.5522, 6.6378 0.5455 -0.5667, 6.6378 0.4687 -0.5661, 6.6378 0.4697 -0.5765, 6.6378 0.5081 -0.605, 6.6378 0.5179 -0.6042, 6.6378 0.5256 -0.6019, 6.6378 0.5443 -0.5783, 6.6378 0.4723 -0.5848, 6.6378 0.4762 -0.5915, 6.6378 0.4817 -0.597, 6.6378 0.4885 -0.6012, 6.6378 0.4977 -0.6041, 6.6378 0.5317 -0.5984, 6.6378 0.5368 -0.5937, 6.6378 0.5414 -0.5865
            ]
        }
        coordIndex [
            0,1,2,-1,2,1,3,-1,2,3,4,-1,4,3,5,-1,4,5,6,-1,6,5,7,-1,8,9,10,-1,10,9,11,-1,10,11,12,-1,13,14,10,-1,10,14,15,-1,10,15,16,-1,12,17,10,-1,10,17,18,-1,10,18,19,-1,19,20,10,-1,10,20,21,-1,10,21,13,-1,22,23,15,-1,15,23,24,-1,15,24,16,-1,
        ]
    }
}
Shape{
    appearance Appearance {
        material  Material 	{
            diffuseColor 0.0 0.0 0.0
            specularColor 0.0 0.0 0.0
            ambientIntensity 0.0
            transparency 0.0
            shininess 0.5
        }
    }
    geometry IndexedFaceSet {
        ccw TRUE
        solid FALSE
        coord DEF co Coordinate {
            point [
                6.6339 -0.4589 -0.6775, 6.6339 -0.5574 -0.716, 6.6378 -0.4589 -0.6775, 6.6378 -0.5574 -0.716, 6.6339 -0.5574 -0.7016, 6.6378 -0.5574 -0.7016, 6.6339 -0.5297 -0.6916, 6.6378 -0.5297 -0.6916, 6.6339 -0.5297 -0.6509, 6.6378 -0.5297 -0.6509, 6.6339 -0.5574 -0.6415, 6.6378 -0.5574 -0.6415, 6.6339 -0.5574 -0.6271, 6.6378 -0.5574 -0.6271, 6.6339 -0.4589 -0.6643, 6.6378 -0.4589 -0.6643, 6.6339 -0.5189 -0.6543, 6.6339 -0.4778 -0.6689, 6.6339 -0.4744 -0.6699, 6.6339 -0.4709 -0.6705, 6.6339 -0.4709 -0.6708, 6.6339 -0.4744 -0.6715, 6.6339 -0.4778 -0.6724, 6.6339 -0.5189 -0.6872, 6.6378 -0.5189 -0.6543, 6.6378 -0.5189 -0.6872, 6.6378 -0.4778 -0.6689, 6.6378 -0.4744 -0.6699, 6.6378 -0.4709 -0.6705, 6.6378 -0.4709 -0.6708, 6.6378 -0.4744 -0.6715, 6.6378 -0.4778 -0.6724, 6.6339 -0.5574 -0.5675, 6.6339 -0.5574 -0.5407, 6.6378 -0.5574 -0.5675, 6.6378 -0.5574 -0.5407, 6.6339 -0.4589 -0.5407, 6.6378 -0.4589 -0.5407, 6.6339 -0.4589 -0.5685, 6.6378 -0.4589 -0.5685, 6.6339 -0.5069 -0.6199, 6.6378 -0.5069 -0.6199, 6.6378 -0.4976 -0.6192, 6.6339 -0.4976 -0.6192, 6.6378 -0.4879 -0.6166, 6.6339 -0.4879 -0.6166, 6.6378 -0.4795 -0.612, 6.6339 -0.4795 -0.612, 6.6378 -0.4718 -0.605, 6.6339 -0.4718 -0.605, 6.6378 -0.4717 -0.6049, 6.6339 -0.4717 -0.6049, 6.6378 -0.4645 -0.5942, 6.6339 -0.4645 -0.5942, 6.6378 -0.4604 -0.5827, 6.6339 -0.4604 -0.5827, 6.6378 -0.5563 -0.5797, 6.6339 -0.5563 -0.5797, 6.6378 -0.5529 -0.591, 6.6339 -0.5529 -0.591, 6.6378 -0.5469 -0.6013, 6.6339 -0.5469 -0.6013, 6.6378 -0.5392 -0.6094, 6.6339 -0.5392 -0.6094, 6.6378 -0.5304 -0.615, 6.6339 -0.5304 -0.615, 6.6378 -0.5201 -0.6186, 6.6339 -0.5201 -0.6186, 6.6339 -0.4835 -0.6002, 6.6339 -0.4785 -0.5954, 6.6339 -0.4738 -0.5882, 6.6339 -0.471 -0.5801, 6.6339 -0.4697 -0.5684, 6.6339 -0.4697 -0.5539, 6.6339 -0.5465 -0.5539, 6.6339 -0.5465 -0.5679, 6.6339 -0.5456 -0.5783, 6.6339 -0.543 -0.5866, 6.6339 -0.539 -0.5933, 6.6339 -0.5336 -0.5988, 6.6339 -0.5268 -0.6029, 6.6339 -0.5175 -0.6058, 6.6339 -0.5072 -0.6067, 6.6339 -0.4974 -0.6059, 6.6339 -0.4896 -0.6036, 6.6378 -0.4697 -0.5684, 6.6378 -0.4697 -0.5539, 6.6378 -0.471 -0.5801, 6.6378 -0.4738 -0.5882, 6.6378 -0.4785 -0.5954, 6.6378 -0.4835 -0.6002, 6.6378 -0.4896 -0.6036, 6.6378 -0.4974 -0.6059, 6.6378 -0.5072 -0.6067, 6.6378 -0.5175 -0.6058, 6.6378 -0.5268 -0.6029, 6.6378 -0.5336 -0.5988, 6.6378 -0.539 -0.5933, 6.6378 -0.543 -0.5866, 6.6378 -0.5456 -0.5783, 6.6378 -0.5465 -0.5679, 6.6378 -0.5465 -0.5539, 6.6339 -0.5465 -0.5215, 6.6339 -0.5574 -0.5215, 6.6378 -0.5465 -0.5215, 6.6378 -0.5574 -0.5215, 6.6339 -0.5574 -0.4687, 6.6378 -0.5574 -0.4687, 6.6339 -0.4589 -0.4687, 6.6378 -0.4589 -0.4687, 6.6339 -0.4589 -0.5191, 6.6378 -0.4589 -0.5191, 6.6339 -0.4697 -0.5191, 6.6378 -0.4697 -0.5191, 6.6339 -0.4697 -0.4819, 6.6378 -0.4697 -0.4819, 6.6339 -0.5021 -0.4819, 6.6378 -0.5021 -0.4819, 6.6339 -0.5021 -0.5167, 6.6378 -0.5021 -0.5167, 6.6339 -0.5129 -0.5167, 6.6378 -0.5129 -0.5167, 6.6339 -0.5129 -0.4819, 6.6378 -0.5129 -0.4819, 6.6339 -0.5465 -0.4819, 6.6378 -0.5465 -0.4819, 6.6339 -0.5414 -0.4495, 6.6339 -0.5523 -0.4495, 6.6378 -0.5414 -0.4495, 6.6378 -0.5523 -0.4495, 6.6339 -0.5566 -0.439, 6.6339 -0.5586 -0.4224, 6.6378 -0.5586 -0.4224, 6.6378 -0.5585 -0.4251, 6.6339 -0.5585 -0.4251, 6.6378 -0.558 -0.4291, 6.6378 -0.5566 -0.439, 6.6339 -0.51 -0.3763, 6.6378 -0.51 -0.3763, 6.6378 -0.5214 -0.3772, 6.6339 -0.5214 -0.3772, 6.6378 -0.5318 -0.3802, 6.6339 -0.5318 -0.3802, 6.6378 -0.5412 -0.3854, 6.6339 -0.5412 -0.3854, 6.6378 -0.549 -0.3928, 6.6339 -0.549 -0.3928, 6.6378 -0.554 -0.4007, 6.6339 -0.554 -0.4007, 6.6378 -0.5573 -0.4103, 6.6339 -0.5573 -0.4103, 6.6378 -0.558 -0.4166, 6.6339 -0.4577 -0.4263, 6.6378 -0.4577 -0.4263, 6.6378 -0.4585 -0.4164, 6.6339 -0.4585 -0.4164, 6.6378 -0.4617 -0.4055, 6.6339 -0.4617 -0.4055, 6.6378 -0.4671 -0.3961, 6.6339 -0.4671 -0.3961, 6.6378 -0.4756 -0.3872, 6.6339 -0.4756 -0.3872, 6.6378 -0.4849 -0.3815, 6.6339 -0.4849 -0.3815, 6.6378 -0.496 -0.3777, 6.6339 -0.496 -0.3777, 6.6339 -0.4616 -0.4495, 6.6378 -0.4616 -0.4495, 6.6378 -0.4585 -0.4381, 6.6339 -0.4585 -0.4381, 6.6339 -0.4748 -0.4495, 6.6378 -0.4748 -0.4495, 6.6339 -0.4685 -0.4264, 6.6378 -0.4685 -0.4264, 6.6378 -0.4701 -0.4384, 6.6339 -0.4701 -0.4384, 6.6339 -0.5092 -0.3895, 6.6378 -0.5092 -0.3895, 6.6378 -0.5015 -0.3899, 6.6339 -0.5015 -0.3899, 6.6378 -0.491 -0.3926, 6.6339 -0.491 -0.3926, 6.6378 -0.4834 -0.3966, 6.6339 -0.4834 -0.3966, 6.6378 -0.4768 -0.4026, 6.6339 -0.4768 -0.4026, 6.6378 -0.4723 -0.4094, 6.6339 -0.4723 -0.4094, 6.6378 -0.4696 -0.4167, 6.6339 -0.4696 -0.4167, 6.6339 -0.5477 -0.4242, 6.6378 -0.5477 -0.4242, 6.6378 -0.5467 -0.415, 6.6339 -0.5467 -0.415, 6.6378 -0.5441 -0.4079, 6.6339 -0.5441 -0.4079, 6.6378 -0.54 -0.4018, 6.6339 -0.54 -0.4018, 6.6378 -0.5351 -0.3972, 6.6339 -0.5351 -0.3972, 6.6378 -0.5283 -0.3931, 6.6339 -0.5283 -0.3931, 6.6378 -0.5198 -0.3905, 6.6339 -0.5198 -0.3905, 6.6378 -0.5424 -0.4477, 6.6339 -0.5424 -0.4477, 6.6378 -0.5463 -0.4373, 6.6339 -0.5463 -0.4373, 6.6339 -0.5465 -0.3679, 6.6339 -0.5574 -0.3679, 6.6378 -0.5465 -0.3679, 6.6378 -0.5574 -0.3679, 6.6339 -0.5574 -0.3175, 6.6378 -0.5574 -0.3175, 6.6339 -0.4589 -0.3175, 6.6378 -0.4589 -0.3175, 6.6339 -0.4589 -0.3307, 6.6378 -0.4589 -0.3307, 6.6339 -0.5465 -0.3307, 6.6378 -0.5465 -0.3307
            ]
        }
        coordIndex [
            0,1,2,-1,2,1,3,-1,1,4,3,-1,3,4,5,-1,4,6,5,-1,5,6,7,-1,6,8,7,-1,7,8,9,-1,8,10,9,-1,9,10,11,-1,10,12,11,-1,11,12,13,-1,12,14,13,-1,13,14,15,-1,14,0,15,-1,15,0,2,-1,16,17,14,-1,12,10,8,-1,17,18,14,-1,14,18,19,-1,14,19,0,-1,0,19,20,-1,0,20,21,-1,21,22,0,-1,0,22,23,-1,0,23,1,-1,4,1,6,-1,6,1,23,-1,6,23,8,-1,8,23,16,-1,8,16,12,-1,12,16,14,-1,16,23,24,-1,24,23,25,-1,17,16,26,-1,26,16,24,-1,17,26,27,-1,17,27,18,-1,18,27,28,-1,18,28,19,-1,20,19,29,-1,29,19,28,-1,20,29,30,-1,20,30,21,-1,21,30,31,-1,21,31,22,-1,23,22,25,-1,25,22,31,-1,32,33,34,-1,34,33,35,-1,33,36,35,-1,35,36,37,-1,36,38,37,-1,37,38,39,-1,40,41,42,-1,40,42,43,-1,43,42,44,-1,43,44,45,-1,45,44,46,-1,45,46,47,-1,47,46,48,-1,47,48,49,-1,49,48,50,-1,49,50,51,-1,51,50,52,-1,51,52,53,-1,53,52,54,-1,53,54,55,-1,55,54,39,-1,55,39,38,-1,32,34,56,-1,32,56,57,-1,57,56,58,-1,57,58,59,-1,59,58,60,-1,59,60,61,-1,61,60,62,-1,61,62,63,-1,63,62,64,-1,63,64,65,-1,65,64,66,-1,65,66,67,-1,67,66,41,-1,67,41,40,-1,45,47,68,-1,68,47,49,-1,68,49,69,-1,69,49,51,-1,69,51,70,-1,70,51,53,-1,70,53,71,-1,71,53,55,-1,71,55,72,-1,72,55,38,-1,72,38,73,-1,73,38,36,-1,73,36,74,-1,74,36,33,-1,74,33,75,-1,75,33,32,-1,75,32,76,-1,76,32,57,-1,76,57,77,-1,77,57,59,-1,77,59,78,-1,78,59,61,-1,78,61,79,-1,79,61,63,-1,79,63,80,-1,80,63,65,-1,80,65,81,-1,81,65,67,-1,81,67,82,-1,82,67,40,-1,82,40,83,-1,83,40,43,-1,83,43,84,-1,84,43,45,-1,84,45,68,-1,72,73,85,-1,85,73,86,-1,72,85,87,-1,72,87,71,-1,71,87,88,-1,71,88,70,-1,70,88,89,-1,70,89,69,-1,69,89,90,-1,69,90,68,-1,68,90,91,-1,68,91,84,-1,84,91,92,-1,84,92,83,-1,83,92,93,-1,83,93,82,-1,82,93,94,-1,82,94,81,-1,81,94,95,-1,81,95,80,-1,80,95,96,-1,80,96,79,-1,79,96,97,-1,79,97,78,-1,78,97,98,-1,78,98,77,-1,77,98,99,-1,77,99,76,-1,76,99,100,-1,76,100,75,-1,74,75,101,-1,101,75,100,-1,73,74,86,-1,86,74,101,-1,102,103,104,-1,104,103,105,-1,103,106,105,-1,105,106,107,-1,106,108,107,-1,107,108,109,-1,108,110,109,-1,109,110,111,-1,110,112,111,-1,111,112,113,-1,112,114,113,-1,113,114,115,-1,114,116,115,-1,115,116,117,-1,116,118,117,-1,117,118,119,-1,118,120,119,-1,119,120,121,-1,120,122,121,-1,121,122,123,-1,122,124,123,-1,123,124,125,-1,124,102,125,-1,125,102,104,-1,106,103,102,-1,102,124,106,-1,106,124,122,-1,106,122,108,-1,112,110,114,-1,114,110,108,-1,114,108,116,-1,116,108,122,-1,116,122,118,-1,118,122,120,-1,126,127,128,-1,128,127,129,-1,129,127,130,-1,131,132,133,-1,131,133,134,-1,134,133,135,-1,134,135,130,-1,130,135,136,-1,130,136,129,-1,137,138,139,-1,137,139,140,-1,140,139,141,-1,140,141,142,-1,142,141,143,-1,142,143,144,-1,144,143,145,-1,144,145,146,-1,146,145,147,-1,146,147,148,-1,148,147,149,-1,148,149,150,-1,150,149,131,-1,131,149,151,-1,131,151,132,-1,152,153,154,-1,152,154,155,-1,155,154,156,-1,155,156,157,-1,157,156,158,-1,157,158,159,-1,159,158,160,-1,159,160,161,-1,161,160,162,-1,161,162,163,-1,163,162,164,-1,163,164,165,-1,165,164,138,-1,165,138,137,-1,166,167,168,-1,166,168,169,-1,169,168,153,-1,169,153,152,-1,166,170,167,-1,167,170,171,-1,172,173,174,-1,172,174,175,-1,175,174,171,-1,175,171,170,-1,176,177,178,-1,176,178,179,-1,179,178,180,-1,179,180,181,-1,181,180,182,-1,181,182,183,-1,183,182,184,-1,183,184,185,-1,185,184,186,-1,185,186,187,-1,187,186,188,-1,187,188,189,-1,189,188,173,-1,189,173,172,-1,190,191,192,-1,190,192,193,-1,193,192,194,-1,193,194,195,-1,195,194,196,-1,195,196,197,-1,197,196,198,-1,197,198,199,-1,199,198,200,-1,199,200,201,-1,201,200,202,-1,201,202,203,-1,203,202,177,-1,203,177,176,-1,126,128,204,-1,126,204,205,-1,205,204,206,-1,205,206,207,-1,207,206,191,-1,207,191,190,-1,193,131,190,-1,190,131,134,-1,190,134,207,-1,207,134,130,-1,207,130,205,-1,205,130,127,-1,205,127,126,-1,170,166,175,-1,175,166,169,-1,175,169,172,-1,172,169,152,-1,172,152,189,-1,189,152,155,-1,189,155,187,-1,187,155,157,-1,187,157,185,-1,185,157,159,-1,185,159,183,-1,183,159,161,-1,183,161,181,-1,181,161,163,-1,181,163,179,-1,179,163,165,-1,179,165,176,-1,176,165,137,-1,176,137,203,-1,203,137,140,-1,203,140,201,-1,201,140,142,-1,201,142,199,-1,199,142,144,-1,199,144,197,-1,197,144,146,-1,197,146,195,-1,195,146,148,-1,195,148,193,-1,193,148,150,-1,193,150,131,-1,208,209,210,-1,210,209,211,-1,209,212,211,-1,211,212,213,-1,212,214,213,-1,213,214,215,-1,214,216,215,-1,215,216,217,-1,216,218,217,-1,217,218,219,-1,218,208,219,-1,219,208,210,-1,216,214,218,-1,218,214,212,-1,218,212,208,-1,208,212,209,-1,
        ]
    }
}
Shape{
    appearance Appearance {
        material  Material 	{
            diffuseColor 0.9490196078431372 0.7607843137254902 0.1803921568627451
            specularColor 0.7607843137254902 0.6078431372549019 0.1450980392156863
            ambientIntensity 0.7509
            transparency 0.0
            shininess 0.5
        }
    }
    geometry IndexedFaceSet {
        ccw TRUE
        solid FALSE
        coord DEF co Coordinate {
            point [
                6.6378 -0.5189 -0.6543, 6.6378 -0.5189 -0.6872, 6.6378 -0.4778 -0.6689, 6.6378 -0.4778 -0.6724, 6.6378 -0.4744 -0.6699, 6.6378 -0.4744 -0.6715, 6.6378 -0.4709 -0.6705, 6.6378 -0.4709 -0.6708, 6.6378 -0.4697 -0.5539, 6.6378 -0.5465 -0.5539, 6.6378 -0.4697 -0.5684, 6.6378 -0.5465 -0.5679, 6.6378 -0.5456 -0.5783, 6.6378 -0.5072 -0.6067, 6.6378 -0.4974 -0.6059, 6.6378 -0.4896 -0.6036, 6.6378 -0.471 -0.5801, 6.6378 -0.543 -0.5866, 6.6378 -0.539 -0.5933, 6.6378 -0.5336 -0.5988, 6.6378 -0.5268 -0.6029, 6.6378 -0.5175 -0.6058, 6.6378 -0.4835 -0.6002, 6.6378 -0.4785 -0.5954, 6.6378 -0.4738 -0.5882, 7.6378 -0.4685 -0.4264, 7.6378 -0.4696 -0.4167, 7.6378 -0.5424 -0.4477, 7.6378 -0.4697 -0.5191, 7.6378 -0.4697 -0.4819, 7.6378 -0.5021 -0.4819, 7.6378 -0.5021 -0.5167, 7.6378 -0.5129 -0.5167, 7.6378 -0.558 -0.5311, 7.6378 -0.549 -0.3928, 7.6378 -0.5412 -0.3854, 7.6378 -0.5574 -0.3679, 7.6378 -0.558 -0.4166, 7.6378 -0.5574 -0.3175, 7.6378 -0.4701 -0.4384, 7.6378 -0.5414 -0.4495, 7.6378 -0.4748 -0.4495, 7.6378 -0.4589 -0.5191, 7.6378 -0.3622 -0.5311, 7.6378 -0.4589 -0.4687, 7.6378 -0.3622 0.1969, 7.6378 -0.4589 -0.3175, 7.6378 -0.4589 -0.3307, 7.6378 -0.4849 -0.3815, 7.6378 -0.4756 -0.3872, 7.6378 -0.4671 -0.3961, 7.6378 -0.4617 -0.4055, 7.6378 -0.5465 -0.3679, 7.6378 -0.5318 -0.3802, 7.6378 -0.5465 -0.3307, 7.6378 -0.4585 -0.4164, 7.6378 -0.4577 -0.4263, 7.6378 -0.4585 -0.4381, 7.6378 -0.4616 -0.4495, 7.6378 -0.5574 -0.4687, 7.6378 -0.5523 -0.4495, 7.6378 -0.5573 -0.4103, 7.6378 -0.554 -0.4007, 7.6378 -0.4723 -0.4094, 7.6378 -0.4768 -0.4026, 7.6378 -0.4834 -0.3966, 7.6378 -0.5092 -0.3895, 7.6378 -0.5198 -0.3905, 7.6378 -0.5283 -0.3931, 7.6378 -0.5467 -0.415, 7.6378 -0.5477 -0.4242, 7.6378 -0.5441 -0.4079, 7.6378 -0.54 -0.4018, 7.6378 -0.5351 -0.3972, 7.6378 -0.5463 -0.4373, 7.6378 -0.5214 -0.3772, 7.6378 -0.51 -0.3763, 7.6378 -0.496 -0.3777, 7.6378 -0.491 -0.3926, 7.6378 -0.5015 -0.3899, 7.6378 -0.5129 -0.4819, 7.6378 -0.5465 -0.4819, 7.6378 -0.5465 -0.5215, 7.6378 -0.5574 -0.5215, 7.6378 -0.558 -0.4291, 7.6378 -0.5585 -0.4251, 7.6378 -0.6378 -0.5311, 7.6378 -0.5586 -0.4224, 7.6378 -0.558 0.1969, 7.6378 -0.6378 0.1969, 7.6378 -0.4589 -0.6643, 7.6378 -0.4589 -0.6775, 7.6378 -0.5574 -0.7016, 7.6378 -0.5574 -0.716, 7.6378 -0.558 -1.0236, 7.6378 -0.3622 -1.0236, 7.6378 -0.5574 -0.5675, 7.6378 -0.5574 -0.5407, 7.6378 -0.4589 -0.5407, 7.6378 -0.4589 -0.5685, 7.6378 -0.4718 -0.605, 7.6378 -0.4795 -0.612, 7.6378 -0.4879 -0.6166, 7.6378 -0.5574 -0.6271, 7.6378 -0.5304 -0.615, 7.6378 -0.5392 -0.6094, 7.6378 -0.4604 -0.5827, 7.6378 -0.4645 -0.5942, 7.6378 -0.4717 -0.6049, 7.6378 -0.5469 -0.6013, 7.6378 -0.5529 -0.591, 7.6378 -0.5563 -0.5797, 7.6378 -0.5574 -0.6415, 7.6378 -0.5297 -0.6509, 7.6378 -0.5297 -0.6916, 7.6378 -0.4976 -0.6192, 7.6378 -0.5069 -0.6199, 7.6378 -0.5201 -0.6186, 7.6378 -0.5566 -0.439, 7.6378 -0.6378 -1.0236, 7.6378 0.5467 -0.4247, 7.6378 0.5456 -0.415, 7.6378 0.4728 -0.446, 7.6378 0.5563 -0.5174, 7.6378 0.6378 -0.5294, 7.6378 0.5563 -0.467, 7.6378 0.6378 0.1969, 7.6378 0.4663 -0.3911, 7.6378 0.4741 -0.3837, 7.6378 0.4579 -0.3661, 7.6378 0.4573 -0.4149, 7.6378 0.4579 -0.3157, 7.6378 0.5452 -0.4367, 7.6378 0.4738 -0.4477, 7.6378 0.5404 -0.4477, 7.6378 0.5023 -0.515, 7.6378 0.4573 -0.5294, 7.6378 0.5131 -0.515, 7.6378 0.5455 -0.5174, 7.6378 0.5131 -0.4802, 7.6378 0.5455 -0.4802, 7.6378 0.5563 -0.3157, 7.6378 0.5563 -0.3289, 7.6378 0.5304 -0.3797, 7.6378 0.5396 -0.3855, 7.6378 0.5481 -0.3944, 7.6378 0.5535 -0.4037, 7.6378 0.4687 -0.3661, 7.6378 0.4834 -0.3784, 7.6378 0.4687 -0.3289, 7.6378 0.5567 -0.4147, 7.6378 0.5575 -0.4246, 7.6378 0.5567 -0.4364, 7.6378 0.5536 -0.4477, 7.6378 0.4579 -0.467, 7.6378 0.463 -0.4477, 7.6378 0.458 -0.4085, 7.6378 0.4612 -0.399, 7.6378 0.543 -0.4076, 7.6378 0.5384 -0.4008, 7.6378 0.5319 -0.3949, 7.6378 0.5061 -0.3877, 7.6378 0.4954 -0.3887, 7.6378 0.4869 -0.3914, 7.6378 0.4685 -0.4133, 7.6378 0.4675 -0.4225, 7.6378 0.4712 -0.4061, 7.6378 0.4752 -0.4001, 7.6378 0.4801 -0.3955, 7.6378 0.4689 -0.4356, 7.6378 0.4939 -0.3755, 7.6378 0.5053 -0.3745, 7.6378 0.5192 -0.3759, 7.6378 0.5243 -0.3908, 7.6378 0.5137 -0.3882, 7.6378 0.5023 -0.4802, 7.6378 0.4687 -0.4802, 7.6378 0.4687 -0.5198, 7.6378 0.4579 -0.5198, 7.6378 0.4573 -0.4273, 7.6378 0.4567 -0.4234, 7.6378 0.3622 -0.5294, 7.6378 0.4567 -0.4207, 7.6378 0.4573 0.1969, 7.6378 0.3622 0.1969, 7.6378 0.5563 -0.6626, 7.6378 0.5563 -0.6758, 7.6378 0.4579 -0.5657, 7.6378 0.4579 -0.539, 7.6378 0.5563 -0.539, 7.6378 0.4579 -0.6998, 7.6378 0.4579 -0.7142, 7.6378 0.4573 -1.0236, 7.6378 0.6378 -1.0236, 7.6378 0.5563 -0.5667, 7.6378 0.5548 -0.581, 7.6378 0.5508 -0.5925, 7.6378 0.5436 -0.6032, 7.6378 0.4579 -0.6254, 7.6378 0.4849 -0.6133, 7.6378 0.4761 -0.6076, 7.6378 0.5435 -0.6033, 7.6378 0.5358 -0.6103, 7.6378 0.5273 -0.6148, 7.6378 0.4683 -0.5995, 7.6378 0.4623 -0.5893, 7.6378 0.459 -0.5779, 7.6378 0.4579 -0.6398, 7.6378 0.4855 -0.6492, 7.6378 0.4855 -0.6899, 7.6378 0.5176 -0.6175, 7.6378 0.5083 -0.6182, 7.6378 0.4952 -0.6168, 7.6378 0.4587 -0.4373, 7.6378 0.3622 -1.0236
            ]
        }
        coordIndex [
            0,1,2,-1,2,1,3,-1,2,3,4,-1,4,3,5,-1,4,5,6,-1,6,5,7,-1,8,9,10,-1,10,9,11,-1,10,11,12,-1,13,14,10,-1,10,14,15,-1,10,15,16,-1,12,17,10,-1,10,17,18,-1,10,18,19,-1,19,20,10,-1,10,20,21,-1,10,21,13,-1,22,23,15,-1,15,23,24,-1,15,24,16,-1,25,26,27,-1,28,29,30,-1,31,32,33,-1,34,35,36,-1,37,36,38,-1,25,27,39,-1,39,27,40,-1,39,40,41,-1,30,31,28,-1,28,31,33,-1,28,33,42,-1,42,33,43,-1,42,43,44,-1,44,43,45,-1,45,46,47,-1,48,49,47,-1,47,49,50,-1,47,50,51,-1,36,35,52,-1,52,35,53,-1,52,53,54,-1,51,55,47,-1,47,55,56,-1,47,56,45,-1,45,56,57,-1,45,57,44,-1,57,58,44,-1,44,58,41,-1,44,41,59,-1,59,41,40,-1,59,40,60,-1,37,61,36,-1,36,61,62,-1,36,62,34,-1,26,63,27,-1,27,63,64,-1,27,64,65,-1,66,67,27,-1,27,67,68,-1,69,70,71,-1,71,70,72,-1,68,73,27,-1,27,73,72,-1,27,72,74,-1,74,72,70,-1,53,75,54,-1,54,75,76,-1,54,76,47,-1,47,76,77,-1,47,77,48,-1,65,78,27,-1,27,78,79,-1,27,79,66,-1,80,81,32,-1,32,81,82,-1,32,82,33,-1,33,82,83,-1,33,83,59,-1,84,85,86,-1,86,85,87,-1,86,87,37,-1,46,45,38,-1,38,45,88,-1,38,88,37,-1,37,88,89,-1,37,89,86,-1,43,90,91,-1,92,33,93,-1,93,33,94,-1,93,94,91,-1,91,94,95,-1,91,95,43,-1,96,97,33,-1,33,97,98,-1,33,98,43,-1,43,98,99,-1,100,101,90,-1,90,101,102,-1,103,104,105,-1,99,106,43,-1,43,106,107,-1,43,107,90,-1,90,107,108,-1,90,108,100,-1,105,109,103,-1,103,109,110,-1,103,110,111,-1,111,96,103,-1,103,96,33,-1,103,33,112,-1,112,33,92,-1,112,92,113,-1,113,92,114,-1,102,115,90,-1,90,115,116,-1,90,116,103,-1,103,116,117,-1,103,117,104,-1,60,118,59,-1,59,118,84,-1,59,84,33,-1,33,84,86,-1,33,86,94,-1,94,86,119,-1,120,121,122,-1,123,124,125,-1,125,124,126,-1,127,128,129,-1,130,129,131,-1,120,122,132,-1,132,122,133,-1,132,133,134,-1,135,136,137,-1,137,136,138,-1,137,138,139,-1,139,138,140,-1,126,141,142,-1,143,144,142,-1,142,144,145,-1,142,145,146,-1,129,128,147,-1,147,128,148,-1,147,148,149,-1,146,150,142,-1,142,150,151,-1,142,151,126,-1,126,151,152,-1,126,152,125,-1,152,153,125,-1,125,153,134,-1,125,134,154,-1,154,134,133,-1,154,133,155,-1,130,156,129,-1,129,156,157,-1,129,157,127,-1,121,158,122,-1,122,158,159,-1,122,159,160,-1,161,162,122,-1,122,162,163,-1,164,165,166,-1,166,165,167,-1,163,168,122,-1,122,168,167,-1,122,167,169,-1,169,167,165,-1,148,170,149,-1,149,170,171,-1,149,171,142,-1,142,171,172,-1,142,172,143,-1,160,173,122,-1,122,173,174,-1,122,174,161,-1,175,176,135,-1,135,176,177,-1,135,177,136,-1,136,177,178,-1,136,178,154,-1,179,180,181,-1,181,180,182,-1,181,182,130,-1,141,126,131,-1,131,126,183,-1,131,183,130,-1,130,183,184,-1,130,184,181,-1,124,185,186,-1,187,188,136,-1,123,138,124,-1,124,138,136,-1,124,136,189,-1,189,136,188,-1,190,136,191,-1,191,136,192,-1,191,192,186,-1,186,192,193,-1,186,193,124,-1,189,194,124,-1,124,194,195,-1,124,195,185,-1,185,195,196,-1,185,196,197,-1,198,199,200,-1,197,201,185,-1,185,201,202,-1,185,202,203,-1,200,204,198,-1,198,204,205,-1,198,205,206,-1,206,187,198,-1,198,187,136,-1,198,136,207,-1,207,136,190,-1,207,190,208,-1,208,190,209,-1,203,210,185,-1,185,210,211,-1,185,211,198,-1,198,211,212,-1,198,212,199,-1,155,213,154,-1,154,213,179,-1,154,179,136,-1,136,179,181,-1,136,181,192,-1,192,181,214,-1,
        ]
    }
}
Shape{
    appearance Appearance {
        material  Material 	{
            diffuseColor 0.17647058823529413 0.17647058823529413 0.17647058823529413
            specularColor 0.050980392156862744 0.050980392156862744 0.050980392156862744
            ambientIntensity 0.251
            transparency 0.0
            shininess 0.5
        }
    }
    geometry IndexedFaceSet {
        ccw TRUE
        solid FALSE
        coord DEF co Coordinate {
            point [
                7.6378 -0.6378 0.1969, 8.0 -0.8031 0.1969, 7.3622 -0.6378 0.1969, 7.0 -0.8031 0.1969, 7.3622 -0.3622 0.1969, 7.6378 -0.558 0.1969, 7.6378 -0.3622 0.1969, 8.0 0.8031 0.1969, 7.6378 0.6378 0.1969, 7.0 0.8031 0.1969, 7.3622 0.6378 0.1969, 7.3622 0.3622 0.1969, 7.6378 0.3622 0.1969, 7.6378 0.4573 0.1969, 7.1181 -1.0 0.0079, 7.1181 -1.0 0.9843, 7.0 -0.8819 0.0079, 7.0 -0.8819 0.9843, 7.8819 -1.0 0.0079, 7.8819 -1.0 0.9843, 8.0 -0.8819 0.0079, 8.0 -0.8819 0.9843, 8.0 -0.8031 0.0079, 8.0 0.8031 0.0079, 8.0 0.8819 0.0079, 8.0 0.8819 0.9843, 7.8819 1.0 0.0079, 7.8819 1.0 0.9843, 7.1181 1.0 0.0079, 7.1181 1.0 0.9843, 7.0 0.8819 0.0079, 7.0 0.8819 0.9843, 7.0 0.8031 0.0079, 7.0 -0.8031 0.0079, 7.3622 0.6378 0.9843, 7.3622 0.3622 0.9843, 7.6378 0.3622 0.9843, 7.3622 -0.3622 0.9843, 7.6378 -0.3622 0.9843, 7.6378 0.6378 0.9843, 7.6378 -0.6378 0.9843, 7.3622 -0.6378 0.9843
            ]
        }
        coordIndex [
            0,1,2,-1,2,1,3,-1,2,3,4,-1,0,5,1,-1,1,5,6,-1,1,6,7,-1,7,8,9,-1,9,8,10,-1,9,10,11,-1,3,9,4,-1,4,9,11,-1,4,11,6,-1,6,11,12,-1,6,12,7,-1,7,12,13,-1,7,13,8,-1,14,15,16,-1,16,15,17,-1,18,19,14,-1,14,19,15,-1,20,21,18,-1,18,21,19,-1,20,22,1,-1,23,24,7,-1,7,24,25,-1,7,25,1,-1,1,25,21,-1,1,21,20,-1,26,27,24,-1,24,27,25,-1,28,29,26,-1,26,29,27,-1,30,31,28,-1,28,31,29,-1,30,32,9,-1,33,16,3,-1,3,16,17,-1,3,17,9,-1,9,17,31,-1,9,31,30,-1,15,19,21,-1,34,31,35,-1,35,31,17,-1,36,37,38,-1,39,25,34,-1,34,25,27,-1,34,27,31,-1,31,27,29,-1,39,36,25,-1,25,36,38,-1,25,38,21,-1,21,38,40,-1,21,40,15,-1,15,40,41,-1,15,41,17,-1,17,41,37,-1,17,37,35,-1,35,37,36,-1,1,22,3,-1,3,22,33,-1,22,20,18,-1,22,18,33,-1,33,18,14,-1,33,14,16,-1,32,23,9,-1,9,23,7,-1,32,30,28,-1,32,28,23,-1,23,28,26,-1,23,26,24,-1,
        ]
    }
}
Shape{
    appearance Appearance {
        material  Material 	{
            diffuseColor 0.9490196078431372 0.7607843137254902 0.1803921568627451
            specularColor 0.7607843137254902 0.6078431372549019 0.1450980392156863
            ambientIntensity 0.7509
            transparency 0.0
            shininess 0.5
        }
    }
    geometry IndexedFaceSet {
        ccw TRUE
        solid FALSE
        coord DEF co Coordinate {
            point [
                7.5984 0.4016 3.3465, 7.5984 0.5984 3.3465, 7.4016 0.4016 3.3465, 7.4016 0.5984 3.3465, 7.6378 0.6378 3.189, 7.6378 0.6378 0.9843, 7.3622 0.6378 3.189, 7.3622 0.6378 0.9843, 7.3622 0.3622 3.189, 7.3622 0.3622 0.9843, 7.6378 0.3622 3.189, 7.6378 0.3622 0.9843, 7.6378 0.3622 0.1969, 7.3622 0.3622 0.1969, 7.6378 0.3622 -0.5294, 7.3622 0.3622 -1.0236, 7.6378 0.3622 -1.0236, 7.3622 0.6378 -1.0236, 7.3622 0.6378 0.1969, 7.6378 0.6378 0.1969, 7.6378 0.6378 -0.5294, 7.6378 0.6378 -1.0236, 7.5984 0.5984 -1.1811, 7.5984 0.4016 -1.1811, 7.4016 0.5984 -1.1811, 7.4016 0.4016 -1.1811, 7.5984 -0.5984 3.3465, 7.5984 -0.4016 3.3465, 7.4016 -0.5984 3.3465, 7.4016 -0.4016 3.3465, 7.6378 -0.3622 3.189, 7.6378 -0.3622 0.9843, 7.3622 -0.3622 3.189, 7.3622 -0.3622 0.9843, 7.3622 -0.6378 3.189, 7.3622 -0.6378 0.9843, 7.6378 -0.6378 3.189, 7.6378 -0.6378 0.9843, 7.6378 -0.6378 0.1969, 7.3622 -0.6378 0.1969, 7.6378 -0.6378 -0.5311, 7.3622 -0.6378 -1.0236, 7.6378 -0.6378 -1.0236, 7.3622 -0.3622 -1.0236, 7.3622 -0.3622 0.1969, 7.6378 -0.3622 0.1969, 7.6378 -0.3622 -0.5311, 7.6378 -0.3622 -1.0236, 7.5984 -0.4016 -1.1811, 7.5984 -0.5984 -1.1811, 7.4016 -0.4016 -1.1811, 7.4016 -0.5984 -1.1811, 7.6378 -0.558 -1.0236, 7.6378 0.4573 -1.0236
            ]
        }
        coordIndex [
            0,1,2,-1,2,1,3,-1,4,5,6,-1,6,5,7,-1,6,7,8,-1,8,7,9,-1,8,9,10,-1,10,9,11,-1,10,11,4,-1,4,11,5,-1,12,13,14,-1,14,13,15,-1,14,15,16,-1,15,13,17,-1,17,13,18,-1,18,19,17,-1,17,19,20,-1,17,20,21,-1,22,23,24,-1,24,23,25,-1,26,27,28,-1,28,27,29,-1,30,31,32,-1,32,31,33,-1,32,33,34,-1,34,33,35,-1,34,35,36,-1,36,35,37,-1,36,37,30,-1,30,37,31,-1,38,39,40,-1,40,39,41,-1,40,41,42,-1,41,39,43,-1,43,39,44,-1,44,45,43,-1,43,45,46,-1,43,46,47,-1,48,49,50,-1,50,49,51,-1,32,29,30,-1,30,29,27,-1,34,28,32,-1,32,28,29,-1,26,36,27,-1,27,36,30,-1,36,26,34,-1,34,26,28,-1,6,3,4,-1,4,3,1,-1,8,2,6,-1,6,2,3,-1,0,10,1,-1,1,10,4,-1,10,0,8,-1,8,0,2,-1,49,42,51,-1,51,42,41,-1,42,49,52,-1,52,49,48,-1,52,48,47,-1,43,50,41,-1,41,50,51,-1,50,43,48,-1,48,43,47,-1,23,16,25,-1,25,16,15,-1,16,23,53,-1,53,23,22,-1,53,22,21,-1,17,24,15,-1,15,24,25,-1,24,17,22,-1,22,17,21,-1,
        ]
    }
}
Shape{
    appearance Appearance {
        material  Material 	{
            diffuseColor 0.0 0.0 0.0
            specularColor 0.0 0.0 0.0
            ambientIntensity 0.0
            transparency 0.0
            shininess 0.5
        }
    }
    geometry IndexedFaceSet {
        ccw TRUE
        solid FALSE
        coord DEF co Coordinate {
            point [
                7.6339 0.5563 -0.6758, 7.6339 0.4579 -0.7142, 7.6378 0.5563 -0.6758, 7.6378 0.4579 -0.7142, 7.6339 0.4579 -0.6998, 7.6378 0.4579 -0.6998, 7.6339 0.4855 -0.6899, 7.6378 0.4855 -0.6899, 7.6339 0.4855 -0.6492, 7.6378 0.4855 -0.6492, 7.6339 0.4579 -0.6398, 7.6378 0.4579 -0.6398, 7.6339 0.4579 -0.6254, 7.6378 0.4579 -0.6254, 7.6339 0.5563 -0.6626, 7.6378 0.5563 -0.6626, 7.6339 0.4963 -0.6525, 7.6339 0.4963 -0.6854, 7.6339 0.5374 -0.6672, 7.6339 0.5408 -0.6681, 7.6339 0.5443 -0.6688, 7.6339 0.5443 -0.6691, 7.6339 0.5408 -0.6697, 7.6339 0.5374 -0.6706, 7.6378 0.4963 -0.6525, 7.6378 0.4963 -0.6854, 7.6378 0.5374 -0.6672, 7.6378 0.5408 -0.6681, 7.6378 0.5443 -0.6688, 7.6378 0.5443 -0.6691, 7.6378 0.5408 -0.6697, 7.6378 0.5374 -0.6706, 7.6339 0.4579 -0.5657, 7.6339 0.4579 -0.539, 7.6378 0.4579 -0.5657, 7.6378 0.4579 -0.539, 7.6339 0.5563 -0.539, 7.6378 0.5563 -0.539, 7.6339 0.5563 -0.5667, 7.6378 0.5563 -0.5667, 7.6339 0.5083 -0.6182, 7.6378 0.5083 -0.6182, 7.6378 0.5176 -0.6175, 7.6339 0.5176 -0.6175, 7.6378 0.5273 -0.6148, 7.6339 0.5273 -0.6148, 7.6378 0.5358 -0.6103, 7.6339 0.5358 -0.6103, 7.6378 0.5435 -0.6033, 7.6339 0.5435 -0.6033, 7.6378 0.5436 -0.6032, 7.6339 0.5436 -0.6032, 7.6378 0.5508 -0.5925, 7.6339 0.5508 -0.5925, 7.6378 0.5548 -0.581, 7.6339 0.5548 -0.581, 7.6378 0.459 -0.5779, 7.6339 0.459 -0.5779, 7.6378 0.4623 -0.5893, 7.6339 0.4623 -0.5893, 7.6378 0.4683 -0.5995, 7.6339 0.4683 -0.5995, 7.6378 0.4761 -0.6076, 7.6339 0.4761 -0.6076, 7.6378 0.4849 -0.6133, 7.6339 0.4849 -0.6133, 7.6378 0.4952 -0.6168, 7.6339 0.4952 -0.6168, 7.6339 0.5317 -0.5984, 7.6339 0.5368 -0.5937, 7.6339 0.5414 -0.5865, 7.6339 0.5443 -0.5783, 7.6339 0.5455 -0.5667, 7.6339 0.5455 -0.5522, 7.6339 0.4687 -0.5522, 7.6339 0.4687 -0.5661, 7.6339 0.4697 -0.5765, 7.6339 0.4723 -0.5848, 7.6339 0.4762 -0.5915, 7.6339 0.4817 -0.597, 7.6339 0.4885 -0.6012, 7.6339 0.4977 -0.6041, 7.6339 0.5081 -0.605, 7.6339 0.5179 -0.6042, 7.6339 0.5256 -0.6019, 7.6378 0.5455 -0.5667, 7.6378 0.5455 -0.5522, 7.6378 0.5443 -0.5783, 7.6378 0.5414 -0.5865, 7.6378 0.5368 -0.5937, 7.6378 0.5317 -0.5984, 7.6378 0.5256 -0.6019, 7.6378 0.5179 -0.6042, 7.6378 0.5081 -0.605, 7.6378 0.4977 -0.6041, 7.6378 0.4885 -0.6012, 7.6378 0.4817 -0.597, 7.6378 0.4762 -0.5915, 7.6378 0.4723 -0.5848, 7.6378 0.4697 -0.5765, 7.6378 0.4687 -0.5661, 7.6378 0.4687 -0.5522, 7.6339 0.4687 -0.5198, 7.6339 0.4579 -0.5198, 7.6378 0.4687 -0.5198, 7.6378 0.4579 -0.5198, 7.6339 0.4579 -0.467, 7.6378 0.4579 -0.467, 7.6339 0.5563 -0.467, 7.6378 0.5563 -0.467, 7.6339 0.5563 -0.5174, 7.6378 0.5563 -0.5174, 7.6339 0.5455 -0.5174, 7.6378 0.5455 -0.5174, 7.6339 0.5455 -0.4802, 7.6378 0.5455 -0.4802, 7.6339 0.5131 -0.4802, 7.6378 0.5131 -0.4802, 7.6339 0.5131 -0.515, 7.6378 0.5131 -0.515, 7.6339 0.5023 -0.515, 7.6378 0.5023 -0.515, 7.6339 0.5023 -0.4802, 7.6378 0.5023 -0.4802, 7.6339 0.4687 -0.4802, 7.6378 0.4687 -0.4802, 7.6339 0.4738 -0.4477, 7.6339 0.463 -0.4477, 7.6378 0.4738 -0.4477, 7.6378 0.463 -0.4477, 7.6339 0.4587 -0.4373, 7.6339 0.4567 -0.4207, 7.6378 0.4567 -0.4207, 7.6378 0.4567 -0.4234, 7.6339 0.4567 -0.4234, 7.6378 0.4573 -0.4273, 7.6378 0.4587 -0.4373, 7.6339 0.5053 -0.3745, 7.6378 0.5053 -0.3745, 7.6378 0.4939 -0.3755, 7.6339 0.4939 -0.3755, 7.6378 0.4834 -0.3784, 7.6339 0.4834 -0.3784, 7.6378 0.4741 -0.3837, 7.6339 0.4741 -0.3837, 7.6378 0.4663 -0.3911, 7.6339 0.4663 -0.3911, 7.6378 0.4612 -0.399, 7.6339 0.4612 -0.399, 7.6378 0.458 -0.4085, 7.6339 0.458 -0.4085, 7.6378 0.4573 -0.4149, 7.6339 0.5575 -0.4246, 7.6378 0.5575 -0.4246, 7.6378 0.5567 -0.4147, 7.6339 0.5567 -0.4147, 7.6378 0.5535 -0.4037, 7.6339 0.5535 -0.4037, 7.6378 0.5481 -0.3944, 7.6339 0.5481 -0.3944, 7.6378 0.5396 -0.3855, 7.6339 0.5396 -0.3855, 7.6378 0.5304 -0.3797, 7.6339 0.5304 -0.3797, 7.6378 0.5192 -0.3759, 7.6339 0.5192 -0.3759, 7.6339 0.5536 -0.4477, 7.6378 0.5536 -0.4477, 7.6378 0.5567 -0.4364, 7.6339 0.5567 -0.4364, 7.6339 0.5404 -0.4477, 7.6378 0.5404 -0.4477, 7.6339 0.5467 -0.4247, 7.6378 0.5467 -0.4247, 7.6378 0.5452 -0.4367, 7.6339 0.5452 -0.4367, 7.6339 0.5061 -0.3877, 7.6378 0.5061 -0.3877, 7.6378 0.5137 -0.3882, 7.6339 0.5137 -0.3882, 7.6378 0.5243 -0.3908, 7.6339 0.5243 -0.3908, 7.6378 0.5319 -0.3949, 7.6339 0.5319 -0.3949, 7.6378 0.5384 -0.4008, 7.6339 0.5384 -0.4008, 7.6378 0.543 -0.4076, 7.6339 0.543 -0.4076, 7.6378 0.5456 -0.415, 7.6339 0.5456 -0.415, 7.6339 0.4675 -0.4225, 7.6378 0.4675 -0.4225, 7.6378 0.4685 -0.4133, 7.6339 0.4685 -0.4133, 7.6378 0.4712 -0.4061, 7.6339 0.4712 -0.4061, 7.6378 0.4752 -0.4001, 7.6339 0.4752 -0.4001, 7.6378 0.4801 -0.3955, 7.6339 0.4801 -0.3955, 7.6378 0.4869 -0.3914, 7.6339 0.4869 -0.3914, 7.6378 0.4954 -0.3887, 7.6339 0.4954 -0.3887, 7.6378 0.4728 -0.446, 7.6339 0.4728 -0.446, 7.6378 0.4689 -0.4356, 7.6339 0.4689 -0.4356, 7.6339 0.4687 -0.3661, 7.6339 0.4579 -0.3661, 7.6378 0.4687 -0.3661, 7.6378 0.4579 -0.3661, 7.6339 0.4579 -0.3157, 7.6378 0.4579 -0.3157, 7.6339 0.5563 -0.3157, 7.6378 0.5563 -0.3157, 7.6339 0.5563 -0.3289, 7.6378 0.5563 -0.3289, 7.6339 0.4687 -0.3289, 7.6378 0.4687 -0.3289
            ]
        }
        coordIndex [
            0,1,2,-1,2,1,3,-1,1,4,3,-1,3,4,5,-1,4,6,5,-1,5,6,7,-1,6,8,7,-1,7,8,9,-1,8,10,9,-1,9,10,11,-1,10,12,11,-1,11,12,13,-1,12,14,13,-1,13,14,15,-1,14,0,15,-1,15,0,2,-1,16,8,17,-1,17,8,6,-1,18,14,16,-1,16,14,12,-1,16,12,8,-1,8,12,10,-1,18,19,14,-1,14,19,20,-1,14,20,0,-1,0,20,21,-1,0,21,22,-1,22,23,0,-1,0,23,17,-1,0,17,1,-1,1,17,6,-1,1,6,4,-1,16,17,24,-1,24,17,25,-1,18,16,26,-1,26,16,24,-1,18,26,27,-1,18,27,19,-1,19,27,28,-1,19,28,20,-1,21,20,29,-1,29,20,28,-1,21,29,30,-1,21,30,22,-1,22,30,31,-1,22,31,23,-1,17,23,25,-1,25,23,31,-1,32,33,34,-1,34,33,35,-1,33,36,35,-1,35,36,37,-1,36,38,37,-1,37,38,39,-1,40,41,42,-1,40,42,43,-1,43,42,44,-1,43,44,45,-1,45,44,46,-1,45,46,47,-1,47,46,48,-1,47,48,49,-1,49,48,50,-1,49,50,51,-1,51,50,52,-1,51,52,53,-1,53,52,54,-1,53,54,55,-1,55,54,39,-1,55,39,38,-1,32,34,56,-1,32,56,57,-1,57,56,58,-1,57,58,59,-1,59,58,60,-1,59,60,61,-1,61,60,62,-1,61,62,63,-1,63,62,64,-1,63,64,65,-1,65,64,66,-1,65,66,67,-1,67,66,41,-1,67,41,40,-1,45,47,68,-1,68,47,49,-1,68,49,69,-1,69,49,51,-1,69,51,70,-1,70,51,53,-1,70,53,71,-1,71,53,55,-1,71,55,72,-1,72,55,38,-1,72,38,73,-1,73,38,36,-1,73,36,74,-1,74,36,33,-1,74,33,75,-1,75,33,32,-1,75,32,76,-1,76,32,57,-1,76,57,77,-1,77,57,59,-1,77,59,78,-1,78,59,61,-1,78,61,79,-1,79,61,63,-1,79,63,80,-1,80,63,65,-1,80,65,81,-1,81,65,67,-1,81,67,82,-1,82,67,40,-1,82,40,83,-1,83,40,43,-1,83,43,84,-1,84,43,45,-1,84,45,68,-1,72,73,85,-1,85,73,86,-1,72,85,87,-1,72,87,71,-1,71,87,88,-1,71,88,70,-1,70,88,89,-1,70,89,69,-1,69,89,90,-1,69,90,68,-1,68,90,91,-1,68,91,84,-1,84,91,92,-1,84,92,83,-1,83,92,93,-1,83,93,82,-1,82,93,94,-1,82,94,81,-1,81,94,95,-1,81,95,80,-1,80,95,96,-1,80,96,79,-1,79,96,97,-1,79,97,78,-1,78,97,98,-1,78,98,77,-1,77,98,99,-1,77,99,76,-1,76,99,100,-1,76,100,75,-1,74,75,101,-1,101,75,100,-1,73,74,86,-1,86,74,101,-1,102,103,104,-1,104,103,105,-1,103,106,105,-1,105,106,107,-1,106,108,107,-1,107,108,109,-1,108,110,109,-1,109,110,111,-1,110,112,111,-1,111,112,113,-1,112,114,113,-1,113,114,115,-1,114,116,115,-1,115,116,117,-1,116,118,117,-1,117,118,119,-1,118,120,119,-1,119,120,121,-1,120,122,121,-1,121,122,123,-1,122,124,123,-1,123,124,125,-1,124,102,125,-1,125,102,104,-1,106,103,102,-1,102,124,106,-1,106,124,122,-1,106,122,108,-1,112,110,114,-1,114,110,108,-1,114,108,116,-1,116,108,122,-1,116,122,118,-1,118,122,120,-1,126,127,128,-1,128,127,129,-1,129,127,130,-1,131,132,133,-1,131,133,134,-1,134,133,135,-1,134,135,130,-1,130,135,136,-1,130,136,129,-1,137,138,139,-1,137,139,140,-1,140,139,141,-1,140,141,142,-1,142,141,143,-1,142,143,144,-1,144,143,145,-1,144,145,146,-1,146,145,147,-1,146,147,148,-1,148,147,149,-1,148,149,150,-1,150,149,131,-1,131,149,151,-1,131,151,132,-1,152,153,154,-1,152,154,155,-1,155,154,156,-1,155,156,157,-1,157,156,158,-1,157,158,159,-1,159,158,160,-1,159,160,161,-1,161,160,162,-1,161,162,163,-1,163,162,164,-1,163,164,165,-1,165,164,138,-1,165,138,137,-1,166,167,168,-1,166,168,169,-1,169,168,153,-1,169,153,152,-1,166,170,167,-1,167,170,171,-1,172,173,174,-1,172,174,175,-1,175,174,171,-1,175,171,170,-1,176,177,178,-1,176,178,179,-1,179,178,180,-1,179,180,181,-1,181,180,182,-1,181,182,183,-1,183,182,184,-1,183,184,185,-1,185,184,186,-1,185,186,187,-1,187,186,188,-1,187,188,189,-1,189,188,173,-1,189,173,172,-1,190,191,192,-1,190,192,193,-1,193,192,194,-1,193,194,195,-1,195,194,196,-1,195,196,197,-1,197,196,198,-1,197,198,199,-1,199,198,200,-1,199,200,201,-1,201,200,202,-1,201,202,203,-1,203,202,177,-1,203,177,176,-1,126,128,204,-1,126,204,205,-1,205,204,206,-1,205,206,207,-1,207,206,191,-1,207,191,190,-1,193,131,190,-1,190,131,134,-1,190,134,207,-1,207,134,130,-1,207,130,205,-1,205,130,127,-1,205,127,126,-1,170,166,175,-1,175,166,169,-1,175,169,172,-1,172,169,152,-1,172,152,189,-1,189,152,155,-1,189,155,187,-1,187,155,157,-1,187,157,185,-1,185,157,159,-1,185,159,183,-1,183,159,161,-1,183,161,181,-1,181,161,163,-1,181,163,179,-1,179,163,165,-1,179,165,176,-1,176,165,137,-1,176,137,203,-1,203,137,140,-1,203,140,201,-1,201,140,142,-1,201,142,199,-1,199,142,144,-1,199,144,197,-1,197,144,146,-1,197,146,195,-1,195,146,148,-1,195,148,193,-1,193,148,150,-1,193,150,131,-1,208,209,210,-1,210,209,211,-1,209,212,211,-1,211,212,213,-1,212,214,213,-1,213,214,215,-1,214,216,215,-1,215,216,217,-1,216,218,217,-1,217,218,219,-1,218,208,219,-1,219,208,210,-1,216,214,218,-1,218,214,212,-1,218,212,208,-1,208,212,209,-1,
        ]
    }
}
Shape{
    appearance Appearance {
        material  Material 	{
            diffuseColor 0.9490196078431372 0.7607843137254902 0.1803921568627451
            specularColor 0.7607843137254902 0.6078431372549019 0.1450980392156863
            ambientIntensity 0.7509
            transparency 0.0
            shininess 0.5
        }
    }
    geometry IndexedFaceSet {
        ccw TRUE
        solid FALSE
        coord DEF co Coordinate {
            point [
                7.6378 0.4963 -0.6525, 7.6378 0.4963 -0.6854, 7.6378 0.5374 -0.6672, 7.6378 0.5374 -0.6706, 7.6378 0.5408 -0.6681, 7.6378 0.5408 -0.6697, 7.6378 0.5443 -0.6688, 7.6378 0.5443 -0.6691, 7.6378 0.5455 -0.5522, 7.6378 0.4687 -0.5522, 7.6378 0.5455 -0.5667, 7.6378 0.4687 -0.5661, 7.6378 0.4697 -0.5765, 7.6378 0.5081 -0.605, 7.6378 0.5179 -0.6042, 7.6378 0.5256 -0.6019, 7.6378 0.5443 -0.5783, 7.6378 0.4723 -0.5848, 7.6378 0.4762 -0.5915, 7.6378 0.4817 -0.597, 7.6378 0.4885 -0.6012, 7.6378 0.4977 -0.6041, 7.6378 0.5317 -0.5984, 7.6378 0.5368 -0.5937, 7.6378 0.5414 -0.5865
            ]
        }
        coordIndex [
            0,1,2,-1,2,1,3,-1,2,3,4,-1,4,3,5,-1,4,5,6,-1,6,5,7,-1,8,9,10,-1,10,9,11,-1,10,11,12,-1,13,14,10,-1,10,14,15,-1,10,15,16,-1,12,17,10,-1,10,17,18,-1,10,18,19,-1,19,20,10,-1,10,20,21,-1,10,21,13,-1,22,23,15,-1,15,23,24,-1,15,24,16,-1,
        ]
    }
}
Shape{
    appearance Appearance {
        material  Material 	{
            diffuseColor 0.0 0.0 0.0
            specularColor 0.0 0.0 0.0
            ambientIntensity 0.0
            transparency 0.0
            shininess 0.5
        }
    }
    geometry IndexedFaceSet {
        ccw TRUE
        solid FALSE
        coord DEF co Coordinate {
            point [
                7.6339 -0.4589 -0.6775, 7.6339 -0.5574 -0.716, 7.6378 -0.4589 -0.6775, 7.6378 -0.5574 -0.716, 7.6339 -0.5574 -0.7016, 7.6378 -0.5574 -0.7016, 7.6339 -0.5297 -0.6916, 7.6378 -0.5297 -0.6916, 7.6339 -0.5297 -0.6509, 7.6378 -0.5297 -0.6509, 7.6339 -0.5574 -0.6415, 7.6378 -0.5574 -0.6415, 7.6339 -0.5574 -0.6271, 7.6378 -0.5574 -0.6271, 7.6339 -0.4589 -0.6643, 7.6378 -0.4589 -0.6643, 7.6339 -0.5189 -0.6543, 7.6339 -0.4778 -0.6689, 7.6339 -0.4744 -0.6699, 7.6339 -0.4709 -0.6705, 7.6339 -0.4709 -0.6708, 7.6339 -0.4744 -0.6715, 7.6339 -0.4778 -0.6724, 7.6339 -0.5189 -0.6872, 7.6378 -0.5189 -0.6543, 7.6378 -0.5189 -0.6872, 7.6378 -0.4778 -0.6689, 7.6378 -0.4744 -0.6699, 7.6378 -0.4709 -0.6705, 7.6378 -0.4709 -0.6708, 7.6378 -0.4744 -0.6715, 7.6378 -0.4778 -0.6724, 7.6339 -0.5574 -0.5675, 7.6339 -0.5574 -0.5407, 7.6378 -0.5574 -0.5675, 7.6378 -0.5574 -0.5407, 7.6339 -0.4589 -0.5407, 7.6378 -0.4589 -0.5407, 7.6339 -0.4589 -0.5685, 7.6378 -0.4589 -0.5685, 7.6339 -0.5069 -0.6199, 7.6378 -0.5069 -0.6199, 7.6378 -0.4976 -0.6192, 7.6339 -0.4976 -0.6192, 7.6378 -0.4879 -0.6166, 7.6339 -0.4879 -0.6166, 7.6378 -0.4795 -0.612, 7.6339 -0.4795 -0.612, 7.6378 -0.4718 -0.605, 7.6339 -0.4718 -0.605, 7.6378 -0.4717 -0.6049, 7.6339 -0.4717 -0.6049, 7.6378 -0.4645 -0.5942, 7.6339 -0.4645 -0.5942, 7.6378 -0.4604 -0.5827, 7.6339 -0.4604 -0.5827, 7.6378 -0.5563 -0.5797, 7.6339 -0.5563 -0.5797, 7.6378 -0.5529 -0.591, 7.6339 -0.5529 -0.591, 7.6378 -0.5469 -0.6013, 7.6339 -0.5469 -0.6013, 7.6378 -0.5392 -0.6094, 7.6339 -0.5392 -0.6094, 7.6378 -0.5304 -0.615, 7.6339 -0.5304 -0.615, 7.6378 -0.5201 -0.6186, 7.6339 -0.5201 -0.6186, 7.6339 -0.4835 -0.6002, 7.6339 -0.4785 -0.5954, 7.6339 -0.4738 -0.5882, 7.6339 -0.471 -0.5801, 7.6339 -0.4697 -0.5684, 7.6339 -0.4697 -0.5539, 7.6339 -0.5465 -0.5539, 7.6339 -0.5465 -0.5679, 7.6339 -0.5456 -0.5783, 7.6339 -0.543 -0.5866, 7.6339 -0.539 -0.5933, 7.6339 -0.5336 -0.5988, 7.6339 -0.5268 -0.6029, 7.6339 -0.5175 -0.6058, 7.6339 -0.5072 -0.6067, 7.6339 -0.4974 -0.6059, 7.6339 -0.4896 -0.6036, 7.6378 -0.4697 -0.5684, 7.6378 -0.4697 -0.5539, 7.6378 -0.471 -0.5801, 7.6378 -0.4738 -0.5882, 7.6378 -0.4785 -0.5954, 7.6378 -0.4835 -0.6002, 7.6378 -0.4896 -0.6036, 7.6378 -0.4974 -0.6059, 7.6378 -0.5072 -0.6067, 7.6378 -0.5175 -0.6058, 7.6378 -0.5268 -0.6029, 7.6378 -0.5336 -0.5988, 7.6378 -0.539 -0.5933, 7.6378 -0.543 -0.5866, 7.6378 -0.5456 -0.5783, 7.6378 -0.5465 -0.5679, 7.6378 -0.5465 -0.5539, 7.6339 -0.5465 -0.5215, 7.6339 -0.5574 -0.5215, 7.6378 -0.5465 -0.5215, 7.6378 -0.5574 -0.5215, 7.6339 -0.5574 -0.4687, 7.6378 -0.5574 -0.4687, 7.6339 -0.4589 -0.4687, 7.6378 -0.4589 -0.4687, 7.6339 -0.4589 -0.5191, 7.6378 -0.4589 -0.5191, 7.6339 -0.4697 -0.5191, 7.6378 -0.4697 -0.5191, 7.6339 -0.4697 -0.4819, 7.6378 -0.4697 -0.4819, 7.6339 -0.5021 -0.4819, 7.6378 -0.5021 -0.4819, 7.6339 -0.5021 -0.5167, 7.6378 -0.5021 -0.5167, 7.6339 -0.5129 -0.5167, 7.6378 -0.5129 -0.5167, 7.6339 -0.5129 -0.4819, 7.6378 -0.5129 -0.4819, 7.6339 -0.5465 -0.4819, 7.6378 -0.5465 -0.4819, 7.6339 -0.5414 -0.4495, 7.6339 -0.5523 -0.4495, 7.6378 -0.5414 -0.4495, 7.6378 -0.5523 -0.4495, 7.6339 -0.5566 -0.439, 7.6339 -0.5586 -0.4224, 7.6378 -0.5586 -0.4224, 7.6378 -0.5585 -0.4251, 7.6339 -0.5585 -0.4251, 7.6378 -0.558 -0.4291, 7.6378 -0.5566 -0.439, 7.6339 -0.51 -0.3763, 7.6378 -0.51 -0.3763, 7.6378 -0.5214 -0.3772, 7.6339 -0.5214 -0.3772, 7.6378 -0.5318 -0.3802, 7.6339 -0.5318 -0.3802, 7.6378 -0.5412 -0.3854, 7.6339 -0.5412 -0.3854, 7.6378 -0.549 -0.3928, 7.6339 -0.549 -0.3928, 7.6378 -0.554 -0.4007, 7.6339 -0.554 -0.4007, 7.6378 -0.5573 -0.4103, 7.6339 -0.5573 -0.4103, 7.6378 -0.558 -0.4166, 7.6339 -0.4577 -0.4263, 7.6378 -0.4577 -0.4263, 7.6378 -0.4585 -0.4164, 7.6339 -0.4585 -0.4164, 7.6378 -0.4617 -0.4055, 7.6339 -0.4617 -0.4055, 7.6378 -0.4671 -0.3961, 7.6339 -0.4671 -0.3961, 7.6378 -0.4756 -0.3872, 7.6339 -0.4756 -0.3872, 7.6378 -0.4849 -0.3815, 7.6339 -0.4849 -0.3815, 7.6378 -0.496 -0.3777, 7.6339 -0.496 -0.3777, 7.6339 -0.4616 -0.4495, 7.6378 -0.4616 -0.4495, 7.6378 -0.4585 -0.4381, 7.6339 -0.4585 -0.4381, 7.6339 -0.4748 -0.4495, 7.6378 -0.4748 -0.4495, 7.6339 -0.4685 -0.4264, 7.6378 -0.4685 -0.4264, 7.6378 -0.4701 -0.4384, 7.6339 -0.4701 -0.4384, 7.6339 -0.5092 -0.3895, 7.6378 -0.5092 -0.3895, 7.6378 -0.5015 -0.3899, 7.6339 -0.5015 -0.3899, 7.6378 -0.491 -0.3926, 7.6339 -0.491 -0.3926, 7.6378 -0.4834 -0.3966, 7.6339 -0.4834 -0.3966, 7.6378 -0.4768 -0.4026, 7.6339 -0.4768 -0.4026, 7.6378 -0.4723 -0.4094, 7.6339 -0.4723 -0.4094, 7.6378 -0.4696 -0.4167, 7.6339 -0.4696 -0.4167, 7.6339 -0.5477 -0.4242, 7.6378 -0.5477 -0.4242, 7.6378 -0.5467 -0.415, 7.6339 -0.5467 -0.415, 7.6378 -0.5441 -0.4079, 7.6339 -0.5441 -0.4079, 7.6378 -0.54 -0.4018, 7.6339 -0.54 -0.4018, 7.6378 -0.5351 -0.3972, 7.6339 -0.5351 -0.3972, 7.6378 -0.5283 -0.3931, 7.6339 -0.5283 -0.3931, 7.6378 -0.5198 -0.3905, 7.6339 -0.5198 -0.3905, 7.6378 -0.5424 -0.4477, 7.6339 -0.5424 -0.4477, 7.6378 -0.5463 -0.4373, 7.6339 -0.5463 -0.4373, 7.6339 -0.5465 -0.3679, 7.6339 -0.5574 -0.3679, 7.6378 -0.5465 -0.3679, 7.6378 -0.5574 -0.3679, 7.6339 -0.5574 -0.3175, 7.6378 -0.5574 -0.3175, 7.6339 -0.4589 -0.3175, 7.6378 -0.4589 -0.3175, 7.6339 -0.4589 -0.3307, 7.6378 -0.4589 -0.3307, 7.6339 -0.5465 -0.3307, 7.6378 -0.5465 -0.3307
            ]
        }
        coordIndex [
            0,1,2,-1,2,1,3,-1,1,4,3,-1,3,4,5,-1,4,6,5,-1,5,6,7,-1,6,8,7,-1,7,8,9,-1,8,10,9,-1,9,10,11,-1,10,12,11,-1,11,12,13,-1,12,14,13,-1,13,14,15,-1,14,0,15,-1,15,0,2,-1,16,17,14,-1,12,10,8,-1,17,18,14,-1,14,18,19,-1,14,19,0,-1,0,19,20,-1,0,20,21,-1,21,22,0,-1,0,22,23,-1,0,23,1,-1,4,1,6,-1,6,1,23,-1,6,23,8,-1,8,23,16,-1,8,16,12,-1,12,16,14,-1,16,23,24,-1,24,23,25,-1,17,16,26,-1,26,16,24,-1,17,26,27,-1,17,27,18,-1,18,27,28,-1,18,28,19,-1,20,19,29,-1,29,19,28,-1,20,29,30,-1,20,30,21,-1,21,30,31,-1,21,31,22,-1,23,22,25,-1,25,22,31,-1,32,33,34,-1,34,33,35,-1,33,36,35,-1,35,36,37,-1,36,38,37,-1,37,38,39,-1,40,41,42,-1,40,42,43,-1,43,42,44,-1,43,44,45,-1,45,44,46,-1,45,46,47,-1,47,46,48,-1,47,48,49,-1,49,48,50,-1,49,50,51,-1,51,50,52,-1,51,52,53,-1,53,52,54,-1,53,54,55,-1,55,54,39,-1,55,39,38,-1,32,34,56,-1,32,56,57,-1,57,56,58,-1,57,58,59,-1,59,58,60,-1,59,60,61,-1,61,60,62,-1,61,62,63,-1,63,62,64,-1,63,64,65,-1,65,64,66,-1,65,66,67,-1,67,66,41,-1,67,41,40,-1,45,47,68,-1,68,47,49,-1,68,49,69,-1,69,49,51,-1,69,51,70,-1,70,51,53,-1,70,53,71,-1,71,53,55,-1,71,55,72,-1,72,55,38,-1,72,38,73,-1,73,38,36,-1,73,36,74,-1,74,36,33,-1,74,33,75,-1,75,33,32,-1,75,32,76,-1,76,32,57,-1,76,57,77,-1,77,57,59,-1,77,59,78,-1,78,59,61,-1,78,61,79,-1,79,61,63,-1,79,63,80,-1,80,63,65,-1,80,65,81,-1,81,65,67,-1,81,67,82,-1,82,67,40,-1,82,40,83,-1,83,40,43,-1,83,43,84,-1,84,43,45,-1,84,45,68,-1,72,73,85,-1,85,73,86,-1,72,85,87,-1,72,87,71,-1,71,87,88,-1,71,88,70,-1,70,88,89,-1,70,89,69,-1,69,89,90,-1,69,90,68,-1,68,90,91,-1,68,91,84,-1,84,91,92,-1,84,92,83,-1,83,92,93,-1,83,93,82,-1,82,93,94,-1,82,94,81,-1,81,94,95,-1,81,95,80,-1,80,95,96,-1,80,96,79,-1,79,96,97,-1,79,97,78,-1,78,97,98,-1,78,98,77,-1,77,98,99,-1,77,99,76,-1,76,99,100,-1,76,100,75,-1,74,75,101,-1,101,75,100,-1,73,74,86,-1,86,74,101,-1,102,103,104,-1,104,103,105,-1,103,106,105,-1,105,106,107,-1,106,108,107,-1,107,108,109,-1,108,110,109,-1,109,110,111,-1,110,112,111,-1,111,112,113,-1,112,114,113,-1,113,114,115,-1,114,116,115,-1,115,116,117,-1,116,118,117,-1,117,118,119,-1,118,120,119,-1,119,120,121,-1,120,122,121,-1,121,122,123,-1,122,124,123,-1,123,124,125,-1,124,102,125,-1,125,102,104,-1,106,103,102,-1,102,124,106,-1,106,124,122,-1,106,122,108,-1,112,110,114,-1,114,110,108,-1,114,108,116,-1,116,108,122,-1,116,122,118,-1,118,122,120,-1,126,127,128,-1,128,127,129,-1,129,127,130,-1,131,132,133,-1,131,133,134,-1,134,133,135,-1,134,135,130,-1,130,135,136,-1,130,136,129,-1,137,138,139,-1,137,139,140,-1,140,139,141,-1,140,141,142,-1,142,141,143,-1,142,143,144,-1,144,143,145,-1,144,145,146,-1,146,145,147,-1,146,147,148,-1,148,147,149,-1,148,149,150,-1,150,149,131,-1,131,149,151,-1,131,151,132,-1,152,153,154,-1,152,154,155,-1,155,154,156,-1,155,156,157,-1,157,156,158,-1,157,158,159,-1,159,158,160,-1,159,160,161,-1,161,160,162,-1,161,162,163,-1,163,162,164,-1,163,164,165,-1,165,164,138,-1,165,138,137,-1,166,167,168,-1,166,168,169,-1,169,168,153,-1,169,153,152,-1,166,170,167,-1,167,170,171,-1,172,173,174,-1,172,174,175,-1,175,174,171,-1,175,171,170,-1,176,177,178,-1,176,178,179,-1,179,178,180,-1,179,180,181,-1,181,180,182,-1,181,182,183,-1,183,182,184,-1,183,184,185,-1,185,184,186,-1,185,186,187,-1,187,186,188,-1,187,188,189,-1,189,188,173,-1,189,173,172,-1,190,191,192,-1,190,192,193,-1,193,192,194,-1,193,194,195,-1,195,194,196,-1,195,196,197,-1,197,196,198,-1,197,198,199,-1,199,198,200,-1,199,200,201,-1,201,200,202,-1,201,202,203,-1,203,202,177,-1,203,177,176,-1,126,128,204,-1,126,204,205,-1,205,204,206,-1,205,206,207,-1,207,206,191,-1,207,191,190,-1,193,131,190,-1,190,131,134,-1,190,134,207,-1,207,134,130,-1,207,130,205,-1,205,130,127,-1,205,127,126,-1,170,166,175,-1,175,166,169,-1,175,169,172,-1,172,169,152,-1,172,152,189,-1,189,152,155,-1,189,155,187,-1,187,155,157,-1,187,157,185,-1,185,157,159,-1,185,159,183,-1,183,159,161,-1,183,161,181,-1,181,161,163,-1,181,163,179,-1,179,163,165,-1,179,165,176,-1,176,165,137,-1,176,137,203,-1,203,137,140,-1,203,140,201,-1,201,140,142,-1,201,142,199,-1,199,142,144,-1,199,144,197,-1,197,144,146,-1,197,146,195,-1,195,146,148,-1,195,148,193,-1,193,148,150,-1,193,150,131,-1,208,209,210,-1,210,209,211,-1,209,212,211,-1,211,212,213,-1,212,214,213,-1,213,214,215,-1,214,216,215,-1,215,216,217,-1,216,218,217,-1,217,218,219,-1,218,208,219,-1,219,208,210,-1,216,214,218,-1,218,214,212,-1,218,212,208,-1,208,212,209,-1,
        ]
    }
}
Shape{
    appearance Appearance {
        material  Material 	{
            diffuseColor 0.9490196078431372 0.7607843137254902 0.1803921568627451
            specularColor 0.7607843137254902 0.6078431372549019 0.1450980392156863
            ambientIntensity 0.7509
            transparency 0.0
            shininess 0.5
        }
    }
    geometry IndexedFaceSet {
        ccw TRUE
        solid FALSE
        coord DEF co Coordinate {
            point [
                7.6378 -0.5189 -0.6543, 7.6378 -0.5189 -0.6872, 7.6378 -0.4778 -0.6689, 7.6378 -0.4778 -0.6724, 7.6378 -0.4744 -0.6699, 7.6378 -0.4744 -0.6715, 7.6378 -0.4709 -0.6705, 7.6378 -0.4709 -0.6708, 7.6378 -0.4697 -0.5539, 7.6378 -0.5465 -0.5539, 7.6378 -0.4697 -0.5684, 7.6378 -0.5465 -0.5679, 7.6378 -0.5456 -0.5783, 7.6378 -0.5072 -0.6067, 7.6378 -0.4974 -0.6059, 7.6378 -0.4896 -0.6036, 7.6378 -0.471 -0.5801, 7.6378 -0.543 -0.5866, 7.6378 -0.539 -0.5933, 7.6378 -0.5336 -0.5988, 7.6378 -0.5268 -0.6029, 7.6378 -0.5175 -0.6058, 7.6378 -0.4835 -0.6002, 7.6378 -0.4785 -0.5954, 7.6378 -0.4738 -0.5882
            ]
        }
        coordIndex [
            0,1,2,-1,2,1,3,-1,2,3,4,-1,4,3,5,-1,4,5,6,-1,6,5,7,-1,8,9,10,-1,10,9,11,-1,10,11,12,-1,13,14,10,-1,10,14,15,-1,10,15,16,-1,12,17,10,-1,10,17,18,-1,10,18,19,-1,19,20,10,-1,10,20,21,-1,10,21,13,-1,22,23,15,-1,15,23,24,-1,15,24,16,-1,
        ]
    }
}